id	line	design_year	effect	before	after
labor_rotations	labor	1	cohesion	0.03	0.016
labor_rotations	labor	1	fatigue	-0.06	-0.0151
labor_rotations	labor	1	injury_risk	-0.03	-0.0106
labor_rotations	labor	1	labor_efficiency	0.08	0.0396
raw_material_prestaging	production	1	craft_output	0.02	0.0086
raw_material_prestaging	production	1	labor_efficiency	0.007	0.0035
shared_hearth_gatherings	culture	1	cohesion	0.002	0.0011
shared_hearth_gatherings	culture	1	fatigue	-0.01	-0.0025
carried_load_balancing	logistics	2	fatigue	-0.02	-0.005
carried_load_balancing	logistics	2	haul_capacity	0.0095	0.0036
common_ground_marking	infrastructure	2	construction_rate	0.01	0.0029
common_ground_marking	infrastructure	2	task_coordination	0.0061	0.003
communal_work_songs	culture	2	cohesion	0.0026	0.0014
communal_work_songs	culture	2	fatigue	-0.01	-0.0025
communal_work_songs	culture	2	task_coordination	0.0024	0.0012
edible_resource_recognition	nutrition	2	foraging_yield	0.05	0.0457
edible_resource_recognition	nutrition	2	nutrition_quality	0.01	0.0055
household_task_division	labor	2	fatigue	-0.0042	-0.0011
household_task_division	labor	2	injury_risk	-0.005	-0.0018
household_task_division	labor	2	labor_efficiency	0.0026	0.0013
household_task_division	labor	2	task_coordination	0.0075	0.0037
lactational_spacing_awareness	demography	2	maternal_safety	0.02	0.0062
lactational_spacing_awareness	demography	2	neonatal_survival	0.015	0.0052
route_memory	knowledge	2	knowledge_preservation	0.013	0.0085
route_memory	knowledge	2	route_speed	0.09	0.0464
route_memory	knowledge	2	survey_speed	0.04	0.02
route_memory	knowledge	2	travel_speed	0.05	0.025
seasonal_duty_rosters	institutions	2	cohesion	0.002	0.0011
seasonal_duty_rosters	institutions	2	task_coordination	0.002	0.001
seasonal_patterns	ecology	2	foraging_yield	0.08	0.0732
seasonal_patterns	ecology	2	observation_rate	0.04	0.0208
stone_sorting	production	2	survey_speed	0.03	0.015
stone_sorting	production	2	tool_quality	0.04	0.013
watch_rotation	security	2	fatigue	-0.02	-0.005
watch_rotation	security	2	security_efficiency	0.0529	0.0452
watch_rotation	security	2	warfare_readiness	0.0162	0.0125
wound_cleaning	health	2	health_protection	0.05	0.0121
wound_cleaning	health	2	injury_risk	-0.09	-0.0319
wound_cleaning	health	2	maternal_safety	0.02	0.0062
alarm_relay_signals	security	3	security_efficiency	0.0096	0.0082
alarm_relay_signals	security	3	task_coordination	0.0046	0.0023
dawn_task_briefings	labor	3	cohesion	0.0039	0.0021
dawn_task_briefings	labor	3	task_coordination	0.0091	0.0045
edge_testing_by_feel	production	3	injury_risk	-0.0094	-0.0033
edge_testing_by_feel	production	3	tool_quality	0.02	0.0065
hazard_landmark_memory	infrastructure	3	disaster_risk	-0.0149	-0.0126
hazard_landmark_memory	infrastructure	3	knowledge_preservation	0.0068	0.0045
labor_position_customs	demography	3	maternal_safety	0.03	0.0093
labor_position_customs	demography	3	neonatal_survival	0.015	0.0052
landmark_route_naming	logistics	3	knowledge_preservation	0.0051	0.0033
landmark_route_naming	logistics	3	route_speed	0.0108	0.0056
named_descent_lines	demography	3	cohesion	0.012	0.0064
named_descent_lines	demography	3	knowledge_preservation	0.004	0.0026
oral_epics	culture	3	cohesion	0.021	0.0112
oral_epics	culture	3	knowledge_preservation	0.017	0.0111
relay_call_stations	knowledge	3	task_coordination	0.002	0.001
relay_call_stations	knowledge	3	travel_speed	0.01	0.005
sickness_pattern_memory	health	3	disease_exposure	-0.015	-0.0043
sickness_pattern_memory	health	3	knowledge_preservation	0.0068	0.0045
timber_grading	ecology	3	construction_rate	0.03	0.0087
timber_grading	ecology	3	storage_loss	-0.02	-0.0122
aptitude_trials	labor	4	knowledge_preservation	0.0034	0.0022
aptitude_trials	labor	4	labor_efficiency	0.0093	0.0046
controlled_flaking	production	4	tool_quality	0.07	0.0227
dawn_readiness_drill	security	4	security_efficiency	0.0096	0.0082
dawn_readiness_drill	security	4	warfare_readiness	0.0081	0.0062
dissenting_voice_custom	institutions	4	cohesion	0.002	0.0011
drainage	infrastructure	4	disaster_resilience	0.04	0.0201
drainage	infrastructure	4	disease_exposure	-0.05	-0.0144
drainage	infrastructure	4	health_protection	0.04	0.0097
fever_watch_customs	demography	4	disease_exposure	-0.01	-0.0029
fever_watch_customs	demography	4	neonatal_survival	0.025	0.0086
fiber_grading	ecology	4	survey_speed	0.02	0.01
genealogical_recitation	culture	4	knowledge_preservation	0.0048	0.0031
paired_carrier_balancing	logistics	4	fatigue	-0.02	-0.005
paired_carrier_balancing	logistics	4	haul_capacity	0.0095	0.0036
sleeping_area_rotation	demography	4	cohesion	0.0058	0.0031
sleeping_area_rotation	demography	4	health_protection	0.0176	0.0043
symptom_sharing_customs	health	4	health_protection	0.022	0.0053
symptom_sharing_customs	health	4	knowledge_preservation	0.0051	0.0033
tool_hazard_awareness	health	4	health_protection	0.0132	0.0032
tool_hazard_awareness	health	4	injury_risk	-0.0172	-0.0061
common_path_alignment	logistics	5	cohesion	0.0051	0.0027
common_path_alignment	logistics	5	route_speed	0.02	0.0103
counting_words	knowledge	5	knowledge_preservation	0.0064	0.0042
counting_words	knowledge	5	task_coordination	0.0042	0.0021
edge_resharpening_rounds	production	5	tool_quality	0.025	0.0081
emergency_food_caching	security	5	disaster_risk	-0.0136	-0.0115
emergency_food_caching	security	5	food_storage	0.02	0.0084
food_pounding_mortars	nutrition	5	neonatal_survival	0.008	0.0028
food_pounding_mortars	nutrition	5	nutrition_quality	0.008	0.0044
guest_host_reciprocity	logistics	5	cohesion	0.0039	0.0021
guest_host_reciprocity	logistics	5	trade_capacity	0.0133	0.0132
infant_swaddling_practice	demography	5	health_protection	0.0095	0.0023
infant_swaddling_practice	demography	5	injury_risk	-0.0189	-0.0067
infant_swaddling_practice	demography	5	neonatal_survival	0.03	0.0103
leader_gift_redistribution	institutions	5	cohesion	0.002	0.0011
named_landmark_lore	culture	5	knowledge_preservation	0.0022	0.0014
named_landmark_lore	culture	5	travel_speed	0.01	0.005
nut_kernel_shelling	nutrition	5	foraging_yield	0.02	0.0183
nut_kernel_shelling	nutrition	5	nutrition_quality	0.005	0.0027
paired_task_assignment	labor	5	injury_risk	-0.0086	-0.003
paired_task_assignment	labor	5	labor_efficiency	0.0093	0.0046
quarry_reading	ecology	5	survey_speed	0.03	0.015
turbidity_judging	health	5	disease_exposure	-0.01	-0.0029
turbidity_judging	health	5	water_safety	0.025	0.0093
birth_spacing_customs	demography	6	maternal_safety	0.03	0.0093
birth_spacing_customs	demography	6	neonatal_survival	0.02	0.0069
cordage	production	6	construction_rate	0.04	0.0115
cordage	production	6	haul_capacity	0.08	0.0303
cordage	production	6	tool_quality	0.02	0.0065
curious_questioning_custom	culture	6	cohesion	0.002	0.0011
curious_questioning_custom	culture	6	knowledge_preservation	0.0032	0.0021
delousing	health	6	cohesion	0.004	0.0021
delousing	health	6	disease_exposure	-0.008	-0.0023
delousing	health	6	health_protection	0.006	0.0015
food_drying	nutrition	6	food_spoilage	-0.1	-0.0571
food_drying	nutrition	6	food_storage	0.1	0.042
refuge_point_marking	security	6	disaster_risk	-0.009	-0.0076
refuge_point_marking	security	6	security_efficiency	0.0144	0.0123
rest_break_timing	labor	6	fatigue	-0.03	-0.0075
rest_break_timing	labor	6	labor_efficiency	0.0093	0.0046
sightline_staking	infrastructure	6	construction_rate	0.02	0.0058
sightline_staking	infrastructure	6	survey_speed	0.02	0.01
streambank_vegetation_watch	ecology	6	soil_productivity	0.015	0.0106
vermin_deterrent_placement	logistics	6	food_storage	0.01	0.0042
vermin_deterrent_placement	logistics	6	storage_loss	-0.02	-0.0122
weather_sign_reading	knowledge	6	survey_speed	0.02	0.01
weather_sign_reading	knowledge	6	task_coordination	0.002	0.001
bone_flutes_drums	culture	7	cohesion	0.0039	0.0021
bone_flutes_drums	culture	7	fatigue	-0.005	-0.0013
hafted_tools	production	7	construction_rate	0.05	0.0144
hafted_tools	production	7	tool_quality	0.1	0.0324
hafted_tools	production	7	warfare_readiness	0.02	0.0154
hafted_weapons	security	7	craft_output	0.01	0.0043
hafted_weapons	security	7	tool_quality	0.02	0.0065
hafted_weapons	security	7	warfare_readiness	0.0202	0.0155
hide_floats	logistics	7	haul_capacity	0.0071	0.0027
hide_floats	logistics	7	injury_risk	-0.005	-0.0018
hide_floats	logistics	7	route_speed	0.0108	0.0056
hide_floats	logistics	7	travel_speed	0.01	0.005
postpartum_seclusion_care	demography	7	health_protection	0.019	0.0046
postpartum_seclusion_care	demography	7	maternal_safety	0.03	0.0093
seed_selection	nutrition	7	cultivation_yield	0.16	0.0762
seed_selection	nutrition	7	nutrition_quality	0.02	0.011
seed_selection	nutrition	7	soil_productivity	0.03	0.0212
witnessed_agreement_customs	institutions	7	cohesion	0.002	0.0011
basketry	production	8	craft_output	0.02	0.0086
basketry	production	8	dry_storage	0.1	0.054
basketry	production	8	food_storage	0.05	0.021
basketry	production	8	haul_capacity	0.07	0.0265
circle_dances	culture	8	cohesion	0.0039	0.0021
circle_dances	culture	8	fatigue	-0.005	-0.0013
dry_cache_siting	logistics	8	dry_storage	0.02	0.0108
dry_cache_siting	logistics	8	food_storage	0.01	0.0042
dry_cache_siting	logistics	8	storage_loss	-0.02	-0.0122
elder_consultation_rites	institutions	8	cohesion	0.0026	0.0014
hazard_memory_recitation	security	8	disaster_risk	-0.0056	-0.0047
hazard_memory_recitation	security	8	knowledge_preservation	0.0068	0.0045
hearth_roasting_control	nutrition	8	disease_exposure	-0.01	-0.0029
hearth_roasting_control	nutrition	8	nutrition_quality	0.015	0.0082
herbal_classification	health	8	disease_exposure	-0.04	-0.0115
herbal_classification	health	8	health_protection	0.05	0.0121
herbal_classification	health	8	observation_rate	0.03	0.0156
novice_task_shadowing	knowledge	8	fatigue	-0.01	-0.0025
novice_task_shadowing	knowledge	8	labor_efficiency	0.0093	0.0046
shared_work_signals	labor	8	labor_efficiency	0.0065	0.0032
shared_work_signals	labor	8	task_coordination	0.0056	0.0028
site_clearing_assessment	infrastructure	8	construction_rate	0.02	0.0058
bow_craft	security	9	craft_output	0.02	0.0086
bow_craft	security	9	warfare_readiness	0.0283	0.0218
contagion_avoidance_customs	health	9	disease_exposure	-0.03	-0.0086
contagion_avoidance_customs	health	9	health_protection	0.019	0.0046
fallow_thicket_regrowth	ecology	9	foraging_yield	0.015	0.0137
notched_measuring_rods	production	9	craft_output	0.01	0.0043
notched_measuring_rods	production	9	standardization	0.025	0.0196
seasonal_protein_sourcing	nutrition	9	nutrition_quality	0.03	0.0164
carrying_poles	logistics	10	fatigue	-0.015	-0.0038
carrying_poles	logistics	10	haul_capacity	0.0142	0.0054
hide_smoke_curing	production	10	craft_output	0.003	0.0013
hide_smoke_curing	production	10	health_protection	0.0035	0.0008
hide_smoke_curing	production	10	storage_loss	-0.01	-0.0061
household_councils	institutions	10	cohesion	0.037	0.0197
household_task_ledgers	institutions	10	labor_efficiency	0.013	0.0064
household_task_ledgers	institutions	10	task_coordination	0.0024	0.0012
infant_carrying_slings	demography	10	injury_risk	-0.004	-0.0014
infant_carrying_slings	demography	10	labor_efficiency	0.008	0.004
infant_carrying_slings	demography	10	neonatal_survival	0.012	0.0041
joinery	infrastructure	10	construction_rate	0.09	0.026
joinery	infrastructure	10	housing_output	0.07	0.0221
joinery	infrastructure	10	tool_quality	0.03	0.0097
midden_siting_away_from_water	ecology	10	water_safety	0.02	0.0074
seasonal_work_round	labor	10	labor_demand	-0.015	-0.0144
seasonal_work_round	labor	10	labor_efficiency	0.0022	0.0011
seasonal_work_round	labor	10	task_coordination	0.0075	0.0037
sparring_customs	security	10	injury_risk	-0.0094	-0.0033
sparring_customs	security	10	warfare_readiness	0.0121	0.0093
splint_and_bracing_technique	health	10	health_protection	0.019	0.0046
splint_and_bracing_technique	health	10	injury_risk	-0.0283	-0.01
tallies	knowledge	10	knowledge_preservation	0.042	0.0275
tallies	knowledge	10	task_coordination	0.035	0.0174
varied_forage_rotation	nutrition	10	foraging_yield	0.02	0.0183
varied_forage_rotation	nutrition	10	nutrition_quality	0.03	0.0164
batch_task_grouping	production	11	craft_output	0.02	0.0086
batch_task_grouping	production	11	labor_efficiency	0.0065	0.0032
dietary_healing_regimens	health	11	health_protection	0.0284	0.0069
dietary_healing_regimens	health	11	nutrition_quality	0.02	0.011
smoking	nutrition	11	food_spoilage	-0.12	-0.0686
smoking	nutrition	11	food_storage	0.12	0.0505
topsoil_depth_reading	ecology	11	soil_productivity	0.02	0.0141
birth_attendants	health	12	knowledge_preservation	0.02	0.0131
birth_attendants	health	12	maternal_safety	0.1	0.031
birth_attendants	health	12	neonatal_survival	0.06	0.0207
clay_testing	production	12	survey_speed	0.03	0.015
distance_call_signals	knowledge	12	survey_speed	0.01	0.005
distance_call_signals	knowledge	12	task_coordination	0.0024	0.0012
elder_council_assent	institutions	12	cohesion	0.002	0.0011
kin_body_ornament	culture	12	cohesion	0.0039	0.0021
root_grating_dewatering	nutrition	12	foraging_yield	0.015	0.0137
root_grating_dewatering	nutrition	12	nutrition_quality	0.004	0.0022
shared_childcare	demography	12	labor_efficiency	0.025	0.0124
shared_childcare	demography	12	neonatal_survival	0.05	0.0172
task_sequencing_habits	labor	12	fatigue	-0.01	-0.0025
task_sequencing_habits	labor	12	labor_efficiency	0.0131	0.0065
trail_waymarking	logistics	12	route_speed	0.0161	0.0083
trail_waymarking	logistics	12	travel_speed	0.02	0.01
war_slings	security	12	security_efficiency	0.0048	0.0041
war_slings	security	12	warfare_readiness	0.0121	0.0093
well_siting	infrastructure	12	construction_rate	0.02	0.0058
well_siting	infrastructure	12	health_protection	0.05	0.0121
well_siting	infrastructure	12	water_safety	0.09	0.0335
burn_scar_regrowth_tracking	ecology	13	foraging_yield	0.015	0.0137
clay_shaping	production	13	container_capacity	0.1	0.0413
clay_shaping	production	13	craft_output	0.02	0.0086
clay_shaping	production	13	food_storage	0.07	0.0294
clay_shaping	production	13	water_safety	0.03	0.0112
household_water_boiling	health	13	disease_exposure	-0.02	-0.0058
household_water_boiling	health	13	water_safety	0.03	0.0112
pest_deterrent_storage_herbs	nutrition	13	food_storage	0.02	0.0084
pest_deterrent_storage_herbs	nutrition	13	storage_loss	-0.03	-0.0182
clay_lined_storage_pits	infrastructure	14	dry_storage	0.03	0.0162
clay_lined_storage_pits	infrastructure	14	food_spoilage	-0.02	-0.0114
clay_lined_storage_pits	infrastructure	14	food_storage	0.04	0.0168
clay_lined_storage_pits	infrastructure	14	storage_loss	-0.03	-0.0182
cookfire_smoke_venting_habit	ecology	14	disease_exposure	-0.015	-0.0043
extended_family_room_division	demography	14	cohesion	0.01	0.0053
extended_family_room_division	demography	14	housing_output	0.02	0.0063
hearth_shrine_offerings	culture	14	cohesion	0.0026	0.0014
midday_heat_rest	labor	14	fatigue	-0.0105	-0.0026
midday_heat_rest	labor	14	injury_risk	-0.008	-0.0028
river_craft	logistics	14	food_output	0.01	0.0093
river_craft	logistics	14	haul_capacity	0.0189	0.0072
river_craft	logistics	14	route_speed	0.0215	0.0111
river_craft	logistics	14	trade_capacity	0.0133	0.0132
seasonal_tribute_counts	institutions	14	task_coordination	0.002	0.001
snakebite_treatment	health	14	health_protection	0.004	0.001
snakebite_treatment	health	14	injury_risk	-0.008	-0.0028
woven_carriers	production	14	dry_storage	0.04	0.0216
woven_carriers	production	14	haul_capacity	0.1	0.0379
woven_carriers	production	14	travel_speed	0.02	0.01
bone_needle_sewing	production	15	craft_output	0.003	0.0013
bone_needle_sewing	production	15	health_protection	0.007	0.0017
cairn_sightline_marking	knowledge	15	survey_speed	0.02	0.01
cairn_sightline_marking	knowledge	15	travel_speed	0.01	0.005
flood_mark_reading	infrastructure	15	disaster_risk	-0.0178	-0.015
flood_mark_reading	infrastructure	15	knowledge_preservation	0.0051	0.0033
fruit_pulp_screening	nutrition	15	food_spoilage	-0.005	-0.0029
fruit_pulp_screening	nutrition	15	nutrition_quality	0.004	0.0022
hide_wicker_shields	security	15	injury_risk	-0.01	-0.0035
hide_wicker_shields	security	15	warfare_readiness	0.0081	0.0062
animal_taming	nutrition	16	food_output	0.026	0.0241
children_light_tasks	labor	16	food_output	0.005	0.0046
children_light_tasks	labor	16	labor_demand	-0.012	-0.0115
children_light_tasks	labor	16	labor_efficiency	0.0011	0.0005
consensus_amendment_custom	institutions	16	cohesion	0.004	0.0021
consensus_amendment_custom	institutions	16	task_coordination	0.002	0.001
ground_stone_axes	production	16	construction_rate	0.003	0.0009
ground_stone_axes	production	16	tool_quality	0.008	0.0026
herd_size_limits	ecology	16	food_output	0.015	0.0139
joint_reduction	health	16	injury_risk	-0.008	-0.0028
joint_reduction	health	16	labor_efficiency	0.006	0.003
lineage_exogamy	demography	16	cohesion	0.006	0.0032
lineage_exogamy	demography	16	neonatal_survival	0.006	0.0021
trade_partner_tokens	logistics	16	cohesion	0.0051	0.0027
trade_partner_tokens	logistics	16	trade_capacity	0.0133	0.0132
soil_exhaustion_recognition	nutrition	17	cultivation_yield	0.015	0.0071
soil_exhaustion_recognition	nutrition	17	soil_productivity	0.02	0.0141
adobe_wall_construction	infrastructure	18	construction_rate	0.0045	0.0013
adobe_wall_construction	infrastructure	18	disaster_resilience	0.0075	0.0038
adobe_wall_construction	infrastructure	18	housing_output	0.03	0.0095
clean_water	health	18	disease_exposure	-0.13	-0.0375
clean_water	health	18	maternal_safety	0.04	0.0124
clean_water	health	18	neonatal_survival	0.03	0.0103
clean_water	health	18	water_safety	0.16	0.0596
house_floor_burial	culture	18	cohesion	0.0039	0.0021
lineage_land_tenure	institutions	18	cohesion	0.0039	0.0021
lineage_land_tenure	institutions	18	soil_productivity	0.01	0.0071
mineral_pigment_preparation	production	18	cohesion	0.0025	0.0013
mineral_pigment_preparation	production	18	craft_output	0.002	0.0009
mourning_days	culture	18	cohesion	0.0039	0.0021
mourning_days	culture	18	fatigue	-0.005	-0.0013
ochre_grave_goods	culture	18	cohesion	0.0026	0.0014
phenology_signs	ecology	18	foraging_yield	0.03	0.0274
phenology_signs	ecology	18	observation_rate	0.01	0.0052
plastered_ancestor_skulls	culture	18	cohesion	0.0039	0.0021
plastered_ancestor_skulls	culture	18	knowledge_preservation	0.002	0.0013
plot_yield_memory	nutrition	18	cultivation_yield	0.025	0.0119
plot_yield_memory	nutrition	18	soil_productivity	0.015	0.0106
skill_recognition	labor	18	labor_efficiency	0.0131	0.0065
skill_recognition	labor	18	task_coordination	0.0028	0.0014
sledges_travois	logistics	18	fatigue	-0.01	-0.0025
sledges_travois	logistics	18	haul_capacity	0.0189	0.0072
throwing_spears	security	18	warfare_readiness	0.0101	0.0078
watch_duty_rotation	knowledge	18	cohesion	0.002	0.0011
watch_duty_rotation	knowledge	18	task_coordination	0.0024	0.0012
acorn_leaching	nutrition	19	food_storage	0.01	0.0042
acorn_leaching	nutrition	19	foraging_yield	0.025	0.0229
blood_price	institutions	20	cohesion	0.0052	0.0028
blood_price	institutions	20	security_efficiency	0.01	0.0086
controlled_undergrowth_burning	ecology	20	foraging_yield	0.03	0.0274
down_the_line_exchange	logistics	20	cohesion	0.005	0.0027
down_the_line_exchange	logistics	20	tool_quality	0.01	0.0032
down_the_line_exchange	logistics	20	trade_capacity	0.0267	0.0266
festival_calendar	culture	20	cohesion	0.031	0.0165
festival_calendar	culture	20	task_coordination	0.018	0.0089
framed_construction	infrastructure	20	construction_rate	0.08	0.0231
framed_construction	infrastructure	20	disaster_resilience	0.03	0.0151
framed_construction	infrastructure	20	dry_storage	0.02	0.0108
framed_construction	infrastructure	20	housing_output	0.1	0.0316
mouths_against_store	demography	20	food_storage	0.008	0.0034
mouths_against_store	demography	20	storage_loss	-0.008	-0.0049
mouths_against_store	demography	20	task_coordination	0.006	0.003
pit_firing	production	20	container_capacity	0.12	0.0495
pit_firing	production	20	craft_output	0.05	0.0216
pit_firing	production	20	food_spoilage	-0.05	-0.0286
pulse_splitting	nutrition	20	food_storage	0.008	0.0034
pulse_splitting	nutrition	20	nutrition_quality	0.008	0.0044
stone_maceheads	security	20	warfare_readiness	0.0081	0.0062
wound_packing	health	20	health_protection	0.004	0.001
wound_packing	health	20	injury_risk	-0.01	-0.0035
wound_packing	health	20	maternal_safety	0.005	0.0015
ambush_raids	security	22	warfare_readiness	0.0121	0.0093
clay_tempering	production	22	container_capacity	0.08	0.033
clay_tempering	production	22	craft_output	0.04	0.0173
clay_tempering	production	22	storage_loss	-0.03	-0.0182
earth_oven_cooking	nutrition	22	food_output	0.008	0.0074
earth_oven_cooking	nutrition	22	nutrition_quality	0.01	0.0055
load_lashing_knots	logistics	22	haul_capacity	0.0095	0.0036
load_lashing_knots	logistics	22	injury_risk	-0.005	-0.0018
load_lashing_knots	logistics	22	storage_loss	-0.01	-0.0061
moon_counting	knowledge	22	knowledge_preservation	0.0048	0.0031
moon_counting	knowledge	22	observation_rate	0.029	0.0151
moon_counting	knowledge	22	task_coordination	0.0028	0.0014
poultices	health	22	health_protection	0.008	0.0019
poultices	health	22	injury_risk	-0.006	-0.0021
rotating_heavy_tasks	labor	22	fatigue	-0.02	-0.005
rotating_heavy_tasks	labor	22	labor_efficiency	0.0065	0.0032
fish_weirs_and_traps	nutrition	23	food_output	0.04	0.037
fish_weirs_and_traps	nutrition	23	foraging_yield	0.015	0.0137
grain_moisture_watch	nutrition	24	food_spoilage	-0.02	-0.0114
grain_moisture_watch	nutrition	24	storage_loss	-0.03	-0.0182
grog_preparation	production	24	container_capacity	0.02	0.0083
grog_preparation	production	24	craft_output	0.002	0.0009
patrilocal_residence	demography	24	cohesion	0.008	0.0043
patrilocal_residence	demography	24	labor_efficiency	0.005	0.0025
seasonal_crisis_leader	institutions	24	disaster_resilience	0.015	0.0076
seasonal_crisis_leader	institutions	24	task_coordination	0.0057	0.0028
spawning_calendar	ecology	24	food_output	0.02	0.0185
wattle_and_daub_walls	infrastructure	24	construction_rate	0.003	0.0009
wattle_and_daub_walls	infrastructure	24	disaster_resilience	0.0075	0.0038
wattle_and_daub_walls	infrastructure	24	housing_output	0.024	0.0076
herd_recovery_pursuit	security	25	food_output	0.005	0.0046
herd_recovery_pursuit	security	25	security_efficiency	0.0096	0.0082
herd_recovery_pursuit	security	25	warfare_readiness	0.004	0.0031
herding_rotas	labor	25	cohesion	0.0025	0.0013
herding_rotas	labor	25	labor_demand	-0.01	-0.0096
herding_rotas	labor	25	task_coordination	0.0112	0.0056
knot_tally_cross_check	knowledge	25	knowledge_preservation	0.0033	0.0022
knot_tally_cross_check	knowledge	25	task_coordination	0.002	0.001
milking	nutrition	25	food_output	0.045	0.0417
milking	nutrition	25	neonatal_survival	0.01	0.0034
milking	nutrition	25	nutrition_quality	0.008	0.0044
reciprocal_gift_exchange	culture	25	cohesion	0.0052	0.0028
reciprocal_gift_exchange	culture	25	disaster_resilience	0.01	0.005
route_food_caches	logistics	25	food_storage	0.01	0.0042
route_food_caches	logistics	25	travel_speed	0.01	0.005
sweat_baths	health	25	cohesion	0.006	0.0032
sweat_baths	health	25	disease_exposure	-0.005	-0.0014
sweat_baths	health	25	health_protection	0.006	0.0015
indirect_solar_food_drying	nutrition	26	food_spoilage	-0.015	-0.0086
indirect_solar_food_drying	nutrition	26	food_storage	0.02	0.0084
thatched_roofing	infrastructure	26	dry_storage	0.02	0.0108
thatched_roofing	infrastructure	26	housing_output	0.024	0.0076
timber_seasoning	production	26	construction_rate	0.04	0.0115
timber_seasoning	production	26	storage_loss	-0.05	-0.0304
crop_calendars	nutrition	27	cultivation_yield	0.08	0.0381
crop_calendars	nutrition	27	knowledge_preservation	0.02	0.0131
crop_calendars	nutrition	27	task_coordination	0.03	0.0149
bow_drill_drive	production	28	craft_output	0.003	0.0013
bow_drill_drive	production	28	tool_quality	0.004	0.0013
dry_stone_walls	infrastructure	28	construction_rate	0.0015	0.0004
dry_stone_walls	infrastructure	28	disaster_resilience	0.0112	0.0056
dry_stone_walls	infrastructure	28	soil_productivity	0.01	0.0071
firebreaks	ecology	28	disaster_resilience	0.02	0.0101
firebreaks	ecology	28	disaster_risk	-0.0102	-0.0086
kin_care_widows_orphans	demography	28	cohesion	0.01	0.0053
kin_care_widows_orphans	demography	28	neonatal_survival	0.012	0.0041
origin_story	culture	28	cohesion	0.0079	0.0042
origin_story	culture	28	knowledge_preservation	0.0032	0.0021
petition_speakers	institutions	28	cohesion	0.0026	0.0014
portage_paths	logistics	28	haul_capacity	0.0047	0.0018
portage_paths	logistics	28	route_speed	0.0161	0.0083
purges_emetics	health	28	disease_exposure	-0.004	-0.0012
purges_emetics	health	28	health_protection	0.006	0.0015
threshing_frames	nutrition	28	labor_efficiency	0.008	0.004
threshing_frames	nutrition	28	storage_loss	-0.015	-0.0091
work_party_feasts	labor	28	cohesion	0.01	0.0053
work_party_feasts	labor	28	construction_rate	0.003	0.0009
work_party_feasts	labor	28	labor_efficiency	0.0044	0.0022
work_party_feasts	labor	28	task_coordination	0.0188	0.0093
banishment_sentence	institutions	30	cohesion	0.0026	0.0014
banishment_sentence	institutions	30	security_efficiency	0.015	0.0128
fiber_retting	production	30	craft_output	0.002	0.0009
indicator_plants	ecology	30	observation_rate	0.01	0.0052
indicator_plants	ecology	30	soil_productivity	0.02	0.0141
indicator_plants	ecology	30	survey_speed	0.01	0.005
pottery_style_identity	culture	30	cohesion	0.0039	0.0021
pottery_style_identity	culture	30	craft_output	0.005	0.0022
repeated_recitation_training	knowledge	30	knowledge_preservation	0.0048	0.0031
repeated_recitation_training	knowledge	30	task_coordination	0.002	0.001
wild_honey_smoking	nutrition	30	foraging_yield	0.015	0.0137
wild_honey_smoking	nutrition	30	nutrition_quality	0.005	0.0027
winnowing_practice	nutrition	30	food_spoilage	-0.01	-0.0057
winnowing_practice	nutrition	30	storage_loss	-0.01	-0.0061
tooth_drilling	health	31	health_protection	0.005	0.0012
tooth_drilling	health	31	labor_efficiency	0.003	0.0015
ancestor_figurines	culture	32	cohesion	0.0026	0.0014
drop_spindles	production	32	craft_output	0.004	0.0017
festival_rest_days	labor	32	cohesion	0.005	0.0027
festival_rest_days	labor	32	fatigue	-0.0105	-0.0026
lined_well_shafts	infrastructure	32	disaster_resilience	0.0037	0.0019
lined_well_shafts	infrastructure	32	water_safety	0.018	0.0067
saddle_quern_grinding	nutrition	32	nutrition_quality	0.006	0.0033
skis_snowshoes	logistics	32	travel_speed	0.04	0.02
boil_lancing	health	34	health_protection	0.006	0.0015
boil_lancing	health	34	injury_risk	-0.004	-0.0014
cereal_dehulling	nutrition	34	storage_loss	-0.005	-0.003
grip_wrapping_practice	production	34	injury_risk	-0.0128	-0.0045
grip_wrapping_practice	production	34	tool_quality	0.02	0.0065
childrens_question_circles	knowledge	35	cohesion	0.002	0.0011
childrens_question_circles	knowledge	35	knowledge_preservation	0.0022	0.0014
clay_sling_bullets	security	35	craft_output	0.005	0.0022
clay_sling_bullets	security	35	warfare_readiness	0.0081	0.0062
customary_law	institutions	35	cohesion	0.026	0.0139
pit_pebble_game	culture	35	cohesion	0.002	0.0011
pit_pebble_game	culture	35	observation_rate	0.0097	0.0051
charcoal	production	36	fuel_efficiency	0.14	0.105
deliberate_milk_souring	nutrition	36	food_storage	0.01	0.0042
deliberate_milk_souring	nutrition	36	neonatal_survival	0.02	0.0069
deliberate_milk_souring	nutrition	36	nutrition_quality	0.03	0.0164
flood_house_mounds	infrastructure	36	disaster_resilience	0.03	0.0151
flood_house_mounds	infrastructure	36	housing_output	0.006	0.0019
part_time_specialists	labor	36	craft_output	0.007	0.003
part_time_specialists	labor	36	labor_efficiency	0.0033	0.0016
part_time_specialists	labor	36	tool_quality	0.003	0.001
maternal_recovery	demography	37	maternal_safety	0.08	0.0248
disability_care	health	38	cohesion	0.012	0.0064
disability_care	health	38	health_protection	0.005	0.0012
disability_care	health	38	knowledge_preservation	0.006	0.0039
first_fruits_offering	culture	38	cohesion	0.0026	0.0014
paired_measure_checking	production	38	standardization	0.02	0.0157
paired_measure_checking	production	38	task_coordination	0.0028	0.0014
brushwood_trackways	logistics	40	injury_risk	-0.005	-0.0018
brushwood_trackways	logistics	40	route_speed	0.0134	0.0069
food_steaming_vessels	nutrition	40	neonatal_survival	0.006	0.0021
food_steaming_vessels	nutrition	40	nutrition_quality	0.01	0.0055
public_stores	institutions	40	cohesion	0.0079	0.0042
public_stores	institutions	40	container_capacity	0.06	0.0248
public_stores	institutions	40	food_storage	0.13	0.0547
raid_scouting	security	40	injury_risk	-0.005	-0.0018
raid_scouting	security	40	survey_speed	0.01	0.005
raid_scouting	security	40	warfare_readiness	0.0081	0.0062
slack_season_building	labor	40	construction_rate	0.0037	0.0011
slack_season_building	labor	40	housing_output	0.006	0.0019
slack_season_building	labor	40	labor_demand	-0.015	-0.0144
solstice_horizon_markers	knowledge	40	cohesion	0.0021	0.0011
solstice_horizon_markers	knowledge	40	observation_rate	0.029	0.0151
stone_wall_footings	infrastructure	40	disaster_resilience	0.015	0.0076
stone_wall_footings	infrastructure	40	housing_output	0.018	0.0057
swidden_cycle	ecology	40	cultivation_yield	0.015	0.0071
swidden_cycle	ecology	40	soil_productivity	0.03	0.0212
warp_weighted_looms	production	40	craft_output	0.008	0.0035
warp_weighted_looms	production	40	health_protection	0.007	0.0017
warp_weighted_looms	production	40	labor_efficiency	0.0011	0.0005
winter_tale_nights	culture	40	cohesion	0.0039	0.0021
winter_tale_nights	culture	40	fatigue	-0.005	-0.0013
winter_tale_nights	culture	40	knowledge_preservation	0.0048	0.0031
controlled_baking	nutrition	42	food_storage	0.008	0.0034
controlled_baking	nutrition	42	nutrition_quality	0.005	0.0027
household_space_planning	demography	42	health_protection	0.035	0.0085
household_space_planning	demography	42	housing_output	0.075	0.0237
flat_clay_roofs	infrastructure	44	construction_rate	0.0015	0.0004
flat_clay_roofs	infrastructure	44	disaster_resilience	0.0075	0.0038
flat_clay_roofs	infrastructure	44	dry_storage	0.02	0.0108
flat_clay_roofs	infrastructure	44	housing_output	0.018	0.0057
plain_weaving	production	44	craft_output	0.006	0.0026
plain_weaving	production	44	health_protection	0.007	0.0017
household_mediators	institutions	45	cohesion	0.0052	0.0028
leaf_fodder_pollarding	ecology	45	food_output	0.01	0.0093
load_backframes	logistics	45	fatigue	-0.01	-0.0025
load_backframes	logistics	45	haul_capacity	0.0142	0.0054
named_star_figures	culture	45	knowledge_preservation	0.0032	0.0021
named_star_figures	culture	45	observation_rate	0.015	0.0078
named_star_figures	culture	45	route_speed	0.005	0.0026
poppy_analgesia	health	45	fatigue	-0.008	-0.002
poppy_analgesia	health	45	health_protection	0.006	0.0015
poppy_analgesia	health	45	injury_risk	-0.003	-0.0011
standard_measures	knowledge	45	construction_rate	0.04	0.0115
standard_measures	knowledge	45	craft_output	0.05	0.0216
standard_measures	knowledge	45	standardization	0.099	0.0776
standard_measures	knowledge	45	trade_capacity	0.054	0.0538
thorn_barriers	security	45	food_output	0.005	0.0046
thorn_barriers	security	45	security_efficiency	0.0144	0.0123
seed_cleaning	nutrition	46	cultivation_yield	0.02	0.0095
burnished_slipped_wares	production	48	container_capacity	0.02	0.0083
burnished_slipped_wares	production	48	craft_output	0.003	0.0013
burnished_slipped_wares	production	48	food_spoilage	-0.01	-0.0057
burnished_slipped_wares	production	48	water_safety	0.003	0.0011
drive_hunts	nutrition	48	food_storage	0.01	0.0042
drive_hunts	nutrition	48	task_coordination	0.01	0.005
mould_made_mudbricks	infrastructure	48	construction_rate	0.0075	0.0022
mould_made_mudbricks	infrastructure	48	disaster_resilience	0.0112	0.0056
mould_made_mudbricks	infrastructure	48	housing_output	0.036	0.0114
mould_made_mudbricks	infrastructure	48	standardization	0.009	0.0071
boundary_exchange_sites	logistics	50	cohesion	0.005	0.0009
boundary_exchange_sites	logistics	50	security_efficiency	0.004	0.001
boundary_exchange_sites	logistics	50	trade_capacity	0.02	0.0027
hive_sparing_honey_harvest	ecology	50	ecology_recovery	0.0067	0.0054
hive_sparing_honey_harvest	ecology	50	foraging_yield	0.02	0.0017
hive_sparing_honey_harvest	ecology	50	nutrition_quality	0.01	0.0013
household_craft_learning	labor	50	craft_output	0.002	0.0002
household_craft_learning	labor	50	knowledge_preservation	0.006	0.0025
household_craft_learning	labor	50	labor_efficiency	0.0022	0.0003
lime_burning	production	50	construction_rate	0.08	0.012
lime_burning	production	50	health_protection	0.03	0.0031
lime_burning	production	50	soil_productivity	0.03	0.005
mnemonic_verse_encoding	knowledge	50	knowledge_preservation	0.0033	0.0014
mnemonic_verse_encoding	knowledge	50	task_coordination	0.002	0.0004
refuse_removal	health	50	disease_exposure	-0.015	-0.0018
sealed_vessels	nutrition	50	food_spoilage	-0.08	-0.0078
sealed_vessels	nutrition	50	food_storage	0.1	0.009
sealed_vessels	nutrition	50	health_protection	0.03	0.0031
sealed_vessels	nutrition	50	trade_capacity	0.03	0.0041
shrine_wall_painting	culture	50	cohesion	0.0026	0.0005
shrine_wall_painting	culture	50	knowledge_preservation	0.002	0.0008
village_marriage_alliances	demography	50	cohesion	0.008	0.0014
village_marriage_alliances	demography	50	security_efficiency	0.006	0.0015
village_marriage_alliances	demography	50	trade_capacity	0.005	0.0007
weapon_free_gatherings	security	50	cohesion	0.01	0.0017
weapon_free_gatherings	security	50	injury_risk	-0.015	-0.0016
weapon_free_gatherings	security	50	trade_capacity	0.004	0.0005
lime_plastered_floors	infrastructure	52	disease_exposure	-0.015	-0.0018
lime_plastered_floors	infrastructure	52	health_protection	0.0105	0.0011
lime_plastered_floors	infrastructure	52	housing_output	0.012	0.0019
lime_plastered_floors	infrastructure	52	storage_loss	-0.01	-0.0019
seed_reserves	nutrition	52	cultivation_yield	0.07	0.0183
seed_reserves	nutrition	52	food_storage	0.04	0.0036
scrap_reclamation_habits	production	53	craft_output	0.02	0.002
drought_signs	ecology	55	disaster_risk	-0.0102	-0.0009
drought_signs	ecology	55	observation_rate	0.01	0.009
elder_care_by_children	demography	55	cohesion	0.01	0.0017
elder_care_by_children	demography	55	knowledge_preservation	0.008	0.0033
exculpatory_oath	institutions	55	cohesion	0.0026	0.0005
hermetic_grain_storage	nutrition	55	container_capacity	0.02	0.006
hermetic_grain_storage	nutrition	55	food_spoilage	-0.02	-0.002
hermetic_grain_storage	nutrition	55	food_storage	0.04	0.0036
hermetic_grain_storage	nutrition	55	storage_loss	-0.03	-0.0057
hostage_exchange	security	55	cohesion	0.005	0.0009
hostage_exchange	security	55	security_efficiency	0.0072	0.0018
motion_economy_habits	labor	55	fatigue	-0.015	-0.0014
motion_economy_habits	labor	55	labor_efficiency	0.0116	0.0016
owner_marks	knowledge	55	knowledge_preservation	0.0048	0.002
owner_marks	knowledge	55	storage_loss	-0.01	-0.0019
owner_marks	knowledge	55	trade_capacity	0.0025	0.0003
ritual_masks_costumes	culture	55	cohesion	0.0039	0.0007
trepanation	health	55	health_protection	0.008	0.0008
trepanation	health	55	injury_risk	-0.015	-0.0016
trepanation	health	55	knowledge_preservation	0.004	0.0017
wedges_and_levers	infrastructure	55	construction_rate	0.06	0.009
wedges_and_levers	infrastructure	55	haul_capacity	0.06	0.0131
workshop_space_sharing	production	56	craft_output	0.02	0.002
workshop_space_sharing	production	56	task_coordination	0.0028	0.0006
bitumen_sealing	infrastructure	58	food_spoilage	-0.03	-0.0029
bitumen_sealing	infrastructure	58	housing_output	0.05	0.008
bitumen_sealing	infrastructure	58	route_speed	0.05	0.0104
recovery_days_after_heavy_tasks	labor	58	fatigue	-0.03	-0.0028
reed_bundle_boats	logistics	58	haul_capacity	0.0095	0.0021
reed_bundle_boats	logistics	58	route_speed	0.0108	0.0022
reed_bundle_boats	logistics	58	trade_capacity	0.0067	0.0009
customary_inheritance_shares	institutions	60	cohesion	0.0039	0.0007
fermentation_control	nutrition	60	food_spoilage	-0.07	-0.0069
fermentation_control	nutrition	60	nutrition_quality	0.04	0.005
fermentation_control	nutrition	60	water_safety	0.03	0.0092
grain_malting	nutrition	60	food_storage	0.006	0.0005
grain_malting	nutrition	60	nutrition_quality	0.005	0.0006
kiln_control	production	60	container_capacity	0.08	0.024
kiln_control	production	60	craft_output	0.09	0.009
kiln_control	production	60	fuel_efficiency	0.05	0.021
paced_distance_counting	knowledge	60	survey_speed	0.03	0.0035
sacred_places	culture	60	cohesion	0.0039	0.0007
sacred_places	culture	60	ecology_recovery	0.01	0.0081
transhumance	ecology	60	ecological_pressure	-0.018	-0.0096
transhumance	ecology	60	ecology_recovery	0.0135	0.011
transhumance	ecology	60	food_output	0.015	0.0048
wayfinding_stars	logistics	60	route_speed	0.0296	0.0061
wayfinding_stars	logistics	60	survey_speed	0.055	0.0064
winter_herder_return	demography	60	cohesion	0.008	0.0014
winter_herder_return	demography	60	housing_output	0.01	0.0016
boundary_markers_parallel_crews	labor	62	labor_efficiency	0.007	0.001
boundary_markers_parallel_crews	labor	62	task_coordination	0.0076	0.0015
crutches	health	62	fatigue	-0.004	-0.0004
crutches	health	62	injury_risk	-0.004	-0.0004
crutches	health	62	labor_efficiency	0.008	0.0011
starch_washing_separation	nutrition	62	foraging_yield	0.008	0.0007
starch_washing_separation	nutrition	62	nutrition_quality	0.004	0.0005
painted_pottery	production	64	cohesion	0.0025	0.0004
painted_pottery	production	64	craft_output	0.004	0.0004
painted_pottery	production	64	trade_capacity	0.006	0.0008
bride_wealth_gifts	demography	65	cohesion	0.006	0.001
bride_wealth_gifts	demography	65	trade_capacity	0.004	0.0005
coming_of_age_rites	culture	65	cohesion	0.0052	0.0009
field_boundary_markers	institutions	65	cohesion	0.0026	0.0005
field_boundary_markers	institutions	65	soil_productivity	0.01	0.0017
landmark_triangulation	knowledge	65	survey_speed	0.03	0.0035
landmark_triangulation	knowledge	65	travel_speed	0.02	0.018
resin_sealed_wine	nutrition	65	cohesion	0.006	0.001
resin_sealed_wine	nutrition	65	food_storage	0.015	0.0014
resin_sealed_wine	nutrition	65	trade_capacity	0.01	0.0014
rollers_and_runners	logistics	65	construction_rate	0.02	0.003
rollers_and_runners	logistics	65	haul_capacity	0.0142	0.0031
shellfish_bed_recovery	ecology	65	ecological_pressure	-0.009	-0.0048
shellfish_bed_recovery	ecology	65	ecology_recovery	0.0135	0.011
shellfish_bed_recovery	ecology	65	food_output	0.01	0.0032
cross_training_circuits	labor	66	labor_efficiency	0.0093	0.0013
cross_training_circuits	labor	66	task_coordination	0.0061	0.0012
heatstroke_care	health	66	fatigue	-0.012	-0.0011
heatstroke_care	health	66	health_protection	0.006	0.0006
heatstroke_care	health	66	labor_efficiency	0.005	0.0007
native_copper_working	production	68	craft_output	0.003	0.0003
native_copper_working	production	68	tool_quality	0.004	0.0008
native_copper_working	production	68	trade_capacity	0.006	0.0008
captive_adoption	demography	70	labor_efficiency	0.008	0.0011
clay_counting_tokens	knowledge	70	knowledge_preservation	0.021	0.0087
clay_counting_tokens	knowledge	70	storage_loss	-0.01	-0.0019
clay_counting_tokens	knowledge	70	task_coordination	0.014	0.0028
clay_counting_tokens	knowledge	70	trade_capacity	0.018	0.0025
defensive_ditch_siting	security	70	labor_efficiency	0.0131	0.0019
defensive_ditch_siting	security	70	security_efficiency	0.024	0.0061
labor_debt_tallies	institutions	70	labor_efficiency	0.007	0.001
labor_debt_tallies	institutions	70	task_coordination	0.002	0.0004
paired_signal_confirmation	knowledge	70	injury_risk	-0.0086	-0.0009
paired_signal_confirmation	knowledge	70	task_coordination	0.0091	0.0018
pressed_cheese	nutrition	70	food_output	0.02	0.0065
pressed_cheese	nutrition	70	food_spoilage	-0.015	-0.0015
pressed_cheese	nutrition	70	food_storage	0.04	0.0036
pressed_cheese	nutrition	70	nutrition_quality	0.006	0.0008
footing_soil_judging	infrastructure	72	construction_rate	0.015	0.0023
footing_soil_judging	infrastructure	72	disaster_risk	-0.0149	-0.0013
honey_wound_dressing	health	72	health_protection	0.006	0.0006
honey_wound_dressing	health	72	injury_risk	-0.012	-0.0013
honey_wound_dressing	health	72	maternal_safety	0.006	0.0016
managed_fallow	nutrition	72	ecology_recovery	0.05	0.0406
managed_fallow	nutrition	72	food_output	0.02	0.0065
managed_fallow	nutrition	72	soil_productivity	0.09	0.0149
reference_vessel_sets	production	72	craft_output	0.01	0.001
reference_vessel_sets	production	72	standardization	0.02	0.0166
batch_labeling_by_harvest	nutrition	75	food_storage	0.025	0.0023
batch_labeling_by_harvest	nutrition	75	task_coordination	0.0061	0.0012
cooperative_harvest_gatherings	culture	75	cohesion	0.003	0.0005
cooperative_harvest_gatherings	culture	75	labor_efficiency	0.0093	0.0013
downwind_workshop_placement	ecology	75	disease_exposure	-0.01	-0.0012
leader_feast_obligations	institutions	75	cohesion	0.0039	0.0007
refuge_point_designation	infrastructure	75	disaster_risk	-0.0149	-0.0013
refuge_point_designation	infrastructure	75	task_coordination	0.0061	0.0012
seasonal_ford_timing	logistics	75	injury_risk	-0.0172	-0.0018
seasonal_ford_timing	logistics	75	route_speed	0.0108	0.0022
tournette	production	75	container_capacity	0.01	0.003
tournette	production	75	craft_output	0.006	0.0006
tournette	production	75	standardization	0.009	0.0074
disaster_recovery_roles	security	78	disaster_risk	-0.0136	-0.0012
disaster_recovery_roles	security	78	task_coordination	0.0056	0.0011
horizontal_ground_loom	production	78	craft_output	0.006	0.0006
horizontal_ground_loom	production	78	labor_efficiency	0.0011	0.0002
relay_carrying_shifts	logistics	78	haul_capacity	0.0095	0.0021
slope_erosion_watch	ecology	78	disaster_risk	-0.004	-0.0004
slope_erosion_watch	ecology	78	ecological_pressure	-0.012	-0.0064
copper_outcrop_signs	ecology	80	survey_speed	0.03	0.0035
household_lineage_tokens	culture	80	cohesion	0.002	0.0003
household_lineage_tokens	culture	80	knowledge_preservation	0.0033	0.0014
megalith_raising	infrastructure	80	cohesion	0.01	0.0017
megalith_raising	infrastructure	80	construction_rate	0.0045	0.0007
megalith_raising	infrastructure	80	haul_capacity	0.02	0.0044
megalith_raising	infrastructure	80	task_coordination	0.0075	0.0015
oldest_first_marking	logistics	80	food_storage	0.01	0.0009
oldest_first_marking	logistics	80	storage_loss	-0.02	-0.0038
public_grain_weighing	institutions	80	task_coordination	0.002	0.0004
root_cellars	nutrition	80	food_spoilage	-0.02	-0.002
root_cellars	nutrition	80	food_storage	0.025	0.0023
sickroom_fumigation	health	80	disease_exposure	-0.006	-0.0007
sickroom_fumigation	health	80	health_protection	0.004	0.0004
spawning_ground_avoidance	ecology	80	ecological_pressure	-0.012	-0.0064
spawning_ground_avoidance	ecology	80	ecology_recovery	0.0067	0.0054
spawning_ground_avoidance	ecology	80	foraging_yield	0.025	0.0021
specialist_task_assignment	knowledge	80	craft_output	0.02	0.002
specialist_task_assignment	knowledge	80	task_coordination	0.0024	0.0005
stone_grain_judging	production	80	tool_quality	0.02	0.0039
task_captains	labor	80	cohesion	0.0051	0.0009
task_captains	labor	80	task_coordination	0.0084	0.0017
daughter_hamlets	demography	82	disease_exposure	-0.008	-0.001
daughter_hamlets	demography	82	ecological_pressure	-0.02	-0.0107
daughter_hamlets	demography	82	housing_output	0.04	0.0064
cross_craft_visiting	culture	85	craft_output	0.02	0.002
cross_craft_visiting	culture	85	knowledge_preservation	0.0022	0.0009
drum_relay_signals	knowledge	85	security_efficiency	0.02	0.0051
drum_relay_signals	knowledge	85	task_coordination	0.0024	0.0005
frost_pocket_reading	ecology	85	cultivation_yield	0.015	0.0039
frost_pocket_reading	ecology	85	disaster_risk	-0.004	-0.0004
frost_pocket_reading	ecology	85	soil_productivity	0.01	0.0017
ore_assaying	production	85	survey_speed	0.06	0.007
raised_granaries	nutrition	85	food_storage	0.035	0.0032
raised_granaries	nutrition	85	storage_loss	-0.03	-0.0057
trade_partner_memory	logistics	85	knowledge_preservation	0.0034	0.0014
trade_partner_memory	logistics	85	trade_capacity	0.0133	0.0018
truce_sanctuary	security	85	cohesion	0.01	0.0017
truce_sanctuary	security	85	injury_risk	-0.015	-0.0016
truce_sanctuary	security	85	trade_capacity	0.004	0.0005
hauling_chants	labor	88	haul_capacity	0.01	0.0022
hauling_chants	labor	88	injury_risk	-0.01	-0.0011
hauling_chants	labor	88	labor_efficiency	0.0022	0.0003
hauling_chants	labor	88	task_coordination	0.0112	0.0023
lean_year_dispersal	demography	88	neonatal_survival	0.006	0.0016
seasonal_path_maintenance	infrastructure	88	disaster_risk	-0.0111	-0.001
seasonal_path_maintenance	infrastructure	88	task_coordination	0.0061	0.0012
shared_vessel_avoidance	health	88	disease_exposure	-0.02	-0.0024
shared_vessel_avoidance	health	88	health_protection	0.0132	0.0013
copper_smelting	production	90	craft_output	0.07	0.007
copper_smelting	production	90	tool_quality	0.08	0.0155
copper_smelting	production	90	trade_capacity	0.04	0.0054
ditch_palisades	security	90	security_efficiency	0.0192	0.0049
focused_error_review	knowledge	90	knowledge_preservation	0.0022	0.0009
focused_error_review	knowledge	90	labor_efficiency	0.0093	0.0013
infant_feeding_schedules	demography	90	neonatal_survival	0.025	0.0065
infant_feeding_schedules	demography	90	nutrition_quality	0.02	0.0025
leafy_green_incorporation	nutrition	90	disease_exposure	-0.01	-0.0012
leafy_green_incorporation	nutrition	90	nutrition_quality	0.025	0.0032
memorial_cairn_marking	culture	90	cohesion	0.002	0.0003
memorial_cairn_marking	culture	90	knowledge_preservation	0.0048	0.002
pest_swarm_watch	ecology	90	cultivation_yield	0.01	0.0026
pest_swarm_watch	ecology	90	disaster_risk	-0.0076	-0.0007
pest_swarm_watch	ecology	90	observation_rate	0.01	0.009
public_praise_assemblies	institutions	90	cohesion	0.002	0.0003
salt_shell_routes	logistics	90	food_spoilage	-0.01	-0.001
salt_shell_routes	logistics	90	nutrition_quality	0.005	0.0006
salt_shell_routes	logistics	90	trade_capacity	0.0267	0.0036
household_remedy_kits	health	91	food_storage	0.01	0.0009
household_remedy_kits	health	91	health_protection	0.022	0.0022
seasonal_conception_timing	demography	91	maternal_safety	0.02	0.0052
seasonal_conception_timing	demography	91	neonatal_survival	0.02	0.0052
cord_afterbirth_handling	demography	92	disease_exposure	-0.015	-0.0018
cord_afterbirth_handling	demography	92	maternal_safety	0.025	0.0065
room_allocation_by_size	demography	93	cohesion	0.0039	0.0007
room_allocation_by_size	demography	93	housing_output	0.02	0.0032
load_carrying_posture	health	94	fatigue	-0.015	-0.0014
load_carrying_posture	health	94	injury_risk	-0.0172	-0.0018
central_hall_houses	infrastructure	95	cohesion	0.005	0.0009
central_hall_houses	infrastructure	95	food_storage	0.02	0.0018
central_hall_houses	infrastructure	95	housing_output	0.036	0.0058
cutting_propagation	nutrition	95	cultivation_yield	0.02	0.0052
cutting_propagation	nutrition	95	nutrition_quality	0.004	0.0005
cutting_propagation	nutrition	95	soil_productivity	0.005	0.0008
haft_fit_checking	production	95	tool_quality	0.02	0.0039
marriage_feasts	culture	95	cohesion	0.0052	0.0009
marriage_feasts	culture	95	trade_capacity	0.002	0.0003
paced_work_cycles	labor	95	fatigue	-0.02	-0.0019
paced_work_cycles	labor	95	labor_efficiency	0.0131	0.0019
perimeter_patrol_customs	security	95	injury_risk	-0.0094	-0.001
perimeter_patrol_customs	security	95	security_efficiency	0.0144	0.0036
trial_custom_periods	institutions	95	task_coordination	0.0024	0.0005
water_source_rotation	health	97	water_safety	0.025	0.0076
barred_palisade_gates	security	100	injury_risk	-0.005	-0.0009
barred_palisade_gates	security	100	security_efficiency	0.012	0.0046
boundary_oath_rituals	institutions	100	cohesion	0.0026	0.0004
great_work_parties	labor	100	cohesion	0.01	0.0017
great_work_parties	labor	100	construction_rate	0.0067	0.0022
great_work_parties	labor	100	disaster_resilience	0.015	0.0023
great_work_parties	labor	100	labor_efficiency	0.0033	0.0003
great_work_parties	labor	100	task_coordination	0.0225	0.0037
harvest_headcount	demography	100	food_storage	0.01	0.0025
harvest_headcount	demography	100	state_capacity	0.008	0.0037
harvest_headcount	demography	100	task_coordination	0.01	0.0016
hide_tanning	production	100	craft_output	0.004	0.0006
hide_tanning	production	100	storage_loss	-0.01	-0.0016
mixed_grain_legume_meals	nutrition	100	nutrition_quality	0.035	0.0042
mutual_aid_customs	culture	100	cohesion	0.004	0.0007
mutual_aid_customs	culture	100	disaster_resilience	0.02	0.0031
river_landings	logistics	100	haul_capacity	0.0071	0.0019
river_landings	logistics	100	route_speed	0.0108	0.0056
river_landings	logistics	100	trade_capacity	0.0067	0.0025
sacred_grove_protection	ecology	100	cohesion	0.01	0.0017
sacred_grove_protection	ecology	100	ecology_recovery	0.0202	0.0048
sacred_grove_protection	ecology	100	water_safety	0.01	0.0023
stamp_seals	knowledge	100	state_capacity	0.003	0.0014
stamp_seals	knowledge	100	storage_loss	-0.015	-0.0024
stamp_seals	knowledge	100	trade_capacity	0.0038	0.0014
kohl_eye_paint	health	102	disease_exposure	-0.005	-0.0005
kohl_eye_paint	health	102	health_protection	0.004	0.0006
manure_field_spreading	nutrition	104	soil_productivity	0.03	0.0055
new_household_plots	demography	104	cohesion	0.004	0.0007
new_household_plots	demography	104	housing_output	0.03	0.0093
contour_terrace_reading	ecology	105	ecological_pressure	-0.015	-0.0039
contour_terrace_reading	ecology	105	soil_productivity	0.02	0.0037
copper_casting	production	105	craft_output	0.1	0.0158
copper_casting	production	105	standardization	0.04	0.02
copper_casting	production	105	tool_quality	0.08	0.0153
copper_casting	production	105	warfare_readiness	0.04	0.0177
material_accounting	knowledge	105	haul_capacity	0.03	0.0079
material_accounting	knowledge	105	state_capacity	0.006	0.0028
material_accounting	knowledge	105	storage_loss	-0.03	-0.0048
post_disaster_headcount_custom	security	105	disaster_resilience	0.02	0.0031
post_disaster_headcount_custom	security	105	task_coordination	0.0061	0.001
river_supply_channels	infrastructure	105	cultivation_yield	0.015	0.0015
rotating_stewardship	institutions	105	state_capacity	0.0033	0.0015
rotating_stewardship	institutions	105	task_coordination	0.0024	0.0004
reserve_allocation_priority	nutrition	106	food_storage	0.03	0.0075
reserve_allocation_priority	nutrition	106	neonatal_survival	0.006	0.0006
seasonal_hunting_closures	ecology	108	ecological_pressure	-0.012	-0.0031
seasonal_hunting_closures	ecology	108	ecology_recovery	0.0067	0.0016
seasonal_hunting_closures	ecology	108	hunting_yield	0.03	0.0263
bracket_fungus_vermifuge	health	110	health_protection	0.006	0.0009
bracket_fungus_vermifuge	health	110	labor_efficiency	0.004	0.0004
bracket_fungus_vermifuge	health	110	neonatal_survival	0.004	0.0004
first_shrine_house	culture	110	cohesion	0.021	0.0036
first_shrine_house	culture	110	knowledge_preservation	0.0035	0.0021
flour_sifting	nutrition	110	food_spoilage	-0.006	-0.0046
flour_sifting	nutrition	110	standardization	0.004	0.002
hide_covered_boats	logistics	110	haul_capacity	0.0095	0.0025
hide_covered_boats	logistics	110	route_speed	0.0108	0.0056
hide_covered_boats	logistics	110	trade_capacity	0.0067	0.0025
hilltop_refuges	security	110	disaster_resilience	0.03	0.0047
hilltop_refuges	security	110	security_efficiency	0.0096	0.0037
mentored_task_learning	labor	110	fatigue	-0.01	-0.0009
mentored_task_learning	labor	110	labor_efficiency	0.0131	0.0012
probationary_appointment_custom	institutions	110	state_capacity	0.0025	0.0011
selective_deadwood_gathering	ecology	110	ecology_recovery	0.0169	0.004
newcomer_host_season	demography	112	cohesion	0.008	0.0014
newcomer_host_season	demography	112	labor_efficiency	0.008	0.0008
offshoot_date_planting	nutrition	112	cultivation_yield	0.02	0.002
offshoot_date_planting	nutrition	112	food_storage	0.01	0.0025
tannery_waste_channeling	ecology	112	pollution	-0.0191	-0.0106
tannery_waste_channeling	ecology	112	water_safety	0.02	0.0047
bracing_inspection_rounds	infrastructure	115	construction_rate	0.02	0.0065
bracing_inspection_rounds	infrastructure	115	disaster_risk	-0.0178	-0.0019
fire_setting_mining	production	115	extraction_yield	0.05	0.0383
paired_record_witnessing	knowledge	115	knowledge_preservation	0.0033	0.002
praise_songs	culture	115	cohesion	0.0039	0.0007
stock_layering_method	logistics	115	food_spoilage	-0.02	-0.0154
stock_layering_method	logistics	115	storage_loss	-0.02	-0.0032
temple_common_storehouse	institutions	115	cohesion	0.0052	0.0009
temple_common_storehouse	institutions	115	food_storage	0.06	0.015
temple_common_storehouse	institutions	115	state_capacity	0.016	0.0073
temple_common_storehouse	institutions	115	storage_loss	-0.02	-0.0032
sickroom_isolation_practice	health	117	disease_exposure	-0.03	-0.003
sickroom_isolation_practice	health	117	health_protection	0.019	0.0027
weaning_food_softening	demography	118	disease_exposure	-0.01	-0.001
weaning_food_softening	demography	118	neonatal_survival	0.03	0.0028
weaning_food_softening	demography	118	nutrition_quality	0.02	0.0024
assistant_task_offloading	production	120	craft_output	0.025	0.0039
assistant_task_offloading	production	120	labor_efficiency	0.007	0.0007
boundary_marker_surveys	institutions	120	state_capacity	0.0049	0.0022
communal_upkeep_scheduling	infrastructure	120	construction_rate	0.02	0.0065
communal_upkeep_scheduling	infrastructure	120	labor_efficiency	0.0131	0.0012
interval_weaning_practice	demography	120	neonatal_survival	0.03	0.0028
interval_weaning_practice	demography	120	nutrition_quality	0.02	0.0024
joint_hamlet_defense_pacts	security	120	cohesion	0.0058	0.001
joint_hamlet_defense_pacts	security	120	security_efficiency	0.0096	0.0037
rattles_drums_pipes	culture	120	cohesion	0.0026	0.0004
rattles_drums_pipes	culture	120	fatigue	-0.005	-0.0005
rattles_drums_pipes	culture	120	labor_efficiency	0.005	0.0005
seasonal_labor_pooling	labor	120	labor_efficiency	0.0131	0.0012
seasonal_labor_pooling	labor	120	task_coordination	0.0056	0.0009
seasonal_route_assessment	logistics	120	disaster_risk	-0.0068	-0.0007
seasonal_route_assessment	logistics	120	route_speed	0.0108	0.0056
seed_scatter_after_gathering	ecology	120	ecology_recovery	0.0202	0.0048
seed_scatter_after_gathering	ecology	120	foraging_yield	0.02	0.0044
solar_year_reckoning	knowledge	120	cultivation_yield	0.012	0.0012
solar_year_reckoning	knowledge	120	observation_rate	0.039	0.0165
solar_year_reckoning	knowledge	120	task_coordination	0.0042	0.0007
staggered_meal_timing	nutrition	120	fatigue	-0.015	-0.0014
staggered_meal_timing	nutrition	120	task_coordination	0.007	0.0011
symptom_triage_customs	health	120	disease_exposure	-0.01	-0.001
symptom_triage_customs	health	120	health_protection	0.0284	0.0041
symptom_triage_customs	health	120	task_coordination	0.0056	0.0009
ash_field_amendment	nutrition	122	cultivation_yield	0.02	0.002
ash_field_amendment	nutrition	122	soil_productivity	0.03	0.0055
breech_repositioning_technique	demography	122	maternal_safety	0.04	0.011
breech_repositioning_technique	demography	122	neonatal_survival	0.03	0.0028
dwelling_site_orientation	infrastructure	122	construction_rate	0.02	0.0065
workplace_hazard_awareness	health	123	fatigue	-0.01	-0.0009
workplace_hazard_awareness	health	123	injury_risk	-0.0283	-0.0052
workplace_hazard_awareness	health	123	task_coordination	0.0056	0.0009
seasonal_sleeping_arrangements	demography	124	fatigue	-0.01	-0.0009
seasonal_sleeping_arrangements	demography	124	health_protection	0.019	0.0027
seasonal_sleeping_arrangements	demography	124	housing_output	0.02	0.0062
barter_equivalence_custom	logistics	125	task_coordination	0.0028	0.0005
barter_equivalence_custom	logistics	125	trade_capacity	0.02	0.0075
handle_balance_testing	production	125	craft_output	0.015	0.0024
handle_balance_testing	production	125	tool_quality	0.025	0.0048
public_dispute_airing	institutions	125	cohesion	0.002	0.0003
signal_command_drill	security	125	task_coordination	0.0056	0.0009
signal_command_drill	security	125	warfare_readiness	0.0121	0.0054
storm_response_drill	infrastructure	125	disaster_risk	-0.0178	-0.0019
storm_response_drill	infrastructure	125	injury_risk	-0.0142	-0.0026
greywater_diversion_practice	health	126	disease_exposure	-0.02	-0.002
greywater_diversion_practice	health	126	water_safety	0.03	0.007
irrigation_schedules	nutrition	126	cultivation_yield	0.12	0.0117
irrigation_schedules	nutrition	126	soil_productivity	0.04	0.0073
irrigation_schedules	nutrition	126	state_capacity	0.04	0.0184
batch_sizing_by_fatigue	labor	130	fatigue	-0.02	-0.0019
batch_sizing_by_fatigue	labor	130	labor_efficiency	0.0093	0.0009
fire_smoke_signaling	knowledge	130	security_efficiency	0.02	0.0077
fire_smoke_signaling	knowledge	130	task_coordination	0.002	0.0003
offering_keepers	institutions	130	knowledge_preservation	0.0032	0.0019
offering_keepers	institutions	130	state_capacity	0.004	0.0018
offering_keepers	institutions	130	storage_loss	-0.015	-0.0024
reed_bed_rotation	ecology	130	ecological_pressure	-0.006	-0.0016
reed_bed_rotation	ecology	130	ecology_recovery	0.0101	0.0024
textile_dye_extraction	production	130	craft_output	0.003	0.0005
textile_dye_extraction	production	130	trade_capacity	0.009	0.0034
traveling_storyteller_exchange	culture	130	cohesion	0.002	0.0003
traveling_storyteller_exchange	culture	130	knowledge_preservation	0.0048	0.0029
newcomer_intermarriage	demography	132	cohesion	0.01	0.0017
communal_meal_variety_rules	nutrition	135	cohesion	0.0039	0.0007
communal_meal_variety_rules	nutrition	135	nutrition_quality	0.03	0.0036
elder_instruction_days	labor	135	knowledge_preservation	0.0103	0.0062
elder_instruction_days	labor	135	labor_efficiency	0.007	0.0007
flood_levees	infrastructure	135	cohesion	0.005	0.0009
flood_levees	infrastructure	135	cultivation_yield	0.01	0.001
flood_levees	infrastructure	135	disaster_resilience	0.045	0.007
graveside_libations	culture	135	cohesion	0.0039	0.0007
head_shaving_lice	health	135	disease_exposure	-0.006	-0.0006
intervillage_tribute_reconciliation	institutions	135	state_capacity	0.0034	0.0016
intervillage_tribute_reconciliation	institutions	135	task_coordination	0.002	0.0003
ox_drawn_sledges	logistics	135	construction_rate	0.01	0.0032
ox_drawn_sledges	logistics	135	fatigue	-0.01	-0.0009
ox_drawn_sledges	logistics	135	haul_capacity	0.0237	0.0062
ox_drawn_sledges	logistics	135	labor_efficiency	0.01	0.0009
paired_veteran_mentoring	security	135	warfare_readiness	0.0081	0.0036
cross_bearing_confirmation	knowledge	140	task_coordination	0.002	0.0003
household_labor_borrowing	labor	140	cohesion	0.0058	0.001
household_labor_borrowing	labor	140	labor_efficiency	0.0093	0.0009
lead_smelting	production	140	extraction_yield	0.01	0.0077
long_distance_axe_trade	logistics	140	cohesion	0.005	0.0009
long_distance_axe_trade	logistics	140	tool_quality	0.01	0.0019
long_distance_axe_trade	logistics	140	trade_capacity	0.02	0.0075
paramount_chiefdom	institutions	140	state_capacity	0.019	0.0087
paramount_chiefdom	institutions	140	task_coordination	0.021	0.0034
paramount_chiefdom	institutions	140	warfare_readiness	0.02	0.0089
satellite_hamlets	demography	140	ecological_pressure	-0.015	-0.0039
satellite_hamlets	demography	140	housing_output	0.03	0.0093
satellite_hamlets	demography	140	route_speed	0.005	0.0026
satellite_hamlets	demography	140	security_efficiency	0.006	0.0023
cast_copper_weapons	security	145	craft_output	0.01	0.0016
cast_copper_weapons	security	145	warfare_readiness	0.0162	0.0072
disaster_memory_markers	culture	145	disaster_risk	-0.015	-0.0016
disaster_memory_markers	culture	145	knowledge_preservation	0.0033	0.002
knotted_record_systems	knowledge	145	knowledge_preservation	0.013	0.0078
knotted_record_systems	knowledge	145	state_capacity	0.004	0.0018
knotted_record_systems	knowledge	145	task_coordination	0.0042	0.0007
mediated_restitution_custom	institutions	145	cohesion	0.002	0.0003
ox_drawn_ard	nutrition	145	cultivation_yield	0.07	0.0068
ox_drawn_ard	nutrition	145	labor_efficiency	0.02	0.0019
paired_ox_yoke	logistics	145	cultivation_yield	0.015	0.0015
paired_ox_yoke	logistics	145	haul_capacity	0.0237	0.0062
paired_ox_yoke	logistics	145	labor_efficiency	0.01	0.0009
runner_relays_between_work_sites	labor	145	task_coordination	0.0091	0.0015
sickbed_distance_norms	health	147	disease_exposure	-0.02	-0.002
hearth_hazard_proofing	demography	148	injury_risk	-0.0128	-0.0023
hearth_hazard_proofing	demography	148	neonatal_survival	0.02	0.0018
communal_catch_limits	ecology	150	cohesion	0.0058	0.0012
communal_catch_limits	ecology	150	ecological_pressure	-0.0241	-0.0049
communal_catch_limits	ecology	150	ecology_recovery	0.0202	0.0042
communal_catch_limits	ecology	150	foraging_yield	0.02	0.0025
grief_support_customs	culture	150	cohesion	0.003	0.0006
grief_support_customs	culture	150	fatigue	-0.01	-0.0012
marked_storage_registers	knowledge	150	food_storage	0.01	0.0011
marked_storage_registers	knowledge	150	knowledge_preservation	0.0048	0.0028
neighbor_shelter_pledges	security	150	cohesion	0.0078	0.0017
neighbor_shelter_pledges	security	150	disaster_resilience	0.02	0.0067
pack_animals	logistics	150	fatigue	-0.02	-0.0024
pack_animals	logistics	150	haul_capacity	0.0473	0.013
pack_animals	logistics	150	logistics_endurance	0.06	0.0223
pack_animals	logistics	150	route_speed	0.0161	0.0056
pack_animals	logistics	150	trade_capacity	0.0267	0.0033
recovery_diet_customs	health	150	health_protection	0.0176	0.0045
recovery_diet_customs	health	150	nutrition_quality	0.015	0.0094
reserve_moisture_barrier_layering	nutrition	150	food_spoilage	-0.02	-0.0015
reserve_moisture_barrier_layering	nutrition	150	storage_loss	-0.025	-0.0031
salt_working	nutrition	150	food_spoilage	-0.08	-0.0062
salt_working	nutrition	150	health_protection	0.01	0.0026
salt_working	nutrition	150	trade_capacity	0.06	0.0075
seed_oil_pressing	production	150	craft_output	0.003	0.0012
seed_oil_pressing	production	150	storage_loss	-0.005	-0.0006
shared_labor_registers	institutions	150	state_capacity	0.0034	0.0009
shrine_terraces	infrastructure	150	cohesion	0.01	0.0021
shrine_terraces	infrastructure	150	construction_rate	0.006	0.0018
shrine_terraces	infrastructure	150	legitimacy	0.018	0.015
shrine_terraces	infrastructure	150	state_capacity	0.006	0.0016
sibling_age_gap_norms	demography	150	cohesion	0.0039	0.0008
sibling_age_gap_norms	demography	150	neonatal_survival	0.02	0.011
load_bundling_by_weight	logistics	152	haul_capacity	0.0095	0.0026
load_bundling_by_weight	logistics	152	labor_efficiency	0.007	0.0011
obstructed_labor_recognition	demography	152	disease_exposure	-0.01	-0.0028
obstructed_labor_recognition	demography	152	maternal_safety	0.03	0.011
puzzle_riddle_contests	culture	152	cohesion	0.002	0.0004
puzzle_riddle_contests	culture	152	knowledge_preservation	0.0022	0.0013
refuse_pit_rotation	ecology	152	pollution	-0.0159	-0.0018
rotating_watch_captaincy	security	152	cohesion	0.0058	0.0012
rotating_watch_captaincy	security	152	warfare_readiness	0.0081	0.004
sunset_rule_custom	institutions	152	legitimacy	0.002	0.0017
sunset_rule_custom	institutions	152	task_coordination	0.002	0.0005
fire_tending_safeguards	health	153	disaster_risk	-0.0111	-0.0017
fire_tending_safeguards	health	153	injury_risk	-0.0172	-0.0022
rotating_speaker_order	institutions	154	cohesion	0.002	0.0004
rotating_speaker_order	institutions	154	legitimacy	0.002	0.0017
seasonal_storage_sleeping_swap	demography	154	food_storage	0.015	0.0017
seasonal_storage_sleeping_swap	demography	154	housing_output	0.02	0.0113
corner_squaring_method	infrastructure	155	construction_rate	0.03	0.0092
corner_squaring_method	infrastructure	155	tool_quality	0.01	0.0028
festival_wrestling_races	culture	155	cohesion	0.0026	0.0006
festival_wrestling_races	culture	155	fatigue	-0.005	-0.0006
festival_wrestling_races	culture	155	warfare_readiness	0.01	0.0049
full_time_specialists	labor	155	craft_output	0.01	0.0039
full_time_specialists	labor	155	labor_efficiency	0.0044	0.0007
full_time_specialists	labor	155	tool_quality	0.004	0.0011
rest_stop_spacing_custom	logistics	155	fatigue	-0.02	-0.0024
rest_stop_spacing_custom	logistics	155	route_speed	0.0081	0.0028
salting_fish_meat	nutrition	155	food_spoilage	-0.04	-0.0031
salting_fish_meat	nutrition	155	food_storage	0.04	0.0045
salting_fish_meat	nutrition	155	logistics_endurance	0.02	0.0074
salting_fish_meat	nutrition	155	trade_capacity	0.01	0.0013
windbreak_hedgerow_siting	ecology	155	ecological_pressure	-0.012	-0.0024
windbreak_hedgerow_siting	ecology	155	soil_productivity	0.02	0.0055
water_container_cleaning_customs	health	156	disease_exposure	-0.01	-0.0028
water_container_cleaning_customs	health	156	water_safety	0.025	0.0078
standing_arbiter_appointment	institutions	157	legitimacy	0.002	0.0017
standing_arbiter_appointment	institutions	157	state_capacity	0.0034	0.0009
fallback_route_marking	security	158	injury_risk	-0.0128	-0.0017
planting_density_adjustment	nutrition	158	cultivation_yield	0.025	0.0092
public_space_allocation	infrastructure	158	cohesion	0.0039	0.0008
public_space_allocation	infrastructure	158	task_coordination	0.0061	0.0015
root_stock_preservation	ecology	158	ecology_recovery	0.0169	0.0035
root_stock_preservation	ecology	158	foraging_yield	0.015	0.0019
emblem_processions	culture	160	cohesion	0.0052	0.0011
emblem_processions	culture	160	legitimacy	0.0025	0.0021
pest_barrier_maintenance	logistics	160	disease_exposure	-0.01	-0.0028
pest_barrier_maintenance	logistics	160	storage_loss	-0.02	-0.0025
reduction_firing	production	160	craft_output	0.004	0.0016
reduction_firing	production	160	trade_capacity	0.006	0.0008
token_envelopes	knowledge	160	knowledge_preservation	0.024	0.014
token_envelopes	knowledge	160	legitimacy	0.0035	0.0029
token_envelopes	knowledge	160	state_capacity	0.0097	0.0026
token_envelopes	knowledge	160	trade_capacity	0.027	0.0034
warning_call_relay	infrastructure	160	disaster_risk	-0.0149	-0.0023
warning_call_relay	infrastructure	160	task_coordination	0.0061	0.0015
famine_refugee_hosting	demography	162	cohesion	0.006	0.0013
famine_refugee_hosting	demography	162	disaster_resilience	0.015	0.005
famine_refugee_hosting	demography	162	labor_efficiency	0.005	0.0008
famine_refugee_hosting	demography	162	legitimacy	0.006	0.005
balance_beam_weights	knowledge	165	legitimacy	0.002	0.0017
balance_beam_weights	knowledge	165	standardization	0.021	0.0035
balance_beam_weights	knowledge	165	trade_capacity	0.01	0.0013
load_tallies	labor	165	knowledge_preservation	0.005	0.0029
load_tallies	labor	165	labor_efficiency	0.0018	0.0003
load_tallies	labor	165	state_capacity	0.006	0.0016
load_tallies	labor	165	task_coordination	0.015	0.0037
seal_breaking_rights	institutions	165	legitimacy	0.002	0.0017
seal_breaking_rights	institutions	165	state_capacity	0.003	0.0008
seal_breaking_rights	institutions	165	storage_loss	-0.02	-0.0025
shared_trade_escort	logistics	165	injury_risk	-0.0128	-0.0017
shared_trade_escort	logistics	165	trade_capacity	0.0133	0.0017
skin_oiling	health	165	fatigue	-0.004	-0.0005
skin_oiling	health	165	health_protection	0.003	0.0008
skin_oiling	health	165	injury_risk	-0.003	-0.0004
standard_weight_sets	production	165	standardization	0.025	0.0042
standard_weight_sets	production	165	trade_capacity	0.015	0.0019
courtyard_storerooms	infrastructure	170	food_storage	0.05	0.0056
courtyard_storerooms	infrastructure	170	state_capacity	0.006	0.0016
courtyard_storerooms	infrastructure	170	storage_loss	-0.04	-0.005
curing_regimens	nutrition	170	food_spoilage	-0.12	-0.0092
curing_regimens	nutrition	170	food_storage	0.07	0.0079
curing_regimens	nutrition	170	logistics_endurance	0.06	0.0223
flood_silt_fields	ecology	170	cultivation_yield	0.02	0.0073
flood_silt_fields	ecology	170	soil_productivity	0.04	0.011
hearth_counts	demography	170	food_storage	0.008	0.0009
hearth_counts	demography	170	state_capacity	0.015	0.004
hearth_counts	demography	170	task_coordination	0.008	0.002
pack_load_balancing	logistics	170	haul_capacity	0.0142	0.0039
pack_load_balancing	logistics	170	injury_risk	-0.0094	-0.0012
rotating_inspection_duty	knowledge	170	task_coordination	0.0026	0.0006
temple_ration_issue	institutions	170	labor_efficiency	0.015	0.0023
temple_ration_issue	institutions	170	state_capacity	0.006	0.0016
temple_ration_issue	institutions	170	task_coordination	0.0042	0.001
wool_spinning	production	170	craft_output	0.004	0.0016
wool_spinning	production	170	health_protection	0.007	0.0018
wool_spinning	production	170	trade_capacity	0.006	0.0008
butter_churning	nutrition	172	food_output	0.012	0.0058
butter_churning	nutrition	172	food_storage	0.01	0.0011
arsenical_copper	production	175	craft_output	0.004	0.0016
arsenical_copper	production	175	tool_quality	0.012	0.0034
arsenical_copper	production	175	warfare_readiness	0.02	0.0099
pack_saddles	logistics	175	haul_capacity	0.0142	0.0039
pack_saddles	logistics	175	injury_risk	-0.003	-0.0004
pack_saddles	logistics	175	logistics_endurance	0.02	0.0074
traction_fracture_setting	health	175	injury_risk	-0.012	-0.0015
traction_fracture_setting	health	175	labor_efficiency	0.01	0.0015
market_peacekeepers	security	180	injury_risk	-0.01	-0.0013
market_peacekeepers	security	180	trade_capacity	0.0067	0.0008
output_quality_sorting	production	180	craft_output	0.02	0.0079
output_quality_sorting	production	180	standardization	0.02	0.0033
plank_trackways	logistics	180	haul_capacity	0.0047	0.0013
plank_trackways	logistics	180	injury_risk	-0.005	-0.0006
plank_trackways	logistics	180	route_speed	0.0215	0.0074
proverbs	culture	180	cohesion	0.002	0.0004
proverbs	culture	180	knowledge_preservation	0.0064	0.0037
shrine_work_obligations	labor	180	construction_rate	0.0045	0.0014
shrine_work_obligations	labor	180	legitimacy	0.006	0.005
shrine_work_obligations	labor	180	state_capacity	0.018	0.0048
shrine_work_obligations	labor	180	task_coordination	0.015	0.0037
star_rise_markers	knowledge	180	observation_rate	0.029	0.0165
star_rise_markers	knowledge	180	route_speed	0.01	0.0035
timber_post_beam_connections	infrastructure	180	construction_rate	0.0045	0.0014
timber_post_beam_connections	infrastructure	180	housing_output	0.012	0.0068
winter_fodder	nutrition	180	food_output	0.03	0.0144
winter_fodder	nutrition	180	food_storage	0.02	0.0022
wood_pasture	ecology	180	ecological_pressure	-0.006	-0.0012
wood_pasture	ecology	180	ecology_recovery	0.0101	0.0021
wood_pasture	ecology	180	food_output	0.01	0.0048
work_gang_overseers	institutions	180	construction_rate	0.03	0.0092
work_gang_overseers	institutions	180	labor_efficiency	0.02	0.003
work_gang_overseers	institutions	180	task_coordination	0.011	0.0027
carrying_capacity_awareness	demography	182	ecological_pressure	-0.02	-0.004
carrying_capacity_awareness	demography	182	ecology_recovery	0.01	0.0021
carrying_capacity_awareness	demography	182	food_storage	0.012	0.0013
castor_oil_remedies	health	182	health_protection	0.005	0.0013
measure_drift_checking	production	183	standardization	0.03	0.005
measure_drift_checking	production	183	tool_quality	0.01	0.0028
template_based_sizing	production	188	standardization	0.03	0.005
template_based_sizing	production	188	tool_quality	0.01	0.0028
copper_maceheads	security	190	legitimacy	0.01	0.0083
copper_maceheads	security	190	warfare_readiness	0.0121	0.006
healing_chants	health	190	cohesion	0.012	0.0026
healing_chants	health	190	fatigue	-0.004	-0.0005
healing_chants	health	190	legitimacy	0.006	0.005
hereditary_chiefly_rank	institutions	190	legitimacy	0.0037	0.0031
hereditary_chiefly_rank	institutions	190	state_capacity	0.006	0.0016
niched_brick_facades	infrastructure	190	construction_rate	0.006	0.0018
niched_brick_facades	infrastructure	190	disaster_resilience	0.0225	0.0075
niched_brick_facades	infrastructure	190	housing_output	0.012	0.0068
niched_brick_facades	infrastructure	190	legitimacy	0.009	0.0075
sealed_store_doors	logistics	190	food_storage	0.01	0.0011
sealed_store_doors	logistics	190	state_capacity	0.01	0.0027
sealed_store_doors	logistics	190	storage_loss	-0.03	-0.0038
standardized_gesture_code	knowledge	190	task_coordination	0.0024	0.0006
standardized_gesture_code	knowledge	190	trade_capacity	0.005	0.0006
temple_festival_meals	culture	190	cohesion	0.0066	0.0014
temple_festival_meals	culture	190	legitimacy	0.002	0.0017
temple_festival_meals	culture	190	nutrition_quality	0.005	0.0031
coppice_regrowth_cutting	ecology	195	ecology_recovery	0.027	0.0056
intercrop_pairing_lore	nutrition	195	cultivation_yield	0.03	0.011
intercrop_pairing_lore	nutrition	195	soil_productivity	0.02	0.0055
lost_wax_casting	production	195	craft_output	0.008	0.0031
lost_wax_casting	production	195	legitimacy	0.006	0.005
lost_wax_casting	production	195	standardization	0.006	0.001
lost_wax_casting	production	195	tool_quality	0.002	0.0006
lost_wax_casting	production	195	trade_capacity	0.012	0.0015
mutual_aid_pacts	security	195	cohesion	0.0151	0.0032
mutual_aid_pacts	security	195	disaster_risk	-0.0136	-0.0021
tool_handoff_staging	labor	195	labor_efficiency	0.0196	0.003
tool_handoff_staging	labor	195	task_coordination	0.0056	0.0014
comparative_tool_trials	production	198	craft_output	0.01	0.0039
comparative_tool_trials	production	198	tool_quality	0.03	0.0085
dye_vat_runoff_control	ecology	198	pollution	-0.0191	-0.0022
dye_vat_runoff_control	ecology	198	water_safety	0.02	0.0062
river_bathing	health	198	disease_exposure	-0.006	-0.0017
boundary_sighting_marks	knowledge	200	legitimacy	0.002	0.0014
boundary_sighting_marks	knowledge	200	survey_speed	0.03	0.023
boundary_sighting_marks	knowledge	200	task_coordination	0.002	0.0004
clay_dome_ovens	nutrition	200	food_storage	0.01	0.0021
clay_dome_ovens	nutrition	200	labor_efficiency	0.006	0.0008
copper_daggers	security	200	legitimacy	0.005	0.0035
flood_origin_stories	culture	200	cohesion	0.0026	0.0006
flood_origin_stories	culture	200	disaster_resilience	0.01	0.0077
flood_origin_stories	culture	200	knowledge_preservation	0.0048	0.0022
free_adult_assembly	institutions	200	cohesion	0.0052	0.0011
free_adult_assembly	institutions	200	legitimacy	0.0037	0.0026
free_adult_assembly	institutions	200	state_capacity	0.002	0.0008
kin_wards	demography	200	cohesion	0.01	0.0021
kin_wards	demography	200	construction_rate	0.008	0.0016
kin_wards	demography	200	housing_output	0.03	0.0124
plank_extended_dugouts	logistics	200	haul_capacity	0.0142	0.0035
plank_extended_dugouts	logistics	200	route_speed	0.0108	0.0077
rainwater_cisterns	infrastructure	200	disaster_resilience	0.0075	0.0058
rainwater_cisterns	infrastructure	200	water_safety	0.012	0.0024
sapling_protection_customs	ecology	200	ecology_recovery	0.0135	0.0029
sapling_protection_customs	ecology	200	timber_pressure	-0.025	-0.018
cross_party_scheduling	labor	205	labor_efficiency	0.0131	0.0016
cross_party_scheduling	labor	205	task_coordination	0.0084	0.0016
sheet_copper_riveting	production	205	container_capacity	0.01	0.0087
sheet_copper_riveting	production	205	craft_output	0.004	0.0014
portion_allotment_customs	nutrition	208	food_storage	0.02	0.0041
portion_allotment_customs	nutrition	208	nutrition_quality	0.025	0.0043
clay_feel_judging	production	210	craft_output	0.01	0.0034
grain_levy_accounting	institutions	210	state_capacity	0.0049	0.0018
grain_levy_accounting	institutions	210	task_coordination	0.002	0.0004
grazing_ground_recovery_marking	ecology	210	ecological_pressure	-0.009	-0.0026
grazing_ground_recovery_marking	ecology	210	ecology_recovery	0.0202	0.0043
problem_council_sessions	knowledge	210	cohesion	0.002	0.0004
problem_council_sessions	knowledge	210	knowledge_preservation	0.0032	0.0015
problem_council_sessions	knowledge	210	task_coordination	0.0024	0.0005
rank_inlay_ornament	culture	210	craft_output	0.005	0.0017
rank_inlay_ornament	culture	210	legitimacy	0.002	0.0014
rank_inlay_ornament	culture	210	trade_capacity	0.002	0.0006
rotating_command_practice	security	210	cohesion	0.0051	0.0011
rotating_command_practice	security	210	security_efficiency	0.0096	0.0041
seasonal_well_flushing	health	210	disease_exposure	-0.02	-0.0013
seasonal_well_flushing	health	210	water_safety	0.03	0.006
stone_lined_drains	infrastructure	210	disaster_resilience	0.0075	0.0058
stone_lined_drains	infrastructure	210	disease_exposure	-0.03	-0.0019
stone_lined_drains	infrastructure	210	sanitation	0.024	0.0129
stone_lined_drains	infrastructure	210	water_safety	0.006	0.0012
shared_reserve_access_rules	nutrition	212	cohesion	0.0058	0.0012
shared_reserve_access_rules	nutrition	212	food_storage	0.02	0.0041
fixed_worker_rations	labor	215	fatigue	-0.0105	-0.0014
fixed_worker_rations	labor	215	labor_efficiency	0.0066	0.0008
fixed_worker_rations	labor	215	nutrition_quality	0.01	0.0017
fixed_worker_rations	labor	215	state_capacity	0.012	0.0045
tributary_villages	institutions	215	food_storage	0.02	0.0041
tributary_villages	institutions	215	legitimacy	0.002	0.0014
tributary_villages	institutions	215	state_capacity	0.008	0.003
barley_beer	nutrition	220	cohesion	0.012	0.0026
barley_beer	nutrition	220	food_storage	0.015	0.0031
barley_beer	nutrition	220	water_safety	0.015	0.003
dung_cake_fuel	ecology	220	timber_pressure	-0.03	-0.0216
tens_sixties_bundling	knowledge	220	standardization	0.0082	0.0036
tens_sixties_bundling	knowledge	220	state_capacity	0.002	0.0008
wedge_and_fire_quarrying	infrastructure	220	construction_rate	0.0022	0.0005
childhood_illness_recognition	demography	222	disease_exposure	-0.02	-0.0013
childhood_illness_recognition	demography	222	knowledge_preservation	0.0051	0.0024
childhood_illness_recognition	demography	222	neonatal_survival	0.03	0.0062
outbreak_burial_protocols	health	222	disease_exposure	-0.03	-0.0019
outbreak_burial_protocols	health	222	health_protection	0.019	0.0022
kin_fostering_networks	demography	224	cohesion	0.0151	0.0032
kin_fostering_networks	demography	224	fatigue	-0.02	-0.0027
kin_fostering_networks	demography	224	neonatal_survival	0.008	0.0017
kin_fostering_networks	demography	224	task_coordination	0.0056	0.0011
coordinated_retreat_drill	security	225	injury_risk	-0.0189	-0.0033
coordinated_retreat_drill	security	225	security_efficiency	0.0144	0.0062
craft_quarters	labor	225	craft_output	0.006	0.0021
craft_quarters	labor	225	labor_efficiency	0.0022	0.0003
faience	production	225	craft_output	0.006	0.0021
faience	production	225	legitimacy	0.003	0.0021
faience	production	225	trade_capacity	0.018	0.0052
impressed_number_tablets	knowledge	225	knowledge_preservation	0.028	0.013
impressed_number_tablets	knowledge	225	state_capacity	0.013	0.0049
naming_day_rites	culture	225	cohesion	0.004	0.0009
naming_day_rites	culture	225	legitimacy	0.002	0.0014
public_grievance_hearings	institutions	225	cohesion	0.0026	0.0006
public_grievance_hearings	institutions	225	legitimacy	0.003	0.0021
replanting_after_clearance	ecology	225	ecology_recovery	0.0202	0.0043
solid_wheel_assembly	logistics	225	construction_rate	0.02	0.0041
solid_wheel_assembly	logistics	225	haul_capacity	0.0284	0.0069
solid_wheel_assembly	logistics	225	route_speed	0.0054	0.0039
burn_treatment_protocols	health	226	disease_exposure	-0.01	-0.0006
burn_treatment_protocols	health	226	health_protection	0.019	0.0022
burn_treatment_protocols	health	226	injury_risk	-0.0283	-0.005
hemorrhage_control_herbs	demography	226	health_protection	0.019	0.0022
hemorrhage_control_herbs	demography	226	injury_risk	-0.0094	-0.0016
hemorrhage_control_herbs	demography	226	maternal_safety	0.04	0.0099
seasonal_diet_diversification	nutrition	226	food_storage	0.015	0.0031
seasonal_diet_diversification	nutrition	226	nutrition_quality	0.03	0.0052
grazing_rotation_customs	ecology	228	ecological_pressure	-0.0301	-0.0087
grazing_rotation_customs	ecology	228	ecology_recovery	0.0202	0.0043
layered_pit_storage	nutrition	228	storage_loss	-0.03	-0.0063
multigenerational_household_norms	demography	228	cohesion	0.01	0.0021
multigenerational_household_norms	demography	228	housing_output	0.03	0.0124
wooden_axle_shaping	logistics	228	haul_capacity	0.0071	0.0017
convalescent_care_rotations	health	229	cohesion	0.0051	0.0011
convalescent_care_rotations	health	229	fatigue	-0.02	-0.0027
convalescent_care_rotations	health	229	health_protection	0.0284	0.0033
gate_watchtowers	security	230	security_efficiency	0.0192	0.0083
seasonal_news_gathering	knowledge	230	knowledge_preservation	0.0022	0.001
seasonal_news_gathering	knowledge	230	task_coordination	0.002	0.0004
wheel_thrown_pottery	production	230	container_capacity	0.04	0.0347
wheel_thrown_pottery	production	230	craft_output	0.012	0.0041
wheel_thrown_pottery	production	230	labor_efficiency	0.0022	0.0003
wheel_thrown_pottery	production	230	standardization	0.018	0.0079
field_rest_scheduling	nutrition	232	soil_productivity	0.03	0.022
linchpin_retention	logistics	232	haul_capacity	0.0047	0.0011
timber_stand_reserves	ecology	232	timber_pressure	-0.03	-0.0216
clay_pipe_forming	infrastructure	235	disease_exposure	-0.02	-0.0013
clay_pipe_forming	infrastructure	235	sanitation	0.024	0.0129
mould_made_bowls	production	235	container_capacity	0.02	0.0174
mould_made_bowls	production	235	craft_output	0.006	0.0021
mould_made_bowls	production	235	standardization	0.024	0.0105
mould_made_bowls	production	235	state_capacity	0.003	0.0011
specialist_rotation_ladders	labor	235	craft_output	0.02	0.0069
specialist_rotation_ladders	labor	235	labor_efficiency	0.0196	0.0025
trade_colonies	logistics	235	trade_capacity	0.04	0.0115
kiln_smoke_venting_customs	ecology	238	pollution	-0.0223	-0.0036
alarm_relay_customs	security	240	disaster_risk	-0.009	-0.0009
alarm_relay_customs	security	240	security_efficiency	0.0144	0.0062
cart_bed_framing	logistics	240	construction_rate	0.02	0.0041
cart_bed_framing	logistics	240	haul_capacity	0.0379	0.0092
cart_bed_framing	logistics	240	labor_efficiency	0.02	0.0025
cart_bed_framing	logistics	240	route_speed	0.0108	0.0077
course_leveling_practice	infrastructure	240	construction_rate	0.03	0.0062
crew_handoffs	labor	240	storage_loss	-0.025	-0.0052
crew_handoffs	labor	240	task_coordination	0.07	0.0134
regional_arbitration_circuits	institutions	240	cohesion	0.0026	0.0006
regional_arbitration_circuits	institutions	240	state_capacity	0.0066	0.0025
rod_and_cord_leveling	knowledge	240	construction_rate	0.02	0.0041
rod_and_cord_leveling	knowledge	240	survey_speed	0.03	0.023
seasonal_commemoration_rites	culture	240	cohesion	0.0026	0.0006
seasonal_commemoration_rites	culture	240	knowledge_preservation	0.0048	0.0022
cargo_stowage_sequencing	logistics	242	haul_capacity	0.0095	0.0023
cargo_stowage_sequencing	logistics	242	logistics_endurance	0.02	0.0096
ground_bearing_assessment	infrastructure	242	construction_rate	0.02	0.0041
ground_bearing_assessment	infrastructure	242	disaster_risk	-0.0133	-0.0013
attention_priority_signals	knowledge	245	labor_efficiency	0.007	0.0009
attention_priority_signals	knowledge	245	task_coordination	0.0026	0.0005
dried_fruit_cakes	nutrition	245	food_storage	0.02	0.0041
dried_fruit_cakes	nutrition	245	logistics_endurance	0.01	0.0048
fly_protection	health	245	disease_exposure	-0.012	-0.0008
fly_protection	health	245	food_spoilage	-0.01	-0.006
fly_protection	health	245	neonatal_survival	0.01	0.0021
fly_protection	health	245	sanitation	0.01	0.0054
formal_oath_taking	institutions	245	legitimacy	0.003	0.0021
formal_oath_taking	institutions	245	state_capacity	0.002	0.0008
post_disaster_damage_survey	infrastructure	245	disaster_risk	-0.0178	-0.0018
post_disaster_damage_survey	infrastructure	245	state_capacity	0.0124	0.0047
storage_humidity_judging	logistics	245	food_spoilage	-0.02	-0.012
storage_humidity_judging	logistics	245	storage_loss	-0.02	-0.0042
tube_drilled_stone_vessels	production	245	craft_output	0.003	0.001
tube_drilled_stone_vessels	production	245	trade_capacity	0.006	0.0017
capacity_ledgers	labor	248	knowledge_preservation	0.0051	0.0024
capacity_ledgers	labor	248	labor_efficiency	0.0131	0.0016
capacity_ledgers	labor	248	task_coordination	0.0056	0.0011
market_timing_knowledge	logistics	248	logistics_endurance	0.01	0.0048
market_timing_knowledge	logistics	248	trade_capacity	0.02	0.0058
runoff_grade_reading	infrastructure	248	disaster_risk	-0.0133	-0.0013
night_gate_challenge	security	250	security_efficiency	0.0144	0.0044
protective_birth_amulets	demography	250	cohesion	0.008	0.0029
protective_birth_amulets	demography	250	legitimacy	0.003	0.0013
protective_birth_amulets	demography	250	maternal_safety	0.004	0.0005
public_debate_custom	culture	250	knowledge_preservation	0.0048	0.0008
public_debate_custom	culture	250	legitimacy	0.002	0.0009
silver_cupellation	production	250	state_capacity	0.006	0.001
silver_cupellation	production	250	trade_capacity	0.024	0.0055
waterlogging_recognition	ecology	250	cultivation_yield	0.01	0.0078
waterlogging_recognition	ecology	250	disease_exposure	-0.005	-0.0013
waterlogging_recognition	ecology	250	soil_productivity	0.02	0.0088
crossing_point_survey	logistics	252	injury_risk	-0.0142	-0.0022
crossing_point_survey	logistics	252	route_speed	0.0108	0.0039
tool_reach_zoning	labor	252	craft_output	0.015	0.0047
tool_reach_zoning	labor	252	labor_efficiency	0.0116	0.0016
ceramic_pipe_firing_qualification	infrastructure	255	sanitation	0.009	0.0023
ceramic_pipe_firing_qualification	infrastructure	255	standardization	0.006	0.0022
council_reformation_practice	institutions	255	cohesion	0.0026	0.0009
council_reformation_practice	institutions	255	state_capacity	0.0049	0.0008
craft_order_queuing	production	255	craft_output	0.02	0.0063
craft_order_queuing	production	255	task_coordination	0.0061	0.0008
pictographic_records	knowledge	255	knowledge_preservation	0.035	0.0061
pictographic_records	knowledge	255	knowledge_rate	0.028	0.0263
pictographic_records	knowledge	255	state_capacity	0.013	0.0022
pictographic_records	knowledge	255	task_coordination	0.021	0.0026
rank_dress_styles	culture	255	legitimacy	0.002	0.0009
bivalve_moulds	production	260	craft_output	0.004	0.0013
bivalve_moulds	production	260	standardization	0.012	0.0044
bivalve_moulds	production	260	warfare_readiness	0.01	0.0021
common_armory	security	260	security_efficiency	0.0048	0.0015
common_armory	security	260	state_capacity	0.01	0.0017
common_armory	security	260	warfare_readiness	0.0162	0.0034
courtyard_houses	infrastructure	260	cohesion	0.0025	0.0009
courtyard_houses	infrastructure	260	health_protection	0.007	0.0024
courtyard_houses	infrastructure	260	housing_output	0.03	0.0091
cylinder_seals	knowledge	260	legitimacy	0.002	0.0009
cylinder_seals	knowledge	260	state_capacity	0.004	0.0007
cylinder_seals	knowledge	260	storage_loss	-0.01	-0.002
cylinder_seals	knowledge	260	trade_capacity	0.005	0.0011
four_wheeled_wagons	logistics	260	haul_capacity	0.0284	0.0068
four_wheeled_wagons	logistics	260	logistics_endurance	0.02	0.0027
kitchen_gardens	nutrition	260	cultivation_yield	0.015	0.0117
temple_high_steward	institutions	260	knowledge_preservation	0.0035	0.0006
temple_high_steward	institutions	260	legitimacy	0.014	0.0062
temple_high_steward	institutions	260	state_capacity	0.023	0.0038
temple_high_steward	institutions	260	task_coordination	0.021	0.0026
craft_lineage_naming	culture	262	craft_output	0.01	0.0031
craft_lineage_naming	culture	262	knowledge_preservation	0.0033	0.0006
joint_crew_debriefs	labor	262	knowledge_preservation	0.0051	0.0009
joint_crew_debriefs	labor	262	task_coordination	0.0076	0.001
rural_urban_migration	demography	262	craft_output	0.02	0.0063
rural_urban_migration	demography	262	housing_output	0.02	0.006
rural_urban_migration	demography	262	labor_efficiency	0.025	0.0034
cross_household_grain_audits	institutions	265	food_storage	0.015	0.0049
cross_household_grain_audits	institutions	265	state_capacity	0.0034	0.0006
intermarriage_visiting_customs	culture	265	cohesion	0.0025	0.0009
intermarriage_visiting_customs	culture	265	trade_capacity	0.0025	0.0006
meteoric_iron_working	production	265	craft_output	0.001	0.0003
meteoric_iron_working	production	265	legitimacy	0.003	0.0013
meteoric_iron_working	production	265	trade_capacity	0.003	0.0007
riparian_tree_belts	ecology	265	disaster_risk	-0.0051	-0.0008
riparian_tree_belts	ecology	265	ecology_recovery	0.0135	0.009
riparian_tree_belts	ecology	265	water_safety	0.01	0.0017
apprentice_healer_rounds	health	268	health_protection	0.022	0.0075
apprentice_healer_rounds	health	268	knowledge_preservation	0.0068	0.0012
childhood_growth_milestones	demography	268	knowledge_preservation	0.0051	0.0009
childhood_growth_milestones	demography	268	neonatal_survival	0.02	0.0099
journeyman_placement	labor	268	labor_efficiency	0.0093	0.0013
journeyman_placement	labor	268	task_coordination	0.0061	0.0008
load_path_reading	infrastructure	268	construction_rate	0.02	0.0115
load_path_reading	infrastructure	268	disaster_risk	-0.0149	-0.0022
oath_witness_registers	institutions	268	legitimacy	0.002	0.0009
visiting_specialist_consultations	culture	268	knowledge_preservation	0.0028	0.0005
visiting_specialist_consultations	culture	268	legitimacy	0.002	0.0009
clay_record_tablets	knowledge	270	knowledge_preservation	0.019	0.0033
clay_record_tablets	knowledge	270	state_capacity	0.006	0.001
grandmaternal_birth_counsel	demography	270	knowledge_preservation	0.0068	0.0012
grandmaternal_birth_counsel	demography	270	maternal_safety	0.025	0.0033
multi_post_command_relay	security	270	security_efficiency	0.0144	0.0044
multi_post_command_relay	security	270	task_coordination	0.0031	0.0004
shared_work_crew_rotation	infrastructure	270	cohesion	0.0078	0.0028
shared_work_crew_rotation	infrastructure	270	construction_rate	0.02	0.0115
task_matched_tool_selection	production	270	labor_efficiency	0.0093	0.0013
burial_ground_separation	health	272	disease_exposure	-0.02	-0.0051
burial_ground_separation	health	272	water_safety	0.015	0.0025
regional_levy_coordination	institutions	272	state_capacity	0.0051	0.0009
regional_levy_coordination	institutions	272	task_coordination	0.002	0.0003
rotating_relief_wardens	security	272	disaster_resilience	0.03	0.0096
rotating_relief_wardens	security	272	task_coordination	0.0031	0.0004
sail_panel_cutting	logistics	272	haul_capacity	0.0189	0.0045
sail_panel_cutting	logistics	272	route_speed	0.0323	0.0115
sail_panel_cutting	logistics	272	trade_capacity	0.02	0.0046
trained_midwife_referral	demography	272	knowledge_preservation	0.0068	0.0012
trained_midwife_referral	demography	272	maternal_safety	0.035	0.0047
elder_quarters_customs	demography	274	cohesion	0.0058	0.0021
elder_quarters_customs	demography	274	housing_output	0.02	0.006
corbelled_vaults	infrastructure	275	construction_rate	0.003	0.0017
corbelled_vaults	infrastructure	275	disaster_resilience	0.015	0.0048
corbelled_vaults	infrastructure	275	housing_output	0.012	0.0036
fuelwood_rotation	ecology	275	ecology_recovery	0.0101	0.0067
fuelwood_rotation	ecology	275	timber_pressure	-0.03	-0.0113
occupational_rest_customs	health	275	fatigue	-0.02	-0.0045
occupational_rest_customs	health	275	injury_risk	-0.0172	-0.0027
standard_unit_naming	production	275	standardization	0.03	0.0109
standard_unit_naming	production	275	task_coordination	0.0046	0.0006
stone_relief_carving	culture	275	knowledge_preservation	0.0032	0.0006
stone_relief_carving	culture	275	legitimacy	0.002	0.0009
communal_washing_rotas	health	278	sanitation	0.02	0.0051
communal_washing_rotas	health	278	water_safety	0.02	0.0034
waypoint_cargo_transfer	logistics	278	haul_capacity	0.0095	0.0023
waypoint_cargo_transfer	logistics	278	logistics_endurance	0.02	0.0027
age_graded_load_limits	labor	280	injury_risk	-0.0172	-0.0027
age_graded_load_limits	labor	280	labor_efficiency	0.007	0.001
banded_procession_vessels	culture	280	cohesion	0.0026	0.0009
banded_procession_vessels	culture	280	craft_output	0.005	0.0016
banded_procession_vessels	culture	280	legitimacy	0.002	0.0009
spring_head_fencing	ecology	280	disease_exposure	-0.01	-0.0026
spring_head_fencing	ecology	280	sanitation	0.01	0.0025
spring_head_fencing	ecology	280	water_safety	0.03	0.005
standard_sign_lists	knowledge	280	knowledge_preservation	0.0096	0.0017
standard_sign_lists	knowledge	280	standardization	0.0041	0.0015
worker_ration_lists	institutions	280	knowledge_preservation	0.0032	0.0006
worker_ration_lists	institutions	280	labor_efficiency	0.015	0.0021
worker_ration_lists	institutions	280	state_capacity	0.006	0.001
worker_ration_lists	institutions	280	task_coordination	0.0028	0.0004
alternate_route_scouting	logistics	282	disaster_risk	-0.0056	-0.0008
alternate_route_scouting	logistics	282	route_speed	0.0108	0.0039
appeal_reopening_custom	institutions	285	cohesion	0.002	0.0007
appeal_reopening_custom	institutions	285	legitimacy	0.002	0.0009
cache_capacity_accounting	logistics	285	food_storage	0.02	0.0066
cache_capacity_accounting	logistics	285	task_coordination	0.0046	0.0006
combined_drill_musters	security	285	task_coordination	0.0031	0.0004
combined_drill_musters	security	285	warfare_readiness	0.0121	0.0025
lampblack_capture	production	285	craft_output	0.001	0.0003
lampblack_capture	production	285	knowledge_preservation	0.005	0.0009
post_storm_resource_pooling	infrastructure	285	cohesion	0.0078	0.0028
post_storm_resource_pooling	infrastructure	285	disaster_risk	-0.0111	-0.0016
post_storm_resource_pooling	infrastructure	285	food_storage	0.01	0.0033
temple_singers_lamenters	culture	285	cohesion	0.0039	0.0014
temple_singers_lamenters	culture	285	knowledge_preservation	0.0032	0.0006
temple_singers_lamenters	culture	285	legitimacy	0.0025	0.0011
seasonal_trade_gathering	logistics	288	task_coordination	0.0031	0.0004
seasonal_trade_gathering	logistics	288	trade_capacity	0.02	0.0046
succession_naming_rites	institutions	288	cohesion	0.002	0.0007
succession_naming_rites	institutions	288	legitimacy	0.002	0.0009
diversion_dams	infrastructure	290	cultivation_yield	0.02	0.0156
diversion_dams	infrastructure	290	disaster_resilience	0.015	0.0048
grain_parboiling	nutrition	290	storage_loss	-0.005	-0.001
guest_friendship	culture	290	cohesion	0.0026	0.0009
guest_friendship	culture	290	security_efficiency	0.005	0.0015
guest_friendship	culture	290	trade_capacity	0.0075	0.0017
household_muster	security	290	state_capacity	0.01	0.0017
household_muster	security	290	warfare_readiness	0.0202	0.0043
named_soil_kinds	ecology	290	knowledge_preservation	0.005	0.0009
named_soil_kinds	ecology	290	soil_productivity	0.03	0.0132
scribal_apprenticeship	knowledge	290	knowledge_preservation	0.0048	0.0008
scribal_apprenticeship	knowledge	290	standardization	0.0082	0.003
supply_groups	logistics	292	food_storage	0.03	0.0099
supply_groups	logistics	292	haul_capacity	0.0331	0.0079
supply_groups	logistics	292	logistics_endurance	0.1	0.0137
supply_groups	logistics	292	warfare_readiness	0.0242	0.0051
wound_suturing	health	292	injury_risk	-0.015	-0.0023
wound_suturing	health	292	labor_efficiency	0.005	0.0007
wound_suturing	health	292	maternal_safety	0.01	0.0013
cargo_seals	logistics	295	state_capacity	0.025	0.0042
cargo_seals	logistics	295	storage_loss	-0.065	-0.0128
cargo_seals	logistics	295	trade_capacity	0.0267	0.0061
census_rolls	institutions	295	knowledge_preservation	0.01	0.0017
census_rolls	institutions	295	state_capacity	0.032	0.0053
census_rolls	institutions	295	task_coordination	0.035	0.0044
clay_levigation	production	295	craft_output	0.003	0.0009
formation_drill	security	295	security_efficiency	0.0336	0.0102
formation_drill	security	295	task_coordination	0.03	0.0038
formation_drill	security	295	warfare_readiness	0.0565	0.0119
haul_harness_weaving	logistics	298	fatigue	-0.01	-0.0022
haul_harness_weaving	logistics	298	haul_capacity	0.0142	0.0034
agreed_signal_codes	knowledge	300	route_speed	0.01	0.0013
agreed_signal_codes	knowledge	300	security_efficiency	0.02	0.0025
agreed_signal_codes	knowledge	300	task_coordination	0.0085	0.0027
field_fortifications	security	300	construction_rate	0.02	0.0043
field_fortifications	security	300	security_efficiency	0.0288	0.0036
field_fortifications	security	300	warfare_readiness	0.0363	0.0129
founder_story_recitation	culture	300	cohesion	0.0052	0.0013
founder_story_recitation	culture	300	legitimacy	0.0037	0.0015
graded_roads	logistics	300	construction_rate	0.03	0.0065
graded_roads	logistics	300	haul_capacity	0.0331	0.0087
graded_roads	logistics	300	route_speed	0.0645	0.0083
public_levies	institutions	300	construction_rate	0.05	0.0108
public_levies	institutions	300	legitimacy	0.007	0.0029
public_levies	institutions	300	state_capacity	0.035	0.0058
town_enclosure_walls	infrastructure	300	cohesion	0.005	0.0013
town_enclosure_walls	infrastructure	300	construction_rate	0.0015	0.0003
town_enclosure_walls	infrastructure	300	disaster_resilience	0.0225	0.0032
town_enclosure_walls	infrastructure	300	security_efficiency	0.04	0.005
town_enclosure_walls	infrastructure	300	state_capacity	0.012	0.002
latrine_siting	health	302	disease_exposure	-0.08	-0.004
latrine_siting	health	302	sanitation	0.1	0.0068
latrine_siting	health	302	water_safety	0.04	0.0039
cart_running_gear	logistics	305	haul_capacity	0.0142	0.0038
fortified_stores	security	305	disaster_resilience	0.06	0.0085
fortified_stores	security	305	food_storage	0.05	0.0039
fortified_stores	security	305	security_efficiency	0.0384	0.0048
fortified_stores	security	305	state_capacity	0.03	0.0049
salinity_recognition	ecology	305	ecological_pressure	-0.012	-0.011
salinity_recognition	ecology	305	soil_productivity	0.05	0.0111
stock_rotation	nutrition	305	food_spoilage	-0.02	-0.0042
stock_rotation	nutrition	305	storage_loss	-0.015	-0.0046
water_settling_basins	health	308	water_safety	0.02	0.0019
apprentice_for_keep	labor	310	craft_output	0.004	0.0016
apprentice_for_keep	labor	310	labor_efficiency	0.0026	0.0008
board_race_games	culture	310	cohesion	0.0026	0.0007
coastal_watercraft	logistics	310	haul_capacity	0.0189	0.005
coastal_watercraft	logistics	310	naval_capacity	0.08	0.0436
coastal_watercraft	logistics	310	route_speed	0.0269	0.0034
coastal_watercraft	logistics	310	trade_capacity	0.04	0.0133
shield_wall	security	310	injury_risk	-0.01	-0.0064
shield_wall	security	310	security_efficiency	0.0192	0.0024
shield_wall	security	310	task_coordination	0.03	0.0095
shield_wall	security	310	warfare_readiness	0.0363	0.0129
temple_workshops	production	310	craft_output	0.008	0.0032
temple_workshops	production	310	labor_efficiency	0.0022	0.0006
temple_workshops	production	310	state_capacity	0.012	0.002
titled_estate_overseers	institutions	310	state_capacity	0.008	0.0013
titled_estate_overseers	institutions	310	task_coordination	0.0085	0.0027
riverbank_shift_watch	ecology	312	disaster_risk	-0.0076	-0.0052
riverbank_shift_watch	ecology	312	soil_productivity	0.01	0.0022
isolation_practice	health	313	disease_exposure	-0.1	-0.005
isolation_practice	health	313	health_protection	0.04	0.0095
brine_fermentation	nutrition	315	food_spoilage	-0.02	-0.0042
brine_fermentation	nutrition	315	food_storage	0.025	0.002
herringbone_plano_convex_brick	infrastructure	315	construction_rate	0.0045	0.001
herringbone_plano_convex_brick	infrastructure	315	disaster_resilience	0.0075	0.0011
herringbone_plano_convex_brick	infrastructure	315	housing_output	0.009	0.0069
timber_bridges	logistics	315	disaster_resilience	0.03	0.0042
timber_bridges	logistics	315	haul_capacity	0.0237	0.0063
timber_bridges	logistics	315	route_speed	0.0538	0.0069
copper_carpentry_tools	production	320	construction_rate	0.0045	0.001
new_year_festival	culture	320	cohesion	0.026	0.0066
new_year_festival	culture	320	legitimacy	0.018	0.0075
new_year_festival	culture	320	task_coordination	0.014	0.0045
rope_laying	logistics	320	construction_rate	0.01	0.0022
rope_laying	logistics	320	haul_capacity	0.0095	0.0025
rope_laying	logistics	320	naval_capacity	0.02	0.0109
salt_leaching_fallow	ecology	320	soil_productivity	0.04	0.0089
seasonal_craft_scheduling	production	320	craft_output	0.03	0.0118
seasonal_craft_scheduling	production	320	labor_efficiency	0.0131	0.0038
witnessed_land_sales	institutions	320	cohesion	0.002	0.0005
witnessed_land_sales	institutions	320	legitimacy	0.002	0.0008
witnessed_land_sales	institutions	320	state_capacity	0.002	0.0003
witnessed_land_sales	institutions	320	trade_capacity	0.0075	0.0025
caulking_fiber_preparation	logistics	325	naval_capacity	0.015	0.0082
caulking_fiber_preparation	logistics	325	storage_loss	-0.005	-0.0015
protected_wellheads	health	325	water_safety	0.035	0.0034
spoilage_inspection	nutrition	325	food_spoilage	-0.02	-0.0042
spoilage_inspection	nutrition	325	storage_loss	-0.03	-0.0091
fixed_interest_loans	institutions	330	craft_output	0.01	0.0039
fixed_interest_loans	institutions	330	trade_capacity	0.013	0.0043
hull_seam_caulking	logistics	330	haul_capacity	0.0047	0.0012
hull_seam_caulking	logistics	330	injury_risk	-0.005	-0.0032
hull_seam_caulking	logistics	330	naval_capacity	0.03	0.0164
kiln_fired_bricks	infrastructure	330	construction_rate	0.0045	0.001
kiln_fired_bricks	infrastructure	330	disaster_resilience	0.0375	0.0053
kiln_fired_bricks	infrastructure	330	housing_output	0.024	0.0185
kiln_fired_bricks	infrastructure	330	sanitation	0.006	0.0004
messenger_relay_stations	knowledge	330	state_capacity	0.0033	0.0005
messenger_relay_stations	knowledge	330	task_coordination	0.0024	0.0008
tin_smelting	production	330	trade_capacity	0.012	0.004
town_identity	culture	330	cohesion	0.0079	0.002
town_identity	culture	330	legitimacy	0.002	0.0008
town_identity	culture	330	security_efficiency	0.01	0.0012
wall_missile_posts	security	330	security_efficiency	0.0336	0.0042
wall_missile_posts	security	330	warfare_readiness	0.0121	0.0043
wetland_margin_reserves	ecology	330	ecological_pressure	-0.006	-0.0055
wetland_margin_reserves	ecology	330	ecology_recovery	0.0202	0.0152
wetland_margin_reserves	ecology	330	foraging_yield	0.02	0.0131
wetland_margin_reserves	ecology	330	hunting_yield	0.02	0.015
regional_granaries	nutrition	335	cohesion	0.02	0.005
regional_granaries	nutrition	335	food_spoilage	-0.06	-0.0127
regional_granaries	nutrition	335	food_storage	0.18	0.0142
regional_granaries	nutrition	335	state_capacity	0.05	0.0082
separate_clean_water_storage	health	335	water_safety	0.03	0.0029
treenail_fastening	logistics	335	construction_rate	0.01	0.0022
treenail_fastening	logistics	335	naval_capacity	0.02	0.0109
flanked_gate_complex	security	340	legitimacy	0.005	0.0021
flanked_gate_complex	security	340	security_efficiency	0.024	0.003
gypsum_mortar	infrastructure	340	construction_rate	0.0045	0.001
gypsum_mortar	infrastructure	340	disaster_resilience	0.0075	0.0011
gypsum_mortar	infrastructure	340	housing_output	0.006	0.0046
sealed_tablet_contracts	knowledge	340	legitimacy	0.002	0.0008
sealed_tablet_contracts	knowledge	340	state_capacity	0.004	0.0007
sealed_tablet_contracts	knowledge	340	trade_capacity	0.01	0.0033
stubble_grazing	ecology	340	ecological_pressure	-0.006	-0.0055
stubble_grazing	ecology	340	soil_productivity	0.02	0.0044
towpaths	logistics	340	haul_capacity	0.0095	0.0025
towpaths	logistics	340	route_speed	0.0161	0.0021
ash_fat_soap	health	345	craft_output	0.004	0.0016
ash_fat_soap	health	345	disease_exposure	-0.012	-0.0006
ash_fat_soap	health	345	sanitation	0.035	0.0024
ghee	nutrition	345	food_storage	0.02	0.0016
ghee	nutrition	345	trade_capacity	0.008	0.0027
mast_making	logistics	345	naval_capacity	0.03	0.0164
mast_making	logistics	345	route_speed	0.0108	0.0014
people_herd_counts	demography	345	food_storage	0.008	0.0006
people_herd_counts	demography	345	state_capacity	0.02	0.0033
people_herd_counts	demography	345	task_coordination	0.01	0.0032
separate_temple_palace_stores	institutions	345	food_storage	0.02	0.0016
separate_temple_palace_stores	institutions	345	legitimacy	0.002	0.0008
separate_temple_palace_stores	institutions	345	state_capacity	0.006	0.001
workshop_layout_planning	labor	345	craft_output	0.02	0.0079
workshop_layout_planning	labor	345	fatigue	-0.01	-0.0065
workshop_layout_planning	labor	345	labor_efficiency	0.0196	0.0057
copper_battle_axes	security	350	craft_output	0.005	0.0015
copper_battle_axes	security	350	warfare_readiness	0.0162	0.0025
crew_count_scribes	labor	350	knowledge_preservation	0.005	0.0015
crew_count_scribes	labor	350	labor_efficiency	0.0018	0.0005
crew_count_scribes	labor	350	state_capacity	0.012	0.0018
crew_count_scribes	labor	350	task_coordination	0.0225	0.0031
dedicated_apprentice_observation	knowledge	350	craft_output	0.02	0.006
dedicated_apprentice_observation	knowledge	350	task_coordination	0.0024	0.0003
dressed_stone_masonry	infrastructure	350	construction_rate	0.0075	0.0007
dressed_stone_masonry	infrastructure	350	disaster_resilience	0.0225	0.0044
dressed_stone_masonry	infrastructure	350	legitimacy	0.012	0.0022
ferry_crossings	logistics	350	injury_risk	-0.005	-0.0006
ferry_crossings	logistics	350	route_speed	0.0161	0.0058
ferry_crossings	logistics	350	trade_capacity	0.0067	0.0014
pit_pond_reclamation	ecology	350	ecology_recovery	0.0101	0.0032
pit_pond_reclamation	ecology	350	food_output	0.005	0.0028
pit_pond_reclamation	ecology	350	water_access	0.01	0.0061
rope_rigging	logistics	350	construction_rate	0.07	0.0063
rope_rigging	logistics	350	haul_capacity	0.16	0.019
rope_rigging	logistics	350	naval_capacity	0.04	0.0144
theophoric_names	culture	350	cohesion	0.0026	0.0009
theophoric_names	culture	350	legitimacy	0.002	0.0004
copper_razors	health	355	disease_exposure	-0.004	-0.0006
copper_razors	health	355	sanitation	0.01	0.0021
cross_settlement_registries	institutions	355	legitimacy	0.002	0.0004
cross_settlement_registries	institutions	355	state_capacity	0.0049	0.0007
gangs_of_ten	labor	355	injury_risk	-0.01	-0.0011
gangs_of_ten	labor	355	labor_efficiency	0.0026	0.0007
gangs_of_ten	labor	355	task_coordination	0.0225	0.0031
legume_field_interplanting	nutrition	355	soil_productivity	0.035	0.0267
patron_protection	demography	355	cohesion	0.008	0.0027
patron_protection	demography	355	labor_efficiency	0.008	0.0022
patron_protection	demography	355	legitimacy	0.004	0.0007
patron_protection	demography	355	trade_capacity	0.006	0.0012
plank_spiling	logistics	355	haul_capacity	0.0047	0.0006
plank_spiling	logistics	355	naval_capacity	0.025	0.009
bronze_alloying	production	360	construction_rate	0.05	0.0045
bronze_alloying	production	360	tool_quality	0.14	0.0368
bronze_alloying	production	360	trade_capacity	0.07	0.0142
bronze_alloying	production	360	warfare_readiness	0.09	0.0139
central_storehouses	logistics	360	food_storage	0.05	0.0125
central_storehouses	logistics	360	state_capacity	0.03	0.0044
central_storehouses	logistics	360	storage_loss	-0.04	-0.0064
layered_defense_coordination	security	360	security_efficiency	0.0192	0.0081
layered_defense_coordination	security	360	warfare_readiness	0.0081	0.0012
phonetic_notation	knowledge	360	adoption_rate	0.045	0.0395
phonetic_notation	knowledge	360	knowledge_preservation	0.049	0.0144
phonetic_notation	knowledge	360	state_capacity	0.016	0.0023
rammed_earth_construction	infrastructure	360	construction_rate	0.0045	0.0004
rammed_earth_construction	infrastructure	360	disaster_resilience	0.015	0.0029
rammed_earth_construction	infrastructure	360	housing_output	0.018	0.003
recovery_zone_designation	ecology	360	ecology_recovery	0.0236	0.0076
reserve_rotation_ledgers	nutrition	360	food_storage	0.025	0.0063
reserve_rotation_ledgers	nutrition	360	storage_loss	-0.02	-0.0032
shared_meal_obligations	culture	360	cohesion	0.004	0.0013
shared_meal_obligations	culture	360	legitimacy	0.002	0.0004
watershed_boundary_marking	ecology	362	ecological_pressure	-0.015	-0.0036
watershed_boundary_marking	ecology	362	water_access	0.015	0.0091
certified_craft_competence	labor	365	craft_output	0.03	0.009
certified_craft_competence	labor	365	labor_efficiency	0.0196	0.0053
certified_craft_competence	labor	365	standardization	0.02	0.0074
garment_pattern_cutting	production	365	craft_output	0.004	0.0012
garment_pattern_cutting	production	365	standardization	0.009	0.0033
kingship	institutions	365	legitimacy	0.018	0.0034
kingship	institutions	365	state_capacity	0.026	0.0038
kingship	institutions	365	task_coordination	0.021	0.0029
kingship	institutions	365	warfare_readiness	0.04	0.0062
resource_use_quotas	ecology	365	ecological_pressure	-0.0301	-0.0072
resource_use_quotas	ecology	365	ecology_recovery	0.0135	0.0043
resource_use_quotas	ecology	365	state_capacity	0.01	0.0015
resource_use_quotas	ecology	365	timber_pressure	-0.02	-0.0108
votive_figures	culture	365	cohesion	0.0026	0.0009
votive_figures	culture	365	craft_output	0.005	0.0015
votive_figures	culture	365	legitimacy	0.002	0.0004
weaning_food_customs	nutrition	365	neonatal_survival	0.02	0.0083
weaning_food_customs	nutrition	365	nutrition_quality	0.03	0.0179
healer_specialization_customs	health	368	health_protection	0.0379	0.0042
healer_specialization_customs	health	368	knowledge_preservation	0.0101	0.003
healer_titles	health	368	adoption_rate	0.01	0.0088
healer_titles	health	368	health_protection	0.006	0.0007
healer_titles	health	368	knowledge_preservation	0.012	0.0035
healer_titles	health	368	legitimacy	0.008	0.0015
healer_titles	health	368	state_capacity	0.005	0.0007
workshop_effluent_separation	ecology	368	pollution	-0.0191	-0.0105
workshop_effluent_separation	ecology	368	water_safety	0.02	0.0064
convoy_load_distribution	logistics	370	haul_capacity	0.0142	0.0017
cross_settlement_measure_agreement	production	370	standardization	0.03	0.0111
cross_settlement_measure_agreement	production	370	trade_capacity	0.02	0.0041
palace_guard	security	370	legitimacy	0.01	0.0019
palace_guard	security	370	security_efficiency	0.0144	0.0061
palace_guard	security	370	state_capacity	0.01	0.0015
plumb_line_sighting	knowledge	370	construction_rate	0.03	0.0027
stepped_stone_tombs	infrastructure	370	construction_rate	0.006	0.0005
stepped_stone_tombs	infrastructure	370	haul_capacity	0.03	0.0036
stepped_stone_tombs	infrastructure	370	legitimacy	0.018	0.0034
stepped_stone_tombs	infrastructure	370	state_capacity	0.012	0.0018
stepped_stone_tombs	infrastructure	370	task_coordination	0.015	0.0021
ceremonial_investiture	institutions	375	legitimacy	0.003	0.0006
ceremonial_investiture	institutions	375	state_capacity	0.0033	0.0005
leather_goods_patterning	production	375	craft_output	0.004	0.0012
leather_goods_patterning	production	375	haul_capacity	0.01	0.0012
leather_goods_patterning	production	375	standardization	0.006	0.0022
named_beers	nutrition	375	cohesion	0.006	0.002
named_beers	nutrition	375	standardization	0.01	0.0037
named_beers	nutrition	375	trade_capacity	0.01	0.002
seasonal_hymn_cycles	culture	375	cohesion	0.0026	0.0009
seasonal_hymn_cycles	culture	375	knowledge_preservation	0.0048	0.0014
seasonal_hymn_cycles	culture	375	legitimacy	0.002	0.0004
store_airflow_arrangement	logistics	375	food_spoilage	-0.02	-0.0173
store_airflow_arrangement	logistics	375	storage_loss	-0.025	-0.004
assembly_petition_rights	institutions	378	legitimacy	0.0023	0.0004
assembly_petition_rights	institutions	378	state_capacity	0.0033	0.0005
communal_child_supervision_rotas	demography	378	injury_risk	-0.0283	-0.0031
communal_child_supervision_rotas	demography	378	neonatal_survival	0.006	0.0025
communal_child_supervision_rotas	demography	378	task_coordination	0.0056	0.0008
public_works_priority_review	infrastructure	378	state_capacity	0.0165	0.0024
public_works_priority_review	infrastructure	378	task_coordination	0.0056	0.0008
closed_moulds	production	380	craft_output	0.004	0.0012
closed_moulds	production	380	standardization	0.018	0.0066
closed_moulds	production	380	tool_quality	0.002	0.0005
harps_and_lyres	culture	380	cohesion	0.0039	0.0013
harps_and_lyres	culture	380	craft_output	0.005	0.0015
harps_and_lyres	culture	380	knowledge_preservation	0.002	0.0006
marriage_age_norms	demography	380	maternal_safety	0.03	0.0191
marriage_age_norms	demography	380	neonatal_survival	0.02	0.0083
massed_formation_training	security	380	security_efficiency	0.0096	0.0041
massed_formation_training	security	380	warfare_readiness	0.0162	0.0025
rotating_named_gangs	labor	380	cohesion	0.005	0.0017
rotating_named_gangs	labor	380	construction_rate	0.006	0.0005
rotating_named_gangs	labor	380	fatigue	-0.0105	-0.0032
rotating_named_gangs	labor	380	labor_efficiency	0.0033	0.0009
rotating_named_gangs	labor	380	task_coordination	0.03	0.0041
star_rising_civil_year	knowledge	380	knowledge_preservation	0.0032	0.0009
star_rising_civil_year	knowledge	380	state_capacity	0.004	0.0006
star_rising_civil_year	knowledge	380	task_coordination	0.0085	0.0012
structural_repair_triage	infrastructure	380	construction_rate	0.02	0.0018
structural_repair_triage	infrastructure	380	disaster_risk	-0.0178	-0.0017
trade_route_risk_assessment	logistics	380	injury_risk	-0.0142	-0.0016
trade_route_risk_assessment	logistics	380	trade_capacity	0.0133	0.0027
protective_gear_customs	health	381	health_protection	0.019	0.0021
protective_gear_customs	health	381	injury_risk	-0.0283	-0.0031
household_partition_customs	demography	382	cohesion	0.01	0.0033
household_partition_customs	demography	382	housing_output	0.03	0.005
household_partition_customs	demography	382	task_coordination	0.0028	0.0004
seasonal_hazard_calendar	infrastructure	382	disaster_risk	-0.0178	-0.0017
seasonal_hazard_calendar	infrastructure	382	knowledge_preservation	0.0076	0.0022
sanitation_inspection_customs	health	384	disease_exposure	-0.02	-0.0029
sanitation_inspection_customs	health	384	sanitation	0.03	0.0062
chamber_tombs	culture	385	legitimacy	0.0031	0.0006
distant_timber_reserves	ecology	385	timber_pressure	-0.02	-0.0108
distant_timber_reserves	ecology	385	trade_capacity	0.0067	0.0014
flood_season_great_works	labor	385	construction_rate	0.0045	0.0004
flood_season_great_works	labor	385	labor_demand	-0.03	-0.0237
flood_season_great_works	labor	385	task_coordination	0.0075	0.001
lime_mortar	infrastructure	385	construction_rate	0.1	0.009
lime_mortar	infrastructure	385	disaster_resilience	0.06	0.0117
lime_mortar	infrastructure	385	housing_output	0.12	0.02
lime_mortar	infrastructure	385	state_capacity	0.02	0.0029
marked_wine_jars	nutrition	385	knowledge_preservation	0.004	0.0012
marked_wine_jars	nutrition	385	storage_loss	-0.01	-0.0016
marked_wine_jars	nutrition	385	trade_capacity	0.015	0.003
provincial_governors	institutions	385	security_efficiency	0.02	0.0084
provincial_governors	institutions	385	state_capacity	0.012	0.0018
provincial_governors	institutions	385	task_coordination	0.0057	0.0008
waystation_spacing_judgment	logistics	385	route_speed	0.0108	0.0039
quarantine_travel_restrictions	health	387	disease_exposure	-0.03	-0.0043
quarantine_travel_restrictions	health	387	health_protection	0.019	0.0021
battle_wagons	security	390	warfare_readiness	0.0202	0.0031
onager_hybrid_teams	logistics	390	haul_capacity	0.0189	0.0023
onager_hybrid_teams	logistics	390	route_speed	0.0108	0.0039
onager_hybrid_teams	logistics	390	warfare_readiness	0.004	0.0006
public_heralds	institutions	390	adoption_rate	0.011	0.0097
public_heralds	institutions	390	legitimacy	0.0025	0.0005
public_heralds	institutions	390	state_capacity	0.003	0.0004
public_heralds	institutions	390	task_coordination	0.0057	0.0008
wedge_brick_well_lining	infrastructure	390	sanitation	0.006	0.0012
wedge_brick_well_lining	infrastructure	390	water_access	0.028	0.017
wedge_brick_well_lining	infrastructure	390	water_safety	0.018	0.0057
wool_felting_fulling	production	390	craft_output	0.003	0.0009
wool_felting_fulling	production	390	health_protection	0.0035	0.0004
workers_villages	labor	390	construction_rate	0.0045	0.0004
workers_villages	labor	390	fatigue	-0.0105	-0.0032
workers_villages	labor	390	housing_output	0.012	0.002
workers_villages	labor	390	labor_efficiency	0.0044	0.0012
workers_villages	labor	390	task_coordination	0.015	0.0021
written_lore_tablets	knowledge	390	adoption_rate	0.016	0.014
written_lore_tablets	knowledge	390	cohesion	0.0021	0.0007
written_lore_tablets	knowledge	390	knowledge_preservation	0.019	0.0056
fattened_geese_ducks	nutrition	395	food_output	0.025	0.014
paved_haul_roads	logistics	395	construction_rate	0.03	0.0027
paved_haul_roads	logistics	395	haul_capacity	0.0142	0.0017
paved_haul_roads	logistics	395	route_speed	0.0269	0.0097
standing_relief_stores	security	395	disaster_risk	-0.0181	-0.0018
standing_relief_stores	security	395	food_storage	0.02	0.005
standing_relief_stores	security	395	state_capacity	0.0165	0.0024
temple_choirs	culture	395	cohesion	0.0052	0.0017
temple_choirs	culture	395	legitimacy	0.002	0.0004
wadi_dams	infrastructure	395	disaster_resilience	0.0225	0.0044
wadi_dams	infrastructure	395	water_access	0.035	0.0212
written_apprentice_instructions	knowledge	395	adoption_rate	0.027	0.0237
written_apprentice_instructions	knowledge	395	craft_output	0.02	0.006
written_apprentice_instructions	knowledge	395	knowledge_preservation	0.0096	0.0028
bronze_weaponry	security	400	craft_output	0.04	0.0065
bronze_weaponry	security	400	standardization	0.04	0.0072
bronze_weaponry	security	400	warfare_readiness	0.0525	0.011
codified_tribute_schedules	institutions	400	legitimacy	0.002	0.0004
codified_tribute_schedules	institutions	400	state_capacity	0.0066	0.001
comparative_craft_gatherings	culture	400	craft_output	0.02	0.0033
comparative_craft_gatherings	culture	400	knowledge_preservation	0.0065	0.0014
embalming_anatomy	health	400	cohesion	0.004	0.0015
embalming_anatomy	health	400	injury_risk	-0.006	-0.0012
embalming_anatomy	health	400	knowledge_preservation	0.01	0.0021
fired_roof_tiles	infrastructure	400	disaster_resilience	0.0225	0.006
fired_roof_tiles	infrastructure	400	housing_output	0.024	0.01
goldsmith_filigree	production	400	craft_output	0.006	0.001
goldsmith_filigree	production	400	legitimacy	0.012	0.0026
goldsmith_filigree	production	400	trade_capacity	0.018	0.0018
hard_soldering	production	400	craft_output	0.003	0.0005
hard_soldering	production	400	repair_capacity	0.02	0.0085
midwife_apprenticeship_lines	demography	400	knowledge_preservation	0.0151	0.0032
midwife_apprenticeship_lines	demography	400	maternal_safety	0.03	0.0095
midwife_apprenticeship_lines	demography	400	neonatal_survival	0.01	0.0068
shift_overlap_briefings	labor	400	labor_efficiency	0.0131	0.0018
shift_overlap_briefings	labor	400	task_coordination	0.0084	0.0035
stone_jetty_harbors	logistics	400	disaster_resilience	0.02	0.0053
stone_jetty_harbors	logistics	400	naval_capacity	0.08	0.0133
stone_jetty_harbors	logistics	400	storage_loss	-0.02	-0.0061
stone_jetty_harbors	logistics	400	trade_capacity	0.0467	0.0047
work_gang_bakeries	nutrition	400	fatigue	-0.015	-0.0015
work_gang_bakeries	nutrition	400	labor_efficiency	0.02	0.0028
work_gang_bakeries	nutrition	400	state_capacity	0.01	0.0015
workshop_standards	knowledge	400	craft_output	0.09	0.0147
workshop_standards	knowledge	400	knowledge_rate	0.029	0.0046
workshop_standards	knowledge	400	repair_capacity	0.06	0.0256
workshop_standards	knowledge	400	standardization	0.033	0.0059
inlaid_mosaic_panels	culture	403	craft_output	0.01	0.0016
inlaid_mosaic_panels	culture	403	knowledge_preservation	0.002	0.0004
inlaid_mosaic_panels	culture	403	legitimacy	0.002	0.0004
copper_helmets	security	405	injury_risk	-0.015	-0.003
copper_helmets	security	405	warfare_readiness	0.0081	0.0017
formal_archives	knowledge	405	knowledge_preservation	0.056	0.012
formal_archives	knowledge	405	knowledge_rate	0.021	0.0033
formal_archives	knowledge	405	state_capacity	0.026	0.0038
specialized_courts	institutions	405	legitimacy	0.028	0.006
specialized_courts	institutions	405	state_capacity	0.026	0.0038
specialized_courts	institutions	405	trade_capacity	0.036	0.0036
stocked_fish_ponds	nutrition	405	food_output	0.06	0.0079
stocked_fish_ponds	nutrition	405	food_storage	0.01	0.0048
upper_storeys	infrastructure	405	construction_rate	0.0015	0.0003
upper_storeys	infrastructure	405	housing_output	0.036	0.015
wetted_track_sledging	logistics	405	construction_rate	0.03	0.0051
wetted_track_sledging	logistics	405	haul_capacity	0.0142	0.0045
wisdom_instructions	culture	405	adoption_rate	0.011	0.0016
wisdom_instructions	culture	405	knowledge_preservation	0.0064	0.0014
wisdom_instructions	culture	405	legitimacy	0.002	0.0004
bitumen_bedded_brick	infrastructure	410	disaster_resilience	0.0075	0.002
bitumen_bedded_brick	infrastructure	410	sanitation	0.018	0.0009
bitumen_bedded_brick	infrastructure	410	storage_loss	-0.01	-0.003
bitumen_bedded_brick	infrastructure	410	water_safety	0.012	0.002
boundary_treaties	institutions	410	cohesion	0.0026	0.001
boundary_treaties	institutions	410	legitimacy	0.002	0.0004
boundary_treaties	institutions	410	security_efficiency	0.03	0.0081
boundary_treaties	institutions	410	trade_capacity	0.0025	0.0002
bronze_work_hardening	production	410	repair_capacity	0.02	0.0085
bronze_work_hardening	production	410	warfare_readiness	0.01	0.0021
cross_referenced_archives	knowledge	410	knowledge_preservation	0.0065	0.0014
cross_referenced_archives	knowledge	410	task_coordination	0.002	0.0008
navigation_canals	logistics	410	haul_capacity	0.0189	0.0059
navigation_canals	logistics	410	route_speed	0.0215	0.0045
navigation_canals	logistics	410	trade_capacity	0.0133	0.0013
navigation_canals	logistics	410	water_access	0.03	0.014
public_baths	health	410	construction_rate	0.02	0.0034
public_baths	health	410	disease_exposure	-0.08	-0.004
public_baths	health	410	health_protection	0.04	0.0074
public_baths	health	410	sanitation	0.12	0.006
deep_phalanx	security	415	security_efficiency	0.0096	0.0026
deep_phalanx	security	415	task_coordination	0.01	0.0042
deep_phalanx	security	415	warfare_readiness	0.0242	0.0051
dynastic_succession	institutions	415	cohesion	0.0026	0.001
dynastic_succession	institutions	415	legitimacy	0.005	0.0011
dynastic_succession	institutions	415	state_capacity	0.006	0.0009
formal_chronicle_keeping	knowledge	415	knowledge_preservation	0.0065	0.0014
formal_chronicle_keeping	knowledge	415	legitimacy	0.002	0.0004
hive_beekeeping	nutrition	415	cultivation_yield	0.01	0.0043
hive_beekeeping	nutrition	415	food_output	0.015	0.002
hive_beekeeping	nutrition	415	trade_capacity	0.01	0.001
hogging_truss_hulls	logistics	415	haul_capacity	0.0095	0.003
hogging_truss_hulls	logistics	415	injury_risk	-0.005	-0.001
hogging_truss_hulls	logistics	415	naval_capacity	0.06	0.01
salt_tolerant_barley	ecology	415	cultivation_yield	0.03	0.013
salt_tolerant_barley	ecology	415	soil_productivity	0.01	0.003
covered_sewers	infrastructure	420	construction_rate	0.03	0.0051
covered_sewers	infrastructure	420	disease_exposure	-0.12	-0.006
covered_sewers	infrastructure	420	sanitation	0.18	0.009
covered_sewers	infrastructure	420	water_safety	0.06	0.0101
fatigue_aware_task_assignment	labor	420	fatigue	-0.03	-0.003
fatigue_aware_task_assignment	labor	420	injury_risk	-0.0094	-0.0019
fatigue_aware_task_assignment	labor	420	labor_efficiency	0.0131	0.0018
festival_dancers_acrobats	culture	420	cohesion	0.0052	0.0019
festival_dancers_acrobats	culture	420	fatigue	-0.005	-0.0005
linen_board_splints	health	420	injury_risk	-0.012	-0.0024
linen_board_splints	health	420	labor_efficiency	0.008	0.0011
pot_bellows	production	420	craft_output	0.004	0.0007
precedent_review_councils	institutions	420	legitimacy	0.0023	0.0005
precedent_review_councils	institutions	420	state_capacity	0.0033	0.0005
public_schools	knowledge	420	adoption_rate	0.083	0.0121
public_schools	knowledge	420	knowledge_preservation	0.021	0.0045
public_schools	knowledge	420	knowledge_rate	0.071	0.0113
public_schools	knowledge	420	state_capacity	0.013	0.0019
recorded_dowry	demography	420	cohesion	0.006	0.0022
recorded_dowry	demography	420	legitimacy	0.006	0.0013
recorded_dowry	demography	420	state_capacity	0.006	0.0009
scaling_ladders_rams	security	420	warfare_readiness	0.0162	0.0034
fiber_combing	production	425	craft_output	0.003	0.0005
grain_barge_fleets	logistics	425	food_storage	0.02	0.0095
grain_barge_fleets	logistics	425	haul_capacity	0.0189	0.0059
grain_barge_fleets	logistics	425	logistics_endurance	0.02	0.0057
grain_barge_fleets	logistics	425	state_capacity	0.01	0.0015
measured_plot_allotment	labor	425	cultivation_yield	0.01	0.0043
measured_plot_allotment	labor	425	labor_efficiency	0.0022	0.0003
measured_plot_allotment	labor	425	state_capacity	0.006	0.0009
measured_plot_allotment	labor	425	task_coordination	0.0112	0.0047
proclaimed_standard_weights	institutions	425	legitimacy	0.002	0.0004
proclaimed_standard_weights	institutions	425	standardization	0.021	0.0038
proclaimed_standard_weights	institutions	425	state_capacity	0.003	0.0004
proclaimed_standard_weights	institutions	425	trade_capacity	0.0075	0.0007
rigid_pipe_bedding	infrastructure	425	repair_capacity	0.015	0.0064
rigid_pipe_bedding	infrastructure	425	sanitation	0.012	0.0006
rigid_pipe_bedding	infrastructure	425	water_access	0.007	0.0033
sealed_tablet_letters	knowledge	425	adoption_rate	0.011	0.0016
sealed_tablet_letters	knowledge	425	state_capacity	0.006	0.0009
sealed_tablet_letters	knowledge	425	task_coordination	0.0057	0.0024
sealed_tablet_letters	knowledge	425	trade_capacity	0.005	0.0005
sesame_oil	nutrition	425	cultivation_yield	0.01	0.0043
sesame_oil	nutrition	425	food_output	0.01	0.0013
sesame_oil	nutrition	425	trade_capacity	0.01	0.001
remedy_vehicles	health	428	health_protection	0.004	0.0007
remedy_vehicles	health	428	neonatal_survival	0.004	0.0027
brick_quotas	labor	430	construction_rate	0.0045	0.0008
brick_quotas	labor	430	labor_efficiency	0.0033	0.0005
brick_quotas	labor	430	standardization	0.006	0.0011
debt_release_edicts	institutions	430	cohesion	0.01	0.0037
debt_release_edicts	institutions	430	legitimacy	0.005	0.0011
intercalated_calendar	knowledge	430	cultivation_yield	0.012	0.0052
intercalated_calendar	knowledge	430	state_capacity	0.004	0.0006
intercalated_calendar	knowledge	430	task_coordination	0.0085	0.0035
officiant_vestments	culture	430	legitimacy	0.002	0.0004
stall_fattened_cattle	nutrition	430	cohesion	0.008	0.003
stall_fattened_cattle	nutrition	430	food_output	0.02	0.0026
standard_brick_proportions	infrastructure	430	construction_rate	0.0045	0.0008
standard_brick_proportions	infrastructure	430	housing_output	0.006	0.0025
standard_brick_proportions	infrastructure	430	standardization	0.018	0.0032
twill_weave_structures	production	430	craft_output	0.004	0.0007
twill_weave_structures	production	430	health_protection	0.0035	0.0006
twill_weave_structures	production	430	trade_capacity	0.006	0.0006
water_table_fallow	ecology	430	cultivation_yield	0.01	0.0043
water_table_fallow	ecology	430	disease_exposure	-0.005	-0.0003
water_table_fallow	ecology	430	ecological_pressure	-0.012	-0.0108
water_table_fallow	ecology	430	soil_productivity	0.06	0.0178
donkey_caravans	logistics	435	haul_capacity	0.0189	0.0059
donkey_caravans	logistics	435	logistics_endurance	0.05	0.0143
donkey_caravans	logistics	435	route_speed	0.0108	0.0022
donkey_caravans	logistics	435	trade_capacity	0.0533	0.0053
masonry_bond_patterns	infrastructure	435	construction_rate	0.0045	0.0008
masonry_bond_patterns	infrastructure	435	disaster_resilience	0.0225	0.006
jarred_salt_fish	nutrition	438	food_storage	0.02	0.0095
jarred_salt_fish	nutrition	438	logistics_endurance	0.015	0.0043
jarred_salt_fish	nutrition	438	trade_capacity	0.02	0.002
mineral_eye_salves	health	438	disease_exposure	-0.006	-0.0003
mineral_eye_salves	health	438	labor_efficiency	0.004	0.0006
bilingual_sign_lists	knowledge	440	adoption_rate	0.021	0.0031
bilingual_sign_lists	knowledge	440	knowledge_rate	0.014	0.0022
bilingual_sign_lists	knowledge	440	trade_capacity	0.0075	0.0007
envoy_reception	culture	440	legitimacy	0.002	0.0004
envoy_reception	culture	440	security_efficiency	0.015	0.0041
envoy_reception	culture	440	trade_capacity	0.0075	0.0007
foreign_treaties	institutions	440	legitimacy	0.002	0.0004
foreign_treaties	institutions	440	security_efficiency	0.02	0.0054
foreign_treaties	institutions	440	trade_capacity	0.013	0.0013
glassmaking	production	440	craft_output	0.004	0.0007
glassmaking	production	440	legitimacy	0.003	0.0006
glassmaking	production	440	trade_capacity	0.018	0.0018
hired_harvest_hands	labor	440	fatigue	-0.0052	-0.0005
hired_harvest_hands	labor	440	food_output	0.01	0.0013
hired_harvest_hands	labor	440	labor_demand	-0.03	-0.0043
household_vital_lists	demography	440	knowledge_preservation	0.01	0.0021
household_vital_lists	demography	440	state_capacity	0.015	0.0022
household_vital_lists	demography	440	task_coordination	0.006	0.0025
standing_paid_company	security	440	security_efficiency	0.024	0.0065
standing_paid_company	security	440	state_capacity	0.02	0.0029
standing_paid_company	security	440	warfare_readiness	0.0323	0.0068
timed_silt_clearance	ecology	440	labor_efficiency	0.005	0.0007
timed_silt_clearance	ecology	440	soil_productivity	0.02	0.0059
timed_silt_clearance	ecology	440	water_access	0.02	0.0094
urban_street_plans	infrastructure	440	construction_rate	0.08	0.0137
urban_street_plans	infrastructure	440	route_speed	0.05	0.0104
urban_street_plans	infrastructure	440	sanitation	0.04	0.002
urban_street_plans	infrastructure	440	state_capacity	0.04	0.0059
building_drainage_coordination	infrastructure	445	disaster_resilience	0.015	0.004
building_drainage_coordination	infrastructure	445	housing_output	0.006	0.0025
building_drainage_coordination	infrastructure	445	sanitation	0.018	0.0009
calendar_feast_days	culture	445	cohesion	0.0052	0.0019
calendar_feast_days	culture	445	fatigue	-0.01	-0.001
calendar_feast_days	culture	445	task_coordination	0.0042	0.0018
fodder_barley	nutrition	445	cultivation_yield	0.01	0.0043
fodder_barley	nutrition	445	haul_capacity	0.015	0.0047
fodder_barley	nutrition	445	labor_efficiency	0.01	0.0014
sealed_travel_passes	institutions	445	logistics_endurance	0.02	0.0057
sealed_travel_passes	institutions	445	route_speed	0.03	0.0062
sealed_travel_passes	institutions	445	state_capacity	0.004	0.0006
sealed_travel_passes	institutions	445	trade_capacity	0.005	0.0005
standard_transport_jars	logistics	445	standardization	0.03	0.0054
standard_transport_jars	logistics	445	storage_loss	-0.02	-0.0061
standard_transport_jars	logistics	445	trade_capacity	0.0133	0.0013
sworn_interpreters	knowledge	445	adoption_rate	0.011	0.0016
sworn_interpreters	knowledge	445	legitimacy	0.002	0.0004
sworn_interpreters	knowledge	445	trade_capacity	0.0075	0.0007
wired_teeth	health	446	cohesion	0.003	0.0011
wired_teeth	health	446	health_protection	0.004	0.0007
cored_socket_casting	production	450	standardization	0.012	0.0047
cored_socket_casting	production	450	warfare_readiness	0.01	0.0033
daily_task_norms	labor	450	labor_efficiency	0.0066	0.001
daily_task_norms	labor	450	standardization	0.012	0.0047
daily_task_norms	labor	450	state_capacity	0.012	0.0023
daily_task_norms	labor	450	task_coordination	0.0225	0.0086
geometric_survey	knowledge	450	construction_rate	0.06	0.0191
geometric_survey	knowledge	450	state_capacity	0.008	0.0015
geometric_survey	knowledge	450	survey_speed	0.12	0.0415
geometric_survey	knowledge	450	trade_capacity	0.005	0.0023
layered_shade_gardens	ecology	450	cultivation_yield	0.02	0.0105
royal_mourning	culture	450	cohesion	0.0039	0.0007
royal_mourning	culture	450	legitimacy	0.0025	0.0005
socketed_spearheads	security	450	repair_capacity	0.01	0.0073
socketed_spearheads	security	450	warfare_readiness	0.0121	0.004
ventilated_granaries	infrastructure	450	food_spoilage	-0.03	-0.0263
ventilated_granaries	infrastructure	450	food_storage	0.06	0.0126
ventilated_granaries	infrastructure	450	storage_loss	-0.05	-0.014
birth_stool_bricks	demography	452	maternal_safety	0.015	0.0069
birth_stool_bricks	demography	452	neonatal_survival	0.008	0.005
pitched_brick_vaults	infrastructure	455	construction_rate	0.0045	0.0014
pitched_brick_vaults	infrastructure	455	timber_pressure	-0.01	-0.0035
road_stations	logistics	455	fatigue	-0.01	-0.0018
road_stations	logistics	455	logistics_endurance	0.04	0.0257
road_stations	logistics	455	route_speed	0.0161	0.0096
road_stations	logistics	455	state_capacity	0.01	0.0019
royal_stone_portraits	culture	455	legitimacy	0.0031	0.0006
temple_estates	institutions	455	cultivation_yield	0.03	0.0157
temple_estates	institutions	455	food_storage	0.02	0.0042
temple_estates	institutions	455	state_capacity	0.006	0.0011
composite_bow	security	460	craft_output	0.01	0.0089
composite_bow	security	460	hunting_yield	0.02	0.0112
composite_bow	security	460	warfare_readiness	0.0283	0.0095
palace_weaving_houses	production	460	craft_output	0.008	0.0071
palace_weaving_houses	production	460	standardization	0.006	0.0024
palace_weaving_houses	production	460	state_capacity	0.012	0.0023
palace_weaving_houses	production	460	trade_capacity	0.012	0.0054
royal_wrestling_matches	culture	460	cohesion	0.0026	0.0005
royal_wrestling_matches	culture	460	legitimacy	0.002	0.0004
royal_wrestling_matches	culture	460	warfare_readiness	0.01	0.0033
seasonal_herd_matching	ecology	460	ecological_pressure	-0.018	-0.006
seasonal_herd_matching	ecology	460	food_output	0.01	0.0035
shaduf_water_lift	infrastructure	460	cultivation_yield	0.02	0.0105
shaduf_water_lift	infrastructure	460	food_output	0.01	0.0035
shaduf_water_lift	infrastructure	460	labor_demand	-0.01	-0.001
shaduf_water_lift	infrastructure	460	water_access	0.035	0.0187
water_trough_leveling	knowledge	460	construction_rate	0.03	0.0096
water_trough_leveling	knowledge	460	survey_speed	0.02	0.0069
water_trough_leveling	knowledge	460	water_access	0.02	0.0107
ward_residence_lists	demography	462	state_capacity	0.015	0.0029
ward_residence_lists	demography	462	task_coordination	0.008	0.0031
graded_rations	nutrition	465	food_storage	0.015	0.0031
graded_rations	nutrition	465	labor_efficiency	0.025	0.0038
graded_rations	nutrition	465	neonatal_survival	0.006	0.0038
graded_rations	nutrition	465	state_capacity	0.02	0.0038
royal_inscriptions	institutions	465	cohesion	0.0026	0.0005
royal_inscriptions	institutions	465	knowledge_preservation	0.0032	0.0007
royal_inscriptions	institutions	465	legitimacy	0.005	0.0009
scribal_specialties	knowledge	465	knowledge_rate	0.021	0.0032
scribal_specialties	knowledge	465	state_capacity	0.008	0.0015
scribal_specialties	knowledge	465	survey_speed	0.02	0.0069
area_harvest_assessment	institutions	470	food_storage	0.01	0.0021
area_harvest_assessment	institutions	470	legitimacy	0.002	0.0004
area_harvest_assessment	institutions	470	state_capacity	0.008	0.0015
area_volume_rules	knowledge	470	knowledge_rate	0.014	0.0021
area_volume_rules	knowledge	470	standardization	0.012	0.0047
area_volume_rules	knowledge	470	state_capacity	0.006	0.0011
area_volume_rules	knowledge	470	survey_speed	0.03	0.0104
dream_interpretation	culture	470	cohesion	0.002	0.0004
dream_interpretation	culture	470	legitimacy	0.002	0.0004
dune_spread_watch	ecology	470	disaster_risk	-0.0076	-0.0033
light_duty_for_infirm	labor	470	cohesion	0.005	0.0009
light_duty_for_infirm	labor	470	health_protection	0.007	0.0011
light_duty_for_infirm	labor	470	injury_risk	-0.012	-0.0041
light_duty_for_infirm	labor	470	labor_efficiency	0.0011	0.0002
reed_mat_brick_layers	infrastructure	470	construction_rate	0.003	0.001
reed_mat_brick_layers	infrastructure	470	disaster_resilience	0.015	0.0103
sentry_watchwords	security	470	security_efficiency	0.0144	0.0061
sentry_watchwords	security	470	task_coordination	0.005	0.0019
weighed_alloy_recipes	production	470	standardization	0.018	0.0071
willow_myrtle_remedies	health	470	fatigue	-0.008	-0.0014
willow_myrtle_remedies	health	470	injury_risk	-0.004	-0.0014
willow_myrtle_remedies	health	470	labor_efficiency	0.006	0.0009
willow_myrtle_remedies	health	470	maternal_safety	0.004	0.0019
partible_inheritance	demography	472	cohesion	0.006	0.0011
beam_olive_press	nutrition	475	craft_output	0.015	0.0134
beam_olive_press	nutrition	475	food_output	0.01	0.0035
beam_olive_press	nutrition	475	trade_capacity	0.015	0.0068
domesticated_mounts	logistics	475	haul_capacity	0.0142	0.0132
domesticated_mounts	logistics	475	route_speed	0.0269	0.0161
domesticated_mounts	logistics	475	survey_speed	0.02	0.0069
domesticated_mounts	logistics	475	warfare_readiness	0.0121	0.004
sightline_corridor_marking	knowledge	475	survey_speed	0.025	0.0087
debate_poems	culture	480	adoption_rate	0.008	0.0062
debate_poems	culture	480	knowledge_rate	0.014	0.0021
deforestation_flood_link	ecology	480	disaster_risk	-0.0152	-0.0067
deforestation_flood_link	ecology	480	timber_pressure	-0.02	-0.0069
man_day_accounts	labor	480	knowledge_preservation	0.01	0.0023
man_day_accounts	labor	480	labor_efficiency	0.0033	0.0005
man_day_accounts	labor	480	state_capacity	0.018	0.0034
man_day_accounts	labor	480	task_coordination	0.0263	0.0101
named_year_ages	demography	480	knowledge_preservation	0.01	0.0023
named_year_ages	demography	480	state_capacity	0.01	0.0019
named_year_ages	demography	480	task_coordination	0.005	0.0019
raised_bronze_vessels	production	480	craft_output	0.004	0.0036
raised_bronze_vessels	production	480	trade_capacity	0.006	0.0027
siege_ramps_mining	security	480	warfare_readiness	0.0162	0.0054
star_hour_tables	knowledge	480	knowledge_preservation	0.0048	0.0011
star_hour_tables	knowledge	480	security_efficiency	0.01	0.0042
stepped_temple_towers	infrastructure	480	cohesion	0.01	0.0018
stepped_temple_towers	infrastructure	480	construction_rate	0.006	0.0019
stepped_temple_towers	infrastructure	480	disaster_resilience	0.0075	0.0051
stepped_temple_towers	infrastructure	480	legitimacy	0.024	0.0044
stepped_temple_towers	infrastructure	480	state_capacity	0.012	0.0023
written_law_code	institutions	480	cohesion	0.016	0.0029
written_law_code	institutions	480	knowledge_preservation	0.007	0.0016
written_law_code	institutions	480	legitimacy	0.025	0.0046
written_law_code	institutions	480	security_efficiency	0.03	0.0127
written_law_code	institutions	480	state_capacity	0.019	0.0036
remedy_tablets	health	482	adoption_rate	0.015	0.0117
remedy_tablets	health	482	knowledge_preservation	0.03	0.0069
flavouring_herbs	nutrition	485	food_spoilage	-0.008	-0.007
flavouring_herbs	nutrition	485	trade_capacity	0.005	0.0023
hired_carriers	logistics	485	haul_capacity	0.0142	0.0132
hired_carriers	logistics	485	labor_efficiency	0.01	0.0015
hired_carriers	logistics	485	state_capacity	0.005	0.001
hired_carriers	logistics	485	trade_capacity	0.0133	0.006
hired_labor_contracts	labor	485	fatigue	-0.0035	-0.0006
hired_labor_contracts	labor	485	labor_demand	-0.03	-0.003
hired_labor_contracts	labor	485	labor_efficiency	0.0044	0.0007
hired_labor_contracts	labor	485	trade_capacity	0.012	0.0054
reciprocal_tables	knowledge	485	knowledge_rate	0.036	0.0055
reciprocal_tables	knowledge	485	standardization	0.0082	0.0032
reciprocal_tables	knowledge	485	trade_capacity	0.005	0.0023
sworn_judges	institutions	485	cohesion	0.0026	0.0005
sworn_judges	institutions	485	legitimacy	0.0037	0.0007
sworn_judges	institutions	485	state_capacity	0.004	0.0008
brick_mass_drain_shafts	infrastructure	490	disaster_resilience	0.015	0.0103
brick_mass_drain_shafts	infrastructure	490	repair_capacity	0.01	0.0073
brick_mass_drain_shafts	infrastructure	490	sanitation	0.006	0.0003
fraternal_joint_estates	demography	490	cohesion	0.006	0.0011
fraternal_joint_estates	demography	490	labor_efficiency	0.006	0.0009
heroic_song_cycle	culture	490	cohesion	0.021	0.0038
heroic_song_cycle	culture	490	knowledge_preservation	0.01	0.0023
heroic_song_cycle	culture	490	legitimacy	0.014	0.0026
heroic_song_cycle	culture	490	warfare_readiness	0.01	0.0033
mixed_flock_balance	ecology	490	ecological_pressure	-0.012	-0.004
mixed_flock_balance	ecology	490	food_output	0.01	0.0035
monthly_rest_days	labor	490	cohesion	0.005	0.0009
monthly_rest_days	labor	490	fatigue	-0.0123	-0.0022
monthly_rest_days	labor	490	injury_risk	-0.01	-0.0034
peat_drying	production	490	timber_pressure	-0.03	-0.0104
spoke_tenon_cutting	logistics	490	haul_capacity	0.0071	0.0066
spoke_tenon_cutting	logistics	490	repair_capacity	0.01	0.0073
sworn_trial_testimony	institutions	490	knowledge_preservation	0.0032	0.0007
sworn_trial_testimony	institutions	490	legitimacy	0.0037	0.0007
sworn_trial_testimony	institutions	490	security_efficiency	0.015	0.0063
tablet_colophons	knowledge	490	adoption_rate	0.0053	0.0041
tablet_colophons	knowledge	490	knowledge_preservation	0.016	0.0037
case_records	health	495	health_protection	0.05	0.0077
case_records	health	495	knowledge_preservation	0.05	0.0114
case_records	health	495	knowledge_rate	0.06	0.0091
named_breads	nutrition	495	cohesion	0.006	0.0011
named_breads	nutrition	495	labor_efficiency	0.004	0.0006
named_breads	nutrition	495	standardization	0.006	0.0024
levy_substitutes	labor	500	labor_demand	-0.02	-0.004
levy_substitutes	labor	500	labor_efficiency	0.0018	0.0016
levy_substitutes	labor	500	trade_capacity	0.006	0.0007
provincial_accounts	institutions	500	knowledge_preservation	0.0048	0.0036
provincial_accounts	institutions	500	state_capacity	0.012	0.0033
provincial_accounts	institutions	500	task_coordination	0.0057	0.004
royal_ancestor_offerings	culture	500	cohesion	0.002	0.0005
royal_ancestor_offerings	culture	500	legitimacy	0.0025	0.0005
scribal_copying_tests	knowledge	500	adoption_rate	0.027	0.0046
scribal_copying_tests	knowledge	500	knowledge_preservation	0.0096	0.0072
scribal_copying_tests	knowledge	500	standardization	0.0041	0.0011
spoked_wheel_assembly	logistics	500	route_speed	0.0215	0.0036
spoked_wheel_assembly	logistics	500	timber_pressure	-0.005	-0.0014
spoked_wheel_assembly	logistics	500	warfare_readiness	0.0081	0.0023
standard_ingots	production	500	metal_yield	0.01	0.0087
standard_ingots	production	500	standardization	0.018	0.0049
standard_ingots	production	500	trade_capacity	0.024	0.003
sworn_fishing_closures	ecology	500	cohesion	0.005	0.0013
sworn_fishing_closures	ecology	500	ecological_pressure	-0.018	-0.01
sworn_fishing_closures	ecology	500	ecology_recovery	0.0135	0.0055
sworn_fishing_closures	ecology	500	food_output	0.005	0.0035
war_chariots	security	500	legitimacy	0.01	0.0019
war_chariots	security	500	task_coordination	0.015	0.0106
war_chariots	security	500	warfare_readiness	0.0363	0.0104
wooden_log_conduits	infrastructure	500	water_access	0.021	0.0126
love_wedding_songs	culture	505	cohesion	0.0039	0.001
love_wedding_songs	culture	505	fatigue	-0.005	-0.0035
shield_equipment_fitting	security	505	injury_risk	-0.01	-0.0034
shield_equipment_fitting	security	505	warfare_readiness	0.0081	0.0023
vinegar_pickling	nutrition	505	food_spoilage	-0.03	-0.012
vinegar_pickling	nutrition	505	food_storage	0.03	0.0047
city_laments	culture	510	cohesion	0.0039	0.001
city_laments	culture	510	knowledge_preservation	0.0048	0.0036
clay_pipe_socket_jointing	infrastructure	510	sanitation	0.018	0.0074
clay_pipe_socket_jointing	infrastructure	510	water_access	0.028	0.0168
fish_run_weir_opening	ecology	510	cohesion	0.005	0.0013
fish_run_weir_opening	ecology	510	ecology_recovery	0.0135	0.0055
fish_run_weir_opening	ecology	510	food_output	0.01	0.007
island_hopping_sailing	logistics	510	naval_capacity	0.1	0.0367
island_hopping_sailing	logistics	510	route_speed	0.0161	0.0027
island_hopping_sailing	logistics	510	survey_speed	0.02	0.0045
island_hopping_sailing	logistics	510	trade_capacity	0.0533	0.0067
place_value	knowledge	510	adoption_rate	0.013	0.0022
place_value	knowledge	510	construction_rate	0.02	0.0153
place_value	knowledge	510	knowledge_rate	0.071	0.0099
place_value	knowledge	510	standardization	0.061	0.0167
place_value	knowledge	510	state_capacity	0.0097	0.0027
place_value	knowledge	510	trade_capacity	0.036	0.0045
sealed_family_contracts	institutions	510	cohesion	0.0052	0.0013
sealed_family_contracts	institutions	510	legitimacy	0.002	0.0004
sealed_family_contracts	institutions	510	trade_capacity	0.0025	0.0003
caravan_tolls	institutions	515	state_capacity	0.006	0.0017
caravan_tolls	institutions	515	trade_capacity	0.005	0.0006
date_palm_pollination	nutrition	515	food_storage	0.01	0.0016
skin_disease_exclusion	health	515	disease_exposure	-0.012	-0.0053
skin_disease_exclusion	health	515	legitimacy	0.004	0.0007
vermin_control_cats	ecology	515	disease_exposure	-0.01	-0.0044
vermin_control_cats	ecology	515	food_spoilage	-0.01	-0.004
vermin_control_cats	ecology	515	storage_loss	-0.03	-0.0084
mountain_pack_trains	logistics	518	logistics_endurance	0.03	0.0257
mountain_pack_trains	logistics	518	metal_yield	0.01	0.0087
mountain_pack_trains	logistics	518	trade_capacity	0.0267	0.0033
border_fortress_chains	security	520	security_efficiency	0.0288	0.0135
border_fortress_chains	security	520	state_capacity	0.01	0.0028
fractional_quantities	knowledge	520	knowledge_rate	0.021	0.0029
fractional_quantities	knowledge	520	standardization	0.012	0.0033
fractional_quantities	knowledge	520	state_capacity	0.004	0.0011
fractional_quantities	knowledge	520	trade_capacity	0.0075	0.0009
offering_omens	culture	520	legitimacy	0.002	0.0004
shaft_furnaces	production	520	metal_yield	0.08	0.0696
shared_woodland_boundaries	ecology	520	cohesion	0.01	0.0026
shared_woodland_boundaries	ecology	520	legitimacy	0.005	0.0009
shared_woodland_boundaries	ecology	520	timber_pressure	-0.03	-0.0086
timber_splice_connections	infrastructure	520	construction_rate	0.003	0.0023
timber_splice_connections	infrastructure	520	housing_output	0.006	0.0057
date_syrup_preserves	nutrition	525	food_storage	0.02	0.0031
date_syrup_preserves	nutrition	525	trade_capacity	0.008	0.001
merchant_quarters_abroad	logistics	525	adoption_rate	0.02	0.0034
merchant_quarters_abroad	logistics	525	trade_capacity	0.04	0.005
property_registers	institutions	525	legitimacy	0.0037	0.0007
property_registers	institutions	525	state_capacity	0.016	0.0044
property_registers	institutions	525	trade_capacity	0.023	0.0029
sickle_sword	security	525	legitimacy	0.005	0.0009
sickle_sword	security	525	warfare_readiness	0.0121	0.0035
alum_mordant_dyeing	production	530	craft_output	0.004	0.0017
alum_mordant_dyeing	production	530	trade_capacity	0.012	0.0015
belonging_oaths	demography	530	cohesion	0.012	0.0031
belonging_oaths	demography	530	labor_efficiency	0.006	0.0054
belonging_oaths	demography	530	legitimacy	0.008	0.0015
chariot_crews	security	530	task_coordination	0.01	0.0071
chariot_crews	security	530	warfare_readiness	0.0202	0.0058
god_boat_procession	culture	530	cohesion	0.0039	0.001
god_boat_procession	culture	530	legitimacy	0.0025	0.0005
light_wells	infrastructure	530	disease_exposure	-0.01	-0.0044
light_wells	infrastructure	530	health_protection	0.0105	0.0053
light_wells	infrastructure	530	housing_output	0.018	0.017
mad_dog_liability	health	530	injury_risk	-0.006	-0.002
mad_dog_liability	health	530	legitimacy	0.006	0.0011
mad_dog_liability	health	530	state_capacity	0.004	0.0011
mine_spoil_containment	ecology	530	pollution	-0.0127	-0.0099
town_mayors	institutions	530	legitimacy	0.0025	0.0005
town_mayors	institutions	530	state_capacity	0.008	0.0022
town_mayors	institutions	530	task_coordination	0.0057	0.004
worked_problem_tablets	knowledge	530	adoption_rate	0.021	0.0036
worked_problem_tablets	knowledge	530	knowledge_rate	0.036	0.005
royal_appeal_court	institutions	535	cohesion	0.0026	0.0007
royal_appeal_court	institutions	535	legitimacy	0.005	0.0009
royal_appeal_court	institutions	535	state_capacity	0.004	0.0011
apprentice_contracts	labor	540	adoption_rate	0.045	0.0077
apprentice_contracts	labor	540	craft_output	0.07	0.0292
apprentice_contracts	labor	540	knowledge_preservation	0.01	0.0075
apprentice_contracts	labor	540	labor_efficiency	0.0033	0.003
building_shading_design	infrastructure	540	fatigue	-0.0035	-0.0025
building_shading_design	infrastructure	540	health_protection	0.007	0.0035
building_shading_design	infrastructure	540	housing_output	0.012	0.0113
famine_reserves	nutrition	540	food_storage	0.08	0.0126
famine_reserves	nutrition	540	legitimacy	0.015	0.0028
famine_reserves	nutrition	540	neonatal_survival	0.006	0.0029
famine_reserves	nutrition	540	state_capacity	0.02	0.0056
famine_reserves	nutrition	540	storage_loss	-0.02	-0.0056
glacis_ramparts	security	540	security_efficiency	0.0192	0.009
letters_to_the_god	culture	540	adoption_rate	0.0027	0.0005
letters_to_the_god	culture	540	cohesion	0.0026	0.0007
letters_to_the_god	culture	540	legitimacy	0.002	0.0004
pilots_sea_lanes	logistics	540	injury_risk	-0.01	-0.0034
pilots_sea_lanes	logistics	540	naval_capacity	0.04	0.0147
pilots_sea_lanes	logistics	540	route_speed	0.0161	0.0027
price_wage_schedules	institutions	540	cohesion	0.002	0.0005
price_wage_schedules	institutions	540	legitimacy	0.002	0.0004
price_wage_schedules	institutions	540	standardization	0.012	0.0033
price_wage_schedules	institutions	540	trade_capacity	0.005	0.0006
regional_maps	knowledge	540	route_speed	0.1	0.0167
regional_maps	knowledge	540	state_capacity	0.008	0.0022
regional_maps	knowledge	540	survey_speed	0.09	0.0203
regional_maps	knowledge	540	warfare_readiness	0.03	0.0086
timed_grass_burning	ecology	540	disaster_risk	-0.0051	-0.0048
timed_grass_burning	ecology	540	ecology_recovery	0.0135	0.0055
timed_grass_burning	ecology	540	food_output	0.005	0.0035
wet_nurse_contracts	demography	540	neonatal_survival	0.012	0.0059
wet_nurse_contracts	demography	540	state_capacity	0.004	0.0011
womens_ailment_texts	health	540	knowledge_preservation	0.01	0.0075
womens_ailment_texts	health	540	maternal_safety	0.012	0.0088
licensed_merchant_houses	institutions	545	state_capacity	0.003	0.0008
licensed_merchant_houses	institutions	545	trade_capacity	0.015	0.0019
palace_wall_painting	culture	545	craft_output	0.005	0.0021
palace_wall_painting	culture	545	legitimacy	0.0025	0.0005
square_root_tables	knowledge	545	construction_rate	0.02	0.0153
square_root_tables	knowledge	545	knowledge_rate	0.029	0.0041
square_root_tables	knowledge	545	survey_speed	0.02	0.0045
written_patrol_reports	security	545	knowledge_preservation	0.005	0.0037
written_patrol_reports	security	545	security_efficiency	0.0144	0.0068
written_patrol_reports	security	545	state_capacity	0.01	0.0028
divorce_settlements	demography	548	cohesion	0.004	0.001
divorce_settlements	demography	548	legitimacy	0.006	0.0011
allied_contingents	security	550	warfare_readiness	0.0162	0.0037
ceramic_pipe_fit_gauges	infrastructure	550	repair_capacity	0.01	0.0088
ceramic_pipe_fit_gauges	infrastructure	550	standardization	0.012	0.0083
coppiced_charcoal_woods	ecology	550	timber_pressure	-0.04	-0.004
healer_fee_law	health	550	legitimacy	0.008	0.0014
healer_fee_law	health	550	state_capacity	0.006	0.002
prearranged_beacon_chains	knowledge	550	security_efficiency	0.04	0.0132
prearranged_beacon_chains	knowledge	550	task_coordination	0.0085	0.0028
prearranged_beacon_chains	knowledge	550	warfare_readiness	0.02	0.0046
public_law_stele	institutions	550	adoption_rate	0.013	0.0019
public_law_stele	institutions	550	cohesion	0.016	0.003
public_law_stele	institutions	550	legitimacy	0.021	0.0038
public_law_stele	institutions	550	state_capacity	0.0097	0.0033
sailing_calendar	logistics	550	disaster_risk	-0.0051	-0.0016
sailing_calendar	logistics	550	naval_capacity	0.03	0.0257
sailing_calendar	logistics	550	trade_capacity	0.0133	0.0031
ceramic_glaze_formulation	production	555	craft_output	0.006	0.0029
ceramic_glaze_formulation	production	555	food_spoilage	-0.02	-0.016
ceramic_glaze_formulation	production	555	trade_capacity	0.006	0.0014
ceramic_glaze_formulation	production	555	water_safety	0.006	0.0052
levy_exemptions	labor	555	craft_output	0.003	0.0014
levy_exemptions	labor	555	labor_efficiency	0.0018	0.0012
scribal_songs_satires	culture	555	adoption_rate	0.011	0.0016
scribal_songs_satires	culture	555	knowledge_preservation	0.0032	0.0007
service_land_grants	institutions	555	cultivation_yield	0.01	0.0051
service_land_grants	institutions	555	state_capacity	0.006	0.002
service_land_grants	institutions	555	warfare_readiness	0.03	0.0069
widow_portion_law	demography	556	cohesion	0.008	0.0015
widow_portion_law	demography	556	legitimacy	0.008	0.0014
widow_portion_law	demography	556	neonatal_survival	0.005	0.0015
ashlar_masonry	infrastructure	560	construction_rate	0.0045	0.0037
ashlar_masonry	infrastructure	560	disaster_resilience	0.0225	0.0101
ashlar_masonry	infrastructure	560	legitimacy	0.006	0.0011
casemate_walls	security	560	disaster_resilience	0.01	0.0045
casemate_walls	security	560	security_efficiency	0.024	0.0079
consonantal_alphabet	knowledge	560	adoption_rate	0.064	0.0094
consonantal_alphabet	knowledge	560	knowledge_preservation	0.021	0.0047
consonantal_alphabet	knowledge	560	knowledge_rate	0.028	0.022
consonantal_alphabet	knowledge	560	trade_capacity	0.018	0.0042
dried_salted_cheese	nutrition	560	food_storage	0.025	0.01
dried_salted_cheese	nutrition	560	logistics_endurance	0.015	0.0086
dried_salted_cheese	nutrition	560	trade_capacity	0.008	0.0019
farmers_almanac	ecology	560	cultivation_yield	0.03	0.0153
farmers_almanac	ecology	560	disaster_risk	-0.0102	-0.0032
farmers_almanac	ecology	560	ecological_pressure	-0.012	-0.005
farmers_almanac	ecology	560	knowledge_preservation	0.02	0.0045
farmers_almanac	ecology	560	observation_rate	0.01	0.0053
harbor_warehouses	logistics	560	food_storage	0.02	0.008
harbor_warehouses	logistics	560	storage_loss	-0.03	-0.007
harbor_warehouses	logistics	560	trade_capacity	0.0267	0.0062
jurisdiction_boundaries	institutions	560	cohesion	0.0026	0.0005
jurisdiction_boundaries	institutions	560	legitimacy	0.0037	0.0007
jurisdiction_boundaries	institutions	560	state_capacity	0.01	0.0034
ocean_sailing	security	560	task_coordination	0.015	0.0049
ocean_sailing	security	560	warfare_readiness	0.035	0.008
pilgrimage	culture	560	cohesion	0.0079	0.0015
pilgrimage	culture	560	legitimacy	0.0025	0.0004
pilgrimage	culture	560	trade_capacity	0.005	0.0012
contraceptive_pessaries	demography	562	maternal_safety	0.012	0.0059
contraceptive_pessaries	demography	562	neonatal_survival	0.006	0.0018
injury_manual	health	565	injury_risk	-0.025	-0.0044
injury_manual	health	565	knowledge_preservation	0.02	0.0045
refractory_body_trials	production	565	craft_output	0.002	0.001
three_year_nursing	demography	568	maternal_safety	0.006	0.0029
three_year_nursing	demography	568	neonatal_survival	0.015	0.0044
attendance_lists	labor	570	labor_efficiency	0.0018	0.0012
attendance_lists	labor	570	state_capacity	0.006	0.002
attendance_lists	labor	570	task_coordination	0.015	0.0049
ceramic_crucibles	production	570	craft_output	0.002	0.001
ceramic_crucibles	production	570	metal_yield	0.02	0.0055
dated_omen_records	knowledge	570	knowledge_preservation	0.0064	0.0014
dated_omen_records	knowledge	570	legitimacy	0.002	0.0004
dated_omen_records	knowledge	570	observation_rate	0.039	0.0205
foreign_fashion_adoption	culture	570	adoption_rate	0.008	0.0012
foreign_fashion_adoption	culture	570	trade_capacity	0.005	0.0012
mine_shoring	infrastructure	570	construction_rate	0.03	0.0244
mine_shoring	infrastructure	570	metal_yield	0.08	0.022
workshop_quotas	institutions	570	craft_output	0.04	0.0191
workshop_quotas	institutions	570	standardization	0.0082	0.0057
workshop_quotas	institutions	570	state_capacity	0.004	0.0014
separate_grain_lines	nutrition	572	cultivation_yield	0.015	0.0076
separate_grain_lines	nutrition	572	standardization	0.008	0.0055
bronze_rapiers	security	575	warfare_readiness	0.0121	0.0028
planted_timber_groves	ecology	575	timber_pressure	-0.03	-0.003
cautery	health	576	injury_risk	-0.01	-0.0018
levirate_marriage	demography	578	cohesion	0.006	0.0011
levirate_marriage	demography	578	neonatal_survival	0.004	0.0012
circuit_inspectors	institutions	580	legitimacy	0.0025	0.0004
circuit_inspectors	institutions	580	state_capacity	0.01	0.0034
circuit_inspectors	institutions	580	storage_loss	-0.01	-0.0023
cistern_flushed_drains	infrastructure	580	disease_exposure	-0.03	-0.008
cistern_flushed_drains	infrastructure	580	sanitation	0.03	0.0088
cistern_flushed_drains	infrastructure	580	water_safety	0.012	0.0104
crucible_glass_melting	production	580	craft_output	0.003	0.0014
crucible_glass_melting	production	580	trade_capacity	0.006	0.0014
shadow_clock	knowledge	580	labor_efficiency	0.01	0.0065
shadow_clock	knowledge	580	observation_rate	0.019	0.01
shadow_clock	knowledge	580	task_coordination	0.0085	0.0028
sung_divine_narrative	culture	580	cohesion	0.0066	0.0013
sung_divine_narrative	culture	580	knowledge_preservation	0.0064	0.0014
sung_divine_narrative	culture	580	legitimacy	0.0037	0.0007
trade_elders	labor	580	cohesion	0.0075	0.0014
trade_elders	labor	580	craft_output	0.002	0.001
trade_elders	labor	580	legitimacy	0.006	0.0011
trade_elders	labor	580	task_coordination	0.0075	0.0024
fruit_tree_grafting	nutrition	585	cultivation_yield	0.03	0.0153
fruit_tree_grafting	nutrition	585	food_storage	0.01	0.004
fruit_tree_grafting	nutrition	585	knowledge_preservation	0.005	0.0011
pulse_taking	health	585	knowledge_preservation	0.006	0.0013
pulse_taking	health	585	observation_rate	0.008	0.0042
apprentice_quotas	labor	590	adoption_rate	0.01	0.0015
apprentice_quotas	labor	590	craft_output	0.003	0.0014
apprentice_quotas	labor	590	standardization	0.006	0.0042
consignment_lists	logistics	590	knowledge_preservation	0.01	0.0022
consignment_lists	logistics	590	state_capacity	0.01	0.0034
consignment_lists	logistics	590	storage_loss	-0.02	-0.0047
consignment_lists	logistics	590	trade_capacity	0.02	0.0047
core_formed_glass	production	590	craft_output	0.004	0.0019
core_formed_glass	production	590	trade_capacity	0.018	0.0042
feast_of_the_dead	culture	590	cohesion	0.0066	0.0013
feast_of_the_dead	culture	590	legitimacy	0.002	0.0004
frontier_settler_grants	demography	590	housing_output	0.04	0.0254
frontier_settler_grants	demography	590	security_efficiency	0.015	0.0049
frontier_settler_grants	demography	590	state_capacity	0.01	0.0034
outflow_water_clock	knowledge	590	observation_rate	0.019	0.01
outflow_water_clock	knowledge	590	security_efficiency	0.01	0.0033
outflow_water_clock	knowledge	590	task_coordination	0.0085	0.0028
scale_armor_attachment	security	590	injury_risk	-0.015	-0.0026
scale_armor_attachment	security	590	warfare_readiness	0.0121	0.0028
standard_royal_letters	institutions	590	adoption_rate	0.0053	0.0008
standard_royal_letters	institutions	590	state_capacity	0.008	0.0027
standard_royal_letters	institutions	590	task_coordination	0.0085	0.0028
sworn_grazing_rights	ecology	590	cohesion	0.01	0.0019
sworn_grazing_rights	ecology	590	ecological_pressure	-0.012	-0.005
sworn_grazing_rights	ecology	590	legitimacy	0.005	0.0009
timber_laced_walls	infrastructure	590	disaster_resilience	0.0375	0.0168
timber_laced_walls	infrastructure	590	housing_output	0.006	0.0038
remedy_compendia	health	595	adoption_rate	0.012	0.0018
remedy_compendia	health	595	knowledge_preservation	0.03	0.0067
remedy_compendia	health	595	observation_rate	0.006	0.0032
tapestry_weaving	production	595	craft_output	0.004	0.0019
tapestry_weaving	production	595	legitimacy	0.003	0.0005
tapestry_weaving	production	595	trade_capacity	0.009	0.0021
checked_master_copies	knowledge	600	adoption_rate	0.011	0.0016
checked_master_copies	knowledge	600	knowledge_preservation	0.019	0.0043
checked_master_copies	knowledge	600	standardization	0.0082	0.0057
colonnaded_porticoes	infrastructure	600	cohesion	0.005	0.001
colonnaded_porticoes	infrastructure	600	construction_rate	0.003	0.0024
colonnaded_porticoes	infrastructure	600	housing_output	0.006	0.0038
colonnaded_porticoes	infrastructure	600	legitimacy	0.006	0.0011
colonnaded_porticoes	infrastructure	600	trade_capacity	0.006	0.0014
crew_loans_between_cities	labor	600	adoption_rate	0.015	0.0022
crew_loans_between_cities	labor	600	construction_rate	0.003	0.0024
crew_loans_between_cities	labor	600	labor_efficiency	0.0018	0.0012
crew_loans_between_cities	labor	600	task_coordination	0.0075	0.0024
festival_bread_sharing	culture	600	cohesion	0.0079	0.0015
festival_bread_sharing	culture	600	legitimacy	0.0031	0.0006
field_armorer_teams	security	600	logistics_endurance	0.01	0.0057
field_armorer_teams	security	600	repair_capacity	0.03	0.0264
field_armorer_teams	security	600	warfare_readiness	0.0081	0.0019
protected_temple_woods	ecology	600	legitimacy	0.005	0.0009
protected_temple_woods	ecology	600	timber_pressure	-0.03	-0.003
refractory_brick_firing	production	600	metal_yield	0.02	0.0055
refractory_brick_firing	production	600	repair_capacity	0.01	0.0088
relay_team_stations	logistics	600	logistics_endurance	0.02	0.0114
relay_team_stations	logistics	600	state_capacity	0.01	0.0034
relay_team_stations	logistics	600	travel_speed	0.04	0.032
service_land_registers	institutions	600	legitimacy	0.002	0.0004
service_land_registers	institutions	600	state_capacity	0.008	0.0027
service_land_registers	institutions	600	warfare_readiness	0.01	0.0023
