effect	side	block_end_year	raw_block_total	scale	running_total	target
adoption_rate	benefit	100	0.0053	1.0	0.0053	0.108
adoption_rate	benefit	150	0.011	1.0	0.0163	0.1245
adoption_rate	benefit	200	0.008	1.0	0.0243	0.141
adoption_rate	benefit	250	0.033	1.0	0.0573	0.1575
adoption_rate	benefit	300	0.051	1.0	0.1083	0.174
adoption_rate	benefit	350	0.01	1.0	0.1183	0.194
adoption_rate	benefit	400	0.0957	1.0	0.214	0.214
adoption_rate	benefit	450	0.02	1.0	0.234	0.234
adoption_rate	benefit	500	0.022	1.0	0.256	0.256
adoption_rate	benefit	550	0.022	1.0	0.278	0.278
adoption_rate	benefit	600	0.0182	1.0	0.2962	0.3
adoption_rate	benefit	650	0.0106	0.83	0.305	0.305
adoption_rate	benefit	700	0.004	1.0	0.309	0.31
adoption_rate	benefit	750	0.032	0.188	0.315	0.315
adoption_rate	benefit	800	0.0134	0.373	0.32	0.32
adoption_rate	benefit	850	0.0309	0.162	0.325	0.325
adoption_rate	benefit	900	0.0304	0.164	0.33	0.33
adoption_rate	benefit	950	0.0104	0.481	0.335	0.335
adoption_rate	benefit	1000	0.0088	0.568	0.34	0.34
adoption_rate	benefit	1050	0.0032	1.0	0.3432	0.345
adoption_rate	benefit	1100	0.0392	0.173	0.35	0.35
adoption_rate	benefit	1150	0.0026	1.0	0.3526	0.355
adoption_rate	benefit	1200	0.0125	0.592	0.36	0.36
adoption_rate	cost	1200	0.012	1.0	0.012	0.248
adoption_rate	benefit	1250	0.0061	0.82	0.365	0.365
adoption_rate	cost	1250	0.002	1.0	0.014	0.25
adoption_rate	benefit	1300	0.0057	0.877	0.37	0.37
adoption_rate	benefit	1350	0.006	0.833	0.375	0.375
adoption_rate	cost	1350	0.003	1.0	0.017	0.254
adoption_rate	benefit	1400	0.021	0.238	0.38	0.38
adoption_rate	benefit	1450	0.0222	0.225	0.385	0.385
adoption_rate	benefit	1500	0.0188	0.266	0.39	0.39
adoption_rate	benefit	1550	0.0184	0.272	0.395	0.395
adoption_rate	benefit	1600	0.0052	0.962	0.4	0.4
adoption_rate	benefit	1650	0.03	0.167	0.405	0.405
adoption_rate	cost	1650	0.005	1.0	0.022	0.266
adoption_rate	benefit	1700	0.019	0.263	0.41	0.41
adoption_rate	cost	1700	0.002	1.0	0.024	0.268
adoption_rate	benefit	1750	0.0254	0.197	0.415	0.415
adoption_rate	benefit	1800	0.0285	0.175	0.42	0.42
adoption_rate	cost	1800	0.008	1.0	0.032	0.272
adoption_rate	benefit	1850	0.0106	0.629	0.4267	0.4267
adoption_rate	benefit	1900	0.0509	0.131	0.4333	0.4333
adoption_rate	cost	1900	0.003	1.0	0.035	0.276
adoption_rate	benefit	1950	0.0183	0.364	0.44	0.44
adoption_rate	cost	1950	0.0035	1.0	0.0385	0.278
adoption_rate	benefit	2000	0.0112	0.595	0.4467	0.4467
adoption_rate	cost	2000	0.006	1.0	0.0445	0.28
adoption_rate	benefit	2050	0.0185	0.36	0.4533	0.4533
adoption_rate	cost	2050	0.002	1.0	0.0465	0.282
adoption_rate	benefit	2100	0.0058	1.0	0.4591	0.46
adoption_rate	benefit	2150	0.0119	0.633	0.4667	0.4667
adoption_rate	cost	2150	0.002	1.0	0.0485	0.286
adoption_rate	benefit	2200	0.0098	0.68	0.4733	0.4733
adoption_rate	benefit	2250	0.011	0.606	0.48	0.48
adoption_rate	cost	2250	0.002	1.0	0.0505	0.29
adoption_rate	benefit	2300	0.0184	0.362	0.4867	0.4867
adoption_rate	benefit	2350	0.0283	0.236	0.4933	0.4933
adoption_rate	cost	2350	0.001	1.0	0.0515	0.294
adoption_rate	benefit	2400	0.0372	0.179	0.5	0.5
adoption_rate	cost	2400	0.006	1.0	0.0575	0.296
adoption_rate	benefit	2450	0.028	0.714	0.52	0.52
adoption_rate	cost	2450	0.002	1.0	0.0595	0.299
adoption_rate	benefit	2500	0.0071	1.0	0.5271	0.54
adoption_rate	cost	2500	0.004	1.0	0.0635	0.302
adoption_rate	benefit	2550	0.0097	1.0	0.5368	0.5625
adoption_rate	cost	2550	0.004	1.0	0.0675	0.305
adoption_rate	benefit	2600	0.0269	1.0	0.5637	0.585
adoption_rate	cost	2600	0.004	1.0	0.0715	0.308
adoption_rate	benefit	2650	0.0036	1.0	0.5673	0.61
adoption_rate	cost	2650	0.002	1.0	0.0735	0.311
adoption_rate	benefit	2700	0.0183	1.0	0.5856	0.635
adoption_rate	cost	2700	0.003	1.0	0.0765	0.314
adoption_rate	benefit	2750	0.0119	1.0	0.5975	0.6625
adoption_rate	benefit	2800	0.023	1.0	0.6205	0.69
adoption_rate	cost	2800	0.0068	1.0	0.0833	0.32
adoption_rate	benefit	2850	0.0272	1.0	0.6477	0.72
adoption_rate	cost	2850	0.001	1.0	0.0843	0.325
adoption_rate	benefit	2900	0.0212	1.0	0.6689	0.75
adoption_rate	cost	2900	0.002	1.0	0.0863	0.33
adoption_rate	benefit	2950	0.0619	1.0	0.7308	0.775
adoption_rate	benefit	3000	0.0196	1.0	0.7504	0.8
adoption_rate	cost	3000	0.0007	1.0	0.087	0.34
chemical_control	benefit	550	0.1	1.0	0.1	0.384
chemical_control	benefit	1200	0.008	1.0	0.108	0.44
chemical_control	benefit	1450	0.003	1.0	0.111	0.4567
chemical_control	benefit	1650	0.004	1.0	0.115	0.47
chemical_control	benefit	1750	0.003	1.0	0.118	0.4767
chemical_control	benefit	1800	0.027	1.0	0.145	0.48
chemical_control	benefit	1850	0.004	1.0	0.149	0.4843
chemical_control	benefit	1900	0.005	1.0	0.154	0.4887
chemical_control	benefit	2000	0.013	1.0	0.167	0.4973
chemical_control	benefit	2100	0.004	1.0	0.171	0.506
chemical_control	benefit	2200	0.002	1.0	0.173	0.5147
chemical_control	benefit	2250	0.002	1.0	0.175	0.519
chemical_control	benefit	2300	0.017	1.0	0.192	0.5233
chemical_control	benefit	2350	0.01	1.0	0.202	0.5277
chemical_control	benefit	2400	0.025	1.0	0.227	0.532
chemical_control	benefit	2450	0.005	1.0	0.232	0.546
chemical_control	benefit	2500	0.0061	1.0	0.2381	0.56
chemical_control	benefit	2550	0.0024	1.0	0.2405	0.576
chemical_control	benefit	2600	0.0196	1.0	0.2601	0.592
chemical_control	benefit	2650	0.0108	1.0	0.2709	0.612
chemical_control	benefit	2700	0.0179	1.0	0.2888	0.632
chemical_control	benefit	2750	0.0206	1.0	0.3094	0.656
chemical_control	benefit	2800	0.0254	1.0	0.3348	0.68
chemical_control	benefit	2850	0.0084	1.0	0.3432	0.71
chemical_control	cost	2850	0.004	1.0	0.004	0.1625
chemical_control	benefit	2900	0.003	1.0	0.3462	0.74
chemical_control	cost	2900	0.002	1.0	0.006	0.165
chemical_control	benefit	2950	0.0054	1.0	0.3516	0.77
chemical_control	benefit	3000	0.0038	1.0	0.3554	0.8
clay_yield	benefit	50	0.05	1.0	0.05	0.225
clay_yield	benefit	250	0.02	1.0	0.07	0.3173
clay_yield	benefit	300	0.02	1.0	0.09	0.3375
clay_yield	benefit	1650	0.003	1.0	0.093	0.5288
clay_yield	benefit	2250	0.002	1.0	0.095	0.5839
cohesion	benefit	50	0.2006	1.0	0.2006	0.2
cohesion	cost	50	0.0051	1.0	0.0051	0.1444
cohesion	benefit	100	0.0238	1.0	0.2244	0.224
cohesion	cost	100	0.014	1.0	0.0191	0.1537
cohesion	benefit	150	0.02	1.0	0.2444	0.244
cohesion	cost	150	0.0139	1.0	0.033	0.1631
cohesion	benefit	200	0.0198	1.0	0.2642	0.264
cohesion	cost	200	0.0225	1.0	0.0555	0.1725
cohesion	benefit	250	0.0182	1.0	0.2824	0.282
cohesion	cost	250	0.025	1.0	0.0805	0.1819
cohesion	benefit	300	0.0179	1.0	0.3003	0.3
cohesion	cost	300	0.0189	1.0	0.0994	0.1913
cohesion	benefit	350	0.0174	1.0	0.3177	0.3173
cohesion	cost	350	0.045	1.0	0.1444	0.2006
cohesion	benefit	400	0.0174	1.0	0.3351	0.3347
cohesion	cost	400	0.025	1.0	0.1694	0.21
cohesion	benefit	450	0.0173	1.0	0.3524	0.352
cohesion	benefit	500	0.0162	1.0	0.3686	0.368
cohesion	cost	500	0.01	1.0	0.1794	0.2287
cohesion	benefit	550	0.016	1.0	0.3846	0.384
cohesion	cost	550	0.03	1.0	0.2094	0.2381
cohesion	benefit	600	0.0135	1.0	0.3981	0.4
cohesion	cost	600	0.02	1.0	0.2294	0.2475
cohesion	benefit	650	0.0266	0.118	0.4012	0.4012
cohesion	cost	650	0.0128	1.0	0.2422	0.2501
cohesion	benefit	700	0.039	0.05	0.4032	0.4025
cohesion	cost	700	0.0228	0.463	0.2528	0.2528
cohesion	benefit	750	0.0405	0.05	0.4052	0.4037
cohesion	cost	750	0.011	0.239	0.2554	0.2554
cohesion	benefit	800	0.0368	0.05	0.4071	0.405
cohesion	cost	800	0.0122	0.215	0.258	0.258
cohesion	benefit	850	0.0296	0.05	0.4085	0.4062
cohesion	cost	850	0.0206	0.127	0.2606	0.2606
cohesion	benefit	900	0.0321	0.05	0.4102	0.4075
cohesion	cost	900	0.007	0.375	0.2632	0.2632
cohesion	benefit	950	0.0105	0.05	0.4107	0.4088
cohesion	cost	950	0.0166	0.158	0.2659	0.2659
cohesion	benefit	1000	0.0098	0.05	0.4112	0.41
cohesion	cost	1000	0.0097	0.271	0.2685	0.2685
cohesion	benefit	1050	0.0202	0.05	0.4122	0.4113
cohesion	cost	1050	0.006	0.437	0.2711	0.2711
cohesion	benefit	1100	0.0226	0.05	0.4133	0.4125
cohesion	cost	1100	0.0006	1.0	0.2717	0.2738
cohesion	benefit	1150	0.02	0.05	0.4143	0.4138
cohesion	cost	1150	0.017	0.274	0.2764	0.2764
cohesion	benefit	1200	0.0362	0.05	0.4161	0.415
cohesion	cost	1200	0.0266	0.099	0.279	0.279
cohesion	benefit	1250	0.0159	0.05	0.4169	0.4163
cohesion	cost	1250	0.0041	0.549	0.2812	0.2812
cohesion	benefit	1300	0.0248	0.05	0.4182	0.4175
cohesion	cost	1300	0.0125	0.18	0.2835	0.2835
cohesion	benefit	1350	0.0177	0.05	0.419	0.4188
cohesion	cost	1350	0.0132	0.17	0.2858	0.2858
cohesion	benefit	1400	0.022	0.05	0.4201	0.42
cohesion	cost	1400	0.0102	0.221	0.288	0.288
cohesion	benefit	1450	0.0279	0.05	0.4215	0.4213
cohesion	cost	1450	0.0109	0.206	0.2903	0.2903
cohesion	benefit	1500	0.0253	0.05	0.4228	0.4225
cohesion	cost	1500	0.0096	0.234	0.2925	0.2925
cohesion	benefit	1550	0.0137	0.07	0.4238	0.4238
cohesion	cost	1550	0.0131	0.172	0.2948	0.2948
cohesion	benefit	1600	0.0344	0.05	0.4255	0.425
cohesion	cost	1600	0.007	0.321	0.297	0.297
cohesion	benefit	1650	0.04	0.05	0.4275	0.4263
cohesion	cost	1650	0.009	0.25	0.2993	0.2993
cohesion	benefit	1700	0.0372	0.05	0.4293	0.4275
cohesion	cost	1700	0.0056	0.402	0.3015	0.3015
cohesion	benefit	1750	0.0341	0.05	0.431	0.4288
cohesion	cost	1750	0.0295	0.076	0.3038	0.3038
cohesion	benefit	1800	0.0525	0.05	0.4337	0.43
cohesion	cost	1800	0.0392	0.057	0.306	0.306
cohesion	benefit	1850	0.0231	0.05	0.4348	0.4316
cohesion	cost	1850	0.0133	0.169	0.3083	0.3083
cohesion	benefit	1900	0.0196	0.05	0.4358	0.4333
cohesion	cost	1900	0.0299	0.075	0.3105	0.3105
cohesion	benefit	1950	0.0247	0.05	0.437	0.4349
cohesion	cost	1950	0.0337	0.067	0.3128	0.3128
cohesion	benefit	2000	0.0299	0.05	0.4385	0.4365
cohesion	cost	2000	0.0269	0.084	0.315	0.315
cohesion	benefit	2050	0.018	0.05	0.4394	0.4381
cohesion	cost	2050	0.0162	0.139	0.3173	0.3173
cohesion	benefit	2100	0.0098	0.05	0.4399	0.4398
cohesion	cost	2100	0.0101	0.223	0.3195	0.3195
cohesion	benefit	2150	0.0164	0.089	0.4414	0.4414
cohesion	cost	2150	0.0202	0.111	0.3217	0.3217
cohesion	benefit	2200	0.0208	0.078	0.443	0.443
cohesion	cost	2200	0.0159	0.142	0.324	0.324
cohesion	benefit	2250	0.0119	0.137	0.4446	0.4446
cohesion	cost	2250	0.0173	0.13	0.3262	0.3262
cohesion	benefit	2300	0.0202	0.08	0.4463	0.4463
cohesion	cost	2300	0.0024	0.938	0.3285	0.3285
cohesion	benefit	2350	0.0207	0.079	0.4479	0.4479
cohesion	cost	2350	0.03	0.075	0.3307	0.3307
cohesion	benefit	2400	0.0464	0.05	0.4502	0.4495
cohesion	cost	2400	0.0304	0.074	0.333	0.333
cohesion	benefit	2450	0.0254	0.179	0.4548	0.4548
cohesion	cost	2450	0.0173	0.195	0.3364	0.3364
cohesion	benefit	2500	0.0338	0.155	0.46	0.46
cohesion	cost	2500	0.0111	0.304	0.3397	0.3397
cohesion	benefit	2550	0.0388	0.155	0.466	0.466
cohesion	cost	2550	0.0215	0.157	0.3431	0.3431
cohesion	benefit	2600	0.0332	0.181	0.472	0.472
cohesion	cost	2600	0.0163	0.207	0.3465	0.3465
cohesion	benefit	2650	0.0551	0.136	0.4795	0.4795
cohesion	cost	2650	0.0099	0.341	0.3499	0.3499
cohesion	benefit	2700	0.037	0.203	0.487	0.487
cohesion	cost	2700	0.0054	0.625	0.3533	0.3533
cohesion	benefit	2750	0.0474	0.19	0.496	0.496
cohesion	cost	2750	0.0366	0.092	0.3566	0.3566
cohesion	benefit	2800	0.0672	0.134	0.505	0.505
cohesion	cost	2800	0.0177	0.191	0.36	0.36
cohesion	benefit	2850	0.0566	0.199	0.5162	0.5162
cohesion	cost	2850	0.052	0.108	0.3656	0.3656
cohesion	benefit	2900	0.0328	0.343	0.5275	0.5275
cohesion	cost	2900	0.0373	0.151	0.3712	0.3712
cohesion	benefit	2950	0.0218	0.516	0.5388	0.5388
cohesion	cost	2950	0.0245	0.23	0.3769	0.3769
cohesion	benefit	3000	0.0176	0.639	0.55	0.55
cohesion	cost	3000	0.0317	0.177	0.3825	0.3825
conception_support	benefit	50	0.065	1.0	0.065	0.2156
conception_support	benefit	100	0.082	1.0	0.147	0.2188
conception_support	benefit	150	0.03	1.0	0.177	0.2219
conception_support	cost	200	0.01	1.0	0.01	0.1342
conception_support	cost	300	0.01	1.0	0.02	0.1487
conception_support	benefit	450	0.005	1.0	0.182	0.2406
conception_support	benefit	500	0.008	1.0	0.19	0.2437
conception_support	cost	500	0.005	1.0	0.025	0.1779
conception_support	benefit	550	0.027	1.0	0.217	0.2469
conception_support	benefit	600	0.03	1.0	0.247	0.25
conception_support	cost	600	0.055	1.0	0.08	0.1925
conception_support	benefit	650	0.014	0.274	0.2508	0.2508
conception_support	cost	650	0.003	1.0	0.083	0.1945
conception_support	benefit	700	0.004	0.208	0.2517	0.2517
conception_support	cost	700	0.002	1.0	0.085	0.1966
conception_support	benefit	750	0.004	0.208	0.2525	0.2525
conception_support	cost	750	0.002	1.0	0.087	0.1986
conception_support	benefit	800	0.006	0.139	0.2533	0.2533
conception_support	cost	800	0.008	1.0	0.095	0.2007
conception_support	cost	850	0.01	1.0	0.105	0.2027
conception_support	benefit	1000	0.003	1.0	0.2563	0.2567
conception_support	benefit	1050	0.015	0.078	0.2575	0.2575
conception_support	cost	1050	0.004	1.0	0.109	0.2109
conception_support	benefit	1100	0.006	0.139	0.2583	0.2583
conception_support	cost	1200	0.006	1.0	0.115	0.217
conception_support	benefit	1300	0.006	0.556	0.2617	0.2617
conception_support	cost	1300	0.001	1.0	0.116	0.2205
conception_support	benefit	1350	0.005	0.167	0.2625	0.2625
conception_support	cost	1400	0.002	1.0	0.118	0.224
conception_support	cost	1450	0.002	1.0	0.12	0.2257
conception_support	benefit	1500	0.002	1.0	0.2645	0.265
conception_support	cost	1500	0.002	1.0	0.122	0.2275
conception_support	cost	1550	0.004	1.0	0.126	0.2292
conception_support	benefit	1600	0.003	0.722	0.2667	0.2667
conception_support	cost	1600	0.004	1.0	0.13	0.231
conception_support	benefit	1650	0.003	0.278	0.2675	0.2675
conception_support	cost	1650	0.001	1.0	0.131	0.2327
conception_support	benefit	1700	0.004	0.208	0.2683	0.2683
conception_support	benefit	1750	0.003	0.278	0.2692	0.2692
conception_support	cost	1750	0.002	1.0	0.133	0.2362
conception_support	benefit	1800	0.003	0.278	0.27	0.27
conception_support	cost	1800	0.006	1.0	0.139	0.238
conception_support	benefit	1850	0.006	0.181	0.2711	0.2711
conception_support	cost	1850	0.001	1.0	0.14	0.2397
conception_support	benefit	1900	0.005	0.217	0.2722	0.2722
conception_support	benefit	1950	0.004	0.271	0.2732	0.2732
conception_support	benefit	2000	0.004	0.271	0.2743	0.2743
conception_support	cost	2000	0.002	1.0	0.142	0.245
conception_support	benefit	2050	0.002	0.542	0.2754	0.2754
conception_support	benefit	2100	0.001	1.0	0.2764	0.2765
conception_support	cost	2100	0.002	1.0	0.144	0.2485
conception_support	benefit	2150	0.008	0.146	0.2776	0.2776
conception_support	cost	2150	0.003	1.0	0.147	0.2502
conception_support	benefit	2200	0.003	0.361	0.2787	0.2787
conception_support	cost	2200	0.001	1.0	0.148	0.252
conception_support	benefit	2250	0.002	0.542	0.2797	0.2797
conception_support	benefit	2300	0.001	1.0	0.2807	0.2808
conception_support	benefit	2350	0.003	0.389	0.2819	0.2819
conception_support	cost	2350	0.008	1.0	0.156	0.2572
conception_support	benefit	2400	0.001	1.0	0.2829	0.283
conception_support	cost	2400	0.01	1.0	0.166	0.259
conception_support	cost	2450	0.008	1.0	0.174	0.2616
conception_support	benefit	2500	0.002	1.0	0.2849	0.29
conception_support	cost	2500	0.002	1.0	0.176	0.2642
conception_support	cost	2550	0.017	1.0	0.193	0.2669
conception_support	benefit	2600	0.007	1.0	0.2919	0.298
conception_support	cost	2600	0.072	1.0	0.265	0.2695
conception_support	cost	2650	0.014	0.509	0.2721	0.2721
conception_support	benefit	2700	0.001	1.0	0.2929	0.308
conception_support	cost	2700	0.003	0.875	0.2747	0.2747
conception_support	cost	2750	0.079	0.05	0.2787	0.2774
conception_support	benefit	2800	0.012	1.0	0.3049	0.32
conception_support	cost	2800	0.003	0.433	0.28	0.28
conception_support	cost	2850	0.199	0.05	0.2899	0.2844
conception_support	benefit	2900	0.013	1.0	0.3179	0.335
conception_support	cost	2900	0.1	0.05	0.2949	0.2887
conception_support	cost	2950	0.008	0.05	0.2954	0.2931
conception_support	benefit	3000	0.006	1.0	0.3239	0.35
conception_support	cost	3000	0.006	0.358	0.2975	0.2975
construction_rate	benefit	50	0.1351	1.0	0.1351	0.135
construction_rate	benefit	100	0.027	1.0	0.1621	0.162
construction_rate	benefit	150	0.0249	1.0	0.187	0.1867
construction_rate	benefit	200	0.0248	1.0	0.2118	0.2115
construction_rate	benefit	250	0.0247	1.0	0.2365	0.2362
construction_rate	benefit	300	0.0247	1.0	0.2612	0.261
construction_rate	benefit	350	0.0303	1.0	0.2915	0.291
construction_rate	benefit	400	0.0299	1.0	0.3214	0.321
construction_rate	benefit	450	0.03	1.0	0.3514	0.351
construction_rate	benefit	500	0.033	1.0	0.3844	0.384
construction_rate	benefit	550	0.0329	1.0	0.4173	0.417
construction_rate	benefit	600	0.0281	1.0	0.4454	0.45
construction_rate	benefit	650	0.0166	0.608	0.4555	0.4555
construction_rate	benefit	700	0.0048	1.0	0.4603	0.461
construction_rate	benefit	750	0.0233	0.266	0.4665	0.4665
construction_rate	benefit	800	0.0334	0.165	0.472	0.472
construction_rate	benefit	850	0.0246	0.224	0.4775	0.4775
construction_rate	benefit	900	0.0308	0.179	0.483	0.483
construction_rate	benefit	950	0.0277	0.199	0.4885	0.4885
construction_rate	benefit	1000	0.0172	0.32	0.494	0.494
construction_rate	benefit	1050	0.0359	0.153	0.4995	0.4995
construction_rate	benefit	1100	0.0124	0.444	0.505	0.505
construction_rate	benefit	1150	0.009	0.611	0.5105	0.5105
construction_rate	benefit	1200	0.0123	0.447	0.516	0.516
construction_rate	benefit	1250	0.007	0.786	0.5215	0.5215
construction_rate	benefit	1300	0.0197	0.279	0.527	0.527
construction_rate	benefit	1350	0.008	0.687	0.5325	0.5325
construction_rate	benefit	1400	0.005	1.0	0.5375	0.538
construction_rate	benefit	1450	0.017	0.353	0.5435	0.5435
construction_rate	benefit	1500	0.0056	0.982	0.549	0.549
construction_rate	benefit	1550	0.0106	0.519	0.5545	0.5545
construction_rate	benefit	1600	0.0223	0.247	0.56	0.56
construction_rate	benefit	1650	0.0355	0.155	0.5655	0.5655
construction_rate	benefit	1700	0.0314	0.175	0.571	0.571
construction_rate	benefit	1750	0.0148	0.372	0.5765	0.5765
construction_rate	benefit	1800	0.004	1.0	0.5805	0.582
construction_rate	benefit	1850	0.0142	0.622	0.5893	0.5893
construction_rate	benefit	1900	0.027	0.272	0.5967	0.5967
construction_rate	benefit	1950	0.0131	0.56	0.604	0.604
construction_rate	benefit	2000	0.005	1.0	0.609	0.6113
construction_rate	benefit	2100	0.0071	1.0	0.6161	0.626
construction_rate	benefit	2150	0.0095	1.0	0.6256	0.6333
construction_rate	benefit	2200	0.0135	1.0	0.6391	0.6407
construction_rate	benefit	2250	0.008	1.0	0.6471	0.648
construction_rate	benefit	2300	0.0195	0.422	0.6553	0.6553
construction_rate	benefit	2350	0.0165	0.444	0.6627	0.6627
construction_rate	benefit	2400	0.0146	0.502	0.67	0.67
construction_rate	benefit	2450	0.0097	1.0	0.6797	0.692
construction_rate	benefit	2500	0.0409	0.839	0.714	0.714
construction_rate	benefit	2550	0.0286	0.865	0.7388	0.7388
construction_rate	benefit	2600	0.0112	1.0	0.75	0.7635
construction_rate	cost	2600	0.001	1.0	0.001	0.308
construction_rate	benefit	2650	0.0553	0.742	0.791	0.791
construction_rate	cost	2650	0.001	1.0	0.002	0.311
construction_rate	benefit	2700	0.0125	1.0	0.8035	0.8185
construction_rate	cost	2700	0.0013	1.0	0.0033	0.314
construction_rate	benefit	2750	0.0111	1.0	0.8146	0.8488
construction_rate	benefit	2800	0.0379	1.0	0.8525	0.879
construction_rate	benefit	2850	0.0319	1.0	0.8844	0.912
construction_rate	cost	2850	0.006	1.0	0.0093	0.325
construction_rate	benefit	2900	0.0026	1.0	0.887	0.945
construction_rate	cost	2900	0.0036	1.0	0.0129	0.33
construction_rate	cost	2950	0.0023	1.0	0.0152	0.335
construction_rate	benefit	3000	0.0104	1.0	0.8974	1.0
construction_rate	cost	3000	0.004	1.0	0.0192	0.34
container_capacity	benefit	50	0.1652	1.0	0.1652	0.165
container_capacity	benefit	100	0.033	1.0	0.1982	0.198
container_capacity	benefit	150	0.01	1.0	0.2082	0.2283
container_capacity	benefit	200	0.02	1.0	0.2282	0.2585
container_capacity	benefit	250	0.0608	1.0	0.289	0.2887
container_capacity	benefit	400	0.02	1.0	0.309	0.3923
container_capacity	benefit	450	0.05	1.0	0.359	0.429
container_capacity	benefit	500	0.02	1.0	0.379	0.4693
container_capacity	benefit	600	0.08	1.0	0.459	0.55
container_capacity	benefit	750	0.0048	1.0	0.4638	0.5695
container_capacity	benefit	800	0.005	1.0	0.4688	0.576
container_capacity	benefit	850	0.007	1.0	0.4758	0.5825
container_capacity	benefit	900	0.004	1.0	0.4798	0.589
container_capacity	benefit	1000	0.009	1.0	0.4888	0.602
container_capacity	benefit	1050	0.0336	1.0	0.5224	0.6085
container_capacity	benefit	1100	0.02	1.0	0.5424	0.615
container_capacity	benefit	1150	0.007	1.0	0.5494	0.6215
container_capacity	benefit	1250	0.003	1.0	0.5524	0.6345
container_capacity	benefit	1350	0.002	1.0	0.5544	0.6475
container_capacity	benefit	1400	0.0034	1.0	0.5578	0.654
container_capacity	benefit	1450	0.0108	1.0	0.5686	0.6605
container_capacity	benefit	1500	0.006	1.0	0.5746	0.667
container_capacity	benefit	1550	0.001	1.0	0.5756	0.6735
container_capacity	benefit	1600	0.003	1.0	0.5786	0.68
container_capacity	benefit	1700	0.0042	1.0	0.5828	0.693
container_capacity	benefit	1750	0.0096	1.0	0.5924	0.6995
container_capacity	benefit	1850	0.0172	1.0	0.6096	0.7147
container_capacity	benefit	1900	0.0144	1.0	0.624	0.7233
container_capacity	benefit	1950	0.0039	1.0	0.6279	0.732
container_capacity	benefit	2000	0.0134	1.0	0.6413	0.7407
container_capacity	benefit	2050	0.0075	1.0	0.6488	0.7493
container_capacity	benefit	2100	0.0115	1.0	0.6603	0.758
container_capacity	benefit	2150	0.003	1.0	0.6633	0.7667
container_capacity	benefit	2250	0.0158	1.0	0.6791	0.784
container_capacity	benefit	2300	0.004	1.0	0.6831	0.7927
container_capacity	benefit	2350	0.005	1.0	0.6881	0.8013
container_capacity	benefit	2400	0.007	1.0	0.6951	0.81
container_capacity	benefit	2500	0.006	1.0	0.7011	0.862
container_capacity	benefit	2550	0.0198	1.0	0.7209	0.8912
container_capacity	benefit	2600	0.016	1.0	0.7369	0.9205
container_capacity	benefit	2650	0.0096	1.0	0.7465	0.953
container_capacity	benefit	2700	0.006	1.0	0.7525	0.9855
container_capacity	benefit	2750	0.004	1.0	0.7565	1.0212
container_capacity	benefit	2800	0.045	1.0	0.8015	1.057
container_capacity	benefit	2850	0.0222	1.0	0.8237	1.096
container_capacity	benefit	2900	0.008	1.0	0.8317	1.135
container_capacity	benefit	3000	0.0042	1.0	0.8359	1.2
craft_output	benefit	50	0.1352	1.0	0.1352	0.135
craft_output	benefit	100	0.0271	1.0	0.1623	0.162
craft_output	benefit	150	0.0248	1.0	0.1871	0.1867
craft_output	benefit	200	0.0248	1.0	0.2119	0.2115
craft_output	benefit	250	0.0248	1.0	0.2367	0.2362
craft_output	benefit	300	0.0248	1.0	0.2615	0.261
craft_output	benefit	350	0.03	1.0	0.2915	0.291
craft_output	benefit	400	0.03	1.0	0.3215	0.321
craft_output	benefit	450	0.0302	1.0	0.3517	0.351
craft_output	benefit	500	0.033	1.0	0.3847	0.384
craft_output	benefit	550	0.033	1.0	0.4177	0.417
craft_output	benefit	600	0.033	1.0	0.4507	0.45
craft_output	benefit	650	0.0345	0.139	0.4555	0.4555
craft_output	benefit	700	0.0136	0.404	0.461	0.461
craft_output	benefit	750	0.0124	0.444	0.4665	0.4665
craft_output	benefit	800	0.0297	0.185	0.472	0.472
craft_output	benefit	850	0.0406	0.135	0.4775	0.4775
craft_output	benefit	900	0.0177	0.311	0.483	0.483
craft_output	benefit	950	0.0194	0.284	0.4885	0.4885
craft_output	benefit	1000	0.0211	0.261	0.494	0.494
craft_output	benefit	1050	0.0317	0.174	0.4995	0.4995
craft_output	benefit	1100	0.0109	0.505	0.505	0.505
craft_output	benefit	1150	0.0194	0.284	0.5105	0.5105
craft_output	benefit	1200	0.0056	0.982	0.516	0.516
craft_output	benefit	1250	0.0085	0.647	0.5215	0.5215
craft_output	cost	1250	0.001	1.0	0.001	0.25
craft_output	benefit	1300	0.0065	0.846	0.527	0.527
craft_output	benefit	1350	0.0127	0.433	0.5325	0.5325
craft_output	benefit	1400	0.0138	0.399	0.538	0.538
craft_output	benefit	1450	0.0179	0.307	0.5435	0.5435
craft_output	benefit	1500	0.0242	0.227	0.549	0.549
craft_output	benefit	1550	0.0154	0.357	0.5545	0.5545
craft_output	benefit	1600	0.0184	0.299	0.56	0.56
craft_output	benefit	1650	0.0168	0.327	0.5655	0.5655
craft_output	benefit	1700	0.0187	0.294	0.571	0.571
craft_output	cost	1700	0.0024	1.0	0.0034	0.268
craft_output	benefit	1750	0.0333	0.165	0.5765	0.5765
craft_output	cost	1750	0.0028	1.0	0.0062	0.27
craft_output	benefit	1800	0.0199	0.276	0.582	0.582
craft_output	cost	1800	0.001	1.0	0.0072	0.272
craft_output	benefit	1850	0.0066	1.0	0.5886	0.5893
craft_output	benefit	1900	0.0157	0.514	0.5967	0.5967
craft_output	benefit	1950	0.0139	0.528	0.604	0.604
craft_output	cost	1950	0.001	1.0	0.0082	0.278
craft_output	benefit	2000	0.0124	0.591	0.6113	0.6113
craft_output	benefit	2050	0.0138	0.531	0.6187	0.6187
craft_output	cost	2050	0.002	1.0	0.0102	0.282
craft_output	benefit	2100	0.0063	1.0	0.625	0.626
craft_output	benefit	2150	0.0139	0.602	0.6333	0.6333
craft_output	benefit	2200	0.0134	0.547	0.6407	0.6407
craft_output	benefit	2250	0.0062	1.0	0.6469	0.648
craft_output	benefit	2300	0.0111	0.763	0.6553	0.6553
craft_output	cost	2300	0.002	1.0	0.0122	0.292
craft_output	benefit	2350	0.0159	0.461	0.6627	0.6627
craft_output	benefit	2400	0.0278	0.264	0.67	0.67
craft_output	cost	2400	0.0012	1.0	0.0134	0.296
craft_output	benefit	2450	0.0299	0.736	0.692	0.692
craft_output	benefit	2500	0.0328	0.671	0.714	0.714
craft_output	benefit	2550	0.0226	1.0	0.7366	0.7388
craft_output	cost	2550	0.001	1.0	0.0144	0.305
craft_output	benefit	2600	0.0424	0.634	0.7635	0.7635
craft_output	cost	2600	0.002	1.0	0.0164	0.308
craft_output	benefit	2650	0.0387	0.711	0.791	0.791
craft_output	cost	2650	0.004	1.0	0.0204	0.311
craft_output	benefit	2700	0.0342	0.804	0.8185	0.8185
craft_output	benefit	2750	0.0337	0.898	0.8488	0.8488
craft_output	benefit	2800	0.0365	0.829	0.879	0.879
craft_output	benefit	2850	0.0534	0.618	0.912	0.912
craft_output	cost	2850	0.002	1.0	0.0224	0.325
craft_output	benefit	2900	0.0159	1.0	0.9279	0.945
craft_output	cost	2900	0.009	1.0	0.0314	0.33
craft_output	benefit	2950	0.0035	1.0	0.9314	0.9725
craft_output	cost	2950	0.007	1.0	0.0384	0.335
craft_output	benefit	3000	0.001	1.0	0.9324	1.0
craft_output	cost	3000	0.01	1.0	0.0484	0.34
cultivation_yield	benefit	50	0.1499	1.0	0.1499	0.15
cultivation_yield	benefit	100	0.03	1.0	0.1799	0.18
cultivation_yield	benefit	150	0.0277	1.0	0.2076	0.2075
cultivation_yield	benefit	200	0.0275	1.0	0.2351	0.235
cultivation_yield	benefit	250	0.02	1.0	0.2551	0.2625
cultivation_yield	benefit	300	0.0351	1.0	0.2902	0.29
cultivation_yield	benefit	350	0.03	1.0	0.3202	0.3233
cultivation_yield	benefit	400	0.03	1.0	0.3502	0.3567
cultivation_yield	benefit	450	0.0397	1.0	0.3899	0.39
cultivation_yield	benefit	500	0.0367	1.0	0.4266	0.4267
cultivation_yield	benefit	550	0.03	1.0	0.4566	0.4633
cultivation_yield	benefit	600	0.0433	1.0	0.4999	0.5
cultivation_yield	benefit	650	0.0137	0.299	0.504	0.504
cultivation_yield	cost	650	0.0017	1.0	0.0017	0.1945
cultivation_yield	benefit	700	0.0251	0.159	0.508	0.508
cultivation_yield	benefit	750	0.0281	0.142	0.512	0.512
cultivation_yield	benefit	800	0.0195	0.205	0.516	0.516
cultivation_yield	benefit	850	0.0083	0.482	0.52	0.52
cultivation_yield	benefit	900	0.0292	0.137	0.524	0.524
cultivation_yield	benefit	950	0.0132	0.303	0.528	0.528
cultivation_yield	benefit	1000	0.0139	0.288	0.532	0.532
cultivation_yield	cost	1000	0.0048	1.0	0.0065	0.2088
cultivation_yield	benefit	1050	0.0092	0.435	0.536	0.536
cultivation_yield	benefit	1100	0.021	0.19	0.54	0.54
cultivation_yield	benefit	1150	0.0223	0.179	0.544	0.544
cultivation_yield	cost	1150	0.0026	1.0	0.0091	0.215
cultivation_yield	benefit	1200	0.0042	0.952	0.548	0.548
cultivation_yield	cost	1200	0.0008	1.0	0.0099	0.217
cultivation_yield	benefit	1250	0.0201	0.199	0.552	0.552
cultivation_yield	benefit	1300	0.0079	0.506	0.556	0.556
cultivation_yield	cost	1300	0.001	1.0	0.0109	0.2205
cultivation_yield	benefit	1350	0.0182	0.22	0.56	0.56
cultivation_yield	benefit	1400	0.0215	0.186	0.564	0.564
cultivation_yield	benefit	1450	0.0481	0.083	0.568	0.568
cultivation_yield	cost	1450	0.001	1.0	0.0119	0.2257
cultivation_yield	benefit	1500	0.0351	0.114	0.572	0.572
cultivation_yield	cost	1500	0.003	1.0	0.0149	0.2275
cultivation_yield	benefit	1550	0.0191	0.209	0.576	0.576
cultivation_yield	benefit	1600	0.0222	0.18	0.58	0.58
cultivation_yield	benefit	1650	0.011	0.364	0.584	0.584
cultivation_yield	cost	1650	0.004	1.0	0.0189	0.2327
cultivation_yield	benefit	1700	0.0122	0.328	0.588	0.588
cultivation_yield	benefit	1750	0.0084	0.476	0.592	0.592
cultivation_yield	cost	1750	0.003	1.0	0.0219	0.2362
cultivation_yield	benefit	1800	0.0091	0.44	0.596	0.596
cultivation_yield	cost	1800	0.006	1.0	0.0279	0.238
cultivation_yield	benefit	1850	0.0165	0.323	0.6013	0.6013
cultivation_yield	cost	1850	0.008	1.0	0.0359	0.2397
cultivation_yield	cost	1900	0.009	1.0	0.0449	0.2415
cultivation_yield	benefit	1950	0.043	0.248	0.612	0.612
cultivation_yield	benefit	2000	0.043	0.124	0.6173	0.6173
cultivation_yield	cost	2000	0.003	1.0	0.0479	0.245
cultivation_yield	benefit	2050	0.01	0.533	0.6227	0.6227
cultivation_yield	benefit	2100	0.03	0.178	0.628	0.628
cultivation_yield	cost	2100	0.003	1.0	0.0509	0.2485
cultivation_yield	benefit	2150	0.003	1.0	0.631	0.6333
cultivation_yield	benefit	2200	0.017	0.451	0.6387	0.6387
cultivation_yield	cost	2200	0.002	1.0	0.0529	0.252
cultivation_yield	benefit	2250	0.0175	0.305	0.644	0.644
cultivation_yield	benefit	2300	0.033	0.162	0.6493	0.6493
cultivation_yield	benefit	2350	0.0505	0.106	0.6547	0.6547
cultivation_yield	benefit	2400	0.028	0.19	0.66	0.66
cultivation_yield	cost	2400	0.006	1.0	0.0589	0.259
cultivation_yield	benefit	2450	0.007	1.0	0.667	0.676
cultivation_yield	benefit	2500	0.0072	1.0	0.6742	0.692
cultivation_yield	cost	2500	0.003	1.0	0.0619	0.2642
cultivation_yield	benefit	2550	0.0516	0.694	0.71	0.71
cultivation_yield	benefit	2600	0.015	1.0	0.725	0.728
cultivation_yield	benefit	2650	0.0126	1.0	0.7376	0.748
cultivation_yield	cost	2650	0.004	1.0	0.0659	0.2721
cultivation_yield	benefit	2700	0.03	1.0	0.7676	0.768
cultivation_yield	benefit	2750	0.03	0.747	0.79	0.79
cultivation_yield	benefit	2800	0.0132	1.0	0.8032	0.812
cultivation_yield	cost	2800	0.008	1.0	0.0739	0.28
cultivation_yield	benefit	2850	0.032	1.0	0.8352	0.836
cultivation_yield	cost	2850	0.003	1.0	0.0769	0.2844
cultivation_yield	benefit	2900	0.0036	1.0	0.8388	0.86
cultivation_yield	cost	2900	0.006	1.0	0.0829	0.2887
cultivation_yield	benefit	2950	0.018	1.0	0.8568	0.88
cultivation_yield	benefit	3000	0.0204	1.0	0.8772	0.9
cultivation_yield	cost	3000	0.002	1.0	0.0849	0.2975
disaster_resilience	benefit	50	0.1051	1.0	0.1051	0.105
disaster_resilience	benefit	100	0.02	1.0	0.1251	0.126
disaster_resilience	benefit	150	0.0202	1.0	0.1453	0.1452
disaster_resilience	benefit	200	0.0192	1.0	0.1645	0.1645
disaster_resilience	benefit	250	0.0193	1.0	0.1838	0.1837
disaster_resilience	benefit	300	0.0192	1.0	0.203	0.203
disaster_resilience	benefit	350	0.0234	1.0	0.2264	0.2263
disaster_resilience	benefit	400	0.0234	1.0	0.2498	0.2497
disaster_resilience	benefit	450	0.0233	1.0	0.2731	0.273
disaster_resilience	benefit	500	0.0257	1.0	0.2988	0.2987
disaster_resilience	benefit	550	0.02	1.0	0.3188	0.3243
disaster_resilience	benefit	600	0.0314	1.0	0.3502	0.35
disaster_resilience	benefit	650	0.0198	0.217	0.3545	0.3545
disaster_resilience	benefit	700	0.0296	0.152	0.359	0.359
disaster_resilience	benefit	750	0.0061	0.738	0.3635	0.3635
disaster_resilience	benefit	800	0.0125	0.36	0.368	0.368
disaster_resilience	benefit	850	0.0227	0.198	0.3725	0.3725
disaster_resilience	benefit	900	0.018	0.25	0.377	0.377
disaster_resilience	benefit	950	0.0233	0.193	0.3815	0.3815
disaster_resilience	benefit	1000	0.0269	0.167	0.386	0.386
disaster_resilience	benefit	1050	0.021	0.214	0.3905	0.3905
disaster_resilience	benefit	1100	0.0191	0.236	0.395	0.395
disaster_resilience	benefit	1150	0.0042	1.0	0.3992	0.3995
disaster_resilience	benefit	1200	0.0161	0.298	0.404	0.404
disaster_resilience	benefit	1250	0.011	0.409	0.4085	0.4085
disaster_resilience	benefit	1300	0.0178	0.253	0.413	0.413
disaster_resilience	benefit	1350	0.013	0.346	0.4175	0.4175
disaster_resilience	benefit	1400	0.004	1.0	0.4215	0.422
disaster_resilience	benefit	1450	0.017	0.294	0.4265	0.4265
disaster_resilience	benefit	1500	0.012	0.375	0.431	0.431
disaster_resilience	benefit	1550	0.008	0.563	0.4355	0.4355
disaster_resilience	benefit	1600	0.019	0.237	0.44	0.44
disaster_resilience	benefit	1650	0.0185	0.243	0.4445	0.4445
disaster_resilience	benefit	1700	0.024	0.188	0.449	0.449
disaster_resilience	benefit	1750	0.014	0.321	0.4535	0.4535
disaster_resilience	benefit	1800	0.0215	0.209	0.458	0.458
disaster_resilience	benefit	1850	0.0202	0.297	0.464	0.464
disaster_resilience	benefit	1900	0.0042	1.0	0.4682	0.47
disaster_resilience	benefit	1950	0.0021	1.0	0.4703	0.476
disaster_resilience	benefit	2000	0.0104	1.0	0.4807	0.482
disaster_resilience	benefit	2050	0.0056	1.0	0.4863	0.488
disaster_resilience	benefit	2100	0.0159	0.484	0.494	0.494
disaster_resilience	benefit	2150	0.0068	0.882	0.5	0.5
disaster_resilience	benefit	2200	0.018	0.333	0.506	0.506
disaster_resilience	benefit	2250	0.0068	0.882	0.512	0.512
disaster_resilience	benefit	2300	0.0084	0.714	0.518	0.518
disaster_resilience	benefit	2350	0.029	0.207	0.524	0.524
disaster_resilience	cost	2350	0.002	1.0	0.002	0.294
disaster_resilience	benefit	2400	0.0243	0.247	0.53	0.53
disaster_resilience	benefit	2450	0.0028	1.0	0.5328	0.548
disaster_resilience	benefit	2500	0.0114	1.0	0.5442	0.566
disaster_resilience	benefit	2550	0.02	1.0	0.5642	0.5862
disaster_resilience	benefit	2600	0.0302	1.0	0.5944	0.6065
disaster_resilience	cost	2600	0.0008	1.0	0.0028	0.308
disaster_resilience	benefit	2650	0.0258	1.0	0.6202	0.629
disaster_resilience	benefit	2700	0.0278	1.0	0.648	0.6515
disaster_resilience	benefit	2750	0.0192	1.0	0.6672	0.6763
disaster_resilience	benefit	2800	0.045	0.751	0.701	0.701
disaster_resilience	benefit	2850	0.0312	0.865	0.728	0.728
disaster_resilience	benefit	2900	0.035	0.771	0.755	0.755
disaster_resilience	cost	2900	0.0008	1.0	0.0036	0.33
disaster_resilience	benefit	2950	0.0108	1.0	0.7658	0.7775
disaster_resilience	cost	2950	0.0008	1.0	0.0044	0.335
disaster_resilience	benefit	3000	0.0522	0.655	0.8	0.8
disaster_risk	benefit	50	0.06	1.0	0.06	0.06
disaster_risk	cost	50	0.009	1.0	0.009	0.2085
disaster_risk	benefit	100	0.0072	1.0	0.0672	0.0672
disaster_risk	benefit	150	0.0061	1.0	0.0733	0.0732
disaster_risk	benefit	200	0.0061	1.0	0.0794	0.0792
disaster_risk	cost	200	0.004	1.0	0.013	0.2492
disaster_risk	benefit	250	0.0053	1.0	0.0847	0.0846
disaster_risk	benefit	300	0.0054	1.0	0.0901	0.09
disaster_risk	benefit	350	0.0052	1.0	0.0953	0.0952
disaster_risk	benefit	400	0.0052	1.0	0.1005	0.1004
disaster_risk	cost	450	0.005	1.0	0.018	0.3169
disaster_risk	benefit	500	0.01	1.0	0.1105	0.1104
disaster_risk	benefit	550	0.0048	1.0	0.1153	0.1152
disaster_risk	benefit	600	0.0048	1.0	0.1201	0.12
disaster_risk	benefit	650	0.006	0.094	0.1207	0.1207
disaster_risk	benefit	700	0.0017	0.392	0.1213	0.1213
disaster_risk	benefit	750	0.0057	0.117	0.122	0.122
disaster_risk	benefit	800	0.0018	0.37	0.1227	0.1227
disaster_risk	benefit	850	0.0047	0.142	0.1233	0.1233
disaster_risk	benefit	900	0.0054	0.123	0.124	0.124
disaster_risk	cost	900	0.0017	1.0	0.0197	0.3802
disaster_risk	benefit	950	0.0082	0.081	0.1247	0.1247
disaster_risk	benefit	1000	0.005	0.133	0.1253	0.1253
disaster_risk	cost	1000	0.006	1.0	0.0257	0.3878
disaster_risk	benefit	1050	0.0024	0.278	0.126	0.126
disaster_risk	cost	1050	0.0046	1.0	0.0303	0.3916
disaster_risk	benefit	1100	0.0057	0.117	0.1267	0.1267
disaster_risk	benefit	1150	0.0052	0.128	0.1273	0.1273
disaster_risk	benefit	1200	0.0072	0.093	0.128	0.128
disaster_risk	benefit	1250	0.002	0.333	0.1287	0.1287
disaster_risk	cost	1250	0.001	1.0	0.0313	0.4062
disaster_risk	benefit	1300	0.002	0.333	0.1293	0.1293
disaster_risk	cost	1350	0.005	1.0	0.0363	0.4128
disaster_risk	benefit	1400	0.003	0.444	0.1307	0.1307
disaster_risk	cost	1400	0.001	1.0	0.0373	0.416
disaster_risk	benefit	1450	0.003	0.222	0.1313	0.1313
disaster_risk	benefit	1500	0.005	0.133	0.132	0.132
disaster_risk	cost	1500	0.001	1.0	0.0383	0.4225
disaster_risk	benefit	1550	0.004	0.167	0.1327	0.1327
disaster_risk	cost	1550	0.001	1.0	0.0393	0.4258
disaster_risk	benefit	1600	0.003	0.222	0.1333	0.1333
disaster_risk	benefit	1650	0.002	0.333	0.134	0.134
disaster_risk	cost	1650	0.001	1.0	0.0403	0.4323
disaster_risk	benefit	1700	0.005	0.133	0.1347	0.1347
disaster_risk	cost	1700	0.002	1.0	0.0423	0.4355
disaster_risk	benefit	1750	0.018	0.05	0.1356	0.1353
disaster_risk	cost	1750	0.004	1.0	0.0463	0.4388
disaster_risk	benefit	1800	0.005	0.087	0.136	0.136
disaster_risk	cost	1800	0.007	1.0	0.0533	0.442
disaster_risk	benefit	1850	0.009	0.096	0.1369	0.1369
disaster_risk	cost	1850	0.009	1.0	0.0623	0.4453
disaster_risk	benefit	1900	0.002	0.433	0.1377	0.1377
disaster_risk	cost	1900	0.002	1.0	0.0643	0.4485
disaster_risk	benefit	1950	0.004	0.217	0.1386	0.1386
disaster_risk	cost	1950	0.003	1.0	0.0673	0.4518
disaster_risk	cost	2000	0.007	1.0	0.0743	0.455
disaster_risk	benefit	2100	0.004	0.65	0.1412	0.1412
disaster_risk	benefit	2150	0.005	0.173	0.1421	0.1421
disaster_risk	cost	2150	0.001	1.0	0.0753	0.4647
disaster_risk	benefit	2200	0.008	0.108	0.1429	0.1429
disaster_risk	cost	2200	0.003	1.0	0.0783	0.468
disaster_risk	benefit	2300	0.002	0.867	0.1447	0.1447
disaster_risk	benefit	2350	0.027	0.05	0.146	0.1455
disaster_risk	benefit	2400	0.011	0.05	0.1466	0.1464
disaster_risk	cost	2400	0.005	1.0	0.0833	0.481
disaster_risk	cost	2450	0.006	1.0	0.0893	0.4859
disaster_risk	cost	2500	0.01	1.0	0.0993	0.4908
disaster_risk	benefit	2550	0.012	0.719	0.1552	0.1552
disaster_risk	benefit	2600	0.028	0.114	0.1584	0.1584
disaster_risk	cost	2600	0.012	1.0	0.1113	0.5005
disaster_risk	benefit	2650	0.01	0.4	0.1624	0.1624
disaster_risk	cost	2650	0.002	1.0	0.1133	0.5054
disaster_risk	cost	2700	0.008	1.0	0.1213	0.5103
disaster_risk	benefit	2750	0.009	0.978	0.1712	0.1712
disaster_risk	cost	2750	0.004	1.0	0.1253	0.5151
disaster_risk	benefit	2800	0.006	0.8	0.176	0.176
disaster_risk	cost	2800	0.023	1.0	0.1483	0.52
disaster_risk	benefit	2850	0.031	0.194	0.182	0.182
disaster_risk	cost	2850	0.033	1.0	0.1813	0.5281
disaster_risk	benefit	2900	0.028	0.214	0.188	0.188
disaster_risk	cost	2900	0.002	1.0	0.1833	0.5363
disaster_risk	benefit	2950	0.002	1.0	0.19	0.194
disaster_risk	cost	2950	0.004	1.0	0.1873	0.5444
disaster_risk	benefit	3000	0.015	0.667	0.2	0.2
disaster_risk	cost	3000	0.015	1.0	0.2023	0.5525
disease_exposure	benefit	50	0.1	1.0	0.1	0.1
disease_exposure	cost	50	0.031	1.0	0.031	0.1765
disease_exposure	benefit	100	0.0119	1.0	0.1119	0.112
disease_exposure	benefit	150	0.0101	1.0	0.122	0.122
disease_exposure	cost	150	0.015	1.0	0.046	0.1994
disease_exposure	benefit	200	0.0101	1.0	0.1321	0.132
disease_exposure	cost	200	0.006	1.0	0.052	0.2108
disease_exposure	benefit	250	0.0091	1.0	0.1412	0.141
disease_exposure	benefit	300	0.009	1.0	0.1502	0.15
disease_exposure	cost	300	0.03	1.0	0.082	0.2338
disease_exposure	benefit	350	0.0096	1.0	0.1598	0.1587
disease_exposure	benefit	400	0.0078	1.0	0.1676	0.1673
disease_exposure	cost	400	0.01	1.0	0.092	0.2567
disease_exposure	benefit	450	0.0106	1.0	0.1782	0.176
disease_exposure	cost	450	0.02	1.0	0.112	0.2681
disease_exposure	benefit	550	0.0141	1.0	0.1923	0.192
disease_exposure	benefit	600	0.008	1.0	0.2003	0.2
disease_exposure	cost	600	0.01	1.0	0.122	0.3025
disease_exposure	benefit	650	0.014	0.187	0.2029	0.2029
disease_exposure	cost	650	0.008	1.0	0.13	0.3057
disease_exposure	benefit	700	0.0346	0.084	0.2058	0.2058
disease_exposure	cost	700	0.006	1.0	0.136	0.3089
disease_exposure	cost	750	0.0016	1.0	0.1376	0.3121
disease_exposure	benefit	800	0.008	0.729	0.2117	0.2117
disease_exposure	cost	800	0.01	1.0	0.1476	0.3153
disease_exposure	benefit	850	0.0074	0.394	0.2146	0.2146
disease_exposure	cost	850	0.0198	1.0	0.1674	0.3185
disease_exposure	benefit	900	0.01	0.292	0.2175	0.2175
disease_exposure	cost	900	0.0104	1.0	0.1778	0.3217
disease_exposure	benefit	950	0.0017	1.0	0.2192	0.2204
disease_exposure	cost	950	0.005	1.0	0.1828	0.325
disease_exposure	benefit	1000	0.016	0.258	0.2233	0.2233
disease_exposure	cost	1000	0.0442	1.0	0.227	0.3282
disease_exposure	benefit	1050	0.0202	0.144	0.2263	0.2263
disease_exposure	cost	1050	0.0064	1.0	0.2334	0.3314
disease_exposure	benefit	1100	0.0164	0.178	0.2292	0.2292
disease_exposure	benefit	1150	0.006	0.486	0.2321	0.2321
disease_exposure	cost	1150	0.002	1.0	0.2354	0.3378
disease_exposure	benefit	1200	0.016	0.182	0.235	0.235
disease_exposure	cost	1200	0.003	1.0	0.2384	0.341
disease_exposure	benefit	1250	0.0065	0.449	0.2379	0.2379
disease_exposure	cost	1250	0.003	1.0	0.2414	0.3438
disease_exposure	benefit	1300	0.0063	0.463	0.2408	0.2408
disease_exposure	cost	1300	0.007	1.0	0.2484	0.3465
disease_exposure	benefit	1350	0.0036	0.81	0.2438	0.2438
disease_exposure	cost	1350	0.004	1.0	0.2524	0.3493
disease_exposure	benefit	1400	0.0018	1.0	0.2456	0.2467
disease_exposure	cost	1400	0.009	1.0	0.2614	0.352
disease_exposure	benefit	1450	0.0047	0.858	0.2496	0.2496
disease_exposure	cost	1450	0.004	1.0	0.2654	0.3548
disease_exposure	benefit	1500	0.0064	0.456	0.2525	0.2525
disease_exposure	cost	1500	0.009	1.0	0.2744	0.3575
disease_exposure	benefit	1550	0.0065	0.449	0.2554	0.2554
disease_exposure	cost	1550	0.007	1.0	0.2814	0.3603
disease_exposure	benefit	1600	0.0018	1.0	0.2572	0.2583
disease_exposure	cost	1600	0.0045	1.0	0.2859	0.363
disease_exposure	benefit	1650	0.0098	0.412	0.2612	0.2612
disease_exposure	cost	1650	0.006	1.0	0.2919	0.3658
disease_exposure	benefit	1700	0.0056	0.521	0.2642	0.2642
disease_exposure	cost	1700	0.005	1.0	0.2969	0.3685
disease_exposure	benefit	1750	0.0091	0.321	0.2671	0.2671
disease_exposure	cost	1750	0.011	1.0	0.3079	0.3713
disease_exposure	benefit	1800	0.0394	0.074	0.27	0.27
disease_exposure	cost	1800	0.0055	1.0	0.3134	0.374
disease_exposure	benefit	1850	0.018	0.211	0.2738	0.2738
disease_exposure	cost	1850	0.002	1.0	0.3154	0.3768
disease_exposure	benefit	1900	0.0055	0.689	0.2776	0.2776
disease_exposure	cost	1900	0.013	1.0	0.3284	0.3795
disease_exposure	benefit	1950	0.011	0.345	0.2814	0.2814
disease_exposure	cost	1950	0.017	1.0	0.3454	0.3823
disease_exposure	benefit	2000	0.0057	0.665	0.2852	0.2852
disease_exposure	cost	2000	0.0074	1.0	0.3528	0.385
disease_exposure	benefit	2050	0.008	0.474	0.289	0.289
disease_exposure	cost	2050	0.0055	1.0	0.3583	0.3878
disease_exposure	benefit	2100	0.0025	1.0	0.2915	0.2928
disease_exposure	cost	2100	0.0035	1.0	0.3618	0.3905
disease_exposure	benefit	2150	0.001	1.0	0.2925	0.2965
disease_exposure	cost	2150	0.006	1.0	0.3678	0.3932
disease_exposure	benefit	2200	0.001	1.0	0.2935	0.3003
disease_exposure	cost	2200	0.0055	1.0	0.3733	0.396
disease_exposure	benefit	2250	0.02	0.533	0.3041	0.3041
disease_exposure	cost	2250	0.0005	1.0	0.3738	0.3987
disease_exposure	benefit	2300	0.0045	0.843	0.3079	0.3079
disease_exposure	cost	2300	0.01	1.0	0.3838	0.4015
disease_exposure	benefit	2350	0.016	0.237	0.3117	0.3117
disease_exposure	cost	2350	0.004	1.0	0.3878	0.4042
disease_exposure	benefit	2400	0.0185	0.205	0.3155	0.3155
disease_exposure	cost	2400	0.002	1.0	0.3898	0.407
disease_exposure	benefit	2450	0.018	0.681	0.3277	0.3277
disease_exposure	cost	2450	0.005	1.0	0.3948	0.4111
disease_exposure	benefit	2500	0.011	1.0	0.3387	0.34
disease_exposure	cost	2500	0.0066	1.0	0.4014	0.4153
disease_exposure	benefit	2550	0.058	0.263	0.354	0.354
disease_exposure	cost	2550	0.013	1.0	0.4144	0.4194
disease_exposure	benefit	2600	0.024	0.583	0.368	0.368
disease_exposure	cost	2600	0.011	0.827	0.4235	0.4235
disease_exposure	benefit	2650	0.097	0.18	0.3855	0.3855
disease_exposure	cost	2650	0.0026	1.0	0.4261	0.4276
disease_exposure	benefit	2700	0.064	0.273	0.403	0.403
disease_exposure	cost	2700	0.0006	1.0	0.4267	0.4318
disease_exposure	benefit	2750	0.014	1.0	0.417	0.424
disease_exposure	cost	2750	0.01	0.917	0.4359	0.4359
disease_exposure	benefit	2800	0.076	0.368	0.445	0.445
disease_exposure	cost	2800	0.004	1.0	0.4399	0.44
disease_exposure	benefit	2850	0.028	0.937	0.4713	0.4713
disease_exposure	cost	2850	0.013	0.538	0.4469	0.4469
disease_exposure	benefit	2900	0.022	1.0	0.4933	0.4975
disease_exposure	cost	2900	0.001	1.0	0.4479	0.4537
disease_exposure	benefit	2950	0.017	1.0	0.5102	0.5238
disease_exposure	benefit	3000	0.0172	1.0	0.5274	0.55
dry_storage	benefit	50	0.135	1.0	0.135	0.135
dry_storage	benefit	100	0.02	1.0	0.155	0.162
dry_storage	benefit	200	0.05	1.0	0.205	0.2115
dry_storage	benefit	250	0.02	1.0	0.225	0.2362
dry_storage	benefit	300	0.03	1.0	0.255	0.261
dry_storage	benefit	450	0.02	1.0	0.275	0.351
dry_storage	benefit	500	0.05	1.0	0.325	0.384
dry_storage	benefit	750	0.008	1.0	0.333	0.4665
dry_storage	benefit	950	0.004	1.0	0.337	0.4885
dry_storage	benefit	1150	0.004	1.0	0.341	0.5105
dry_storage	benefit	1650	0.005	1.0	0.346	0.5655
dry_storage	benefit	1750	0.005	1.0	0.351	0.5765
dry_storage	benefit	1800	0.001	1.0	0.352	0.582
dry_storage	benefit	1950	0.005	1.0	0.357	0.604
dry_storage	benefit	2250	0.003	1.0	0.36	0.648
ecological_pressure	benefit	50	0.102	1.0	0.102	0.125
ecological_pressure	cost	50	0.03	1.0	0.03	0.2567
ecological_pressure	benefit	100	0.0379	1.0	0.1399	0.14
ecological_pressure	benefit	150	0.0125	1.0	0.1524	0.1525
ecological_pressure	cost	150	0.015	1.0	0.045	0.29
ecological_pressure	benefit	200	0.0125	1.0	0.1649	0.165
ecological_pressure	benefit	250	0.0113	1.0	0.1762	0.1763
ecological_pressure	cost	300	0.01	1.0	0.055	0.34
ecological_pressure	benefit	350	0.022	1.0	0.1982	0.1983
ecological_pressure	cost	350	0.006	1.0	0.061	0.3567
ecological_pressure	benefit	400	0.0108	1.0	0.209	0.2092
ecological_pressure	benefit	450	0.0108	1.0	0.2198	0.22
ecological_pressure	cost	450	0.01	1.0	0.071	0.39
ecological_pressure	benefit	500	0.01	1.0	0.2298	0.23
ecological_pressure	cost	500	0.01	1.0	0.081	0.4067
ecological_pressure	benefit	550	0.01	1.0	0.2398	0.24
ecological_pressure	benefit	600	0.01	1.0	0.2498	0.25
ecological_pressure	cost	600	0.01	1.0	0.091	0.44
ecological_pressure	benefit	650	0.0077	0.242	0.2517	0.2517
ecological_pressure	benefit	700	0.0069	0.242	0.2533	0.2533
ecological_pressure	cost	700	0.0136	1.0	0.1046	0.4493
ecological_pressure	benefit	750	0.0068	0.245	0.255	0.255
ecological_pressure	cost	750	0.008	1.0	0.1126	0.454
ecological_pressure	benefit	800	0.0064	0.26	0.2567	0.2567
ecological_pressure	cost	800	0.006	1.0	0.1186	0.4587
ecological_pressure	benefit	850	0.006	0.278	0.2583	0.2583
ecological_pressure	cost	850	0.0024	1.0	0.121	0.4633
ecological_pressure	benefit	900	0.0085	0.196	0.26	0.26
ecological_pressure	cost	900	0.011	1.0	0.132	0.468
ecological_pressure	benefit	950	0.0077	0.216	0.2617	0.2617
ecological_pressure	cost	950	0.006	1.0	0.138	0.4727
ecological_pressure	benefit	1000	0.0086	0.194	0.2633	0.2633
ecological_pressure	benefit	1050	0.0085	0.196	0.265	0.265
ecological_pressure	cost	1050	0.0047	1.0	0.1427	0.482
ecological_pressure	benefit	1100	0.0077	0.216	0.2667	0.2667
ecological_pressure	cost	1100	0.0105	1.0	0.1532	0.4867
ecological_pressure	benefit	1150	0.0034	0.49	0.2683	0.2683
ecological_pressure	cost	1150	0.012	1.0	0.1652	0.4913
ecological_pressure	benefit	1200	0.0043	0.388	0.27	0.27
ecological_pressure	benefit	1300	0.0075	0.444	0.2733	0.2733
ecological_pressure	cost	1300	0.002	1.0	0.1672	0.504
ecological_pressure	benefit	1350	0.0075	0.222	0.275	0.275
ecological_pressure	cost	1350	0.003	1.0	0.1702	0.508
ecological_pressure	benefit	1400	0.0075	0.222	0.2767	0.2767
ecological_pressure	cost	1400	0.003	1.0	0.1732	0.512
ecological_pressure	benefit	1450	0.0045	0.37	0.2783	0.2783
ecological_pressure	cost	1450	0.004	1.0	0.1772	0.516
ecological_pressure	benefit	1500	0.015	0.111	0.28	0.28
ecological_pressure	cost	1500	0.007	1.0	0.1842	0.52
ecological_pressure	cost	1550	0.013	1.0	0.1972	0.524
ecological_pressure	benefit	1600	0.0045	0.741	0.2833	0.2833
ecological_pressure	cost	1600	0.002	1.0	0.1992	0.528
ecological_pressure	benefit	1650	0.006	0.278	0.285	0.285
ecological_pressure	cost	1650	0.011	1.0	0.2102	0.532
ecological_pressure	benefit	1700	0.015	0.111	0.2867	0.2867
ecological_pressure	cost	1700	0.0065	1.0	0.2167	0.536
ecological_pressure	benefit	1750	0.0075	0.222	0.2883	0.2883
ecological_pressure	cost	1750	0.014	1.0	0.2307	0.54
ecological_pressure	benefit	1800	0.015	0.111	0.29	0.29
ecological_pressure	cost	1800	0.004	1.0	0.2347	0.544
ecological_pressure	benefit	1850	0.0066	0.328	0.2922	0.2922
ecological_pressure	cost	1850	0.005	1.0	0.2397	0.548
ecological_pressure	benefit	1900	0.008	0.271	0.2943	0.2943
ecological_pressure	cost	1900	0.015	1.0	0.2547	0.552
ecological_pressure	benefit	1950	0.0146	0.148	0.2965	0.2965
ecological_pressure	cost	1950	0.017	1.0	0.2717	0.556
ecological_pressure	cost	2000	0.024	1.0	0.2957	0.56
ecological_pressure	benefit	2050	0.0044	0.985	0.3008	0.3008
ecological_pressure	cost	2050	0.01	1.0	0.3057	0.564
ecological_pressure	cost	2100	0.014	1.0	0.3197	0.568
ecological_pressure	benefit	2150	0.0044	0.985	0.3052	0.3052
ecological_pressure	cost	2150	0.002	1.0	0.3217	0.572
ecological_pressure	benefit	2200	0.0044	0.492	0.3073	0.3073
ecological_pressure	cost	2200	0.003	1.0	0.3247	0.576
ecological_pressure	benefit	2250	0.0044	0.492	0.3095	0.3095
ecological_pressure	cost	2250	0.004	1.0	0.3287	0.58
ecological_pressure	benefit	2300	0.0176	0.123	0.3117	0.3117
ecological_pressure	cost	2300	0.004	1.0	0.3327	0.584
ecological_pressure	benefit	2350	0.0256	0.085	0.3138	0.3138
ecological_pressure	cost	2350	0.008	1.0	0.3407	0.588
ecological_pressure	cost	2400	0.017	1.0	0.3577	0.592
ecological_pressure	cost	2450	0.002	1.0	0.3597	0.598
ecological_pressure	cost	2500	0.007	1.0	0.3667	0.604
ecological_pressure	cost	2550	0.019	1.0	0.3857	0.61
ecological_pressure	benefit	2600	0.028	1.0	0.3418	0.346
ecological_pressure	cost	2600	0.019	1.0	0.4047	0.616
ecological_pressure	benefit	2650	0.013	1.0	0.3548	0.356
ecological_pressure	cost	2650	0.005	1.0	0.4097	0.622
ecological_pressure	benefit	2700	0.02	0.558	0.366	0.366
ecological_pressure	cost	2700	0.012	1.0	0.4217	0.628
ecological_pressure	benefit	2750	0.012	1.0	0.378	0.378
ecological_pressure	cost	2750	0.021	1.0	0.4427	0.634
ecological_pressure	benefit	2800	0.02	0.6	0.39	0.39
ecological_pressure	cost	2800	0.045	1.0	0.4877	0.64
ecological_pressure	benefit	2850	0.026	0.577	0.405	0.405
ecological_pressure	cost	2850	0.023	1.0	0.5107	0.65
ecological_pressure	benefit	2900	0.01	1.0	0.415	0.42
ecological_pressure	cost	2900	0.011	1.0	0.5217	0.66
ecological_pressure	benefit	2950	0.016	1.0	0.431	0.435
ecological_pressure	cost	2950	0.008	1.0	0.5297	0.67
ecological_pressure	benefit	3000	0.016	1.0	0.447	0.45
ecological_pressure	cost	3000	0.013	1.0	0.5427	0.68
ecology_recovery	benefit	50	0.1145	1.0	0.1145	0.175
ecology_recovery	benefit	100	0.0815	1.0	0.196	0.196
ecology_recovery	benefit	150	0.0176	1.0	0.2136	0.2135
ecology_recovery	benefit	200	0.0175	1.0	0.2311	0.231
ecology_recovery	benefit	250	0.0158	1.0	0.2469	0.2467
ecology_recovery	benefit	300	0.0157	1.0	0.2626	0.2625
ecology_recovery	benefit	350	0.0152	1.0	0.2778	0.2777
ecology_recovery	benefit	400	0.0151	1.0	0.2929	0.2928
ecology_recovery	benefit	500	0.0268	1.0	0.3197	0.322
ecology_recovery	benefit	550	0.0165	1.0	0.3362	0.336
ecology_recovery	benefit	600	0.0134	1.0	0.3496	0.35
ecology_recovery	benefit	650	0.004	0.725	0.3525	0.3525
ecology_recovery	benefit	700	0.0153	0.163	0.355	0.355
ecology_recovery	benefit	750	0.022	0.114	0.3575	0.3575
ecology_recovery	benefit	800	0.0128	0.195	0.36	0.36
ecology_recovery	cost	800	0.0017	1.0	0.0017	0.2867
ecology_recovery	benefit	850	0.0077	0.325	0.3625	0.3625
ecology_recovery	benefit	900	0.0205	0.122	0.365	0.365
ecology_recovery	benefit	950	0.0026	0.962	0.3675	0.3675
ecology_recovery	benefit	1000	0.0066	0.379	0.37	0.37
ecology_recovery	benefit	1050	0.0112	0.223	0.3725	0.3725
ecology_recovery	benefit	1100	0.006	0.417	0.375	0.375
ecology_recovery	cost	1100	0.0068	1.0	0.0085	0.3042
ecology_recovery	benefit	1150	0.0167	0.15	0.3775	0.3775
ecology_recovery	cost	1150	0.0034	1.0	0.0119	0.3071
ecology_recovery	benefit	1200	0.0077	0.325	0.38	0.38
ecology_recovery	benefit	1300	0.0125	0.4	0.385	0.385
ecology_recovery	benefit	1350	0.0112	0.223	0.3875	0.3875
ecology_recovery	cost	1350	0.005	1.0	0.0169	0.3175
ecology_recovery	benefit	1400	0.0162	0.154	0.39	0.39
ecology_recovery	benefit	1450	0.0038	0.658	0.3925	0.3925
ecology_recovery	cost	1450	0.0037	1.0	0.0206	0.3225
ecology_recovery	benefit	1500	0.01	0.25	0.395	0.395
ecology_recovery	benefit	1550	0.005	0.5	0.3975	0.3975
ecology_recovery	benefit	1600	0.0125	0.2	0.4	0.4
ecology_recovery	cost	1600	0.0063	1.0	0.0269	0.33
ecology_recovery	benefit	1650	0.0125	0.2	0.4025	0.4025
ecology_recovery	benefit	1700	0.0175	0.143	0.405	0.405
ecology_recovery	benefit	1750	0.0062	0.403	0.4075	0.4075
ecology_recovery	benefit	1800	0.0293	0.085	0.41	0.41
ecology_recovery	benefit	1850	0.0295	0.11	0.4133	0.4133
ecology_recovery	benefit	1900	0.0225	0.144	0.4165	0.4165
ecology_recovery	cost	1900	0.003	1.0	0.0299	0.345
ecology_recovery	benefit	1950	0.014	0.232	0.4198	0.4198
ecology_recovery	cost	1950	0.008	1.0	0.0379	0.3475
ecology_recovery	benefit	2000	0.0125	0.26	0.423	0.423
ecology_recovery	cost	2000	0.014	1.0	0.0519	0.35
ecology_recovery	cost	2050	0.003	1.0	0.0549	0.3525
ecology_recovery	benefit	2100	0.006	1.0	0.429	0.4295
ecology_recovery	cost	2100	0.011	1.0	0.0659	0.355
ecology_recovery	benefit	2150	0.0335	0.112	0.4327	0.4327
ecology_recovery	cost	2150	0.002	1.0	0.0679	0.3575
ecology_recovery	benefit	2200	0.006	0.542	0.436	0.436
ecology_recovery	benefit	2250	0.027	0.12	0.4392	0.4392
ecology_recovery	benefit	2300	0.0155	0.21	0.4425	0.4425
ecology_recovery	cost	2300	0.003	1.0	0.0709	0.365
ecology_recovery	benefit	2350	0.026	0.125	0.4457	0.4457
ecology_recovery	benefit	2400	0.017	0.191	0.449	0.449
ecology_recovery	cost	2400	0.01	1.0	0.0809	0.37
ecology_recovery	benefit	2450	0.0108	0.972	0.4595	0.4595
ecology_recovery	benefit	2500	0.0072	1.0	0.4667	0.47
ecology_recovery	cost	2500	0.0036	1.0	0.0845	0.3775
ecology_recovery	benefit	2550	0.0054	1.0	0.4721	0.482
ecology_recovery	cost	2550	0.0144	1.0	0.0989	0.3812
ecology_recovery	benefit	2600	0.0416	0.526	0.494	0.494
ecology_recovery	cost	2600	0.008	1.0	0.1069	0.385
ecology_recovery	benefit	2650	0.0288	0.521	0.509	0.509
ecology_recovery	benefit	2700	0.0468	0.321	0.524	0.524
ecology_recovery	cost	2700	0.0046	1.0	0.1115	0.3925
ecology_recovery	benefit	2750	0.0204	0.882	0.542	0.542
ecology_recovery	cost	2750	0.008	1.0	0.1195	0.3962
ecology_recovery	benefit	2800	0.0212	0.849	0.56	0.56
ecology_recovery	benefit	2850	0.0398	0.565	0.5825	0.5825
ecology_recovery	benefit	2900	0.0294	0.765	0.605	0.605
ecology_recovery	cost	2900	0.0072	1.0	0.1267	0.4125
ecology_recovery	benefit	2950	0.0258	0.872	0.6275	0.6275
ecology_recovery	cost	2950	0.0072	1.0	0.1339	0.4188
ecology_recovery	benefit	3000	0.0184	1.0	0.6459	0.65
extraction_yield	benefit	50	0.09	1.0	0.09	0.12
extraction_yield	benefit	100	0.03	1.0	0.12	0.144
extraction_yield	benefit	150	0.046	1.0	0.166	0.166
extraction_yield	benefit	350	0.01	1.0	0.176	0.2587
extraction_yield	benefit	550	0.03	1.0	0.206	0.3707
extraction_yield	benefit	650	0.004	1.0	0.21	0.407
extraction_yield	benefit	700	0.003	1.0	0.213	0.414
extraction_yield	benefit	750	0.006	1.0	0.219	0.421
extraction_yield	benefit	850	0.006	1.0	0.225	0.435
extraction_yield	benefit	950	0.003	1.0	0.228	0.449
extraction_yield	benefit	1500	0.005	1.0	0.233	0.526
extraction_yield	benefit	1550	0.006	1.0	0.239	0.533
extraction_yield	benefit	1600	0.012	1.0	0.251	0.54
extraction_yield	benefit	1700	0.003	1.0	0.254	0.554
extraction_yield	benefit	1750	0.005	1.0	0.259	0.561
extraction_yield	benefit	1900	0.003	1.0	0.262	0.5867
extraction_yield	benefit	2000	0.014	1.0	0.276	0.6053
extraction_yield	benefit	2100	0.0074	1.0	0.2834	0.624
extraction_yield	benefit	2150	0.004	1.0	0.2874	0.6333
extraction_yield	benefit	2200	0.008	1.0	0.2954	0.6427
extraction_yield	benefit	2250	0.01	1.0	0.3054	0.652
extraction_yield	benefit	2350	0.011	1.0	0.3164	0.6707
extraction_yield	benefit	2400	0.008	1.0	0.3244	0.68
extraction_yield	benefit	2450	0.0102	1.0	0.3346	0.708
extraction_yield	benefit	2500	0.009	1.0	0.3436	0.736
extraction_yield	benefit	2600	0.005	1.0	0.3486	0.799
extraction_yield	benefit	2700	0.0084	1.0	0.357	0.869
extraction_yield	benefit	2750	0.042	1.0	0.399	0.9075
extraction_yield	benefit	2800	0.01	1.0	0.409	0.946
extraction_yield	benefit	2850	0.009	1.0	0.418	0.988
extraction_yield	benefit	2900	0.0024	1.0	0.4204	1.03
farm_mechanization	benefit	2300	0.32	0.234	0.075	0.075
farm_mechanization	benefit	2350	0.12	0.187	0.0975	0.0975
farm_mechanization	benefit	2400	0.3	0.075	0.12	0.12
farm_mechanization	benefit	2450	0.06	1.0	0.18	0.195
farm_mechanization	benefit	2500	0.6	0.15	0.27	0.27
farm_mechanization	benefit	2550	0.98	0.107	0.375	0.375
farm_mechanization	benefit	2600	0.36	0.292	0.48	0.48
farm_mechanization	benefit	2700	0.12	1.0	0.6	0.9
farm_mechanization	benefit	2750	2.06	0.328	1.275	1.275
farm_mechanization	benefit	2800	1.36	0.276	1.65	1.65
farm_mechanization	benefit	2850	0.82	0.494	2.055	2.055
farm_mechanization	benefit	2900	0.12	1.0	2.175	2.46
farm_mechanization	benefit	2950	0.2	1.0	2.375	2.73
farm_mechanization	benefit	3000	0.18	1.0	2.555	3.0
fatigue	benefit	50	0.0749	1.0	0.0749	0.075
fatigue	cost	50	0.012	1.0	0.012	0.1444
fatigue	benefit	100	0.009	1.0	0.0839	0.084
fatigue	benefit	150	0.0074	1.0	0.0913	0.0915
fatigue	cost	150	0.01	1.0	0.022	0.1631
fatigue	benefit	200	0.0076	1.0	0.0989	0.099
fatigue	cost	200	0.01	1.0	0.032	0.1725
fatigue	benefit	250	0.0068	1.0	0.1057	0.1058
fatigue	cost	250	0.008	1.0	0.04	0.1819
fatigue	benefit	300	0.0067	1.0	0.1124	0.1125
fatigue	benefit	350	0.0065	1.0	0.1189	0.119
fatigue	benefit	400	0.0064	1.0	0.1253	0.1255
fatigue	benefit	450	0.0065	1.0	0.1318	0.132
fatigue	cost	450	0.0035	1.0	0.0435	0.2194
fatigue	benefit	500	0.006	1.0	0.1378	0.138
fatigue	cost	500	0.0035	1.0	0.047	0.2287
fatigue	benefit	550	0.006	1.0	0.1438	0.144
fatigue	cost	600	0.01	1.0	0.057	0.2475
fatigue	benefit	650	0.012	0.656	0.1517	0.1517
fatigue	benefit	700	0.004	0.417	0.1533	0.1533
fatigue	benefit	750	0.0056	0.298	0.155	0.155
fatigue	cost	750	0.0078	1.0	0.0648	0.2554
fatigue	benefit	800	0.0097	0.172	0.1567	0.1567
fatigue	cost	800	0.006	1.0	0.0708	0.258
fatigue	benefit	850	0.021	0.079	0.1583	0.1583
fatigue	cost	850	0.007	1.0	0.0778	0.2606
fatigue	benefit	900	0.006	0.278	0.16	0.16
fatigue	benefit	950	0.0105	0.159	0.1617	0.1617
fatigue	cost	950	0.0026	1.0	0.0804	0.2659
fatigue	benefit	1000	0.0034	0.49	0.1633	0.1633
fatigue	cost	1000	0.007	1.0	0.0874	0.2685
fatigue	benefit	1050	0.0117	0.142	0.165	0.165
fatigue	cost	1050	0.004	1.0	0.0914	0.2711
fatigue	benefit	1100	0.0124	0.134	0.1667	0.1667
fatigue	benefit	1150	0.0114	0.146	0.1683	0.1683
fatigue	benefit	1200	0.0078	0.214	0.17	0.17
fatigue	cost	1200	0.004	1.0	0.0954	0.279
fatigue	cost	1300	0.003	1.0	0.0984	0.2835
fatigue	benefit	1350	0.004	1.0	0.174	0.175
fatigue	cost	1350	0.008	1.0	0.1064	0.2858
fatigue	cost	1400	0.002	1.0	0.1084	0.288
fatigue	benefit	1450	0.007	0.619	0.1783	0.1783
fatigue	cost	1450	0.003	1.0	0.1114	0.2903
fatigue	benefit	1500	0.004	0.417	0.18	0.18
fatigue	cost	1500	0.007	1.0	0.1184	0.2925
fatigue	cost	1550	0.002	1.0	0.1204	0.2948
fatigue	benefit	1600	0.007	0.476	0.1833	0.1833
fatigue	cost	1600	0.002	1.0	0.1224	0.297
fatigue	cost	1650	0.002	1.0	0.1244	0.2993
fatigue	benefit	1700	0.002	1.0	0.1853	0.1867
fatigue	cost	1700	0.002	1.0	0.1264	0.3015
fatigue	benefit	1750	0.005	0.6	0.1883	0.1883
fatigue	cost	1750	0.007	1.0	0.1334	0.3038
fatigue	cost	1800	0.007	1.0	0.1404	0.306
fatigue	benefit	1850	0.002	1.0	0.1903	0.1922
fatigue	cost	1850	0.002	1.0	0.1424	0.3083
fatigue	benefit	1900	0.0076	0.526	0.1943	0.1943
fatigue	cost	1900	0.007	1.0	0.1494	0.3105
fatigue	cost	1950	0.0048	1.0	0.1542	0.3128
fatigue	benefit	2000	0.004	1.0	0.1983	0.1987
fatigue	cost	2000	0.0083	1.0	0.1625	0.315
fatigue	cost	2050	0.0015	1.0	0.164	0.3173
fatigue	benefit	2100	0.002	1.0	0.2003	0.203
fatigue	cost	2100	0.0038	1.0	0.1678	0.3195
fatigue	benefit	2150	0.002	1.0	0.2023	0.2052
fatigue	cost	2250	0.006	1.0	0.1738	0.3262
fatigue	benefit	2300	0.0063	1.0	0.2086	0.2117
fatigue	cost	2300	0.0045	1.0	0.1783	0.3285
fatigue	cost	2350	0.0083	1.0	0.1866	0.3307
fatigue	benefit	2400	0.0023	1.0	0.2109	0.216
fatigue	cost	2400	0.0045	1.0	0.1911	0.333
fatigue	benefit	2450	0.013	0.928	0.223	0.223
fatigue	cost	2450	0.013	1.0	0.2041	0.3364
fatigue	benefit	2500	0.01	0.7	0.23	0.23
fatigue	cost	2500	0.005	1.0	0.2091	0.3397
fatigue	benefit	2550	0.021	0.381	0.238	0.238
fatigue	cost	2550	0.003	1.0	0.2121	0.3431
fatigue	benefit	2600	0.003	1.0	0.241	0.246
fatigue	cost	2600	0.01	1.0	0.2221	0.3465
fatigue	benefit	2650	0.006	1.0	0.247	0.256
fatigue	cost	2650	0.004	1.0	0.2261	0.3499
fatigue	benefit	2700	0.015	1.0	0.262	0.266
fatigue	cost	2700	0.009	1.0	0.2351	0.3533
fatigue	benefit	2750	0.025	0.64	0.278	0.278
fatigue	cost	2750	0.01	1.0	0.2451	0.3566
fatigue	benefit	2800	0.0126	0.952	0.29	0.29
fatigue	cost	2800	0.007	1.0	0.2521	0.36
fatigue	benefit	2850	0.0046	1.0	0.2946	0.305
fatigue	cost	2850	0.006	1.0	0.2581	0.3656
fatigue	cost	2900	0.0056	1.0	0.2637	0.3712
fatigue	benefit	2950	0.006	1.0	0.3006	0.335
fatigue	cost	2950	0.0122	1.0	0.2759	0.3769
fatigue	benefit	3000	0.017	1.0	0.3176	0.35
fatigue	cost	3000	0.0058	1.0	0.2817	0.3825
fertility_transition	benefit	2450	0.05	0.78	0.039	0.039
fertility_transition	benefit	2500	0.05	0.78	0.078	0.078
fertility_transition	benefit	2550	0.175	0.483	0.1625	0.1625
fertility_transition	benefit	2600	0.25	0.338	0.247	0.247
fertility_transition	benefit	2650	0.425	0.153	0.312	0.312
fertility_transition	benefit	2750	0.125	0.936	0.429	0.429
fertility_transition	benefit	2800	0.15	0.347	0.481	0.481
fertility_transition	cost	2800	0.075	1.0	0.075	0.08
fertility_transition	benefit	2850	0.45	0.101	0.5265	0.5265
fertility_transition	benefit	2900	0.25	0.182	0.572	0.572
fertility_transition	benefit	2950	0.025	1.0	0.597	0.611
fertility_transition	cost	3000	0.05	0.2	0.085	0.085
fiber_yield	benefit	50	0.16	1.0	0.16	0.225
fiber_yield	benefit	100	0.01	1.0	0.17	0.252
fiber_yield	benefit	150	0.02	1.0	0.19	0.2745
fiber_yield	benefit	200	0.05	1.0	0.24	0.297
fiber_yield	benefit	400	0.03	1.0	0.27	0.3765
fiber_yield	benefit	450	0.02	1.0	0.29	0.396
fiber_yield	benefit	500	0.02	1.0	0.31	0.414
fiber_yield	benefit	650	0.003	1.0	0.313	0.4537
fiber_yield	benefit	800	0.01	1.0	0.323	0.465
fiber_yield	benefit	950	0.007	1.0	0.33	0.4763
fiber_yield	benefit	1000	0.0086	1.0	0.3386	0.48
fiber_yield	benefit	1050	0.0043	1.0	0.3429	0.4838
fiber_yield	benefit	1100	0.007	1.0	0.3499	0.4875
fiber_yield	benefit	1300	0.012	1.0	0.3619	0.5025
fiber_yield	benefit	1350	0.012	1.0	0.3739	0.5062
fiber_yield	benefit	1500	0.014	1.0	0.3879	0.5175
fiber_yield	benefit	1550	0.002	1.0	0.3899	0.5212
fiber_yield	benefit	1650	0.005	1.0	0.3949	0.5288
fiber_yield	benefit	1700	0.004	1.0	0.3989	0.5325
fiber_yield	benefit	1750	0.008	1.0	0.4069	0.5363
fiber_yield	cost	1750	0.002	1.0	0.002	0.27
fiber_yield	cost	1800	0.001	1.0	0.003	0.272
fiber_yield	benefit	1900	0.008	1.0	0.4149	0.5497
fiber_yield	benefit	1950	0.0156	1.0	0.4305	0.5546
fiber_yield	cost	1950	0.006	1.0	0.009	0.278
fiber_yield	benefit	2000	0.003	1.0	0.4335	0.5595
fiber_yield	benefit	2050	0.002	1.0	0.4355	0.5644
fiber_yield	benefit	2150	0.0013	1.0	0.4368	0.5741
fiber_yield	benefit	2250	0.01	1.0	0.4468	0.5839
fiber_yield	benefit	2300	0.0078	1.0	0.4546	0.5887
fiber_yield	benefit	2350	0.0502	1.0	0.5048	0.5936
fiber_yield	benefit	2400	0.0316	1.0	0.5364	0.5985
fiber_yield	benefit	2450	0.0176	1.0	0.554	0.6142
fiber_yield	benefit	2500	0.01	1.0	0.564	0.63
fiber_yield	benefit	2550	0.0048	1.0	0.5688	0.648
fiber_yield	benefit	2600	0.0048	1.0	0.5736	0.666
fiber_yield	cost	2600	0.001	1.0	0.01	0.308
fiber_yield	benefit	2700	0.0176	1.0	0.5912	0.711
fiber_yield	benefit	2750	0.0048	1.0	0.596	0.738
fiber_yield	benefit	2800	0.0272	1.0	0.6232	0.765
fiber_yield	benefit	2850	0.0128	1.0	0.636	0.7987
food_output	benefit	50	0.175	1.0	0.175	0.175
food_output	benefit	100	0.021	1.0	0.196	0.196
food_output	benefit	150	0.01	1.0	0.206	0.2135
food_output	benefit	200	0.025	1.0	0.231	0.231
food_output	benefit	250	0.01	1.0	0.241	0.2467
food_output	benefit	300	0.015	1.0	0.256	0.2625
food_output	benefit	350	0.02	1.0	0.276	0.2777
food_output	benefit	400	0.0168	1.0	0.2928	0.2928
food_output	benefit	450	0.0151	1.0	0.3079	0.308
food_output	benefit	500	0.014	1.0	0.3219	0.322
food_output	benefit	550	0.014	1.0	0.3359	0.336
food_output	benefit	650	0.0073	1.0	0.3432	0.3537
food_output	benefit	700	0.0032	1.0	0.3464	0.3575
food_output	cost	700	0.0017	1.0	0.0017	0.1966
food_output	benefit	750	0.0137	1.0	0.3601	0.3612
food_output	benefit	800	0.0074	0.662	0.365	0.365
food_output	benefit	850	0.0236	0.159	0.3687	0.3687
food_output	benefit	900	0.0268	0.14	0.3725	0.3725
food_output	benefit	950	0.0081	0.463	0.3762	0.3762
food_output	benefit	1000	0.0274	0.137	0.38	0.38
food_output	cost	1000	0.0017	1.0	0.0034	0.2088
food_output	benefit	1050	0.0103	0.364	0.3837	0.3837
food_output	benefit	1100	0.0074	0.507	0.3875	0.3875
food_output	cost	1100	0.0008	1.0	0.0042	0.2129
food_output	benefit	1150	0.0205	0.183	0.3912	0.3912
food_output	benefit	1200	0.0083	0.452	0.395	0.395
food_output	benefit	1250	0.01	0.375	0.3987	0.3987
food_output	benefit	1300	0.018	0.208	0.4025	0.4025
food_output	cost	1300	0.002	1.0	0.0062	0.2205
food_output	benefit	1350	0.0193	0.194	0.4062	0.4062
food_output	cost	1350	0.002	1.0	0.0082	0.2222
food_output	benefit	1400	0.0144	0.26	0.41	0.41
food_output	benefit	1450	0.0321	0.117	0.4137	0.4137
food_output	cost	1450	0.001	1.0	0.0092	0.2257
food_output	benefit	1500	0.0225	0.167	0.4175	0.4175
food_output	cost	1500	0.003	1.0	0.0122	0.2275
food_output	benefit	1550	0.0175	0.214	0.4213	0.4213
food_output	cost	1550	0.002	1.0	0.0142	0.2292
food_output	benefit	1600	0.008	0.469	0.425	0.425
food_output	benefit	1650	0.0136	0.276	0.4287	0.4287
food_output	cost	1650	0.002	1.0	0.0162	0.2327
food_output	benefit	1700	0.014	0.268	0.4325	0.4325
food_output	cost	1700	0.004	1.0	0.0202	0.2345
food_output	benefit	1750	0.005	0.75	0.4362	0.4362
food_output	cost	1750	0.003	1.0	0.0232	0.2362
food_output	benefit	1800	0.02	0.188	0.44	0.44
food_output	cost	1800	0.003	1.0	0.0262	0.238
food_output	benefit	1850	0.016	0.305	0.4449	0.4449
food_output	benefit	1900	0.013	0.375	0.4497	0.4497
food_output	cost	1900	0.015	1.0	0.0412	0.2415
food_output	benefit	1950	0.042	0.116	0.4546	0.4546
food_output	cost	1950	0.006	1.0	0.0472	0.2432
food_output	benefit	2000	0.041	0.119	0.4595	0.4595
food_output	cost	2000	0.006	1.0	0.0532	0.245
food_output	benefit	2050	0.017	0.287	0.4644	0.4644
food_output	cost	2050	0.003	1.0	0.0562	0.2467
food_output	benefit	2100	0.026	0.188	0.4693	0.4693
food_output	cost	2100	0.004	1.0	0.0602	0.2485
food_output	benefit	2150	0.011	0.443	0.4741	0.4741
food_output	cost	2150	0.005	1.0	0.0652	0.2502
food_output	benefit	2200	0.005	0.975	0.479	0.479
food_output	cost	2200	0.004	1.0	0.0692	0.252
food_output	benefit	2250	0.014	0.348	0.4839	0.4839
food_output	cost	2250	0.007	1.0	0.0762	0.2537
food_output	benefit	2300	0.0076	0.641	0.4888	0.4888
food_output	cost	2300	0.001	1.0	0.0772	0.2555
food_output	benefit	2350	0.0426	0.114	0.4936	0.4936
food_output	cost	2350	0.003	1.0	0.0802	0.2572
food_output	benefit	2400	0.012	0.406	0.4985	0.4985
food_output	cost	2400	0.012	1.0	0.0922	0.259
food_output	benefit	2450	0.0078	1.0	0.5063	0.5142
food_output	cost	2450	0.002	1.0	0.0942	0.2616
food_output	benefit	2500	0.0273	0.868	0.53	0.53
food_output	cost	2500	0.001	1.0	0.0952	0.2642
food_output	benefit	2550	0.0195	0.923	0.548	0.548
food_output	benefit	2600	0.0156	1.0	0.5636	0.566
food_output	cost	2600	0.003	1.0	0.0982	0.2695
food_output	benefit	2650	0.0205	1.0	0.5841	0.5885
food_output	benefit	2700	0.0065	1.0	0.5906	0.611
food_output	benefit	2750	0.0169	1.0	0.6075	0.638
food_output	cost	2750	0.002	1.0	0.1002	0.2774
food_output	benefit	2800	0.0143	1.0	0.6218	0.665
food_output	cost	2800	0.004	1.0	0.1042	0.28
food_output	benefit	2850	0.0221	1.0	0.6439	0.6987
food_output	benefit	2900	0.0117	1.0	0.6556	0.7325
food_output	cost	2900	0.003	1.0	0.1072	0.2887
food_output	benefit	2950	0.0013	1.0	0.6569	0.7663
food_output	cost	2950	0.001	1.0	0.1082	0.2931
food_output	benefit	3000	0.0052	1.0	0.6621	0.8
food_output	cost	3000	0.003	1.0	0.1112	0.2975
food_spoilage	benefit	50	0.2	1.0	0.2	0.2
food_spoilage	benefit	100	0.0241	1.0	0.2241	0.224
food_spoilage	benefit	150	0.02	1.0	0.2441	0.244
food_spoilage	benefit	200	0.02	1.0	0.2641	0.264
food_spoilage	benefit	250	0.018	1.0	0.2821	0.282
food_spoilage	benefit	300	0.01	1.0	0.2921	0.3
food_spoilage	benefit	350	0.0253	1.0	0.3174	0.3173
food_spoilage	benefit	400	0.0173	1.0	0.3347	0.3347
food_spoilage	benefit	500	0.0333	1.0	0.368	0.368
food_spoilage	benefit	550	0.016	1.0	0.384	0.384
food_spoilage	benefit	600	0.016	1.0	0.4	0.4
food_spoilage	benefit	650	0.014	0.208	0.4029	0.4029
food_spoilage	benefit	700	0.005	0.583	0.4058	0.4058
food_spoilage	benefit	750	0.003	0.972	0.4088	0.4088
food_spoilage	benefit	800	0.007	0.417	0.4117	0.4117
food_spoilage	benefit	900	0.007	0.833	0.4175	0.4175
food_spoilage	benefit	1000	0.013	0.449	0.4233	0.4233
food_spoilage	benefit	1050	0.0064	0.456	0.4263	0.4263
food_spoilage	benefit	1100	0.011	0.265	0.4292	0.4292
food_spoilage	benefit	1150	0.004	0.729	0.4321	0.4321
food_spoilage	benefit	1200	0.0017	1.0	0.4338	0.435
food_spoilage	benefit	1250	0.006	0.689	0.4379	0.4379
food_spoilage	benefit	1300	0.006	0.486	0.4408	0.4408
food_spoilage	benefit	1400	0.002	1.0	0.4428	0.4467
food_spoilage	benefit	1450	0.003	1.0	0.4458	0.4496
food_spoilage	benefit	1500	0.006	1.0	0.4518	0.4525
food_spoilage	benefit	1550	0.003	1.0	0.4548	0.4554
food_spoilage	benefit	1600	0.003	1.0	0.4578	0.4583
food_spoilage	benefit	1650	0.0045	0.759	0.4612	0.4612
food_spoilage	benefit	1700	0.009	0.324	0.4642	0.4642
food_spoilage	benefit	1750	0.0115	0.254	0.4671	0.4671
food_spoilage	benefit	1800	0.0075	0.389	0.47	0.47
food_spoilage	benefit	1850	0.0165	0.23	0.4738	0.4738
food_spoilage	benefit	1900	0.0075	0.506	0.4776	0.4776
food_spoilage	benefit	1950	0.0245	0.155	0.4814	0.4814
food_spoilage	benefit	2100	0.009	1.0	0.4904	0.4928
food_spoilage	benefit	2150	0.01	0.617	0.4965	0.4965
food_spoilage	benefit	2200	0.005	0.758	0.5003	0.5003
food_spoilage	benefit	2300	0.001	1.0	0.5013	0.5079
food_spoilage	benefit	2350	0.01	1.0	0.5113	0.5117
food_spoilage	benefit	2400	0.0125	0.333	0.5155	0.5155
food_spoilage	benefit	2450	0.0187	0.655	0.5278	0.5278
food_spoilage	benefit	2500	0.0115	1.0	0.5393	0.54
food_spoilage	benefit	2550	0.0128	1.0	0.5521	0.554
food_spoilage	benefit	2600	0.017	0.938	0.568	0.568
food_spoilage	benefit	2650	0.0125	1.0	0.5805	0.5855
food_spoilage	benefit	2700	0.0034	1.0	0.5839	0.603
food_spoilage	benefit	2750	0.0261	1.0	0.61	0.624
food_spoilage	benefit	2800	0.0173	1.0	0.6273	0.645
food_spoilage	benefit	2850	0.0323	1.0	0.6596	0.6712
food_storage	benefit	50	0.275	1.0	0.275	0.275
food_storage	cost	50	0.005	1.0	0.005	0.1283
food_storage	benefit	100	0.0331	1.0	0.3081	0.308
food_storage	cost	100	0.02	1.0	0.025	0.1367
food_storage	benefit	150	0.0275	1.0	0.3356	0.3355
food_storage	benefit	200	0.0274	1.0	0.363	0.363
food_storage	cost	200	0.01	1.0	0.035	0.1533
food_storage	benefit	250	0.0247	1.0	0.3877	0.3878
food_storage	benefit	300	0.0247	1.0	0.4124	0.4125
food_storage	benefit	350	0.0239	1.0	0.4363	0.4363
food_storage	cost	350	0.01	1.0	0.045	0.1783
food_storage	benefit	400	0.0238	1.0	0.4601	0.4602
food_storage	benefit	450	0.0238	1.0	0.4839	0.484
food_storage	cost	450	0.005	1.0	0.05	0.195
food_storage	benefit	500	0.022	1.0	0.5059	0.506
food_storage	benefit	550	0.022	1.0	0.5279	0.528
food_storage	cost	550	0.005	1.0	0.055	0.2117
food_storage	benefit	600	0.022	1.0	0.5499	0.55
food_storage	cost	600	0.005	1.0	0.06	0.22
food_storage	benefit	650	0.0209	0.264	0.5554	0.5554
food_storage	cost	650	0.0116	1.0	0.0716	0.2223
food_storage	benefit	700	0.0225	0.241	0.5608	0.5608
food_storage	benefit	750	0.0294	0.184	0.5663	0.5663
food_storage	cost	750	0.0036	1.0	0.0752	0.227
food_storage	benefit	800	0.016	0.339	0.5717	0.5717
food_storage	cost	800	0.0084	1.0	0.0836	0.2293
food_storage	benefit	850	0.0145	0.374	0.5771	0.5771
food_storage	cost	850	0.0012	1.0	0.0848	0.2317
food_storage	benefit	900	0.0133	0.407	0.5825	0.5825
food_storage	benefit	950	0.0092	0.589	0.5879	0.5879
food_storage	benefit	1000	0.0177	0.306	0.5933	0.5933
food_storage	cost	1000	0.0016	1.0	0.0864	0.2387
food_storage	benefit	1050	0.0178	0.304	0.5988	0.5988
food_storage	cost	1050	0.0008	1.0	0.0872	0.241
food_storage	benefit	1100	0.0109	0.497	0.6042	0.6042
food_storage	cost	1100	0.0012	1.0	0.0884	0.2433
food_storage	benefit	1150	0.0073	0.742	0.6096	0.6096
food_storage	benefit	1200	0.0071	0.763	0.615	0.615
food_storage	benefit	1250	0.0105	0.516	0.6204	0.6204
food_storage	cost	1250	0.001	1.0	0.0894	0.25
food_storage	benefit	1300	0.0186	0.291	0.6258	0.6258
food_storage	benefit	1350	0.0136	0.398	0.6313	0.6313
food_storage	cost	1350	0.002	1.0	0.0914	0.254
food_storage	benefit	1400	0.0081	0.669	0.6367	0.6367
food_storage	benefit	1450	0.009	0.602	0.6421	0.6421
food_storage	benefit	1500	0.015	0.361	0.6475	0.6475
food_storage	cost	1500	0.0067	1.0	0.0981	0.26
food_storage	benefit	1550	0.0074	0.732	0.6529	0.6529
food_storage	benefit	1600	0.0061	0.888	0.6583	0.6583
food_storage	cost	1600	0.002	1.0	0.1001	0.264
food_storage	benefit	1650	0.0199	0.272	0.6638	0.6638
food_storage	cost	1650	0.002	1.0	0.1021	0.266
food_storage	benefit	1700	0.0163	0.332	0.6692	0.6692
food_storage	benefit	1750	0.0273	0.198	0.6746	0.6746
food_storage	cost	1750	0.003	1.0	0.1051	0.27
food_storage	benefit	1800	0.0352	0.154	0.68	0.68
food_storage	cost	1800	0.0015	1.0	0.1066	0.272
food_storage	benefit	1850	0.0179	0.393	0.687	0.687
food_storage	benefit	1900	0.0216	0.326	0.6941	0.6941
food_storage	benefit	1950	0.0278	0.253	0.7011	0.7011
food_storage	benefit	2000	0.003	1.0	0.7041	0.7082
food_storage	cost	2000	0.0008	1.0	0.1074	0.28
food_storage	benefit	2050	0.0096	1.0	0.7137	0.7152
food_storage	benefit	2100	0.0212	0.402	0.7223	0.7223
food_storage	benefit	2150	0.0068	1.0	0.7291	0.7293
food_storage	cost	2150	0.002	1.0	0.1094	0.286
food_storage	benefit	2200	0.0076	0.958	0.7363	0.7363
food_storage	cost	2200	0.0042	1.0	0.1136	0.288
food_storage	benefit	2250	0.0097	0.726	0.7434	0.7434
food_storage	cost	2300	0.002	1.0	0.1156	0.292
food_storage	benefit	2350	0.0266	0.529	0.7575	0.7575
food_storage	cost	2350	0.0014	1.0	0.117	0.294
food_storage	benefit	2400	0.0171	0.412	0.7645	0.7645
food_storage	cost	2400	0.0015	1.0	0.1185	0.296
food_storage	benefit	2450	0.0242	0.94	0.7873	0.7873
food_storage	benefit	2500	0.014	1.0	0.8013	0.81
food_storage	cost	2500	0.0008	1.0	0.1193	0.302
food_storage	benefit	2550	0.0364	0.955	0.836	0.836
food_storage	cost	2550	0.0006	1.0	0.1199	0.305
food_storage	benefit	2600	0.0306	0.85	0.862	0.862
food_storage	benefit	2650	0.028	1.0	0.89	0.8945
food_storage	benefit	2700	0.002	1.0	0.892	0.927
food_storage	benefit	2750	0.0374	1.0	0.9294	0.966
food_storage	benefit	2800	0.0108	1.0	0.9402	1.005
food_storage	benefit	2850	0.0326	1.0	0.9728	1.0537
food_storage	benefit	2900	0.0108	1.0	0.9836	1.1025
food_storage	benefit	3000	0.0044	1.0	0.988	1.2
foraging_yield	benefit	50	0.3017	1.0	0.3017	0.3019
foraging_yield	benefit	100	0.0045	1.0	0.3062	0.3062
foraging_yield	benefit	150	0.0044	1.0	0.3106	0.3106
foraging_yield	benefit	200	0.0044	1.0	0.315	0.315
foraging_yield	benefit	350	0.0131	1.0	0.3281	0.3281
foraging_yield	benefit	800	0.004	1.0	0.3321	0.36
foraging_yield	benefit	950	0.0026	1.0	0.3347	0.3675
foraging_yield	benefit	1000	0.0017	1.0	0.3364	0.37
foraging_yield	cost	1100	0.0034	1.0	0.0034	0.2129
foraging_yield	cost	1150	0.0017	1.0	0.0051	0.215
foraging_yield	cost	1300	0.001	1.0	0.0061	0.2205
foraging_yield	benefit	1350	0.003	1.0	0.3394	0.3875
foraging_yield	cost	1350	0.002	1.0	0.0081	0.2222
foraging_yield	cost	1600	0.002	1.0	0.0101	0.231
foraging_yield	cost	1650	0.001	1.0	0.0111	0.2327
foraging_yield	cost	1950	0.004	1.0	0.0151	0.2432
foraging_yield	cost	2350	0.006	1.0	0.0211	0.2572
foraging_yield	cost	2450	0.002	1.0	0.0231	0.2616
foraging_yield	cost	2500	0.003	1.0	0.0261	0.2642
foraging_yield	benefit	2550	0.001	1.0	0.3404	0.482
foraging_yield	cost	2550	0.002	1.0	0.0281	0.2669
foraging_yield	cost	2600	0.002	1.0	0.0301	0.2695
foraging_yield	cost	2700	0.002	1.0	0.0321	0.2747
fuel_demand	cost	50	0.106	1.0	0.106	0.2246
fuel_demand	cost	150	0.015	1.0	0.121	0.2537
fuel_demand	benefit	250	0.01	1.0	0.01	0.1058
fuel_demand	cost	250	0.015	1.0	0.136	0.2829
fuel_demand	benefit	300	0.005	1.0	0.015	0.1125
fuel_demand	cost	350	0.03	1.0	0.166	0.3121
fuel_demand	cost	450	0.03	1.0	0.196	0.3412
fuel_demand	cost	550	0.03	1.0	0.226	0.3704
fuel_demand	cost	650	0.004	1.0	0.23	0.3891
fuel_demand	cost	700	0.0244	1.0	0.2544	0.3932
fuel_demand	cost	750	0.0121	1.0	0.2665	0.3972
fuel_demand	cost	800	0.005	1.0	0.2715	0.4013
fuel_demand	cost	850	0.018	1.0	0.2895	0.4054
fuel_demand	cost	900	0.0157	1.0	0.3052	0.4095
fuel_demand	cost	950	0.002	1.0	0.3072	0.4136
fuel_demand	cost	1000	0.0267	1.0	0.3339	0.4177
fuel_demand	benefit	1050	0.0034	1.0	0.0184	0.165
fuel_demand	cost	1050	0.0277	1.0	0.3616	0.4218
fuel_demand	cost	1100	0.0123	1.0	0.3739	0.4258
fuel_demand	cost	1150	0.0012	1.0	0.3751	0.4299
fuel_demand	cost	1200	0.021	1.0	0.3961	0.434
fuel_demand	cost	1250	0.008	1.0	0.4041	0.4375
fuel_demand	cost	1300	0.0008	1.0	0.4049	0.441
fuel_demand	cost	1350	0.0045	1.0	0.4094	0.4445
fuel_demand	cost	1400	0.008	1.0	0.4174	0.448
fuel_demand	cost	1450	0.017	1.0	0.4344	0.4515
fuel_demand	benefit	1500	0.003	1.0	0.0214	0.18
fuel_demand	cost	1500	0.007	1.0	0.4414	0.455
fuel_demand	cost	1550	0.0088	1.0	0.4502	0.4585
fuel_demand	cost	1600	0.004	1.0	0.4542	0.462
fuel_demand	cost	1650	0.0144	0.785	0.4655	0.4655
fuel_demand	cost	1700	0.004	0.875	0.469	0.469
fuel_demand	cost	1750	0.018	0.194	0.4725	0.4725
fuel_demand	cost	1800	0.021	0.167	0.476	0.476
fuel_demand	benefit	1850	0.002	1.0	0.0234	0.1922
fuel_demand	cost	1850	0.019	0.184	0.4795	0.4795
fuel_demand	cost	1900	0.0145	0.241	0.483	0.483
fuel_demand	cost	1950	0.01	0.35	0.4865	0.4865
fuel_demand	benefit	2000	0.004	1.0	0.0274	0.1987
fuel_demand	cost	2000	0.008	0.438	0.49	0.49
fuel_demand	cost	2050	0.007	0.5	0.4935	0.4935
fuel_demand	cost	2100	0.004	0.875	0.497	0.497
fuel_demand	cost	2150	0.007	0.5	0.5005	0.5005
fuel_demand	cost	2200	0.015	0.233	0.504	0.504
fuel_demand	cost	2250	0.019	0.184	0.5075	0.5075
fuel_demand	cost	2300	0.011	0.318	0.511	0.511
fuel_demand	cost	2350	0.011	0.318	0.5145	0.5145
fuel_demand	benefit	2400	0.003	1.0	0.0304	0.216
fuel_demand	cost	2400	0.022	0.159	0.518	0.518
fuel_demand	cost	2450	0.0328	0.16	0.5232	0.5232
fuel_demand	benefit	2500	0.001	1.0	0.0314	0.23
fuel_demand	cost	2500	0.038	0.138	0.5285	0.5285
fuel_demand	benefit	2550	0.0017	1.0	0.0331	0.238
fuel_demand	cost	2550	0.0376	0.14	0.5337	0.5337
fuel_demand	benefit	2600	0.004	1.0	0.0371	0.246
fuel_demand	cost	2600	0.0252	0.208	0.539	0.539
fuel_demand	benefit	2650	0.001	1.0	0.0381	0.256
fuel_demand	cost	2650	0.0536	0.098	0.5443	0.5443
fuel_demand	benefit	2700	0.006	1.0	0.0441	0.266
fuel_demand	cost	2700	0.0546	0.096	0.5495	0.5495
fuel_demand	benefit	2750	0.002	1.0	0.0461	0.278
fuel_demand	cost	2750	0.0572	0.092	0.5547	0.5547
fuel_demand	benefit	2800	0.001	1.0	0.0471	0.29
fuel_demand	cost	2800	0.0599	0.088	0.56	0.56
fuel_demand	benefit	2850	0.009	1.0	0.0561	0.305
fuel_demand	cost	2850	0.0505	0.173	0.5687	0.5687
fuel_demand	benefit	2900	0.01	1.0	0.0661	0.32
fuel_demand	cost	2900	0.0224	0.391	0.5775	0.5775
fuel_demand	benefit	2950	0.0194	1.0	0.0855	0.335
fuel_demand	cost	2950	0.0121	0.723	0.5862	0.5862
fuel_demand	benefit	3000	0.0337	1.0	0.1192	0.35
fuel_demand	cost	3000	0.0406	0.216	0.595	0.595
fuel_efficiency	benefit	50	0.105	1.0	0.105	0.105
fuel_efficiency	benefit	100	0.021	1.0	0.126	0.126
fuel_efficiency	benefit	200	0.01	1.0	0.136	0.1645
fuel_efficiency	benefit	250	0.02	1.0	0.156	0.1837
fuel_efficiency	benefit	450	0.04	1.0	0.196	0.273
fuel_efficiency	benefit	500	0.05	1.0	0.246	0.2987
fuel_efficiency	benefit	550	0.03	1.0	0.276	0.3243
fuel_efficiency	benefit	600	0.03	1.0	0.306	0.35
fuel_efficiency	benefit	650	0.026	1.0	0.332	0.355
fuel_efficiency	benefit	700	0.0214	1.0	0.3534	0.36
fuel_efficiency	benefit	750	0.006	1.0	0.3594	0.365
fuel_efficiency	benefit	900	0.006	1.0	0.3654	0.38
fuel_efficiency	benefit	1050	0.0077	1.0	0.3731	0.395
fuel_efficiency	benefit	1150	0.0074	1.0	0.3805	0.405
fuel_efficiency	benefit	1400	0.005	1.0	0.3855	0.43
fuel_efficiency	benefit	1550	0.005	1.0	0.3905	0.445
fuel_efficiency	benefit	1650	0.003	1.0	0.3935	0.455
fuel_efficiency	benefit	1700	0.002	1.0	0.3955	0.46
fuel_efficiency	benefit	1750	0.01	1.0	0.4055	0.465
fuel_efficiency	benefit	1800	0.012	1.0	0.4175	0.47
fuel_efficiency	benefit	2050	0.007	1.0	0.4245	0.5033
fuel_efficiency	benefit	2200	0.01	1.0	0.4345	0.5233
fuel_efficiency	benefit	2250	0.017	1.0	0.4515	0.53
fuel_efficiency	benefit	2300	0.006	1.0	0.4575	0.5367
fuel_efficiency	benefit	2350	0.017	1.0	0.4745	0.5433
fuel_efficiency	benefit	2400	0.021	1.0	0.4955	0.55
fuel_efficiency	benefit	2450	0.008	1.0	0.5035	0.57
fuel_efficiency	benefit	2500	0.028	1.0	0.5315	0.59
fuel_efficiency	benefit	2550	0.013	1.0	0.5445	0.6125
fuel_efficiency	benefit	2600	0.024	1.0	0.5685	0.635
fuel_efficiency	benefit	2650	0.0531	1.0	0.6216	0.66
fuel_efficiency	benefit	2700	0.0205	1.0	0.6421	0.685
fuel_efficiency	benefit	2750	0.0111	1.0	0.6532	0.7125
fuel_efficiency	benefit	2800	0.0247	1.0	0.6779	0.74
fuel_efficiency	benefit	2850	0.0443	1.0	0.7222	0.77
fuel_efficiency	benefit	2900	0.014	1.0	0.7362	0.8
fuel_efficiency	benefit	2950	0.0295	1.0	0.7657	0.825
fuel_efficiency	benefit	3000	0.0379	1.0	0.8036	0.85
haul_capacity	benefit	50	0.1352	1.0	0.1352	0.135
haul_capacity	benefit	100	0.027	1.0	0.1622	0.162
haul_capacity	benefit	150	0.0247	1.0	0.1869	0.1867
haul_capacity	benefit	200	0.0247	1.0	0.2116	0.2115
haul_capacity	benefit	250	0.0247	1.0	0.2363	0.2362
haul_capacity	benefit	300	0.0249	1.0	0.2612	0.261
haul_capacity	benefit	350	0.03	1.0	0.2912	0.291
haul_capacity	benefit	400	0.0301	1.0	0.3213	0.321
haul_capacity	benefit	450	0.0299	1.0	0.3512	0.351
haul_capacity	benefit	500	0.033	1.0	0.3842	0.384
haul_capacity	benefit	550	0.0189	1.0	0.4031	0.417
haul_capacity	benefit	650	0.0015	1.0	0.4046	0.4555
haul_capacity	benefit	700	0.0116	1.0	0.4162	0.461
haul_capacity	benefit	750	0.031	1.0	0.4472	0.4665
haul_capacity	benefit	800	0.002	1.0	0.4492	0.472
haul_capacity	benefit	850	0.0251	1.0	0.4743	0.4775
haul_capacity	benefit	900	0.008	1.0	0.4823	0.483
haul_capacity	benefit	950	0.0364	0.17	0.4885	0.4885
haul_capacity	benefit	1000	0.0064	0.859	0.494	0.494
haul_capacity	benefit	1050	0.0256	0.215	0.4995	0.4995
haul_capacity	benefit	1100	0.0084	0.655	0.505	0.505
haul_capacity	benefit	1150	0.008	0.688	0.5105	0.5105
haul_capacity	benefit	1200	0.0032	1.0	0.5137	0.516
haul_capacity	benefit	1250	0.0145	0.538	0.5215	0.5215
haul_capacity	benefit	1300	0.0088	0.625	0.527	0.527
haul_capacity	benefit	1350	0.0317	0.174	0.5325	0.5325
haul_capacity	benefit	1400	0.0037	1.0	0.5362	0.538
haul_capacity	benefit	1450	0.0219	0.333	0.5435	0.5435
haul_capacity	benefit	1500	0.015	0.367	0.549	0.549
haul_capacity	benefit	1550	0.017	0.324	0.5545	0.5545
haul_capacity	benefit	1600	0.0055	1.0	0.56	0.56
haul_capacity	benefit	1650	0.0173	0.318	0.5655	0.5655
haul_capacity	benefit	1700	0.0225	0.244	0.571	0.571
haul_capacity	benefit	1750	0.014	0.393	0.5765	0.5765
haul_capacity	benefit	1800	0.005	1.0	0.5815	0.582
haul_capacity	benefit	1850	0.0067	1.0	0.5882	0.5893
haul_capacity	benefit	1900	0.0244	0.347	0.5967	0.5967
haul_capacity	benefit	1950	0.0129	0.568	0.604	0.604
haul_capacity	benefit	2000	0.0377	0.195	0.6113	0.6113
haul_capacity	benefit	2100	0.026	0.564	0.626	0.626
haul_capacity	benefit	2150	0.0119	0.616	0.6333	0.6333
haul_capacity	benefit	2200	0.0152	0.482	0.6407	0.6407
haul_capacity	benefit	2250	0.0189	0.388	0.648	0.648
haul_capacity	benefit	2300	0.0049	1.0	0.6529	0.6553
haul_capacity	benefit	2350	0.0355	0.275	0.6627	0.6627
haul_capacity	benefit	2400	0.0229	0.32	0.67	0.67
haul_capacity	benefit	2450	0.015	1.0	0.685	0.692
haul_capacity	benefit	2500	0.0458	0.633	0.714	0.714
haul_capacity	benefit	2550	0.0236	1.0	0.7376	0.7388
haul_capacity	benefit	2600	0.0396	0.654	0.7635	0.7635
haul_capacity	benefit	2650	0.0278	0.989	0.791	0.791
haul_capacity	benefit	2700	0.0229	1.0	0.8139	0.8185
haul_capacity	benefit	2750	0.0275	1.0	0.8414	0.8488
haul_capacity	benefit	2800	0.0386	0.974	0.879	0.879
haul_capacity	benefit	2850	0.0636	0.519	0.912	0.912
haul_capacity	benefit	2900	0.0075	1.0	0.9195	0.945
haul_capacity	benefit	2950	0.0115	1.0	0.931	0.9725
haul_capacity	benefit	3000	0.014	1.0	0.945	1.0
health_protection	benefit	50	0.11	1.0	0.11	0.11
health_protection	benefit	100	0.0132	1.0	0.1232	0.1232
health_protection	benefit	150	0.011	1.0	0.1342	0.1342
health_protection	benefit	200	0.011	1.0	0.1452	0.1452
health_protection	benefit	250	0.0099	1.0	0.1551	0.1551
health_protection	benefit	300	0.0099	1.0	0.165	0.165
health_protection	benefit	350	0.0095	1.0	0.1745	0.1745
health_protection	benefit	400	0.0095	1.0	0.184	0.1841
health_protection	benefit	450	0.0094	1.0	0.1934	0.1936
health_protection	benefit	500	0.0088	1.0	0.2022	0.2024
health_protection	benefit	550	0.0088	1.0	0.211	0.2112
health_protection	benefit	650	0.0075	1.0	0.2185	0.2228
health_protection	benefit	700	0.0042	1.0	0.2227	0.2255
health_protection	benefit	750	0.0091	0.61	0.2283	0.2283
health_protection	benefit	800	0.0065	0.423	0.231	0.231
health_protection	benefit	850	0.0092	0.299	0.2338	0.2338
health_protection	benefit	900	0.0122	0.225	0.2365	0.2365
health_protection	benefit	950	0.0055	0.5	0.2393	0.2393
health_protection	benefit	1000	0.0167	0.165	0.242	0.242
health_protection	cost	1000	0.004	1.0	0.004	0.179
health_protection	benefit	1050	0.0096	0.286	0.2447	0.2447
health_protection	benefit	1100	0.0086	0.32	0.2475	0.2475
health_protection	benefit	1150	0.006	0.458	0.2503	0.2503
health_protection	benefit	1200	0.0177	0.155	0.253	0.253
health_protection	benefit	1250	0.0058	0.474	0.2558	0.2558
health_protection	benefit	1300	0.0041	0.671	0.2585	0.2585
health_protection	benefit	1350	0.0137	0.201	0.2612	0.2612
health_protection	benefit	1400	0.0052	0.529	0.264	0.264
health_protection	benefit	1450	0.0181	0.152	0.2667	0.2667
health_protection	benefit	1500	0.0099	0.278	0.2695	0.2695
health_protection	benefit	1550	0.0121	0.227	0.2722	0.2722
health_protection	benefit	1600	0.0087	0.316	0.275	0.275
health_protection	benefit	1650	0.0185	0.149	0.2777	0.2777
health_protection	benefit	1700	0.0072	0.382	0.2805	0.2805
health_protection	benefit	1750	0.0063	0.437	0.2833	0.2833
health_protection	benefit	1800	0.0148	0.186	0.286	0.286
health_protection	benefit	1850	0.006	0.596	0.2896	0.2896
health_protection	benefit	1900	0.012	0.298	0.2932	0.2932
health_protection	benefit	1950	0.015	0.238	0.2967	0.2967
health_protection	cost	1950	0.001	1.0	0.005	0.2085
health_protection	benefit	2000	0.009	0.397	0.3003	0.3003
health_protection	cost	2000	0.001	1.0	0.006	0.21
health_protection	benefit	2050	0.006	0.596	0.3039	0.3039
health_protection	benefit	2100	0.02	0.179	0.3075	0.3075
health_protection	benefit	2150	0.01	0.358	0.311	0.311
health_protection	benefit	2200	0.015	0.238	0.3146	0.3146
health_protection	benefit	2250	0.0057	0.627	0.3182	0.3182
health_protection	benefit	2300	0.0223	0.16	0.3218	0.3218
health_protection	benefit	2350	0.016	0.223	0.3253	0.3253
health_protection	benefit	2400	0.0273	0.131	0.3289	0.3289
health_protection	benefit	2450	0.0082	1.0	0.3371	0.3405
health_protection	benefit	2500	0.0172	0.866	0.352	0.352
health_protection	benefit	2550	0.0314	0.42	0.3652	0.3652
health_protection	benefit	2600	0.0346	0.382	0.3784	0.3784
health_protection	benefit	2650	0.0705	0.234	0.3949	0.3949
health_protection	benefit	2700	0.0371	0.445	0.4114	0.4114
health_protection	benefit	2750	0.0268	0.739	0.4312	0.4312
health_protection	benefit	2800	0.0444	0.446	0.451	0.451
health_protection	benefit	2850	0.0335	0.739	0.4758	0.4758
health_protection	benefit	2900	0.0245	1.0	0.5002	0.5005
health_protection	benefit	2950	0.019	1.0	0.5192	0.5253
health_protection	benefit	3000	0.0272	1.0	0.5464	0.55
health_risk	benefit	50	0.01	1.0	0.01	0.04
health_risk	cost	50	0.016	1.0	0.016	0.1283
health_risk	benefit	100	0.01	1.0	0.02	0.0448
health_risk	cost	100	0.014	1.0	0.03	0.1367
health_risk	cost	150	0.007	1.0	0.037	0.145
health_risk	cost	200	0.013	1.0	0.05	0.1533
health_risk	benefit	250	0.01	1.0	0.03	0.0564
health_risk	cost	250	0.004	1.0	0.054	0.1617
health_risk	benefit	350	0.004	1.0	0.034	0.0635
health_risk	benefit	400	0.01	1.0	0.044	0.0669
health_risk	cost	450	0.004	1.0	0.058	0.195
health_risk	benefit	500	0.024	1.0	0.068	0.0736
health_risk	cost	550	0.01	1.0	0.068	0.2117
health_risk	benefit	600	0.007	1.0	0.075	0.08
health_risk	cost	600	0.003	1.0	0.071	0.22
health_risk	benefit	650	0.006	1.0	0.081	0.081
health_risk	cost	650	0.006	1.0	0.077	0.2223
health_risk	benefit	700	0.002	0.5	0.082	0.082
health_risk	cost	700	0.005	1.0	0.082	0.2247
health_risk	cost	750	0.014	1.0	0.096	0.227
health_risk	cost	800	0.016	1.0	0.112	0.2293
health_risk	benefit	850	0.002	1.0	0.084	0.085
health_risk	cost	850	0.009	1.0	0.121	0.2317
health_risk	benefit	900	0.008	0.25	0.086	0.086
health_risk	cost	900	0.009	1.0	0.13	0.234
health_risk	benefit	950	0.004	0.25	0.087	0.087
health_risk	cost	950	0.004	1.0	0.134	0.2363
health_risk	cost	1000	0.014	1.0	0.148	0.2387
health_risk	benefit	1050	0.006	0.333	0.089	0.089
health_risk	cost	1050	0.009	1.0	0.157	0.241
health_risk	benefit	1100	0.006	0.167	0.09	0.09
health_risk	cost	1100	0.006	1.0	0.163	0.2433
health_risk	cost	1150	0.006	1.0	0.169	0.2457
health_risk	benefit	1200	0.004	0.5	0.092	0.092
health_risk	cost	1200	0.004	1.0	0.173	0.248
health_risk	cost	1250	0.001	1.0	0.174	0.25
health_risk	benefit	1300	0.001	1.0	0.093	0.094
health_risk	cost	1300	0.003	1.0	0.177	0.252
health_risk	cost	1350	0.003	1.0	0.18	0.254
health_risk	benefit	1400	0.002	1.0	0.095	0.096
health_risk	cost	1400	0.001	1.0	0.181	0.256
health_risk	benefit	1450	0.0015	1.0	0.0965	0.097
health_risk	cost	1450	0.004	1.0	0.185	0.258
health_risk	benefit	1500	0.0085	0.176	0.098	0.098
health_risk	cost	1500	0.002	1.0	0.187	0.26
health_risk	benefit	1550	0.003	0.333	0.099	0.099
health_risk	cost	1550	0.005	1.0	0.192	0.262
health_risk	benefit	1600	0.0015	0.667	0.1	0.1
health_risk	cost	1600	0.002	1.0	0.194	0.264
health_risk	benefit	1650	0.0065	0.154	0.101	0.101
health_risk	cost	1650	0.006	1.0	0.2	0.266
health_risk	benefit	1700	0.001	1.0	0.102	0.102
health_risk	cost	1700	0.007	1.0	0.207	0.268
health_risk	benefit	1750	0.0085	0.118	0.103	0.103
health_risk	cost	1750	0.006	1.0	0.213	0.27
health_risk	benefit	1800	0.007	0.143	0.104	0.104
health_risk	cost	1800	0.006	1.0	0.219	0.272
health_risk	benefit	1850	0.002	0.65	0.1053	0.1053
health_risk	cost	1850	0.001	1.0	0.22	0.274
health_risk	benefit	1900	0.002	0.65	0.1066	0.1066
health_risk	cost	1900	0.0071	1.0	0.2271	0.276
health_risk	benefit	1950	0.014	0.093	0.1079	0.1079
health_risk	cost	1950	0.0142	1.0	0.2413	0.278
health_risk	benefit	2000	0.0114	0.114	0.1092	0.1092
health_risk	cost	2000	0.0255	1.0	0.2668	0.28
health_risk	benefit	2050	0.0051	0.255	0.1105	0.1105
health_risk	cost	2050	0.0129	1.0	0.2797	0.282
health_risk	benefit	2100	0.003	0.433	0.1118	0.1118
health_risk	cost	2100	0.009	0.478	0.284	0.284
health_risk	benefit	2150	0.005	0.26	0.1131	0.1131
health_risk	cost	2150	0.015	0.133	0.286	0.286
health_risk	benefit	2200	0.0144	0.09	0.1144	0.1144
health_risk	cost	2200	0.001	1.0	0.287	0.288
health_risk	benefit	2250	0.002	0.65	0.1157	0.1157
health_risk	cost	2250	0.0127	0.236	0.29	0.29
health_risk	benefit	2300	0.006	0.217	0.117	0.117
health_risk	cost	2300	0.009	0.222	0.292	0.292
health_risk	benefit	2350	0.009	0.144	0.1183	0.1183
health_risk	cost	2350	0.0106	0.189	0.294	0.294
health_risk	benefit	2400	0.0078	0.167	0.1196	0.1196
health_risk	cost	2400	0.0168	0.119	0.296	0.296
health_risk	benefit	2450	0.004	1.0	0.1236	0.1238
health_risk	cost	2450	0.0095	0.316	0.299	0.299
health_risk	benefit	2500	0.007	0.629	0.128	0.128
health_risk	cost	2500	0.012	0.25	0.302	0.302
health_risk	benefit	2550	0.008	0.6	0.1328	0.1328
health_risk	cost	2550	0.0105	0.286	0.305	0.305
health_risk	benefit	2600	0.019	0.253	0.1376	0.1376
health_risk	cost	2600	0.016	0.188	0.308	0.308
health_risk	benefit	2650	0.014	0.429	0.1436	0.1436
health_risk	cost	2650	0.0145	0.207	0.311	0.311
health_risk	benefit	2700	0.017	0.353	0.1496	0.1496
health_risk	cost	2700	0.0215	0.14	0.314	0.314
health_risk	benefit	2750	0.004	1.0	0.1536	0.1568
health_risk	cost	2750	0.016	0.187	0.317	0.317
health_risk	benefit	2800	0.01	1.0	0.1636	0.164
health_risk	cost	2800	0.031	0.097	0.32	0.32
health_risk	benefit	2850	0.029	0.324	0.173	0.173
health_risk	cost	2850	0.021	0.238	0.325	0.325
health_risk	benefit	2900	0.025	0.36	0.182	0.182
health_risk	cost	2900	0.014	0.357	0.33	0.33
health_risk	benefit	2950	0.012	0.75	0.191	0.191
health_risk	cost	2950	0.007	0.714	0.335	0.335
health_risk	benefit	3000	0.006	1.0	0.197	0.2
health_risk	cost	3000	0.004	1.0	0.339	0.34
housing_output	benefit	50	0.135	1.0	0.135	0.135
housing_output	benefit	100	0.0269	1.0	0.1619	0.162
housing_output	benefit	150	0.0248	1.0	0.1867	0.1867
housing_output	benefit	200	0.0249	1.0	0.2116	0.2115
housing_output	benefit	250	0.0248	1.0	0.2364	0.2362
housing_output	benefit	300	0.0247	1.0	0.2611	0.261
housing_output	benefit	350	0.03	1.0	0.2911	0.291
housing_output	benefit	400	0.03	1.0	0.3211	0.321
housing_output	benefit	450	0.03	1.0	0.3511	0.351
housing_output	benefit	500	0.032	1.0	0.3831	0.384
housing_output	benefit	550	0.034	1.0	0.4171	0.417
housing_output	benefit	600	0.0292	1.0	0.4463	0.45
housing_output	benefit	650	0.0178	0.461	0.4545	0.4545
housing_output	benefit	700	0.0172	0.262	0.459	0.459
housing_output	benefit	750	0.0086	0.523	0.4635	0.4635
housing_output	benefit	800	0.0107	0.421	0.468	0.468
housing_output	benefit	850	0.016	0.281	0.4725	0.4725
housing_output	benefit	900	0.0063	0.714	0.477	0.477
housing_output	benefit	950	0.018	0.25	0.4815	0.4815
housing_output	benefit	1000	0.0171	0.263	0.486	0.486
housing_output	cost	1000	0.004	1.0	0.004	0.2088
housing_output	benefit	1050	0.032	0.141	0.4905	0.4905
housing_output	benefit	1100	0.0203	0.222	0.495	0.495
housing_output	benefit	1150	0.0164	0.274	0.4995	0.4995
housing_output	benefit	1200	0.0235	0.191	0.504	0.504
housing_output	cost	1200	0.0017	1.0	0.0057	0.217
housing_output	benefit	1250	0.005	0.9	0.5085	0.5085
housing_output	cost	1250	0.002	1.0	0.0077	0.2188
housing_output	benefit	1300	0.027	0.167	0.513	0.513
housing_output	benefit	1350	0.009	0.5	0.5175	0.5175
housing_output	benefit	1400	0.011	0.409	0.522	0.522
housing_output	benefit	1450	0.014	0.321	0.5265	0.5265
housing_output	cost	1450	0.001	1.0	0.0087	0.2257
housing_output	benefit	1500	0.017	0.265	0.531	0.531
housing_output	benefit	1550	0.008	0.562	0.5355	0.5355
housing_output	benefit	1600	0.01	0.45	0.54	0.54
housing_output	benefit	1650	0.031	0.145	0.5445	0.5445
housing_output	benefit	1700	0.017	0.265	0.549	0.549
housing_output	cost	1700	0.002	1.0	0.0107	0.2345
housing_output	benefit	1750	0.026	0.173	0.5535	0.5535
housing_output	benefit	1800	0.014	0.321	0.558	0.558
housing_output	cost	1800	0.002	1.0	0.0127	0.238
housing_output	benefit	1850	0.0222	0.27	0.564	0.564
housing_output	benefit	1900	0.0104	0.577	0.57	0.57
housing_output	benefit	1950	0.0138	0.435	0.576	0.576
housing_output	cost	1950	0.002	1.0	0.0147	0.2432
housing_output	benefit	2000	0.0024	1.0	0.5784	0.582
housing_output	benefit	2050	0.0078	1.0	0.5862	0.588
housing_output	benefit	2100	0.008	0.975	0.594	0.594
housing_output	benefit	2150	0.007	0.857	0.6	0.6
housing_output	benefit	2200	0.013	0.462	0.606	0.606
housing_output	cost	2200	0.003	1.0	0.0177	0.252
housing_output	benefit	2250	0.007	0.857	0.612	0.612
housing_output	benefit	2300	0.004	1.0	0.616	0.618
housing_output	benefit	2350	0.013	0.615	0.624	0.624
housing_output	benefit	2400	0.007	0.857	0.63	0.63
housing_output	benefit	2450	0.008	1.0	0.638	0.648
housing_output	benefit	2500	0.019	1.0	0.657	0.666
housing_output	benefit	2550	0.0288	1.0	0.6858	0.6863
housing_output	cost	2550	0.001	1.0	0.0187	0.2669
housing_output	benefit	2600	0.011	1.0	0.6968	0.7065
housing_output	cost	2600	0.012	1.0	0.0307	0.2695
housing_output	benefit	2650	0.047	0.685	0.729	0.729
housing_output	benefit	2700	0.002	1.0	0.731	0.7515
housing_output	benefit	2750	0.0234	1.0	0.7544	0.7763
housing_output	cost	2750	0.0068	1.0	0.0375	0.2774
housing_output	benefit	2800	0.002	1.0	0.7564	0.801
housing_output	cost	2800	0.001	1.0	0.0385	0.28
housing_output	benefit	2850	0.0282	1.0	0.7846	0.828
housing_output	benefit	3000	0.0158	1.0	0.8004	0.9
housing_output	cost	3000	0.0024	1.0	0.0409	0.2975
hunting_yield	benefit	50	0.24	1.0	0.24	0.2587
hunting_yield	benefit	150	0.0263	1.0	0.2663	0.2662
hunting_yield	benefit	350	0.015	1.0	0.2813	0.2812
hunting_yield	benefit	500	0.0112	1.0	0.2925	0.2925
hunting_yield	benefit	700	0.0017	1.0	0.2942	0.3058
hunting_yield	benefit	750	0.006	1.0	0.3002	0.3087
hunting_yield	benefit	800	0.0034	1.0	0.3036	0.3117
hunting_yield	cost	800	0.0026	1.0	0.0026	0.2007
hunting_yield	benefit	900	0.004	1.0	0.3076	0.3175
hunting_yield	benefit	950	0.006	1.0	0.3136	0.3204
hunting_yield	benefit	1050	0.0017	1.0	0.3153	0.3262
hunting_yield	cost	1050	0.0034	1.0	0.006	0.2109
hunting_yield	benefit	1100	0.0026	1.0	0.3179	0.3292
hunting_yield	cost	1100	0.0026	1.0	0.0086	0.2129
hunting_yield	benefit	1300	0.003	1.0	0.3209	0.3408
hunting_yield	benefit	1350	0.001	1.0	0.3219	0.3438
hunting_yield	cost	1400	0.003	1.0	0.0116	0.224
hunting_yield	benefit	1450	0.001	1.0	0.3229	0.3496
hunting_yield	cost	1450	0.002	1.0	0.0136	0.2257
hunting_yield	benefit	1550	0.001	1.0	0.3239	0.3554
hunting_yield	cost	1600	0.003	1.0	0.0166	0.231
hunting_yield	benefit	1650	0.002	1.0	0.3259	0.3612
hunting_yield	cost	1700	0.001	1.0	0.0176	0.2345
hunting_yield	benefit	1750	0.001	1.0	0.3269	0.3671
hunting_yield	benefit	1850	0.002	1.0	0.3289	0.3738
hunting_yield	benefit	1900	0.003	1.0	0.3319	0.3776
hunting_yield	cost	1950	0.006	1.0	0.0236	0.2432
hunting_yield	cost	2000	0.002	1.0	0.0256	0.245
hunting_yield	cost	2050	0.004	1.0	0.0296	0.2467
hunting_yield	cost	2100	0.006	1.0	0.0356	0.2485
hunting_yield	benefit	2150	0.002	1.0	0.3339	0.3965
hunting_yield	cost	2150	0.002	1.0	0.0376	0.2502
hunting_yield	benefit	2250	0.003	1.0	0.3369	0.4041
hunting_yield	benefit	2300	0.003	1.0	0.3399	0.4079
hunting_yield	cost	2350	0.002	1.0	0.0396	0.2572
hunting_yield	cost	2400	0.003	1.0	0.0426	0.259
hunting_yield	cost	2500	0.002	1.0	0.0446	0.2642
hunting_yield	benefit	2550	0.006	1.0	0.3459	0.454
hunting_yield	cost	2550	0.004	1.0	0.0486	0.2669
hunting_yield	benefit	2600	0.001	1.0	0.3469	0.468
hunting_yield	cost	2600	0.006	1.0	0.0546	0.2695
hunting_yield	benefit	2650	0.002	1.0	0.3489	0.4855
hunting_yield	cost	2650	0.003	1.0	0.0576	0.2721
hunting_yield	cost	2700	0.006	1.0	0.0636	0.2747
hunting_yield	cost	2750	0.004	1.0	0.0676	0.2774
hunting_yield	benefit	2800	0.001	1.0	0.3499	0.545
hunting_yield	benefit	2850	0.004	1.0	0.3539	0.5713
hunting_yield	cost	2850	0.003	1.0	0.0706	0.2844
hunting_yield	benefit	2900	0.001	1.0	0.3549	0.5975
hunting_yield	cost	2900	0.003	1.0	0.0736	0.2887
hunting_yield	cost	2950	0.003	1.0	0.0766	0.2931
hunting_yield	cost	3000	0.002	1.0	0.0786	0.2975
injury_risk	benefit	50	0.1098	1.0	0.1098	0.11
injury_risk	cost	50	0.013	1.0	0.013	0.1765
injury_risk	benefit	100	0.0131	1.0	0.1229	0.1232
injury_risk	benefit	150	0.011	1.0	0.1339	0.1342
injury_risk	cost	150	0.005	1.0	0.018	0.1994
injury_risk	benefit	200	0.011	1.0	0.1449	0.1452
injury_risk	benefit	250	0.0099	1.0	0.1548	0.1551
injury_risk	cost	250	0.01	1.0	0.028	0.2223
injury_risk	benefit	300	0.0099	1.0	0.1647	0.165
injury_risk	cost	300	0.01	1.0	0.038	0.2338
injury_risk	benefit	350	0.0096	1.0	0.1743	0.1745
injury_risk	benefit	400	0.0095	1.0	0.1838	0.1841
injury_risk	benefit	450	0.0095	1.0	0.1933	0.1936
injury_risk	benefit	500	0.0089	1.0	0.2022	0.2024
injury_risk	benefit	550	0.0088	1.0	0.211	0.2112
injury_risk	cost	550	0.005	1.0	0.043	0.291
injury_risk	benefit	600	0.0088	1.0	0.2198	0.22
injury_risk	benefit	650	0.0068	0.311	0.2219	0.2219
injury_risk	cost	650	0.002	1.0	0.045	0.3057
injury_risk	benefit	700	0.0155	0.124	0.2238	0.2238
injury_risk	cost	700	0.0022	1.0	0.0472	0.3089
injury_risk	benefit	750	0.0133	0.144	0.2258	0.2258
injury_risk	cost	750	0.004	1.0	0.0512	0.3121
injury_risk	benefit	800	0.0107	0.179	0.2277	0.2277
injury_risk	benefit	850	0.0062	0.309	0.2296	0.2296
injury_risk	cost	850	0.006	1.0	0.0572	0.3185
injury_risk	benefit	900	0.026	0.074	0.2315	0.2315
injury_risk	cost	900	0.0026	1.0	0.0598	0.3217
injury_risk	benefit	950	0.0026	0.737	0.2334	0.2334
injury_risk	cost	950	0.0032	1.0	0.063	0.325
injury_risk	benefit	1000	0.017	0.113	0.2353	0.2353
injury_risk	cost	1000	0.0052	1.0	0.0682	0.3282
injury_risk	benefit	1050	0.0096	0.2	0.2373	0.2373
injury_risk	cost	1100	0.0048	1.0	0.073	0.3346
injury_risk	benefit	1150	0.0055	0.697	0.2411	0.2411
injury_risk	benefit	1200	0.0017	1.0	0.2428	0.243
injury_risk	benefit	1250	0.002	1.0	0.2448	0.2449
injury_risk	benefit	1300	0.0026	0.788	0.2468	0.2468
injury_risk	cost	1300	0.005	1.0	0.078	0.3465
injury_risk	benefit	1350	0.009	0.213	0.2487	0.2487
injury_risk	cost	1350	0.003	1.0	0.081	0.3493
injury_risk	benefit	1400	0.003	0.639	0.2507	0.2507
injury_risk	cost	1400	0.003	1.0	0.084	0.352
injury_risk	benefit	1450	0.011	0.174	0.2526	0.2526
injury_risk	cost	1450	0.002	1.0	0.086	0.3548
injury_risk	benefit	1500	0.0076	0.252	0.2545	0.2545
injury_risk	cost	1500	0.001	1.0	0.087	0.3575
injury_risk	benefit	1550	0.014	0.137	0.2564	0.2564
injury_risk	cost	1550	0.0046	1.0	0.0916	0.3603
injury_risk	benefit	1600	0.0074	0.259	0.2583	0.2583
injury_risk	cost	1600	0.0035	1.0	0.0951	0.363
injury_risk	benefit	1650	0.01	0.192	0.2602	0.2602
injury_risk	cost	1650	0.0026	1.0	0.0977	0.3658
injury_risk	benefit	1700	0.0098	0.196	0.2622	0.2622
injury_risk	cost	1700	0.003	1.0	0.1007	0.3685
injury_risk	benefit	1750	0.0178	0.108	0.2641	0.2641
injury_risk	cost	1750	0.007	1.0	0.1077	0.3713
injury_risk	benefit	1800	0.0236	0.081	0.266	0.266
injury_risk	cost	1800	0.0032	1.0	0.1109	0.374
injury_risk	benefit	1850	0.007	0.356	0.2685	0.2685
injury_risk	cost	1850	0.005	1.0	0.1159	0.3768
injury_risk	benefit	1900	0.0086	0.29	0.271	0.271
injury_risk	cost	1900	0.006	1.0	0.1219	0.3795
injury_risk	benefit	1950	0.028	0.089	0.2735	0.2735
injury_risk	cost	1950	0.007	1.0	0.1289	0.3823
injury_risk	benefit	2000	0.0317	0.079	0.276	0.276
injury_risk	cost	2000	0.011	1.0	0.1399	0.385
injury_risk	benefit	2050	0.0059	0.422	0.2785	0.2785
injury_risk	benefit	2100	0.0007	1.0	0.2792	0.281
injury_risk	cost	2100	0.008	1.0	0.1479	0.3905
injury_risk	benefit	2150	0.0073	0.587	0.2834	0.2834
injury_risk	cost	2150	0.005	1.0	0.1529	0.3932
injury_risk	benefit	2200	0.0052	0.479	0.2859	0.2859
injury_risk	cost	2200	0.002	1.0	0.1549	0.396
injury_risk	benefit	2250	0.0101	0.247	0.2884	0.2884
injury_risk	cost	2250	0.004	1.0	0.1589	0.3987
injury_risk	benefit	2300	0.0138	0.181	0.2909	0.2909
injury_risk	cost	2300	0.005	1.0	0.1639	0.4015
injury_risk	benefit	2350	0.0159	0.157	0.2934	0.2934
injury_risk	cost	2350	0.005	1.0	0.1689	0.4042
injury_risk	benefit	2400	0.0062	0.402	0.2959	0.2959
injury_risk	cost	2400	0.01	1.0	0.1789	0.407
injury_risk	benefit	2450	0.009	0.894	0.3039	0.3039
injury_risk	cost	2450	0.0126	1.0	0.1915	0.4111
injury_risk	benefit	2500	0.0178	0.452	0.312	0.312
injury_risk	cost	2500	0.024	1.0	0.2155	0.4153
injury_risk	benefit	2550	0.025	0.368	0.3212	0.3212
injury_risk	cost	2550	0.008	1.0	0.2235	0.4194
injury_risk	benefit	2600	0.053	0.174	0.3304	0.3304
injury_risk	cost	2600	0.0352	1.0	0.2587	0.4235
injury_risk	benefit	2650	0.018	0.639	0.3419	0.3419
injury_risk	cost	2650	0.0186	1.0	0.2773	0.4276
injury_risk	benefit	2700	0.025	0.46	0.3534	0.3534
injury_risk	cost	2700	0.031	1.0	0.3083	0.4318
injury_risk	benefit	2750	0.024	0.575	0.3672	0.3672
injury_risk	cost	2750	0.017	1.0	0.3253	0.4359
injury_risk	benefit	2800	0.021	0.657	0.381	0.381
injury_risk	cost	2800	0.013	1.0	0.3383	0.44
injury_risk	benefit	2850	0.011	1.0	0.392	0.3982
injury_risk	cost	2850	0.005	1.0	0.3433	0.4469
injury_risk	benefit	2900	0.018	1.0	0.41	0.4155
injury_risk	cost	2900	0.001	1.0	0.3443	0.4537
injury_risk	benefit	2950	0.011	1.0	0.421	0.4328
injury_risk	cost	2950	0.003	1.0	0.3473	0.4606
injury_risk	benefit	3000	0.009	1.0	0.43	0.45
injury_risk	cost	3000	0.004	1.0	0.3513	0.4675
institutional_rigidity	cost	50	0.0337	1.0	0.0337	0.1765
institutional_rigidity	cost	100	0.0275	1.0	0.0612	0.1879
institutional_rigidity	cost	150	0.0316	1.0	0.0928	0.1994
institutional_rigidity	cost	200	0.0314	1.0	0.1242	0.2108
institutional_rigidity	benefit	250	0.01	1.0	0.01	0.0705
institutional_rigidity	cost	250	0.0454	1.0	0.1696	0.2223
institutional_rigidity	cost	300	0.0358	1.0	0.2054	0.2338
institutional_rigidity	cost	350	0.0108	1.0	0.2162	0.2452
institutional_rigidity	cost	400	0.1226	0.33	0.2567	0.2567
institutional_rigidity	cost	450	0.0841	0.136	0.2681	0.2681
institutional_rigidity	benefit	500	0.01	1.0	0.02	0.092
institutional_rigidity	cost	500	0.0634	0.181	0.2796	0.2796
institutional_rigidity	cost	550	0.0402	0.285	0.291	0.291
institutional_rigidity	benefit	600	0.03	1.0	0.05	0.1
institutional_rigidity	cost	600	0.0664	0.173	0.3025	0.3025
institutional_rigidity	cost	650	0.0371	0.086	0.3057	0.3057
institutional_rigidity	benefit	700	0.0038	1.0	0.0538	0.1017
institutional_rigidity	cost	700	0.0082	0.391	0.3089	0.3089
institutional_rigidity	benefit	750	0.0165	1.0	0.0703	0.1025
institutional_rigidity	cost	750	0.0297	0.108	0.3121	0.3121
institutional_rigidity	benefit	800	0.0195	1.0	0.0898	0.1033
institutional_rigidity	cost	800	0.0089	0.36	0.3153	0.3153
institutional_rigidity	benefit	850	0.0432	0.333	0.1042	0.1042
institutional_rigidity	cost	850	0.0199	0.161	0.3185	0.3185
institutional_rigidity	benefit	900	0.0038	0.219	0.105	0.105
institutional_rigidity	cost	900	0.0105	0.306	0.3217	0.3217
institutional_rigidity	benefit	950	0.0094	0.089	0.1058	0.1058
institutional_rigidity	cost	950	0.042	0.076	0.325	0.325
institutional_rigidity	benefit	1000	0.0153	0.054	0.1067	0.1067
institutional_rigidity	cost	1000	0.0245	0.131	0.3282	0.3282
institutional_rigidity	cost	1050	0.0362	0.089	0.3314	0.3314
institutional_rigidity	benefit	1100	0.0098	0.17	0.1083	0.1083
institutional_rigidity	cost	1150	0.0279	0.23	0.3378	0.3378
institutional_rigidity	cost	1200	0.0914	0.05	0.3424	0.341
institutional_rigidity	cost	1250	0.0249	0.056	0.3438	0.3438
institutional_rigidity	cost	1300	0.0166	0.166	0.3465	0.3465
institutional_rigidity	benefit	1350	0.0014	1.0	0.1097	0.1125
institutional_rigidity	cost	1350	0.0281	0.098	0.3493	0.3493
institutional_rigidity	benefit	1400	0.0025	1.0	0.1122	0.1133
institutional_rigidity	cost	1400	0.0113	0.243	0.352	0.352
institutional_rigidity	benefit	1450	0.0025	0.773	0.1142	0.1142
institutional_rigidity	cost	1450	0.0215	0.128	0.3548	0.3548
institutional_rigidity	benefit	1500	0.0026	0.321	0.115	0.115
institutional_rigidity	cost	1500	0.013	0.212	0.3575	0.3575
institutional_rigidity	benefit	1550	0.005	0.167	0.1158	0.1158
institutional_rigidity	cost	1550	0.0158	0.174	0.3603	0.3603
institutional_rigidity	benefit	1600	0.0067	0.124	0.1167	0.1167
institutional_rigidity	cost	1600	0.0165	0.167	0.363	0.363
institutional_rigidity	benefit	1650	0.0065	0.128	0.1175	0.1175
institutional_rigidity	cost	1650	0.0325	0.085	0.3658	0.3658
institutional_rigidity	benefit	1700	0.0066	0.126	0.1183	0.1183
institutional_rigidity	cost	1700	0.0345	0.08	0.3685	0.3685
institutional_rigidity	benefit	1750	0.0089	0.094	0.1192	0.1192
institutional_rigidity	cost	1750	0.022	0.125	0.3713	0.3713
institutional_rigidity	benefit	1800	0.0095	0.088	0.12	0.12
institutional_rigidity	cost	1800	0.0457	0.06	0.374	0.374
institutional_rigidity	benefit	1850	0.0145	0.075	0.1211	0.1211
institutional_rigidity	cost	1850	0.016	0.172	0.3768	0.3768
institutional_rigidity	benefit	1900	0.0061	0.178	0.1222	0.1222
institutional_rigidity	cost	1900	0.0194	0.142	0.3795	0.3795
institutional_rigidity	benefit	1950	0.0072	0.15	0.1233	0.1233
institutional_rigidity	cost	1950	0.0316	0.087	0.3823	0.3823
institutional_rigidity	benefit	2000	0.0151	0.072	0.1243	0.1243
institutional_rigidity	cost	2000	0.0226	0.122	0.385	0.385
institutional_rigidity	benefit	2050	0.0073	0.148	0.1254	0.1254
institutional_rigidity	cost	2050	0.0161	0.171	0.3878	0.3878
institutional_rigidity	benefit	2100	0.0076	0.143	0.1265	0.1265
institutional_rigidity	cost	2100	0.0056	0.491	0.3905	0.3905
institutional_rigidity	benefit	2150	0.0147	0.074	0.1276	0.1276
institutional_rigidity	cost	2150	0.0204	0.135	0.3932	0.3932
institutional_rigidity	benefit	2200	0.0161	0.067	0.1287	0.1287
institutional_rigidity	cost	2200	0.012	0.229	0.396	0.396
institutional_rigidity	benefit	2250	0.0052	0.208	0.1298	0.1298
institutional_rigidity	cost	2250	0.0068	0.404	0.3987	0.3987
institutional_rigidity	benefit	2300	0.0126	0.086	0.1308	0.1308
institutional_rigidity	cost	2300	0.0057	0.482	0.4015	0.4015
institutional_rigidity	benefit	2350	0.018	0.06	0.1319	0.1319
institutional_rigidity	cost	2350	0.0152	0.181	0.4042	0.4042
institutional_rigidity	benefit	2400	0.0567	0.05	0.1348	0.133
institutional_rigidity	cost	2400	0.0171	0.161	0.407	0.407
institutional_rigidity	benefit	2450	0.0112	0.156	0.1365	0.1365
institutional_rigidity	cost	2450	0.0128	0.322	0.4111	0.4111
institutional_rigidity	benefit	2500	0.0066	0.53	0.14	0.14
institutional_rigidity	cost	2500	0.0132	0.312	0.4153	0.4153
institutional_rigidity	benefit	2550	0.0088	0.455	0.144	0.144
institutional_rigidity	cost	2550	0.0134	0.308	0.4194	0.4194
institutional_rigidity	benefit	2600	0.006	0.667	0.148	0.148
institutional_rigidity	cost	2600	0.0206	0.2	0.4235	0.4235
institutional_rigidity	benefit	2650	0.0024	1.0	0.1504	0.153
institutional_rigidity	cost	2650	0.019	0.217	0.4276	0.4276
institutional_rigidity	benefit	2700	0.0024	1.0	0.1528	0.158
institutional_rigidity	cost	2700	0.0228	0.181	0.4318	0.4318
institutional_rigidity	benefit	2750	0.0038	1.0	0.1566	0.164
institutional_rigidity	cost	2750	0.047	0.088	0.4359	0.4359
institutional_rigidity	benefit	2800	0.0008	1.0	0.1574	0.17
institutional_rigidity	cost	2800	0.0272	0.152	0.44	0.44
institutional_rigidity	benefit	2850	0.0132	1.0	0.1706	0.1775
institutional_rigidity	cost	2850	0.022	0.312	0.4469	0.4469
institutional_rigidity	benefit	2900	0.012	1.0	0.1826	0.185
institutional_rigidity	cost	2900	0.021	0.327	0.4537	0.4537
institutional_rigidity	benefit	2950	0.0024	1.0	0.185	0.1925
institutional_rigidity	cost	2950	0.01	0.688	0.4606	0.4606
institutional_rigidity	benefit	3000	0.0042	1.0	0.1892	0.2
institutional_rigidity	cost	3000	0.0066	1.0	0.4672	0.4675
knowledge_preservation	benefit	50	0.1346	1.0	0.1346	0.135
knowledge_preservation	benefit	100	0.027	1.0	0.1616	0.162
knowledge_preservation	benefit	150	0.0249	1.0	0.1865	0.1867
knowledge_preservation	benefit	200	0.0247	1.0	0.2112	0.2115
knowledge_preservation	benefit	250	0.0247	1.0	0.2359	0.2362
knowledge_preservation	benefit	300	0.0251	1.0	0.261	0.261
knowledge_preservation	benefit	350	0.0229	1.0	0.2839	0.291
knowledge_preservation	benefit	400	0.0371	1.0	0.321	0.321
knowledge_preservation	benefit	450	0.0299	1.0	0.3509	0.351
knowledge_preservation	benefit	500	0.033	1.0	0.3839	0.384
knowledge_preservation	benefit	550	0.0331	1.0	0.417	0.417
knowledge_preservation	benefit	600	0.0285	1.0	0.4455	0.45
knowledge_preservation	benefit	650	0.0129	0.659	0.454	0.454
knowledge_preservation	benefit	700	0.0138	0.29	0.458	0.458
knowledge_preservation	benefit	750	0.0121	0.331	0.462	0.462
knowledge_preservation	benefit	800	0.0192	0.208	0.466	0.466
knowledge_preservation	benefit	850	0.0227	0.176	0.47	0.47
knowledge_preservation	benefit	900	0.0457	0.088	0.474	0.474
knowledge_preservation	benefit	950	0.0479	0.084	0.478	0.478
knowledge_preservation	benefit	1000	0.0069	0.58	0.482	0.482
knowledge_preservation	benefit	1050	0.0066	0.606	0.486	0.486
knowledge_preservation	benefit	1100	0.0514	0.078	0.49	0.49
knowledge_preservation	benefit	1150	0.0213	0.188	0.494	0.494
knowledge_preservation	cost	1150	0.0008	1.0	0.0008	0.215
knowledge_preservation	benefit	1200	0.0269	0.149	0.498	0.498
knowledge_preservation	cost	1200	0.0033	1.0	0.0041	0.217
knowledge_preservation	benefit	1250	0.0243	0.165	0.502	0.502
knowledge_preservation	cost	1250	0.002	1.0	0.0061	0.2188
knowledge_preservation	benefit	1300	0.0374	0.107	0.506	0.506
knowledge_preservation	benefit	1350	0.0205	0.195	0.51	0.51
knowledge_preservation	benefit	1400	0.0242	0.165	0.514	0.514
knowledge_preservation	benefit	1450	0.0311	0.129	0.518	0.518
knowledge_preservation	benefit	1500	0.0166	0.241	0.522	0.522
knowledge_preservation	benefit	1550	0.0297	0.135	0.526	0.526
knowledge_preservation	benefit	1600	0.0168	0.238	0.53	0.53
knowledge_preservation	benefit	1650	0.0281	0.142	0.534	0.534
knowledge_preservation	benefit	1700	0.0456	0.088	0.538	0.538
knowledge_preservation	benefit	1750	0.0368	0.109	0.542	0.542
knowledge_preservation	benefit	1800	0.0336	0.119	0.546	0.546
knowledge_preservation	benefit	1850	0.0188	0.284	0.5513	0.5513
knowledge_preservation	benefit	1900	0.05	0.107	0.5567	0.5567
knowledge_preservation	benefit	1950	0.0311	0.171	0.562	0.562
knowledge_preservation	cost	1950	0.001	1.0	0.0071	0.2432
knowledge_preservation	benefit	2000	0.0297	0.18	0.5673	0.5673
knowledge_preservation	cost	2000	0.002	1.0	0.0091	0.245
knowledge_preservation	benefit	2050	0.0228	0.234	0.5727	0.5727
knowledge_preservation	benefit	2100	0.0075	0.711	0.578	0.578
knowledge_preservation	benefit	2150	0.0249	0.214	0.5833	0.5833
knowledge_preservation	benefit	2200	0.0131	0.407	0.5887	0.5887
knowledge_preservation	benefit	2250	0.0119	0.448	0.594	0.594
knowledge_preservation	benefit	2300	0.0241	0.221	0.5993	0.5993
knowledge_preservation	benefit	2350	0.03	0.178	0.6047	0.6047
knowledge_preservation	benefit	2400	0.0188	0.284	0.61	0.61
knowledge_preservation	benefit	2450	0.0352	0.455	0.626	0.626
knowledge_preservation	benefit	2500	0.0263	0.608	0.642	0.642
knowledge_preservation	benefit	2550	0.0395	0.456	0.66	0.66
knowledge_preservation	benefit	2600	0.035	0.514	0.678	0.678
knowledge_preservation	benefit	2650	0.0483	0.414	0.698	0.698
knowledge_preservation	benefit	2700	0.0206	0.971	0.718	0.718
knowledge_preservation	benefit	2750	0.0136	1.0	0.7316	0.74
knowledge_preservation	benefit	2800	0.0248	1.0	0.7564	0.762
knowledge_preservation	benefit	2850	0.0368	0.804	0.786	0.786
knowledge_preservation	benefit	2900	0.0424	0.566	0.81	0.81
knowledge_preservation	benefit	2950	0.0514	0.389	0.83	0.83
knowledge_preservation	benefit	3000	0.0078	1.0	0.8378	0.85
knowledge_rate	benefit	50	0.0346	1.0	0.0346	0.09
knowledge_rate	benefit	100	0.04	1.0	0.0746	0.108
knowledge_rate	benefit	150	0.014	1.0	0.0886	0.1245
knowledge_rate	benefit	200	0.0071	1.0	0.0957	0.141
knowledge_rate	benefit	250	0.052	1.0	0.1477	0.1575
knowledge_rate	benefit	300	0.0263	1.0	0.174	0.174
knowledge_rate	benefit	350	0.0036	1.0	0.1776	0.194
knowledge_rate	benefit	400	0.035	1.0	0.2126	0.214
knowledge_rate	benefit	450	0.0214	1.0	0.234	0.234
knowledge_rate	benefit	500	0.022	1.0	0.256	0.256
knowledge_rate	benefit	550	0.0219	1.0	0.2779	0.278
knowledge_rate	benefit	600	0.022	1.0	0.2999	0.3
knowledge_rate	benefit	650	0.0033	1.0	0.3032	0.306
knowledge_rate	benefit	700	0.0011	1.0	0.3043	0.312
knowledge_rate	benefit	750	0.0108	1.0	0.3151	0.318
knowledge_rate	benefit	800	0.0095	0.937	0.324	0.324
knowledge_rate	benefit	850	0.0407	0.147	0.33	0.33
knowledge_rate	benefit	900	0.0642	0.093	0.336	0.336
knowledge_rate	benefit	950	0.0351	0.171	0.342	0.342
knowledge_rate	benefit	1000	0.0106	0.566	0.348	0.348
knowledge_rate	benefit	1050	0.0023	1.0	0.3503	0.354
knowledge_rate	benefit	1100	0.0109	0.89	0.36	0.36
knowledge_rate	benefit	1150	0.0132	0.455	0.366	0.366
knowledge_rate	benefit	1200	0.0177	0.339	0.372	0.372
knowledge_rate	cost	1200	0.0015	1.0	0.0015	0.248
knowledge_rate	benefit	1250	0.0025	1.0	0.3745	0.378
knowledge_rate	benefit	1300	0.0107	0.888	0.384	0.384
knowledge_rate	benefit	1350	0.0114	0.526	0.39	0.39
knowledge_rate	benefit	1400	0.0068	0.882	0.396	0.396
knowledge_rate	benefit	1450	0.0321	0.187	0.402	0.402
knowledge_rate	benefit	1500	0.0188	0.319	0.408	0.408
knowledge_rate	benefit	1550	0.0187	0.321	0.414	0.414
knowledge_rate	benefit	1600	0.0058	1.0	0.4198	0.42
knowledge_rate	benefit	1650	0.0333	0.186	0.426	0.426
knowledge_rate	benefit	1700	0.0189	0.317	0.432	0.432
knowledge_rate	benefit	1750	0.0273	0.22	0.438	0.438
knowledge_rate	benefit	1800	0.0314	0.191	0.444	0.444
knowledge_rate	benefit	1850	0.0074	1.0	0.4514	0.452
knowledge_rate	benefit	1900	0.0101	0.851	0.46	0.46
knowledge_rate	cost	1900	0.001	1.0	0.0025	0.276
knowledge_rate	benefit	1950	0.0059	1.0	0.4659	0.468
knowledge_rate	benefit	2000	0.0319	0.317	0.476	0.476
knowledge_rate	benefit	2050	0.0226	0.354	0.484	0.484
knowledge_rate	benefit	2100	0.0142	0.563	0.492	0.492
knowledge_rate	benefit	2150	0.0357	0.224	0.5	0.5
knowledge_rate	cost	2150	0.001	1.0	0.0035	0.286
knowledge_rate	benefit	2200	0.0274	0.292	0.508	0.508
knowledge_rate	benefit	2250	0.0074	1.0	0.5154	0.516
knowledge_rate	benefit	2300	0.029	0.297	0.524	0.524
knowledge_rate	benefit	2350	0.0202	0.396	0.532	0.532
knowledge_rate	benefit	2400	0.027	0.296	0.54	0.54
knowledge_rate	benefit	2450	0.0291	0.825	0.564	0.564
knowledge_rate	benefit	2500	0.0372	0.645	0.588	0.588
knowledge_rate	benefit	2550	0.0291	0.928	0.615	0.615
knowledge_rate	benefit	2600	0.0416	0.649	0.642	0.642
knowledge_rate	benefit	2650	0.0234	1.0	0.6654	0.672
knowledge_rate	cost	2650	0.001	1.0	0.0045	0.311
knowledge_rate	benefit	2700	0.0564	0.649	0.702	0.702
knowledge_rate	benefit	2750	0.0254	1.0	0.7274	0.735
knowledge_rate	cost	2750	0.0022	1.0	0.0067	0.317
knowledge_rate	benefit	2800	0.0625	0.65	0.768	0.768
knowledge_rate	cost	2800	0.0022	1.0	0.0089	0.32
knowledge_rate	benefit	2850	0.0576	0.625	0.804	0.804
knowledge_rate	benefit	2900	0.0205	1.0	0.8245	0.84
knowledge_rate	benefit	2950	0.0185	1.0	0.843	0.87
knowledge_rate	cost	2950	0.001	1.0	0.0099	0.335
knowledge_rate	benefit	3000	0.0398	1.0	0.8828	0.9
labor_demand	benefit	50	0.0499	1.0	0.0499	0.05
labor_demand	cost	50	0.3044	0.369	0.1123	0.1123
labor_demand	cost	100	0.0791	0.092	0.1196	0.1196
labor_demand	benefit	150	0.01	1.0	0.0599	0.061
labor_demand	cost	150	0.2024	0.05	0.1297	0.1269
labor_demand	cost	200	0.093	0.05	0.1344	0.1342
labor_demand	cost	250	0.071	0.1	0.1415	0.1415
labor_demand	cost	300	0.1234	0.059	0.1487	0.1487
labor_demand	cost	350	0.1964	0.05	0.1586	0.156
labor_demand	benefit	400	0.0237	1.0	0.0836	0.0837
labor_demand	cost	400	0.2128	0.05	0.1692	0.1633
labor_demand	benefit	450	0.0043	1.0	0.0879	0.088
labor_demand	cost	450	0.2678	0.05	0.1826	0.1706
labor_demand	benefit	500	0.004	1.0	0.0919	0.092
labor_demand	cost	500	0.0607	0.05	0.1856	0.1779
labor_demand	benefit	550	0.004	1.0	0.0959	0.096
labor_demand	cost	550	0.0383	0.05	0.1876	0.1852
labor_demand	benefit	650	0.004	1.0	0.0999	0.1013
labor_demand	cost	650	0.063	0.111	0.1945	0.1945
labor_demand	benefit	700	0.016	0.162	0.1025	0.1025
labor_demand	cost	700	0.0526	0.05	0.1972	0.1966
labor_demand	benefit	750	0.003	0.417	0.1038	0.1038
labor_demand	cost	750	0.0739	0.05	0.2009	0.1986
labor_demand	benefit	800	0.006	0.208	0.105	0.105
labor_demand	cost	800	0.0711	0.05	0.2044	0.2007
labor_demand	benefit	850	0.005	0.25	0.1063	0.1063
labor_demand	cost	850	0.0809	0.05	0.2085	0.2027
labor_demand	benefit	900	0.02	0.063	0.1075	0.1075
labor_demand	cost	900	0.0642	0.05	0.2117	0.2047
labor_demand	benefit	950	0.004	0.312	0.1087	0.1087
labor_demand	cost	950	0.0762	0.05	0.2155	0.2068
labor_demand	benefit	1000	0.008	0.156	0.11	0.11
labor_demand	cost	1000	0.0551	0.05	0.2182	0.2088
labor_demand	benefit	1050	0.015	0.083	0.1113	0.1113
labor_demand	cost	1050	0.0441	0.05	0.2204	0.2109
labor_demand	benefit	1100	0.004	0.313	0.1125	0.1125
labor_demand	cost	1100	0.0693	0.05	0.2239	0.2129
labor_demand	benefit	1150	0.0139	0.09	0.1138	0.1138
labor_demand	cost	1150	0.0419	0.05	0.226	0.215
labor_demand	benefit	1200	0.021	0.06	0.115	0.115
labor_demand	cost	1200	0.0538	0.05	0.2287	0.217
labor_demand	benefit	1250	0.006	0.208	0.1163	0.1163
labor_demand	cost	1250	0.0525	0.05	0.2313	0.2188
labor_demand	benefit	1300	0.01	0.125	0.1175	0.1175
labor_demand	cost	1300	0.0384	0.05	0.2332	0.2205
labor_demand	benefit	1350	0.008	0.156	0.1188	0.1188
labor_demand	cost	1350	0.0443	0.05	0.2355	0.2222
labor_demand	benefit	1400	0.001	1.0	0.1198	0.12
labor_demand	cost	1400	0.0387	0.05	0.2374	0.224
labor_demand	benefit	1450	0.002	0.75	0.1212	0.1212
labor_demand	cost	1450	0.0739	0.05	0.2411	0.2257
labor_demand	benefit	1500	0.001	1.0	0.1222	0.1225
labor_demand	cost	1500	0.0538	0.05	0.2438	0.2275
labor_demand	benefit	1550	0.002	0.75	0.1237	0.1237
labor_demand	cost	1550	0.0294	0.05	0.2452	0.2292
labor_demand	benefit	1600	0.024	0.052	0.125	0.125
labor_demand	cost	1600	0.0496	0.05	0.2477	0.231
labor_demand	benefit	1650	0.004	0.313	0.1263	0.1263
labor_demand	cost	1650	0.0517	0.05	0.2503	0.2327
labor_demand	benefit	1700	0.006	0.208	0.1275	0.1275
labor_demand	cost	1700	0.0247	0.05	0.2515	0.2345
labor_demand	benefit	1750	0.012	0.104	0.1288	0.1288
labor_demand	cost	1750	0.0605	0.05	0.2546	0.2362
labor_demand	benefit	1800	0.008	0.156	0.13	0.13
labor_demand	cost	1800	0.0417	0.05	0.2567	0.238
labor_demand	benefit	1850	0.008	0.203	0.1316	0.1316
labor_demand	cost	1850	0.0376	0.05	0.2585	0.2397
labor_demand	benefit	1900	0.015	0.108	0.1333	0.1333
labor_demand	cost	1900	0.074	0.05	0.2622	0.2415
labor_demand	benefit	1950	0.013	0.125	0.1349	0.1349
labor_demand	cost	1950	0.0493	0.05	0.2647	0.2432
labor_demand	benefit	2000	0.021	0.077	0.1365	0.1365
labor_demand	cost	2000	0.0428	0.05	0.2668	0.245
labor_demand	benefit	2050	0.017	0.096	0.1381	0.1381
labor_demand	cost	2050	0.0214	0.05	0.2679	0.2467
labor_demand	cost	2100	0.0373	0.05	0.2698	0.2485
labor_demand	benefit	2150	0.001	1.0	0.1391	0.1414
labor_demand	cost	2150	0.0586	0.05	0.2727	0.2502
labor_demand	benefit	2200	0.009	0.431	0.143	0.143
labor_demand	cost	2200	0.0485	0.05	0.2751	0.252
labor_demand	benefit	2250	0.013	0.125	0.1446	0.1446
labor_demand	cost	2250	0.0346	0.05	0.2769	0.2537
labor_demand	benefit	2300	0.014	0.116	0.1462	0.1462
labor_demand	cost	2300	0.0229	0.05	0.278	0.2555
labor_demand	benefit	2350	0.008	0.203	0.1479	0.1479
labor_demand	cost	2350	0.0512	0.05	0.2806	0.2572
labor_demand	benefit	2400	0.024	0.068	0.1495	0.1495
labor_demand	cost	2400	0.0606	0.05	0.2836	0.259
labor_demand	benefit	2450	0.019	0.276	0.1547	0.1547
labor_demand	cost	2450	0.0646	0.05	0.2868	0.2616
labor_demand	benefit	2500	0.008	0.656	0.16	0.16
labor_demand	cost	2500	0.0572	0.05	0.2897	0.2642
labor_demand	benefit	2550	0.01	0.6	0.166	0.166
labor_demand	cost	2550	0.0683	0.05	0.2931	0.2669
labor_demand	benefit	2600	0.01	0.6	0.172	0.172
labor_demand	cost	2600	0.0681	0.05	0.2965	0.2695
labor_demand	cost	2650	0.0605	0.05	0.2995	0.2721
labor_demand	benefit	2700	0.002	1.0	0.174	0.187
labor_demand	cost	2700	0.0505	0.05	0.3021	0.2747
labor_demand	benefit	2750	0.019	1.0	0.193	0.196
labor_demand	cost	2750	0.0702	0.05	0.3056	0.2774
labor_demand	benefit	2800	0.023	0.522	0.205	0.205
labor_demand	cost	2800	0.0746	0.05	0.3093	0.28
labor_demand	benefit	2850	0.038	0.296	0.2162	0.2162
labor_demand	cost	2850	0.0842	0.05	0.3135	0.2844
labor_demand	benefit	2900	0.03	0.375	0.2275	0.2275
labor_demand	cost	2900	0.0367	0.05	0.3153	0.2887
labor_demand	benefit	2950	0.0079	1.0	0.2354	0.2388
labor_demand	cost	2950	0.025	0.05	0.3166	0.2931
labor_demand	benefit	3000	0.0256	0.57	0.25	0.25
labor_demand	cost	3000	0.0405	0.05	0.3186	0.2975
labor_efficiency	benefit	50	0.1251	1.0	0.1251	0.125
labor_efficiency	cost	50	0.005	1.0	0.005	0.1123
labor_efficiency	benefit	100	0.015	1.0	0.1401	0.14
labor_efficiency	benefit	150	0.0125	1.0	0.1526	0.1525
labor_efficiency	benefit	200	0.0127	1.0	0.1653	0.165
labor_efficiency	benefit	250	0.0113	1.0	0.1766	0.1763
labor_efficiency	benefit	300	0.0114	1.0	0.188	0.1875
labor_efficiency	benefit	350	0.0109	1.0	0.1989	0.1983
labor_efficiency	benefit	400	0.0108	1.0	0.2097	0.2092
labor_efficiency	benefit	450	0.011	1.0	0.2207	0.22
labor_efficiency	benefit	500	0.0101	1.0	0.2308	0.23
labor_efficiency	cost	500	0.005	1.0	0.01	0.1779
labor_efficiency	benefit	550	0.01	1.0	0.2408	0.24
labor_efficiency	benefit	600	0.0089	1.0	0.2497	0.25
labor_efficiency	benefit	650	0.0063	0.444	0.2525	0.2525
labor_efficiency	benefit	700	0.0282	0.089	0.255	0.255
labor_efficiency	benefit	750	0.0166	0.151	0.2575	0.2575
labor_efficiency	benefit	800	0.0145	0.172	0.26	0.26
labor_efficiency	benefit	850	0.0343	0.073	0.2625	0.2625
labor_efficiency	benefit	900	0.0158	0.158	0.265	0.265
labor_efficiency	benefit	950	0.0113	0.221	0.2675	0.2675
labor_efficiency	benefit	1000	0.0084	0.298	0.27	0.27
labor_efficiency	benefit	1050	0.0173	0.145	0.2725	0.2725
labor_efficiency	benefit	1100	0.0123	0.203	0.275	0.275
labor_efficiency	benefit	1150	0.0053	0.472	0.2775	0.2775
labor_efficiency	cost	1150	0.0037	1.0	0.0137	0.215
labor_efficiency	benefit	1200	0.0024	1.0	0.2799	0.28
labor_efficiency	cost	1200	0.0088	1.0	0.0225	0.217
labor_efficiency	benefit	1250	0.003	0.867	0.2825	0.2825
labor_efficiency	cost	1250	0.0019	1.0	0.0244	0.2188
labor_efficiency	benefit	1300	0.0039	0.641	0.285	0.285
labor_efficiency	benefit	1350	0.0074	0.338	0.2875	0.2875
labor_efficiency	benefit	1400	0.0063	0.397	0.29	0.29
labor_efficiency	benefit	1450	0.0086	0.291	0.2925	0.2925
labor_efficiency	cost	1450	0.002	1.0	0.0264	0.2257
labor_efficiency	benefit	1500	0.0173	0.145	0.295	0.295
labor_efficiency	cost	1500	0.0005	1.0	0.0269	0.2275
labor_efficiency	benefit	1550	0.0123	0.203	0.2975	0.2975
labor_efficiency	benefit	1600	0.016	0.156	0.3	0.3
labor_efficiency	benefit	1650	0.0152	0.164	0.3025	0.3025
labor_efficiency	benefit	1700	0.0127	0.197	0.305	0.305
labor_efficiency	benefit	1750	0.0162	0.154	0.3075	0.3075
labor_efficiency	benefit	1800	0.0218	0.115	0.31	0.31
labor_efficiency	cost	1800	0.0035	1.0	0.0304	0.238
labor_efficiency	benefit	1850	0.0082	0.396	0.3133	0.3133
labor_efficiency	benefit	1900	0.0056	0.58	0.3165	0.3165
labor_efficiency	benefit	1950	0.0022	1.0	0.3187	0.3198
labor_efficiency	benefit	2000	0.0095	0.453	0.323	0.323
labor_efficiency	benefit	2050	0.001	1.0	0.324	0.3263
labor_efficiency	benefit	2100	0.0036	1.0	0.3276	0.3295
labor_efficiency	benefit	2150	0.0022	1.0	0.3298	0.3327
labor_efficiency	cost	2150	0.004	1.0	0.0344	0.2502
labor_efficiency	benefit	2200	0.0012	1.0	0.331	0.336
labor_efficiency	benefit	2250	0.0042	1.0	0.3352	0.3392
labor_efficiency	benefit	2300	0.0185	0.395	0.3425	0.3425
labor_efficiency	cost	2300	0.0012	1.0	0.0356	0.2555
labor_efficiency	benefit	2350	0.0122	0.266	0.3458	0.3458
labor_efficiency	benefit	2400	0.0278	0.117	0.349	0.349
labor_efficiency	cost	2400	0.0012	1.0	0.0368	0.259
labor_efficiency	benefit	2450	0.0099	1.0	0.3589	0.3595
labor_efficiency	cost	2450	0.002	1.0	0.0388	0.2616
labor_efficiency	benefit	2500	0.0244	0.455	0.37	0.37
labor_efficiency	benefit	2550	0.0065	1.0	0.3765	0.382
labor_efficiency	cost	2550	0.0023	1.0	0.0411	0.2669
labor_efficiency	benefit	2600	0.0096	1.0	0.3861	0.394
labor_efficiency	cost	2600	0.0055	1.0	0.0466	0.2695
labor_efficiency	benefit	2650	0.0269	0.851	0.409	0.409
labor_efficiency	cost	2650	0.0031	1.0	0.0497	0.2721
labor_efficiency	benefit	2700	0.0246	0.61	0.424	0.424
labor_efficiency	cost	2700	0.0042	1.0	0.0539	0.2747
labor_efficiency	benefit	2750	0.0364	0.495	0.442	0.442
labor_efficiency	cost	2750	0.0008	1.0	0.0547	0.2774
labor_efficiency	benefit	2800	0.0219	0.822	0.46	0.46
labor_efficiency	cost	2800	0.005	1.0	0.0597	0.28
labor_efficiency	benefit	2850	0.0341	0.66	0.4825	0.4825
labor_efficiency	cost	2850	0.0006	1.0	0.0603	0.2844
labor_efficiency	benefit	2900	0.0354	0.636	0.505	0.505
labor_efficiency	benefit	2950	0.0265	0.849	0.5275	0.5275
labor_efficiency	benefit	3000	0.0287	0.784	0.55	0.55
labor_efficiency	cost	3000	0.0011	1.0	0.0614	0.2975
legitimacy	benefit	50	0.0846	1.0	0.0846	0.2
legitimacy	benefit	100	0.0435	1.0	0.1281	0.224
legitimacy	benefit	150	0.0671	1.0	0.1952	0.244
legitimacy	benefit	200	0.0691	1.0	0.2643	0.264
legitimacy	benefit	250	0.018	1.0	0.2823	0.282
legitimacy	benefit	300	0.018	1.0	0.3003	0.3
legitimacy	benefit	350	0.0172	1.0	0.3175	0.3173
legitimacy	cost	350	0.005	1.0	0.005	0.2006
legitimacy	benefit	400	0.0176	1.0	0.3351	0.3347
legitimacy	benefit	450	0.0172	1.0	0.3523	0.352
legitimacy	cost	450	0.005	1.0	0.01	0.2194
legitimacy	benefit	500	0.0162	1.0	0.3685	0.368
legitimacy	benefit	550	0.0161	1.0	0.3846	0.384
legitimacy	cost	550	0.003	1.0	0.013	0.2381
legitimacy	benefit	600	0.0132	1.0	0.3978	0.4
legitimacy	cost	600	0.006	1.0	0.019	0.2475
legitimacy	benefit	650	0.0243	0.142	0.4012	0.4012
legitimacy	benefit	700	0.0105	0.119	0.4025	0.4025
legitimacy	cost	700	0.0163	1.0	0.0353	0.2528
legitimacy	benefit	750	0.0309	0.05	0.404	0.4037
legitimacy	cost	750	0.003	1.0	0.0383	0.2554
legitimacy	benefit	800	0.0471	0.05	0.4064	0.405
legitimacy	cost	800	0.008	1.0	0.0463	0.258
legitimacy	benefit	850	0.0376	0.05	0.4083	0.4062
legitimacy	cost	850	0.0062	1.0	0.0525	0.2606
legitimacy	benefit	900	0.025	0.05	0.4095	0.4075
legitimacy	cost	900	0.0039	1.0	0.0564	0.2632
legitimacy	benefit	950	0.0149	0.05	0.4103	0.4088
legitimacy	cost	950	0.0056	1.0	0.062	0.2659
legitimacy	benefit	1000	0.0288	0.05	0.4117	0.41
legitimacy	cost	1000	0.0023	1.0	0.0643	0.2685
legitimacy	benefit	1050	0.0209	0.05	0.4128	0.4113
legitimacy	cost	1050	0.0122	1.0	0.0765	0.2711
legitimacy	benefit	1100	0.0293	0.05	0.4142	0.4125
legitimacy	cost	1100	0.002	1.0	0.0785	0.2738
legitimacy	benefit	1150	0.0199	0.05	0.4152	0.4138
legitimacy	cost	1150	0.0017	1.0	0.0802	0.2764
legitimacy	benefit	1200	0.0352	0.05	0.417	0.415
legitimacy	cost	1200	0.0278	1.0	0.108	0.279
legitimacy	benefit	1250	0.0202	0.05	0.418	0.4163
legitimacy	cost	1250	0.0096	1.0	0.1176	0.2812
legitimacy	benefit	1300	0.0241	0.05	0.4192	0.4175
legitimacy	cost	1300	0.0063	1.0	0.1239	0.2835
legitimacy	benefit	1350	0.0143	0.05	0.4199	0.4188
legitimacy	cost	1350	0.004	1.0	0.1279	0.2858
legitimacy	benefit	1400	0.0105	0.05	0.4204	0.42
legitimacy	cost	1400	0.011	1.0	0.1389	0.288
legitimacy	benefit	1450	0.0265	0.05	0.4218	0.4213
legitimacy	cost	1450	0.0115	1.0	0.1504	0.2903
legitimacy	benefit	1500	0.0266	0.05	0.4231	0.4225
legitimacy	cost	1500	0.0086	1.0	0.159	0.2925
legitimacy	benefit	1550	0.017	0.05	0.4239	0.4238
legitimacy	cost	1550	0.004	1.0	0.163	0.2948
legitimacy	benefit	1600	0.0304	0.05	0.4255	0.425
legitimacy	cost	1600	0.008	1.0	0.171	0.297
legitimacy	benefit	1650	0.0446	0.05	0.4277	0.4263
legitimacy	cost	1650	0.0127	1.0	0.1837	0.2993
legitimacy	benefit	1700	0.0421	0.05	0.4298	0.4275
legitimacy	cost	1700	0.0023	1.0	0.186	0.3015
legitimacy	benefit	1750	0.0381	0.05	0.4317	0.4288
legitimacy	cost	1750	0.0121	1.0	0.1981	0.3038
legitimacy	benefit	1800	0.0441	0.05	0.4339	0.43
legitimacy	cost	1800	0.0222	1.0	0.2203	0.306
legitimacy	benefit	1850	0.0166	0.05	0.4347	0.4316
legitimacy	cost	1850	0.0088	1.0	0.2291	0.3083
legitimacy	benefit	1900	0.0256	0.05	0.436	0.4333
legitimacy	cost	1900	0.0251	1.0	0.2542	0.3105
legitimacy	benefit	1950	0.0155	0.05	0.4368	0.4349
legitimacy	cost	1950	0.0199	1.0	0.2741	0.3128
legitimacy	benefit	2000	0.0141	0.05	0.4375	0.4365
legitimacy	cost	2000	0.0274	1.0	0.3015	0.315
legitimacy	benefit	2050	0.0134	0.05	0.4382	0.4381
legitimacy	cost	2050	0.0089	1.0	0.3104	0.3173
legitimacy	benefit	2100	0.0098	0.162	0.4398	0.4398
legitimacy	cost	2100	0.0065	1.0	0.3169	0.3195
legitimacy	benefit	2150	0.0163	0.1	0.4414	0.4414
legitimacy	cost	2150	0.0179	0.271	0.3217	0.3217
legitimacy	benefit	2200	0.0209	0.078	0.443	0.443
legitimacy	cost	2200	0.014	0.161	0.324	0.324
legitimacy	benefit	2250	0.0087	0.187	0.4446	0.4446
legitimacy	cost	2250	0.0139	0.162	0.3262	0.3262
legitimacy	benefit	2300	0.0162	0.1	0.4463	0.4463
legitimacy	cost	2300	0.0089	0.253	0.3285	0.3285
legitimacy	benefit	2350	0.0147	0.111	0.4479	0.4479
legitimacy	cost	2350	0.0228	0.099	0.3307	0.3307
legitimacy	benefit	2400	0.0328	0.05	0.4495	0.4495
legitimacy	cost	2400	0.0167	0.135	0.333	0.333
legitimacy	benefit	2450	0.0315	0.166	0.4548	0.4548
legitimacy	cost	2450	0.0088	0.384	0.3364	0.3364
legitimacy	benefit	2500	0.0296	0.177	0.46	0.46
legitimacy	cost	2500	0.0124	0.272	0.3397	0.3397
legitimacy	benefit	2550	0.0476	0.126	0.466	0.466
legitimacy	cost	2550	0.0198	0.17	0.3431	0.3431
legitimacy	benefit	2600	0.0317	0.189	0.472	0.472
legitimacy	cost	2600	0.0114	0.296	0.3465	0.3465
legitimacy	benefit	2650	0.0332	0.226	0.4795	0.4795
legitimacy	cost	2650	0.011	0.307	0.3499	0.3499
legitimacy	benefit	2700	0.0334	0.225	0.487	0.487
legitimacy	cost	2700	0.0108	0.312	0.3533	0.3533
legitimacy	benefit	2750	0.0579	0.155	0.496	0.496
legitimacy	cost	2750	0.024	0.141	0.3566	0.3566
legitimacy	benefit	2800	0.0475	0.189	0.505	0.505
legitimacy	cost	2800	0.0154	0.219	0.36	0.36
legitimacy	benefit	2850	0.067	0.168	0.5162	0.5162
legitimacy	cost	2850	0.029	0.194	0.3656	0.3656
legitimacy	benefit	2900	0.0409	0.275	0.5275	0.5275
legitimacy	cost	2900	0.017	0.331	0.3712	0.3712
legitimacy	benefit	2950	0.0264	0.426	0.5388	0.5388
legitimacy	cost	2950	0.0304	0.185	0.3769	0.3769
legitimacy	benefit	3000	0.0211	0.533	0.55	0.55
legitimacy	cost	3000	0.0317	0.177	0.3825	0.3825
literacy	benefit	50	0.02	0.05	0.001	0.0
literacy	benefit	300	0.035	0.114	0.005	0.005
literacy	benefit	400	0.04	0.05	0.007	0.0067
literacy	benefit	450	0.05	0.05	0.0095	0.0075
literacy	benefit	500	0.04	0.05	0.0115	0.0083
literacy	benefit	550	0.02	0.05	0.0125	0.0092
literacy	benefit	600	0.05	0.05	0.015	0.01
literacy	benefit	650	0.07	0.05	0.0185	0.0175
literacy	benefit	750	0.09	0.156	0.0325	0.0325
literacy	benefit	800	0.06	0.125	0.0401	0.0401
literacy	benefit	850	0.145	0.052	0.0476	0.0476
literacy	benefit	900	0.1	0.075	0.0551	0.0551
literacy	benefit	950	0.065	0.116	0.0626	0.0626
literacy	benefit	1000	0.085	0.088	0.0701	0.0701
literacy	benefit	1100	0.195	0.077	0.0851	0.0851
literacy	benefit	1150	0.02	0.376	0.0926	0.0926
literacy	benefit	1200	0.12	0.063	0.1002	0.1002
literacy	benefit	1250	0.08	0.05	0.1042	0.0899
literacy	benefit	1300	0.08	0.05	0.1082	0.0796
literacy	benefit	1350	0.06	0.05	0.1112	0.0796
literacy	benefit	1400	0.21	0.05	0.1217	0.0796
literacy	benefit	1450	0.14	0.05	0.1287	0.0899
literacy	benefit	1500	0.12	0.05	0.1347	0.1002
literacy	benefit	1550	0.1	0.05	0.1397	0.11
literacy	benefit	1600	0.02	0.05	0.1407	0.1198
literacy	benefit	1650	0.165	0.05	0.1489	0.135
literacy	benefit	1700	0.14	0.05	0.1559	0.1501
literacy	benefit	1750	0.14	0.137	0.1751	0.1751
literacy	benefit	1800	0.06	0.417	0.2001	0.2001
literacy	benefit	1850	0.06	0.289	0.2174	0.2174
literacy	benefit	1900	0.47	0.05	0.2409	0.2347
literacy	benefit	1950	0.26	0.05	0.2539	0.2521
literacy	benefit	2000	0.1	0.154	0.2694	0.2694
literacy	benefit	2050	0.17	0.102	0.2867	0.2867
literacy	benefit	2100	0.06	0.289	0.304	0.304
literacy	benefit	2150	0.1	0.408	0.3448	0.3448
literacy	benefit	2200	0.04	1.0	0.3848	0.3857
literacy	benefit	2250	0.05	0.833	0.4265	0.4265
literacy	benefit	2300	0.07	0.583	0.4673	0.4673
literacy	benefit	2350	0.04	1.0	0.5073	0.5082
literacy	benefit	2400	0.06	0.694	0.549	0.549
literacy	benefit	2450	0.14	0.455	0.6127	0.6127
literacy	benefit	2500	0.215	0.296	0.6764	0.6764
literacy	benefit	2550	0.09	0.926	0.7597	0.7597
literacy	benefit	2600	0.36	0.231	0.843	0.843
literacy	benefit	2650	0.05	0.98	0.892	0.892
literacy	benefit	2700	0.05	0.98	0.941	0.941
literacy	benefit	2750	0.02	0.735	0.9557	0.9557
literacy	benefit	2800	0.175	0.084	0.9704	0.9704
literacy	benefit	2850	0.05	0.098	0.9753	0.9753
literacy	benefit	2950	0.02	0.49	0.9851	0.9851
literacy	benefit	3000	0.02	0.245	0.99	0.99
logistics_endurance	benefit	50	0.085	1.0	0.085	0.105
logistics_endurance	benefit	100	0.02	1.0	0.105	0.126
logistics_endurance	benefit	200	0.0594	1.0	0.1644	0.1645
logistics_endurance	benefit	250	0.0192	1.0	0.1836	0.1837
logistics_endurance	benefit	300	0.0191	1.0	0.2027	0.203
logistics_endurance	benefit	400	0.04	1.0	0.2427	0.2497
logistics_endurance	benefit	450	0.03	1.0	0.2727	0.273
logistics_endurance	benefit	500	0.0257	1.0	0.2984	0.2987
logistics_endurance	benefit	550	0.0257	1.0	0.3241	0.3243
logistics_endurance	benefit	600	0.0086	1.0	0.3327	0.35
logistics_endurance	benefit	650	0.0231	0.9	0.3535	0.3535
logistics_endurance	benefit	750	0.0288	0.243	0.3605	0.3605
logistics_endurance	benefit	800	0.02	0.175	0.364	0.364
logistics_endurance	benefit	850	0.0112	0.313	0.3675	0.3675
logistics_endurance	benefit	900	0.004	0.875	0.371	0.371
logistics_endurance	benefit	950	0.0034	1.0	0.3744	0.3745
logistics_endurance	benefit	1000	0.0034	1.0	0.3778	0.378
logistics_endurance	benefit	1050	0.0208	0.178	0.3815	0.3815
logistics_endurance	benefit	1100	0.008	0.438	0.385	0.385
logistics_endurance	benefit	1150	0.01	0.35	0.3885	0.3885
logistics_endurance	benefit	1200	0.0034	1.0	0.3919	0.392
logistics_endurance	benefit	1250	0.0078	0.462	0.3955	0.3955
logistics_endurance	benefit	1300	0.0088	0.398	0.399	0.399
logistics_endurance	benefit	1350	0.0088	0.398	0.4025	0.4025
logistics_endurance	benefit	1400	0.0051	0.686	0.406	0.406
logistics_endurance	benefit	1450	0.0131	0.267	0.4095	0.4095
logistics_endurance	benefit	1500	0.0195	0.179	0.413	0.413
logistics_endurance	benefit	1550	0.0119	0.294	0.4165	0.4165
logistics_endurance	benefit	1650	0.0064	1.0	0.4229	0.4235
logistics_endurance	benefit	1700	0.0243	0.169	0.427	0.427
logistics_endurance	benefit	1750	0.0118	0.297	0.4305	0.4305
logistics_endurance	benefit	1850	0.005	1.0	0.4355	0.4387
logistics_endurance	benefit	1900	0.0238	0.329	0.4433	0.4433
logistics_endurance	benefit	1950	0.0186	0.251	0.448	0.448
logistics_endurance	benefit	2000	0.0232	0.201	0.4527	0.4527
logistics_endurance	benefit	2050	0.0075	0.622	0.4573	0.4573
logistics_endurance	benefit	2100	0.0165	0.283	0.462	0.462
logistics_endurance	benefit	2150	0.0148	0.315	0.4667	0.4667
logistics_endurance	benefit	2200	0.0073	0.639	0.4713	0.4713
logistics_endurance	benefit	2250	0.005	0.933	0.476	0.476
logistics_endurance	benefit	2300	0.0065	0.718	0.4807	0.4807
logistics_endurance	benefit	2350	0.022	0.212	0.4853	0.4853
logistics_endurance	benefit	2400	0.0218	0.214	0.49	0.49
logistics_endurance	benefit	2450	0.0087	1.0	0.4987	0.504
logistics_endurance	benefit	2500	0.0186	1.0	0.5173	0.518
logistics_endurance	benefit	2550	0.0175	0.94	0.5337	0.5337
logistics_endurance	benefit	2600	0.0556	0.283	0.5495	0.5495
logistics_endurance	cost	2600	0.001	1.0	0.001	0.2695
logistics_endurance	benefit	2650	0.0109	1.0	0.5604	0.567
logistics_endurance	cost	2650	0.002	1.0	0.003	0.2721
logistics_endurance	benefit	2700	0.0127	1.0	0.5731	0.5845
logistics_endurance	benefit	2750	0.0221	1.0	0.5952	0.6038
logistics_endurance	benefit	2800	0.018	1.0	0.6132	0.623
logistics_endurance	benefit	2850	0.0235	1.0	0.6367	0.644
logistics_endurance	benefit	2900	0.0047	1.0	0.6414	0.665
logistics_endurance	cost	2900	0.0109	1.0	0.0139	0.2887
logistics_endurance	benefit	3000	0.0078	1.0	0.6492	0.7
maternal_safety	benefit	50	0.11	1.0	0.11	0.11
maternal_safety	cost	50	0.004	1.0	0.004	0.0321
maternal_safety	benefit	100	0.0133	1.0	0.1233	0.1232
maternal_safety	benefit	150	0.011	1.0	0.1343	0.1342
maternal_safety	benefit	200	0.011	1.0	0.1453	0.1452
maternal_safety	benefit	250	0.0099	1.0	0.1552	0.1551
maternal_safety	benefit	300	0.0098	1.0	0.165	0.165
maternal_safety	benefit	400	0.0191	1.0	0.1841	0.1841
maternal_safety	benefit	450	0.0095	1.0	0.1936	0.1936
maternal_safety	benefit	500	0.0088	1.0	0.2024	0.2024
maternal_safety	benefit	550	0.0088	1.0	0.2112	0.2112
maternal_safety	benefit	600	0.0088	1.0	0.22	0.22
maternal_safety	cost	650	0.002	1.0	0.006	0.0556
maternal_safety	benefit	700	0.0022	1.0	0.2222	0.2272
maternal_safety	benefit	750	0.0045	1.0	0.2267	0.2308
maternal_safety	benefit	800	0.0021	1.0	0.2288	0.2343
maternal_safety	benefit	850	0.0021	1.0	0.2309	0.2379
maternal_safety	benefit	900	0.0237	0.447	0.2415	0.2415
maternal_safety	benefit	950	0.0165	0.217	0.2451	0.2451
maternal_safety	benefit	1000	0.0034	1.0	0.2485	0.2487
maternal_safety	benefit	1050	0.0032	1.0	0.2517	0.2522
maternal_safety	benefit	1100	0.0016	1.0	0.2533	0.2558
maternal_safety	benefit	1150	0.0027	1.0	0.256	0.2594
maternal_safety	benefit	1200	0.0034	1.0	0.2594	0.263
maternal_safety	benefit	1300	0.0013	1.0	0.2607	0.2702
maternal_safety	benefit	1450	0.0038	1.0	0.2645	0.2809
maternal_safety	benefit	1600	0.02	1.0	0.2845	0.2917
maternal_safety	cost	1650	0.002	1.0	0.008	0.0665
maternal_safety	cost	1750	0.001	1.0	0.009	0.0675
maternal_safety	benefit	1800	0.0188	1.0	0.3033	0.306
maternal_safety	benefit	1900	0.0016	1.0	0.3049	0.3153
maternal_safety	benefit	1950	0.0083	1.0	0.3132	0.32
maternal_safety	benefit	2000	0.0016	1.0	0.3148	0.3246
maternal_safety	benefit	2050	0.0049	1.0	0.3197	0.3293
maternal_safety	benefit	2100	0.0147	0.971	0.334	0.334
maternal_safety	benefit	2200	0.0049	1.0	0.3389	0.3433
maternal_safety	benefit	2250	0.0033	1.0	0.3422	0.3479
maternal_safety	benefit	2300	0.028	0.373	0.3526	0.3526
maternal_safety	benefit	2350	0.0165	0.282	0.3572	0.3572
maternal_safety	benefit	2400	0.0115	0.405	0.3619	0.3619
maternal_safety	benefit	2450	0.002	1.0	0.3639	0.377
maternal_safety	benefit	2550	0.013	1.0	0.3769	0.4092
maternal_safety	benefit	2600	0.014	1.0	0.3909	0.4264
maternal_safety	benefit	2650	0.031	1.0	0.4219	0.4479
maternal_safety	benefit	2700	0.041	1.0	0.4629	0.4694
maternal_safety	benefit	2750	0.011	1.0	0.4739	0.4952
maternal_safety	benefit	2800	0.08	0.589	0.521	0.521
maternal_safety	benefit	2850	0.026	1.0	0.547	0.5533
maternal_safety	benefit	2900	0.023	1.0	0.57	0.5855
maternal_safety	benefit	2950	0.003	1.0	0.573	0.6178
maternal_safety	benefit	3000	0.002	1.0	0.575	0.65
metal_yield	benefit	50	0.03	1.0	0.03	0.135
metal_yield	benefit	100	0.07	1.0	0.1	0.162
metal_yield	benefit	150	0.05	1.0	0.15	0.1867
metal_yield	benefit	200	0.04	1.0	0.19	0.2115
metal_yield	benefit	300	0.02	1.0	0.21	0.261
metal_yield	benefit	350	0.03	1.0	0.24	0.291
metal_yield	benefit	450	0.06	1.0	0.3	0.351
metal_yield	benefit	500	0.03	1.0	0.33	0.384
metal_yield	benefit	550	0.087	1.0	0.417	0.417
metal_yield	benefit	600	0.0275	1.0	0.4445	0.45
metal_yield	benefit	650	0.0265	0.491	0.4575	0.4575
metal_yield	benefit	700	0.05	0.15	0.465	0.465
metal_yield	cost	700	0.0017	1.0	0.0017	0.2247
metal_yield	benefit	750	0.014	0.536	0.4725	0.4725
metal_yield	benefit	800	0.008	0.937	0.48	0.48
metal_yield	benefit	850	0.02	0.375	0.4875	0.4875
metal_yield	benefit	900	0.004	1.0	0.4915	0.495
metal_yield	benefit	950	0.004	1.0	0.4955	0.5025
metal_yield	benefit	1000	0.014	1.0	0.5095	0.51
metal_yield	benefit	1050	0.008	1.0	0.5175	0.5175
metal_yield	benefit	1100	0.011	0.682	0.525	0.525
metal_yield	benefit	1250	0.0055	1.0	0.5305	0.5475
metal_yield	benefit	1350	0.0068	1.0	0.5373	0.5625
metal_yield	benefit	1400	0.0041	1.0	0.5414	0.57
metal_yield	benefit	1450	0.0027	1.0	0.5441	0.5775
metal_yield	benefit	1500	0.0014	1.0	0.5455	0.585
metal_yield	benefit	1550	0.009	1.0	0.5545	0.5925
metal_yield	benefit	1600	0.0095	1.0	0.564	0.6
metal_yield	benefit	1650	0.0041	1.0	0.5681	0.6075
metal_yield	cost	1700	0.001	1.0	0.0027	0.268
metal_yield	benefit	1750	0.0234	1.0	0.5915	0.6225
metal_yield	benefit	1800	0.0504	0.764	0.63	0.63
metal_yield	benefit	1850	0.0117	0.855	0.64	0.64
metal_yield	benefit	1900	0.0065	1.0	0.6465	0.65
metal_yield	benefit	1950	0.0069	1.0	0.6534	0.66
metal_yield	benefit	2000	0.0291	0.57	0.67	0.67
metal_yield	benefit	2050	0.0104	0.962	0.68	0.68
metal_yield	benefit	2200	0.0065	1.0	0.6865	0.71
metal_yield	benefit	2250	0.0299	1.0	0.7164	0.72
metal_yield	benefit	2300	0.0195	0.697	0.73	0.73
metal_yield	benefit	2350	0.0065	1.0	0.7365	0.74
metal_yield	benefit	2400	0.0331	0.408	0.75	0.75
metal_yield	benefit	2500	0.016	1.0	0.766	0.81
metal_yield	benefit	2550	0.008	1.0	0.774	0.8438
metal_yield	benefit	2600	0.052	1.0	0.826	0.8775
metal_yield	benefit	2650	0.028	1.0	0.854	0.915
metal_yield	cost	2650	0.001	1.0	0.0037	0.311
metal_yield	benefit	2700	0.058	1.0	0.912	0.9525
metal_yield	benefit	2750	0.028	1.0	0.94	0.9938
metal_yield	benefit	2800	0.008	1.0	0.948	1.035
metal_yield	benefit	2850	0.034	1.0	0.982	1.08
metal_yield	benefit	2900	0.008	1.0	0.99	1.125
metal_yield	benefit	2950	0.002	1.0	0.992	1.1625
metal_yield	benefit	3000	0.012	1.0	1.004	1.2
mine_safety	benefit	50	0.03	1.0	0.03	0.12
mine_safety	benefit	400	0.04	1.0	0.07	0.2853
mine_safety	benefit	600	0.12	1.0	0.19	0.4
mine_safety	benefit	750	0.014	1.0	0.204	0.412
mine_safety	cost	850	0.004	1.0	0.004	0.2317
mine_safety	benefit	950	0.006	1.0	0.21	0.428
mine_safety	benefit	1000	0.0034	1.0	0.2134	0.432
mine_safety	benefit	1750	0.006	1.0	0.2194	0.492
mine_safety	cost	1750	0.002	1.0	0.006	0.27
mine_safety	benefit	1850	0.002	1.0	0.2214	0.5013
mine_safety	benefit	1950	0.006	1.0	0.2274	0.512
mine_safety	benefit	2000	0.003	1.0	0.2304	0.5173
mine_safety	cost	2100	0.002	1.0	0.008	0.284
mine_safety	benefit	2250	0.006	1.0	0.2364	0.544
mine_safety	benefit	2300	0.002	1.0	0.2384	0.5493
mine_safety	benefit	2350	0.002	1.0	0.2404	0.5547
mine_safety	benefit	2450	0.002	1.0	0.2424	0.576
mine_safety	benefit	2550	0.004	1.0	0.2464	0.61
mining_output	benefit	750	0.013	1.0	0.013	0.412
mining_output	benefit	850	0.008	1.0	0.021	0.42
mining_output	benefit	950	0.008	1.0	0.029	0.428
mining_output	benefit	1300	0.003	1.0	0.032	0.456
mining_output	benefit	1600	0.003	1.0	0.035	0.48
mining_output	benefit	1700	0.005	1.0	0.04	0.488
mining_output	benefit	1750	0.013	1.0	0.053	0.492
mining_output	benefit	1850	0.003	1.0	0.056	0.5013
mining_output	benefit	1900	0.006	1.0	0.062	0.5067
mining_output	benefit	1950	0.006	1.0	0.068	0.512
mining_output	benefit	2000	0.017	1.0	0.085	0.5173
mining_output	benefit	2100	0.01	1.0	0.095	0.528
mining_output	benefit	2200	0.008	1.0	0.103	0.5387
mining_output	benefit	2250	0.01	1.0	0.113	0.544
mining_output	cost	2250	0.001	1.0	0.001	0.2537
mining_output	benefit	2300	0.002	1.0	0.115	0.5493
mining_output	benefit	2350	0.009	1.0	0.124	0.5547
mining_output	benefit	2400	0.003	1.0	0.127	0.56
mining_output	benefit	2450	0.004	1.0	0.131	0.576
mining_output	benefit	2500	0.003	1.0	0.134	0.592
mining_output	benefit	2550	0.003	1.0	0.137	0.61
mining_output	benefit	2600	0.006	1.0	0.143	0.628
mining_output	benefit	2850	0.004	1.0	0.147	0.736
mobile_shelter	benefit	50	0.13	1.0	0.13	0.3019
mobile_shelter	benefit	100	0.006	1.0	0.136	0.3062
mobile_shelter	benefit	150	0.02	1.0	0.156	0.3106
mobile_shelter	benefit	400	0.02	1.0	0.176	0.3325
mobile_shelter	benefit	2800	0.004	1.0	0.18	0.595
modern_survival	benefit	2300	0.2	0.08	0.0161	0.0161
modern_survival	benefit	2350	0.245	0.05	0.0283	0.0165
modern_survival	benefit	2400	0.28	0.05	0.0423	0.017
modern_survival	benefit	2450	0.275	0.05	0.0561	0.034
modern_survival	benefit	2500	0.135	0.05	0.0628	0.051
modern_survival	benefit	2550	0.425	0.052	0.085	0.085
modern_survival	benefit	2600	0.365	0.093	0.119	0.119
modern_survival	benefit	2650	0.56	0.121	0.187	0.187
modern_survival	benefit	2700	0.78	0.087	0.255	0.255
modern_survival	benefit	2750	0.1	1.0	0.355	0.3613
modern_survival	benefit	2800	0.495	0.227	0.4675	0.4675
modern_survival	benefit	2850	0.59	0.18	0.5737	0.5737
modern_survival	benefit	2900	0.325	0.327	0.68	0.68
modern_survival	benefit	2950	0.175	0.486	0.765	0.765
modern_survival	benefit	3000	0.185	0.459	0.85	0.85
naval_capacity	benefit	100	0.06	1.0	0.06	0.126
naval_capacity	benefit	250	0.02	1.0	0.08	0.1837
naval_capacity	benefit	300	0.04	1.0	0.12	0.203
naval_capacity	benefit	350	0.1064	1.0	0.2264	0.2263
naval_capacity	benefit	400	0.0234	1.0	0.2498	0.2497
naval_capacity	benefit	450	0.0233	1.0	0.2731	0.273
naval_capacity	benefit	550	0.0514	1.0	0.3245	0.3243
naval_capacity	benefit	600	0.0257	1.0	0.3502	0.35
naval_capacity	benefit	650	0.0029	1.0	0.3531	0.3555
naval_capacity	benefit	700	0.0396	0.199	0.361	0.361
naval_capacity	benefit	750	0.031	0.177	0.3665	0.3665
naval_capacity	benefit	800	0.0159	0.346	0.372	0.372
naval_capacity	benefit	850	0.0144	0.382	0.3775	0.3775
naval_capacity	benefit	900	0.0151	0.364	0.383	0.383
naval_capacity	benefit	950	0.0176	0.312	0.3885	0.3885
naval_capacity	benefit	1000	0.0178	0.309	0.394	0.394
naval_capacity	benefit	1050	0.0273	0.201	0.3995	0.3995
naval_capacity	benefit	1100	0.004	1.0	0.4035	0.405
naval_capacity	benefit	1200	0.0096	1.0	0.4131	0.416
naval_capacity	benefit	1250	0.0044	1.0	0.4175	0.4215
naval_capacity	benefit	1300	0.0141	0.674	0.427	0.427
naval_capacity	benefit	1350	0.0234	0.235	0.4325	0.4325
naval_capacity	benefit	1400	0.0353	0.156	0.438	0.438
naval_capacity	benefit	1450	0.0099	0.556	0.4435	0.4435
naval_capacity	benefit	1500	0.0065	0.846	0.449	0.449
naval_capacity	benefit	1550	0.0278	0.198	0.4545	0.4545
naval_capacity	benefit	1600	0.022	0.25	0.46	0.46
naval_capacity	benefit	1650	0.0076	0.724	0.4655	0.4655
naval_capacity	benefit	1700	0.0435	0.126	0.471	0.471
naval_capacity	benefit	1750	0.024	0.229	0.4765	0.4765
naval_capacity	benefit	1800	0.0143	0.385	0.482	0.482
naval_capacity	benefit	1850	0.0116	0.632	0.4893	0.4893
naval_capacity	benefit	1900	0.0792	0.093	0.4967	0.4967
naval_capacity	benefit	1950	0.0416	0.176	0.504	0.504
naval_capacity	benefit	2000	0.0518	0.142	0.5113	0.5113
naval_capacity	benefit	2050	0.0193	0.38	0.5187	0.5187
naval_capacity	benefit	2100	0.0145	0.506	0.526	0.526
naval_capacity	benefit	2150	0.0198	0.37	0.5333	0.5333
naval_capacity	benefit	2200	0.021	0.349	0.5407	0.5407
naval_capacity	benefit	2250	0.021	0.349	0.548	0.548
naval_capacity	benefit	2300	0.0088	0.833	0.5553	0.5553
naval_capacity	cost	2300	0.002	1.0	0.002	0.219
naval_capacity	benefit	2350	0.0266	0.276	0.5627	0.5627
naval_capacity	benefit	2400	0.022	0.333	0.57	0.57
naval_capacity	benefit	2450	0.0076	1.0	0.5776	0.592
naval_capacity	benefit	2500	0.0174	1.0	0.595	0.614
naval_capacity	benefit	2550	0.0413	1.0	0.6363	0.6387
naval_capacity	benefit	2600	0.0457	0.595	0.6635	0.6635
naval_capacity	benefit	2650	0.0157	1.0	0.6792	0.691
naval_capacity	benefit	2700	0.0484	0.812	0.7185	0.7185
naval_capacity	benefit	2750	0.0257	1.0	0.7442	0.7488
naval_capacity	cost	2750	0.0032	1.0	0.0052	0.2377
naval_capacity	benefit	2800	0.0134	1.0	0.7576	0.779
naval_capacity	benefit	2850	0.0158	1.0	0.7734	0.812
naval_capacity	benefit	2950	0.003	1.0	0.7764	0.8725
neonatal_survival	benefit	50	0.1099	1.0	0.1099	0.11
neonatal_survival	benefit	100	0.0133	1.0	0.1232	0.1232
neonatal_survival	benefit	150	0.0112	1.0	0.1344	0.1342
neonatal_survival	benefit	200	0.011	1.0	0.1454	0.1452
neonatal_survival	benefit	250	0.01	1.0	0.1554	0.1551
neonatal_survival	benefit	300	0.0099	1.0	0.1653	0.165
neonatal_survival	benefit	400	0.0191	1.0	0.1844	0.1841
neonatal_survival	benefit	450	0.0095	1.0	0.1939	0.1936
neonatal_survival	benefit	500	0.0088	1.0	0.2027	0.2024
neonatal_survival	benefit	550	0.0088	1.0	0.2115	0.2112
neonatal_survival	benefit	600	0.0089	1.0	0.2204	0.22
neonatal_survival	benefit	650	0.0033	0.965	0.2236	0.2236
neonatal_survival	benefit	700	0.0011	1.0	0.2247	0.2272
neonatal_survival	benefit	750	0.0038	1.0	0.2285	0.2308
neonatal_survival	benefit	800	0.0022	1.0	0.2307	0.2343
neonatal_survival	benefit	850	0.0022	1.0	0.2329	0.2379
neonatal_survival	benefit	900	0.0173	0.498	0.2415	0.2415
neonatal_survival	benefit	950	0.0137	0.262	0.2451	0.2451
neonatal_survival	benefit	1000	0.0022	1.0	0.2473	0.2487
neonatal_survival	benefit	1050	0.0033	1.0	0.2506	0.2522
neonatal_survival	benefit	1100	0.0092	0.571	0.2558	0.2558
neonatal_survival	benefit	1150	0.0032	1.0	0.259	0.2594
neonatal_survival	benefit	1200	0.0035	1.0	0.2625	0.263
neonatal_survival	benefit	1250	0.007	0.579	0.2666	0.2666
neonatal_survival	benefit	1350	0.003	1.0	0.2696	0.2737
neonatal_survival	benefit	1400	0.002	1.0	0.2716	0.2773
neonatal_survival	benefit	1450	0.008	1.0	0.2796	0.2809
neonatal_survival	benefit	1500	0.009	0.546	0.2845	0.2845
neonatal_survival	benefit	1600	0.005	1.0	0.2895	0.2917
neonatal_survival	benefit	1650	0.002	1.0	0.2915	0.2953
neonatal_survival	benefit	1700	0.005	1.0	0.2965	0.2988
neonatal_survival	benefit	1750	0.002	1.0	0.2985	0.3024
neonatal_survival	cost	1750	0.003	1.0	0.003	0.0675
neonatal_survival	benefit	1800	0.009	0.833	0.306	0.306
neonatal_survival	benefit	1900	0.0114	0.817	0.3153	0.3153
neonatal_survival	benefit	1950	0.0023	1.0	0.3176	0.32
neonatal_survival	benefit	2000	0.0023	1.0	0.3199	0.3246
neonatal_survival	benefit	2050	0.0069	1.0	0.3268	0.3293
neonatal_survival	benefit	2100	0.0045	1.0	0.3313	0.334
neonatal_survival	cost	2150	0.004	1.0	0.007	0.0715
neonatal_survival	benefit	2200	0.0011	1.0	0.3324	0.3433
neonatal_survival	benefit	2250	0.0057	1.0	0.3381	0.3479
neonatal_survival	benefit	2300	0.0161	0.899	0.3526	0.3526
neonatal_survival	benefit	2350	0.0367	0.127	0.3572	0.3572
neonatal_survival	cost	2350	0.001	1.0	0.008	0.0735
neonatal_survival	benefit	2400	0.0241	0.193	0.3619	0.3619
neonatal_survival	benefit	2450	0.006	1.0	0.3679	0.377
neonatal_survival	benefit	2500	0.002	1.0	0.3699	0.392
neonatal_survival	benefit	2550	0.012	1.0	0.3819	0.4092
neonatal_survival	cost	2550	0.001	1.0	0.009	0.0762
neonatal_survival	benefit	2600	0.012	1.0	0.3939	0.4264
neonatal_survival	cost	2600	0.004	1.0	0.013	0.077
neonatal_survival	benefit	2650	0.03	1.0	0.4239	0.4479
neonatal_survival	benefit	2700	0.065	0.7	0.4694	0.4694
neonatal_survival	benefit	2750	0.012	1.0	0.4814	0.4952
neonatal_survival	benefit	2800	0.025	1.0	0.5064	0.521
neonatal_survival	benefit	2850	0.052	0.901	0.5533	0.5533
neonatal_survival	benefit	2900	0.024	1.0	0.5773	0.5855
neonatal_survival	cost	2900	0.002	1.0	0.015	0.0825
neonatal_survival	benefit	2950	0.017	1.0	0.5943	0.6178
neonatal_survival	benefit	3000	0.006	1.0	0.6003	0.65
nutrition_quality	benefit	50	0.1249	1.0	0.1249	0.125
nutrition_quality	benefit	100	0.015	1.0	0.1399	0.14
nutrition_quality	benefit	150	0.0126	1.0	0.1525	0.1525
nutrition_quality	benefit	200	0.0125	1.0	0.165	0.165
nutrition_quality	benefit	250	0.0112	1.0	0.1762	0.1763
nutrition_quality	benefit	350	0.015	1.0	0.1912	0.1983
nutrition_quality	benefit	400	0.0179	1.0	0.2091	0.2092
nutrition_quality	benefit	500	0.015	1.0	0.2241	0.23
nutrition_quality	benefit	550	0.01	1.0	0.2341	0.24
nutrition_quality	benefit	650	0.0108	1.0	0.2449	0.2517
nutrition_quality	benefit	700	0.0036	1.0	0.2485	0.2533
nutrition_quality	benefit	750	0.0104	0.625	0.255	0.255
nutrition_quality	benefit	800	0.0056	0.298	0.2567	0.2567
nutrition_quality	benefit	850	0.0036	0.463	0.2583	0.2583
nutrition_quality	benefit	900	0.0045	0.37	0.26	0.26
nutrition_quality	benefit	950	0.0036	0.463	0.2617	0.2617
nutrition_quality	benefit	1000	0.0031	0.538	0.2633	0.2633
nutrition_quality	benefit	1050	0.0062	0.269	0.265	0.265
nutrition_quality	benefit	1100	0.0072	0.231	0.2667	0.2667
nutrition_quality	benefit	1150	0.0016	1.0	0.2683	0.2683
nutrition_quality	benefit	1200	0.0035	0.495	0.27	0.27
nutrition_quality	benefit	1250	0.01	0.167	0.2717	0.2717
nutrition_quality	benefit	1300	0.009	0.185	0.2733	0.2733
nutrition_quality	benefit	1350	0.004	0.417	0.275	0.275
nutrition_quality	benefit	1450	0.011	0.303	0.2783	0.2783
nutrition_quality	benefit	1500	0.01	0.167	0.28	0.28
nutrition_quality	benefit	1550	0.004	0.417	0.2817	0.2817
nutrition_quality	benefit	1600	0.003	0.556	0.2833	0.2833
nutrition_quality	cost	1600	0.001	1.0	0.001	0.198
nutrition_quality	benefit	1650	0.003	0.556	0.285	0.285
nutrition_quality	cost	1650	0.001	1.0	0.002	0.1995
nutrition_quality	benefit	1700	0.008	0.208	0.2867	0.2867
nutrition_quality	benefit	1750	0.008	0.208	0.2883	0.2883
nutrition_quality	cost	1750	0.005	1.0	0.007	0.2025
nutrition_quality	benefit	1800	0.011	0.152	0.29	0.29
nutrition_quality	benefit	1850	0.009	0.241	0.2922	0.2922
nutrition_quality	benefit	1900	0.007	0.31	0.2943	0.2943
nutrition_quality	benefit	1950	0.014	0.155	0.2965	0.2965
nutrition_quality	benefit	2000	0.005	0.433	0.2987	0.2987
nutrition_quality	cost	2000	0.002	1.0	0.009	0.21
nutrition_quality	benefit	2050	0.01	0.217	0.3008	0.3008
nutrition_quality	benefit	2100	0.007	0.31	0.303	0.303
nutrition_quality	benefit	2150	0.005	0.433	0.3052	0.3052
nutrition_quality	benefit	2200	0.007	0.31	0.3073	0.3073
nutrition_quality	benefit	2250	0.004	0.542	0.3095	0.3095
nutrition_quality	benefit	2300	0.006	0.361	0.3117	0.3117
nutrition_quality	cost	2300	0.002	1.0	0.011	0.219
nutrition_quality	benefit	2350	0.013	0.167	0.3138	0.3138
nutrition_quality	cost	2350	0.004	1.0	0.015	0.2205
nutrition_quality	benefit	2400	0.007	0.31	0.316	0.316
nutrition_quality	benefit	2450	0.0025	1.0	0.3185	0.323
nutrition_quality	cost	2450	0.001	1.0	0.016	0.2243
nutrition_quality	benefit	2500	0.0075	1.0	0.326	0.33
nutrition_quality	benefit	2550	0.0118	1.0	0.3378	0.338
nutrition_quality	cost	2550	0.001	1.0	0.017	0.2287
nutrition_quality	benefit	2600	0.005	1.0	0.3428	0.346
nutrition_quality	cost	2600	0.005	1.0	0.022	0.231
nutrition_quality	benefit	2650	0.014	0.943	0.356	0.356
nutrition_quality	benefit	2700	0.038	0.263	0.366	0.366
nutrition_quality	benefit	2750	0.017	0.706	0.378	0.378
nutrition_quality	cost	2750	0.0016	1.0	0.0236	0.2377
nutrition_quality	benefit	2800	0.0216	0.556	0.39	0.39
nutrition_quality	benefit	2850	0.003	1.0	0.393	0.405
nutrition_quality	cost	2850	0.002	1.0	0.0256	0.2437
nutrition_quality	benefit	2900	0.0076	1.0	0.4006	0.42
nutrition_quality	cost	2900	0.004	1.0	0.0296	0.2475
nutrition_quality	benefit	2950	0.014	1.0	0.4146	0.435
nutrition_quality	benefit	3000	0.009	1.0	0.4236	0.45
observation_rate	benefit	50	0.0899	1.0	0.0899	0.09
observation_rate	benefit	100	0.018	1.0	0.1079	0.108
observation_rate	benefit	150	0.0165	1.0	0.1244	0.1245
observation_rate	benefit	200	0.0165	1.0	0.1409	0.141
observation_rate	benefit	350	0.0148	1.0	0.1557	0.194
observation_rate	benefit	400	0.029	1.0	0.1847	0.214
observation_rate	benefit	450	0.027	1.0	0.2117	0.234
observation_rate	benefit	500	0.035	1.0	0.2467	0.256
observation_rate	cost	500	0.005	1.0	0.005	0.1779
observation_rate	cost	550	0.005	1.0	0.01	0.1852
observation_rate	benefit	600	0.0532	1.0	0.2999	0.3
observation_rate	benefit	650	0.0065	0.708	0.3045	0.3045
observation_rate	benefit	700	0.0063	0.714	0.309	0.309
observation_rate	benefit	750	0.0118	0.381	0.3135	0.3135
observation_rate	benefit	800	0.013	0.346	0.318	0.318
observation_rate	benefit	850	0.0443	0.102	0.3225	0.3225
observation_rate	benefit	900	0.0147	0.306	0.327	0.327
observation_rate	benefit	950	0.0117	0.385	0.3315	0.3315
observation_rate	benefit	1000	0.0178	0.253	0.336	0.336
observation_rate	benefit	1050	0.0051	0.882	0.3405	0.3405
observation_rate	benefit	1100	0.0031	1.0	0.3436	0.345
observation_rate	benefit	1150	0.0279	0.211	0.3495	0.3495
observation_rate	benefit	1200	0.0017	1.0	0.3512	0.354
observation_rate	benefit	1250	0.0059	1.0	0.3571	0.3585
observation_rate	benefit	1300	0.0079	0.747	0.363	0.363
observation_rate	benefit	1350	0.0087	0.517	0.3675	0.3675
observation_rate	benefit	1400	0.0075	0.6	0.372	0.372
observation_rate	benefit	1450	0.0182	0.247	0.3765	0.3765
observation_rate	benefit	1500	0.0232	0.194	0.381	0.381
observation_rate	benefit	1550	0.0181	0.249	0.3855	0.3855
observation_rate	benefit	1600	0.0094	0.479	0.39	0.39
observation_rate	benefit	1650	0.0063	0.714	0.3945	0.3945
observation_rate	benefit	1700	0.007	0.643	0.399	0.399
observation_rate	benefit	1750	0.045	0.1	0.4035	0.4035
observation_rate	benefit	1800	0.0298	0.151	0.408	0.408
observation_rate	benefit	1850	0.0052	1.0	0.4132	0.414
observation_rate	benefit	1900	0.0111	0.613	0.42	0.42
observation_rate	benefit	1950	0.0066	0.909	0.426	0.426
observation_rate	benefit	2000	0.023	0.261	0.432	0.432
observation_rate	benefit	2050	0.024	0.25	0.438	0.438
observation_rate	benefit	2100	0.0084	0.714	0.444	0.444
observation_rate	benefit	2150	0.0499	0.12	0.45	0.45
observation_rate	benefit	2200	0.0242	0.248	0.456	0.456
observation_rate	benefit	2250	0.0099	0.606	0.462	0.462
observation_rate	benefit	2300	0.0262	0.229	0.468	0.468
observation_rate	benefit	2350	0.0215	0.279	0.474	0.474
observation_rate	benefit	2400	0.0342	0.175	0.48	0.48
observation_rate	benefit	2450	0.0322	0.559	0.498	0.498
observation_rate	benefit	2500	0.0474	0.38	0.516	0.516
observation_rate	benefit	2550	0.0441	0.459	0.5362	0.5362
observation_rate	benefit	2600	0.0422	0.48	0.5565	0.5565
observation_rate	benefit	2650	0.0282	0.798	0.579	0.579
observation_rate	benefit	2700	0.0574	0.392	0.6015	0.6015
observation_rate	benefit	2750	0.0165	1.0	0.618	0.6262
observation_rate	benefit	2800	0.0312	1.0	0.6492	0.651
observation_rate	benefit	2850	0.0307	0.938	0.678	0.678
observation_rate	benefit	2900	0.02	1.0	0.698	0.705
observation_rate	benefit	2950	0.0082	1.0	0.7062	0.7275
observation_rate	benefit	3000	0.0225	1.0	0.7287	0.75
pollution	benefit	50	0.0255	1.0	0.0255	0.04
pollution	cost	50	0.042	1.0	0.042	0.2567
pollution	benefit	100	0.0127	1.0	0.0382	0.0448
pollution	cost	100	0.012	1.0	0.054	0.2733
pollution	benefit	150	0.0106	1.0	0.0488	0.0488
pollution	cost	150	0.01	1.0	0.064	0.29
pollution	benefit	200	0.004	1.0	0.0528	0.0528
pollution	cost	200	0.01	1.0	0.074	0.3067
pollution	benefit	250	0.0036	1.0	0.0564	0.0564
pollution	cost	250	0.008	1.0	0.082	0.3233
pollution	cost	300	0.01	1.0	0.092	0.34
pollution	benefit	400	0.0105	1.0	0.0669	0.0669
pollution	benefit	550	0.0099	1.0	0.0768	0.0768
pollution	cost	550	0.02	1.0	0.112	0.4233
pollution	cost	650	0.004	1.0	0.116	0.4447
pollution	cost	700	0.012	1.0	0.128	0.4493
pollution	benefit	750	0.0017	1.0	0.0785	0.0818
pollution	benefit	800	0.0026	1.0	0.0811	0.0823
pollution	cost	800	0.006	1.0	0.134	0.4587
pollution	cost	850	0.011	1.0	0.145	0.4633
pollution	cost	900	0.0047	1.0	0.1497	0.468
pollution	benefit	950	0.0051	0.585	0.0841	0.0841
pollution	cost	1000	0.004	1.0	0.1537	0.4773
pollution	benefit	1050	0.0085	0.137	0.0853	0.0853
pollution	cost	1050	0.0066	1.0	0.1603	0.482
pollution	cost	1400	0.0012	1.0	0.1615	0.512
pollution	cost	1450	0.001	1.0	0.1625	0.516
pollution	benefit	1550	0.0036	1.0	0.0889	0.0911
pollution	cost	1550	0.0092	1.0	0.1717	0.524
pollution	cost	1600	0.001	1.0	0.1727	0.528
pollution	cost	1650	0.005	1.0	0.1777	0.532
pollution	benefit	1700	0.0048	0.83	0.0928	0.0928
pollution	cost	1700	0.0048	1.0	0.1825	0.536
pollution	cost	1750	0.005	1.0	0.1875	0.54
pollution	benefit	1800	0.0096	0.122	0.094	0.094
pollution	cost	1800	0.0204	1.0	0.2079	0.544
pollution	cost	1850	0.004	1.0	0.2119	0.548
pollution	cost	1900	0.006	1.0	0.2179	0.552
pollution	cost	2000	0.007	1.0	0.2249	0.56
pollution	benefit	2050	0.0132	0.287	0.0978	0.0978
pollution	cost	2050	0.004	1.0	0.2289	0.564
pollution	cost	2100	0.002	1.0	0.2309	0.568
pollution	benefit	2150	0.012	0.126	0.0993	0.0993
pollution	cost	2150	0.001	1.0	0.2319	0.572
pollution	benefit	2200	0.0072	0.105	0.1001	0.1001
pollution	cost	2200	0.01	1.0	0.2419	0.576
pollution	cost	2250	0.014	1.0	0.2559	0.58
pollution	cost	2300	0.013	1.0	0.2689	0.584
pollution	cost	2350	0.009	1.0	0.2779	0.588
pollution	benefit	2400	0.008	0.379	0.1031	0.1031
pollution	cost	2400	0.025	1.0	0.3029	0.592
pollution	cost	2450	0.0265	1.0	0.3294	0.598
pollution	benefit	2500	0.002	1.0	0.1051	0.108
pollution	cost	2500	0.0285	1.0	0.3579	0.604
pollution	benefit	2550	0.003	1.0	0.1081	0.1108
pollution	cost	2550	0.0075	1.0	0.3654	0.61
pollution	benefit	2600	0.0085	0.647	0.1136	0.1136
pollution	cost	2600	0.036	1.0	0.4014	0.616
pollution	benefit	2650	0.002	1.0	0.1156	0.1171
pollution	cost	2650	0.036	1.0	0.4374	0.622
pollution	benefit	2700	0.0055	0.909	0.1206	0.1206
pollution	cost	2700	0.037	1.0	0.4744	0.628
pollution	benefit	2750	0.003	1.0	0.1236	0.1248
pollution	cost	2750	0.0225	1.0	0.4969	0.634
pollution	benefit	2800	0.0035	1.0	0.1271	0.129
pollution	cost	2800	0.027	1.0	0.5239	0.64
pollution	benefit	2850	0.017	0.421	0.1342	0.1342
pollution	cost	2850	0.0331	1.0	0.557	0.65
pollution	benefit	2900	0.019	0.276	0.1395	0.1395
pollution	cost	2900	0.0085	1.0	0.5655	0.66
pollution	benefit	2950	0.019	0.276	0.1447	0.1447
pollution	cost	2950	0.005	1.0	0.5705	0.67
pollution	benefit	3000	0.06	0.088	0.15	0.15
pollution	cost	3000	0.001	1.0	0.5715	0.68
repair_capacity	benefit	50	0.08	1.0	0.08	0.09
repair_capacity	benefit	100	0.01	1.0	0.09	0.108
repair_capacity	benefit	200	0.01	1.0	0.1	0.141
repair_capacity	benefit	250	0.035	1.0	0.135	0.1575
repair_capacity	benefit	300	0.01	1.0	0.145	0.174
repair_capacity	benefit	350	0.04	1.0	0.185	0.194
repair_capacity	benefit	450	0.049	1.0	0.234	0.234
repair_capacity	benefit	500	0.0219	1.0	0.2559	0.256
repair_capacity	benefit	600	0.0088	1.0	0.2647	0.3
repair_capacity	benefit	650	0.0422	0.943	0.3045	0.3045
repair_capacity	benefit	700	0.0331	0.136	0.309	0.309
repair_capacity	benefit	750	0.0178	0.253	0.3135	0.3135
repair_capacity	benefit	800	0.006	0.75	0.318	0.318
repair_capacity	benefit	850	0.0128	0.352	0.3225	0.3225
repair_capacity	benefit	950	0.0116	0.776	0.3315	0.3315
repair_capacity	benefit	1000	0.012	0.375	0.336	0.336
repair_capacity	benefit	1100	0.017	0.529	0.345	0.345
repair_capacity	benefit	1250	0.002	1.0	0.347	0.3585
repair_capacity	cost	1250	0.001	1.0	0.001	0.1875
repair_capacity	benefit	1300	0.005	1.0	0.352	0.363
repair_capacity	benefit	1350	0.006	1.0	0.358	0.3675
repair_capacity	benefit	1400	0.004	1.0	0.362	0.372
repair_capacity	benefit	1450	0.005	1.0	0.367	0.3765
repair_capacity	benefit	1550	0.004	1.0	0.371	0.3855
repair_capacity	benefit	1600	0.002	1.0	0.373	0.39
repair_capacity	benefit	1650	0.005	1.0	0.378	0.3945
repair_capacity	benefit	1700	0.019	1.0	0.397	0.399
repair_capacity	benefit	1800	0.002	1.0	0.399	0.408
repair_capacity	benefit	1900	0.004	1.0	0.403	0.42
repair_capacity	benefit	1950	0.01	1.0	0.413	0.426
repair_capacity	benefit	2000	0.005	1.0	0.418	0.432
repair_capacity	benefit	2050	0.002	1.0	0.42	0.438
repair_capacity	benefit	2150	0.004	1.0	0.424	0.45
repair_capacity	benefit	2200	0.003	1.0	0.427	0.456
repair_capacity	benefit	2250	0.007	1.0	0.434	0.462
repair_capacity	benefit	2300	0.005	1.0	0.439	0.468
repair_capacity	benefit	2350	0.007	1.0	0.446	0.474
repair_capacity	benefit	2400	0.025	1.0	0.471	0.48
repair_capacity	benefit	2450	0.0064	1.0	0.4774	0.498
repair_capacity	benefit	2500	0.003	1.0	0.4804	0.516
repair_capacity	benefit	2550	0.0076	1.0	0.488	0.5362
repair_capacity	benefit	2600	0.0192	1.0	0.5072	0.5565
repair_capacity	benefit	2650	0.018	1.0	0.5252	0.579
repair_capacity	benefit	2700	0.0084	1.0	0.5336	0.6015
repair_capacity	benefit	2750	0.0124	1.0	0.546	0.6262
repair_capacity	benefit	2800	0.0056	1.0	0.5516	0.651
repair_capacity	benefit	2850	0.0104	1.0	0.562	0.678
repair_capacity	benefit	2900	0.0084	1.0	0.5704	0.705
repair_capacity	benefit	2950	0.0046	1.0	0.575	0.7275
repair_capacity	benefit	3000	0.0024	1.0	0.5774	0.75
route_speed	benefit	50	0.1051	1.0	0.1051	0.105
route_speed	benefit	100	0.0209	1.0	0.126	0.126
route_speed	benefit	150	0.0194	1.0	0.1454	0.1452
route_speed	benefit	200	0.0193	1.0	0.1647	0.1645
route_speed	benefit	250	0.0193	1.0	0.184	0.1837
route_speed	benefit	300	0.0193	1.0	0.2033	0.203
route_speed	benefit	350	0.0234	1.0	0.2267	0.2263
route_speed	benefit	400	0.0233	1.0	0.25	0.2497
route_speed	benefit	450	0.0233	1.0	0.2733	0.273
route_speed	benefit	500	0.0257	1.0	0.299	0.2987
route_speed	benefit	550	0.0257	1.0	0.3247	0.3243
route_speed	cost	550	0.01	1.0	0.01	0.2117
route_speed	benefit	650	0.0201	1.0	0.3448	0.355
route_speed	benefit	700	0.0096	1.0	0.3544	0.36
route_speed	benefit	750	0.0149	0.711	0.365	0.365
route_speed	benefit	800	0.0134	0.373	0.37	0.37
route_speed	benefit	850	0.0172	0.291	0.375	0.375
route_speed	benefit	900	0.015	0.333	0.38	0.38
route_speed	benefit	950	0.0163	0.307	0.385	0.385
route_speed	benefit	1000	0.0187	0.267	0.39	0.39
route_speed	benefit	1050	0.0142	0.352	0.395	0.395
route_speed	benefit	1100	0.004	1.0	0.399	0.4
route_speed	benefit	1150	0.0191	0.314	0.405	0.405
route_speed	benefit	1200	0.017	0.294	0.41	0.41
route_speed	benefit	1250	0.014	0.357	0.415	0.415
route_speed	benefit	1300	0.01	0.5	0.42	0.42
route_speed	cost	1300	0.001	1.0	0.011	0.252
route_speed	benefit	1350	0.006	0.833	0.425	0.425
route_speed	benefit	1400	0.019	0.263	0.43	0.43
route_speed	benefit	1450	0.019	0.263	0.435	0.435
route_speed	benefit	1500	0.015	0.333	0.44	0.44
route_speed	benefit	1550	0.004	1.0	0.444	0.445
route_speed	benefit	1600	0.006	1.0	0.45	0.45
route_speed	benefit	1650	0.022	0.227	0.455	0.455
route_speed	benefit	1700	0.01	0.5	0.46	0.46
route_speed	benefit	1750	0.014	0.357	0.465	0.465
route_speed	benefit	1800	0.024	0.208	0.47	0.47
route_speed	benefit	1850	0.0103	0.647	0.4767	0.4767
route_speed	benefit	1900	0.0305	0.219	0.4833	0.4833
route_speed	benefit	1950	0.038	0.175	0.49	0.49
route_speed	benefit	2000	0.0355	0.188	0.4967	0.4967
route_speed	benefit	2050	0.012	0.556	0.5033	0.5033
route_speed	benefit	2100	0.011	0.606	0.51	0.51
route_speed	benefit	2150	0.014	0.476	0.5167	0.5167
route_speed	benefit	2200	0.0236	0.282	0.5233	0.5233
route_speed	benefit	2250	0.008	0.833	0.53	0.53
route_speed	benefit	2300	0.028	0.238	0.5367	0.5367
route_speed	benefit	2350	0.0565	0.118	0.5433	0.5433
route_speed	benefit	2400	0.0295	0.226	0.55	0.55
route_speed	benefit	2450	0.0224	0.893	0.57	0.57
route_speed	benefit	2500	0.0515	0.388	0.59	0.59
route_speed	benefit	2550	0.0299	0.753	0.6125	0.6125
route_speed	benefit	2600	0.0469	0.48	0.635	0.635
route_speed	benefit	2650	0.006	1.0	0.641	0.66
route_speed	benefit	2700	0.0284	1.0	0.6694	0.685
route_speed	benefit	2750	0.03	1.0	0.6994	0.7125
route_speed	benefit	2800	0.0213	1.0	0.7207	0.74
route_speed	benefit	2850	0.0279	1.0	0.7486	0.77
route_speed	benefit	2950	0.0212	1.0	0.7698	0.825
sanitation	benefit	50	0.022	1.0	0.022	0.11
sanitation	benefit	100	0.042	1.0	0.064	0.1232
sanitation	benefit	150	0.02	1.0	0.084	0.1342
sanitation	benefit	200	0.04	1.0	0.124	0.1452
sanitation	benefit	250	0.0312	1.0	0.1552	0.1551
sanitation	benefit	300	0.0099	1.0	0.1651	0.165
sanitation	benefit	350	0.0096	1.0	0.1747	0.1745
sanitation	benefit	400	0.0095	1.0	0.1842	0.1841
sanitation	benefit	450	0.0194	1.0	0.2036	0.1936
sanitation	benefit	500	0.0003	1.0	0.2039	0.2024
sanitation	benefit	550	0.0074	1.0	0.2113	0.2112
sanitation	benefit	600	0.0088	1.0	0.2201	0.22
sanitation	benefit	650	0.015	0.232	0.2236	0.2236
sanitation	benefit	700	0.0017	1.0	0.2253	0.2272
sanitation	benefit	750	0.004	1.0	0.2293	0.2308
sanitation	benefit	800	0.018	0.281	0.2343	0.2343
sanitation	benefit	850	0.0098	0.366	0.2379	0.2379
sanitation	benefit	900	0.0144	0.249	0.2415	0.2415
sanitation	benefit	1000	0.029	0.247	0.2487	0.2487
sanitation	benefit	1050	0.008	0.448	0.2522	0.2522
sanitation	benefit	1200	0.006	1.0	0.2582	0.263
sanitation	benefit	1300	0.0058	1.0	0.2641	0.2702
sanitation	benefit	1350	0.0024	1.0	0.2665	0.2737
sanitation	benefit	1400	0.004	1.0	0.2705	0.2773
sanitation	benefit	1450	0.0056	1.0	0.2761	0.2809
sanitation	benefit	1650	0.013	1.0	0.2891	0.2953
sanitation	cost	1650	0.002	1.0	0.002	0.2993
sanitation	benefit	1700	0.009	1.0	0.2981	0.2988
sanitation	benefit	1750	0.0116	0.376	0.3024	0.3024
sanitation	benefit	1800	0.021	0.171	0.306	0.306
sanitation	benefit	1850	0.005	0.932	0.3107	0.3107
sanitation	benefit	1950	0.0108	0.863	0.32	0.32
sanitation	cost	1950	0.003	1.0	0.005	0.3128
sanitation	benefit	2000	0.0126	0.37	0.3246	0.3246
sanitation	benefit	2050	0.006	0.776	0.3293	0.3293
sanitation	benefit	2150	0.008	1.0	0.3373	0.3386
sanitation	benefit	2200	0.002	1.0	0.3393	0.3433
sanitation	benefit	2250	0.012	0.719	0.3479	0.3479
sanitation	benefit	2300	0.0014	1.0	0.3493	0.3526
sanitation	benefit	2350	0.004	1.0	0.3533	0.3572
sanitation	benefit	2400	0.0238	0.36	0.3619	0.3619
sanitation	cost	2400	0.002	1.0	0.007	0.333
sanitation	benefit	2450	0.003	1.0	0.3649	0.377
sanitation	cost	2450	0.003	1.0	0.01	0.3364
sanitation	benefit	2500	0.009	1.0	0.3739	0.392
sanitation	benefit	2550	0.036	0.981	0.4092	0.4092
sanitation	benefit	2600	0.038	0.453	0.4264	0.4264
sanitation	benefit	2650	0.022	0.977	0.4479	0.4479
sanitation	benefit	2700	0.009	1.0	0.4569	0.4694
sanitation	benefit	2750	0.0155	1.0	0.4724	0.4952
sanitation	benefit	2850	0.003	1.0	0.4754	0.5533
sanitation	benefit	2900	0.006	1.0	0.4814	0.5855
security_efficiency	benefit	50	0.1199	1.0	0.1199	0.12
security_efficiency	benefit	100	0.024	1.0	0.1439	0.144
security_efficiency	benefit	150	0.022	1.0	0.1659	0.166
security_efficiency	benefit	200	0.0192	1.0	0.1851	0.188
security_efficiency	benefit	250	0.0248	1.0	0.2099	0.21
security_efficiency	benefit	300	0.022	1.0	0.2319	0.232
security_efficiency	benefit	350	0.0267	1.0	0.2586	0.2587
security_efficiency	benefit	400	0.0267	1.0	0.2853	0.2853
security_efficiency	benefit	450	0.0267	1.0	0.312	0.312
security_efficiency	benefit	500	0.0293	1.0	0.3413	0.3413
security_efficiency	benefit	550	0.0293	1.0	0.3706	0.3707
security_efficiency	benefit	600	0.0293	1.0	0.3999	0.4
security_efficiency	benefit	650	0.0106	0.387	0.404	0.404
security_efficiency	benefit	700	0.0224	0.179	0.408	0.408
security_efficiency	benefit	750	0.0218	0.183	0.412	0.412
security_efficiency	benefit	800	0.0193	0.207	0.416	0.416
security_efficiency	benefit	850	0.0123	0.325	0.42	0.42
security_efficiency	benefit	900	0.0394	0.102	0.424	0.424
security_efficiency	benefit	950	0.0266	0.15	0.428	0.428
security_efficiency	benefit	1000	0.018	0.222	0.432	0.432
security_efficiency	benefit	1050	0.0105	0.381	0.436	0.436
security_efficiency	benefit	1100	0.0129	0.31	0.44	0.44
security_efficiency	cost	1100	0.004	1.0	0.004	0.2433
security_efficiency	benefit	1150	0.0108	0.37	0.444	0.444
security_efficiency	benefit	1200	0.0428	0.093	0.448	0.448
security_efficiency	benefit	1250	0.0305	0.131	0.452	0.452
security_efficiency	benefit	1300	0.0086	0.465	0.456	0.456
security_efficiency	cost	1300	0.001	1.0	0.005	0.252
security_efficiency	benefit	1350	0.0108	0.37	0.46	0.46
security_efficiency	benefit	1400	0.0132	0.303	0.464	0.464
security_efficiency	benefit	1450	0.043	0.093	0.468	0.468
security_efficiency	benefit	1500	0.0295	0.136	0.472	0.472
security_efficiency	benefit	1550	0.0219	0.183	0.476	0.476
security_efficiency	benefit	1600	0.0193	0.207	0.48	0.48
security_efficiency	benefit	1650	0.0163	0.245	0.484	0.484
security_efficiency	benefit	1700	0.0158	0.253	0.488	0.488
security_efficiency	benefit	1750	0.0351	0.114	0.492	0.492
security_efficiency	cost	1750	0.0005	1.0	0.0055	0.27
security_efficiency	benefit	1800	0.0164	0.244	0.496	0.496
security_efficiency	cost	1800	0.0018	1.0	0.0073	0.272
security_efficiency	benefit	1850	0.0213	0.25	0.5013	0.5013
security_efficiency	cost	1850	0.0029	1.0	0.0102	0.274
security_efficiency	benefit	1900	0.0352	0.152	0.5067	0.5067
security_efficiency	benefit	1950	0.0343	0.155	0.512	0.512
security_efficiency	cost	1950	0.0014	1.0	0.0116	0.278
security_efficiency	benefit	2000	0.0342	0.156	0.5173	0.5173
security_efficiency	benefit	2050	0.0138	0.386	0.5227	0.5227
security_efficiency	cost	2050	0.0034	1.0	0.015	0.282
security_efficiency	benefit	2100	0.0166	0.321	0.528	0.528
security_efficiency	benefit	2150	0.0307	0.174	0.5333	0.5333
security_efficiency	cost	2150	0.002	1.0	0.017	0.286
security_efficiency	benefit	2200	0.0306	0.174	0.5387	0.5387
security_efficiency	benefit	2250	0.0137	0.389	0.544	0.544
security_efficiency	benefit	2300	0.0219	0.244	0.5493	0.5493
security_efficiency	benefit	2350	0.0077	0.693	0.5547	0.5547
security_efficiency	benefit	2400	0.0211	0.253	0.56	0.56
security_efficiency	benefit	2450	0.0235	0.681	0.576	0.576
security_efficiency	benefit	2500	0.0335	0.478	0.592	0.592
security_efficiency	benefit	2550	0.0126	1.0	0.6046	0.61
security_efficiency	benefit	2600	0.014	1.0	0.6186	0.628
security_efficiency	benefit	2650	0.0115	1.0	0.6301	0.648
security_efficiency	benefit	2700	0.0171	1.0	0.6472	0.668
security_efficiency	cost	2700	0.001	1.0	0.018	0.314
security_efficiency	benefit	2750	0.0468	0.915	0.69	0.69
security_efficiency	benefit	2800	0.0539	0.408	0.712	0.712
security_efficiency	cost	2800	0.001	1.0	0.019	0.32
security_efficiency	benefit	2850	0.032	0.75	0.736	0.736
security_efficiency	cost	2850	0.0015	1.0	0.0205	0.325
security_efficiency	benefit	2900	0.017	1.0	0.753	0.76
security_efficiency	benefit	2950	0.0415	0.651	0.78	0.78
security_efficiency	benefit	3000	0.0075	1.0	0.7875	0.8
soil_productivity	benefit	50	0.1201	1.0	0.1201	0.12
soil_productivity	benefit	100	0.0241	1.0	0.1442	0.144
soil_productivity	benefit	150	0.022	1.0	0.1662	0.166
soil_productivity	cost	150	0.01	1.0	0.01	0.145
soil_productivity	benefit	200	0.022	1.0	0.1882	0.188
soil_productivity	benefit	250	0.022	1.0	0.2102	0.21
soil_productivity	cost	250	0.01	1.0	0.02	0.1617
soil_productivity	benefit	300	0.022	1.0	0.2322	0.232
soil_productivity	benefit	350	0.0266	1.0	0.2588	0.2587
soil_productivity	benefit	400	0.0267	1.0	0.2855	0.2853
soil_productivity	benefit	450	0.0267	1.0	0.3122	0.312
soil_productivity	benefit	500	0.016	1.0	0.3282	0.3413
soil_productivity	cost	500	0.005	1.0	0.025	0.2033
soil_productivity	benefit	650	0.0195	1.0	0.3477	0.404
soil_productivity	benefit	700	0.0087	1.0	0.3564	0.408
soil_productivity	cost	700	0.003	1.0	0.028	0.2247
soil_productivity	benefit	750	0.026	1.0	0.3824	0.412
soil_productivity	benefit	800	0.0051	1.0	0.3875	0.416
soil_productivity	benefit	850	0.0111	1.0	0.3986	0.42
soil_productivity	benefit	900	0.0258	0.984	0.424	0.424
soil_productivity	benefit	1000	0.0102	0.784	0.432	0.432
soil_productivity	benefit	1050	0.0083	0.482	0.436	0.436
soil_productivity	benefit	1100	0.0115	0.348	0.44	0.44
soil_productivity	benefit	1150	0.0108	0.37	0.444	0.444
soil_productivity	cost	1150	0.004	1.0	0.032	0.2457
soil_productivity	benefit	1200	0.0064	0.625	0.448	0.448
soil_productivity	cost	1200	0.008	1.0	0.04	0.248
soil_productivity	benefit	1250	0.0119	0.336	0.452	0.452
soil_productivity	benefit	1300	0.0034	1.0	0.4554	0.456
soil_productivity	benefit	1350	0.0136	0.338	0.46	0.46
soil_productivity	benefit	1400	0.0146	0.274	0.464	0.464
soil_productivity	benefit	1450	0.029	0.138	0.468	0.468
soil_productivity	benefit	1500	0.0068	0.588	0.472	0.472
soil_productivity	cost	1550	0.004	1.0	0.044	0.262
soil_productivity	benefit	1600	0.0102	0.784	0.48	0.48
soil_productivity	benefit	1700	0.0117	0.684	0.488	0.488
soil_productivity	benefit	1750	0.0102	0.392	0.492	0.492
soil_productivity	cost	1750	0.0037	1.0	0.0477	0.27
soil_productivity	benefit	1800	0.0034	1.0	0.4954	0.496
soil_productivity	cost	1850	0.007	1.0	0.0547	0.274
soil_productivity	cost	1900	0.001	1.0	0.0557	0.276
soil_productivity	benefit	1950	0.0253	0.656	0.512	0.512
soil_productivity	cost	1950	0.005	1.0	0.0607	0.278
soil_productivity	benefit	2000	0.0234	0.228	0.5173	0.5173
soil_productivity	cost	2000	0.008	1.0	0.0687	0.28
soil_productivity	benefit	2050	0.0026	1.0	0.5199	0.5227
soil_productivity	benefit	2100	0.0316	0.255	0.528	0.528
soil_productivity	cost	2100	0.006	1.0	0.0747	0.284
soil_productivity	benefit	2150	0.0104	0.513	0.5333	0.5333
soil_productivity	benefit	2200	0.0119	0.448	0.5387	0.5387
soil_productivity	cost	2200	0.003	1.0	0.0777	0.288
soil_productivity	benefit	2350	0.0369	0.434	0.5547	0.5547
soil_productivity	benefit	2400	0.0158	0.338	0.56	0.56
soil_productivity	benefit	2450	0.0014	1.0	0.5614	0.576
soil_productivity	cost	2450	0.0014	1.0	0.0791	0.299
soil_productivity	benefit	2500	0.0028	1.0	0.5642	0.592
soil_productivity	cost	2500	0.003	1.0	0.0821	0.302
soil_productivity	benefit	2550	0.0536	0.854	0.61	0.61
soil_productivity	benefit	2600	0.005	1.0	0.615	0.628
soil_productivity	cost	2600	0.004	1.0	0.0861	0.308
soil_productivity	cost	2650	0.006	1.0	0.0921	0.311
soil_productivity	benefit	2700	0.005	1.0	0.62	0.668
soil_productivity	benefit	2750	0.0208	1.0	0.6408	0.69
soil_productivity	cost	2750	0.002	1.0	0.0941	0.317
soil_productivity	benefit	2800	0.0158	1.0	0.6566	0.712
soil_productivity	cost	2800	0.008	1.0	0.1021	0.32
soil_productivity	benefit	2850	0.0042	1.0	0.6608	0.736
soil_productivity	cost	2850	0.0042	1.0	0.1063	0.325
soil_productivity	benefit	2900	0.002	1.0	0.6628	0.76
soil_productivity	cost	2900	0.007	1.0	0.1133	0.33
soil_productivity	benefit	3000	0.0042	1.0	0.667	0.8
standardization	benefit	50	0.12	1.0	0.12	0.12
standardization	benefit	100	0.024	1.0	0.144	0.144
standardization	benefit	150	0.022	1.0	0.166	0.166
standardization	benefit	200	0.022	1.0	0.188	0.188
standardization	benefit	250	0.022	1.0	0.21	0.21
standardization	benefit	300	0.022	1.0	0.232	0.232
standardization	benefit	350	0.019	1.0	0.251	0.2587
standardization	benefit	400	0.0343	1.0	0.2853	0.2853
standardization	benefit	450	0.0266	1.0	0.3119	0.312
standardization	benefit	500	0.0292	1.0	0.3411	0.3413
standardization	benefit	550	0.0293	1.0	0.3704	0.3707
standardization	benefit	600	0.0237	1.0	0.3941	0.4
standardization	benefit	650	0.0257	0.385	0.404	0.404
standardization	benefit	700	0.0142	0.282	0.408	0.408
standardization	benefit	750	0.007	0.571	0.412	0.412
standardization	benefit	800	0.0186	0.215	0.416	0.416
standardization	benefit	850	0.0478	0.084	0.42	0.42
standardization	benefit	900	0.0047	0.851	0.424	0.424
standardization	benefit	950	0.029	0.138	0.428	0.428
standardization	benefit	1000	0.0293	0.137	0.432	0.432
standardization	benefit	1050	0.051	0.078	0.436	0.436
standardization	benefit	1100	0.007	0.571	0.44	0.44
standardization	benefit	1150	0.0066	0.606	0.444	0.444
standardization	benefit	1200	0.01	0.4	0.448	0.448
standardization	benefit	1250	0.01	0.4	0.452	0.452
standardization	benefit	1300	0.0131	0.305	0.456	0.456
standardization	benefit	1350	0.0114	0.351	0.46	0.46
standardization	benefit	1400	0.0121	0.331	0.464	0.464
standardization	benefit	1450	0.0118	0.339	0.468	0.468
standardization	cost	1450	0.001	1.0	0.001	0.1613
standardization	benefit	1500	0.0165	0.242	0.472	0.472
standardization	cost	1500	0.001	1.0	0.002	0.1625
standardization	benefit	1550	0.0094	0.426	0.476	0.476
standardization	benefit	1600	0.0145	0.276	0.48	0.48
standardization	benefit	1650	0.0382	0.105	0.484	0.484
standardization	benefit	1700	0.0283	0.141	0.488	0.488
standardization	benefit	1750	0.0486	0.082	0.492	0.492
standardization	benefit	1800	0.0249	0.161	0.496	0.496
standardization	cost	1800	0.002	1.0	0.004	0.17
standardization	benefit	1850	0.0098	0.544	0.5013	0.5013
standardization	benefit	1900	0.0276	0.193	0.5067	0.5067
standardization	benefit	1950	0.0108	0.494	0.512	0.512
standardization	benefit	2000	0.0344	0.155	0.5173	0.5173
standardization	benefit	2050	0.0109	0.489	0.5227	0.5227
standardization	benefit	2100	0.0059	0.904	0.528	0.528
standardization	benefit	2150	0.015	0.356	0.5333	0.5333
standardization	benefit	2200	0.005	1.0	0.5383	0.5387
standardization	benefit	2250	0.0172	0.329	0.544	0.544
standardization	benefit	2300	0.0188	0.284	0.5493	0.5493
standardization	benefit	2350	0.0178	0.3	0.5547	0.5547
standardization	benefit	2400	0.0395	0.135	0.56	0.56
standardization	benefit	2450	0.0476	0.336	0.576	0.576
standardization	benefit	2500	0.0342	0.468	0.592	0.592
standardization	benefit	2550	0.0455	0.396	0.61	0.61
standardization	benefit	2600	0.0367	0.49	0.628	0.628
standardization	benefit	2650	0.0493	0.406	0.648	0.648
standardization	benefit	2700	0.0503	0.398	0.668	0.668
standardization	benefit	2750	0.0286	0.769	0.69	0.69
standardization	benefit	2800	0.0447	0.492	0.712	0.712
standardization	benefit	2850	0.0842	0.285	0.736	0.736
standardization	benefit	2900	0.0221	1.0	0.7581	0.76
standardization	benefit	2950	0.0125	1.0	0.7706	0.78
standardization	benefit	3000	0.0016	1.0	0.7722	0.8
state_capacity	benefit	50	0.1007	1.0	0.1007	0.135
state_capacity	benefit	100	0.0337	1.0	0.1344	0.162
state_capacity	benefit	150	0.0523	1.0	0.1867	0.1867
state_capacity	benefit	200	0.0247	1.0	0.2114	0.2115
state_capacity	benefit	250	0.0249	1.0	0.2363	0.2362
state_capacity	benefit	300	0.0249	1.0	0.2612	0.261
state_capacity	benefit	350	0.03	1.0	0.2912	0.291
state_capacity	benefit	400	0.03	1.0	0.3212	0.321
state_capacity	benefit	450	0.0302	1.0	0.3514	0.351
state_capacity	benefit	500	0.0329	1.0	0.3843	0.384
state_capacity	benefit	550	0.0329	1.0	0.4172	0.417
state_capacity	benefit	600	0.027	1.0	0.4442	0.45
state_capacity	benefit	650	0.0374	0.275	0.4545	0.4545
state_capacity	benefit	700	0.0195	0.231	0.459	0.459
state_capacity	cost	700	0.0092	1.0	0.0092	0.2528
state_capacity	benefit	750	0.0334	0.135	0.4635	0.4635
state_capacity	cost	750	0.0006	1.0	0.0098	0.2554
state_capacity	benefit	800	0.0324	0.139	0.468	0.468
state_capacity	cost	800	0.0006	1.0	0.0104	0.258
state_capacity	benefit	850	0.0347	0.13	0.4725	0.4725
state_capacity	cost	850	0.0007	1.0	0.0111	0.2606
state_capacity	benefit	900	0.0164	0.274	0.477	0.477
state_capacity	benefit	950	0.0468	0.096	0.4815	0.4815
state_capacity	benefit	1000	0.0366	0.123	0.486	0.486
state_capacity	cost	1000	0.0024	1.0	0.0135	0.2685
state_capacity	benefit	1050	0.0451	0.1	0.4905	0.4905
state_capacity	cost	1050	0.0007	1.0	0.0142	0.2711
state_capacity	benefit	1100	0.0284	0.158	0.495	0.495
state_capacity	cost	1100	0.001	1.0	0.0152	0.2738
state_capacity	benefit	1150	0.0323	0.139	0.4995	0.4995
state_capacity	benefit	1200	0.0448	0.1	0.504	0.504
state_capacity	benefit	1250	0.0209	0.215	0.5085	0.5085
state_capacity	cost	1250	0.0045	1.0	0.0197	0.2812
state_capacity	benefit	1300	0.0182	0.247	0.513	0.513
state_capacity	cost	1300	0.002	1.0	0.0217	0.2835
state_capacity	benefit	1350	0.0259	0.174	0.5175	0.5175
state_capacity	benefit	1400	0.0173	0.26	0.522	0.522
state_capacity	cost	1400	0.0044	1.0	0.0261	0.288
state_capacity	benefit	1450	0.0354	0.127	0.5265	0.5265
state_capacity	cost	1450	0.004	1.0	0.0301	0.2903
state_capacity	benefit	1500	0.0258	0.174	0.531	0.531
state_capacity	benefit	1550	0.0124	0.363	0.5355	0.5355
state_capacity	cost	1550	0.0015	1.0	0.0316	0.2948
state_capacity	benefit	1600	0.0429	0.105	0.54	0.54
state_capacity	cost	1600	0.0016	1.0	0.0332	0.297
state_capacity	benefit	1650	0.0321	0.14	0.5445	0.5445
state_capacity	cost	1650	0.0032	1.0	0.0364	0.2993
state_capacity	benefit	1700	0.0368	0.122	0.549	0.549
state_capacity	cost	1700	0.0016	1.0	0.038	0.3015
state_capacity	benefit	1750	0.0625	0.072	0.5535	0.5535
state_capacity	cost	1750	0.0015	1.0	0.0395	0.3038
state_capacity	benefit	1800	0.0453	0.099	0.558	0.558
state_capacity	cost	1800	0.0014	1.0	0.0409	0.306
state_capacity	benefit	1850	0.0261	0.23	0.564	0.564
state_capacity	cost	1850	0.0035	1.0	0.0444	0.3083
state_capacity	benefit	1900	0.0263	0.228	0.57	0.57
state_capacity	benefit	1950	0.0386	0.155	0.576	0.576
state_capacity	benefit	2000	0.0201	0.299	0.582	0.582
state_capacity	cost	2000	0.0009	1.0	0.0453	0.315
state_capacity	benefit	2050	0.0208	0.288	0.588	0.588
state_capacity	benefit	2100	0.0108	0.556	0.594	0.594
state_capacity	cost	2100	0.002	1.0	0.0473	0.3195
state_capacity	benefit	2150	0.0303	0.198	0.6	0.6
state_capacity	cost	2150	0.001	1.0	0.0483	0.3217
state_capacity	benefit	2200	0.0257	0.233	0.606	0.606
state_capacity	benefit	2250	0.0302	0.199	0.612	0.612
state_capacity	benefit	2300	0.0163	0.368	0.618	0.618
state_capacity	benefit	2350	0.015	0.4	0.624	0.624
state_capacity	cost	2350	0.001	1.0	0.0493	0.3307
state_capacity	benefit	2400	0.0521	0.115	0.63	0.63
state_capacity	cost	2400	0.001	1.0	0.0503	0.333
state_capacity	benefit	2450	0.0472	0.381	0.648	0.648
state_capacity	benefit	2500	0.0426	0.423	0.666	0.666
state_capacity	cost	2500	0.0012	1.0	0.0515	0.3397
state_capacity	benefit	2550	0.0609	0.333	0.6863	0.6863
state_capacity	cost	2550	0.0012	1.0	0.0527	0.3431
state_capacity	benefit	2600	0.0353	0.574	0.7065	0.7065
state_capacity	benefit	2650	0.0514	0.438	0.729	0.729
state_capacity	benefit	2700	0.0445	0.506	0.7515	0.7515
state_capacity	cost	2700	0.0024	1.0	0.0551	0.3533
state_capacity	benefit	2750	0.0748	0.331	0.7763	0.7763
state_capacity	benefit	2800	0.0733	0.338	0.801	0.801
state_capacity	benefit	2850	0.0302	0.894	0.828	0.828
state_capacity	cost	2850	0.0043	1.0	0.0594	0.3656
state_capacity	benefit	2900	0.0351	0.769	0.855	0.855
state_capacity	cost	2900	0.0012	1.0	0.0606	0.3712
state_capacity	benefit	2950	0.0271	0.83	0.8775	0.8775
state_capacity	benefit	3000	0.0227	0.991	0.9	0.9
state_capacity	cost	3000	0.001	1.0	0.0616	0.3825
stone_yield	benefit	50	0.08	1.0	0.08	0.225
stone_yield	benefit	100	0.13	1.0	0.21	0.252
stone_yield	benefit	150	0.02	1.0	0.23	0.2745
stone_yield	benefit	250	0.06	1.0	0.29	0.3173
stone_yield	benefit	350	0.02	1.0	0.31	0.357
stone_yield	benefit	400	0.03	1.0	0.34	0.3765
stone_yield	benefit	450	0.01	1.0	0.35	0.396
stone_yield	benefit	650	0.003	1.0	0.353	0.4537
stone_yield	benefit	750	0.013	1.0	0.366	0.4612
stone_yield	benefit	850	0.011	1.0	0.377	0.4688
stone_yield	benefit	1000	0.0034	1.0	0.3804	0.48
stone_yield	benefit	1150	0.008	1.0	0.3884	0.4913
stone_yield	benefit	1250	0.003	1.0	0.3914	0.4988
storage_loss	benefit	50	0.1751	1.0	0.1751	0.175
storage_loss	benefit	100	0.0209	1.0	0.196	0.196
storage_loss	benefit	150	0.0176	1.0	0.2136	0.2135
storage_loss	benefit	200	0.0175	1.0	0.2311	0.231
storage_loss	benefit	250	0.0157	1.0	0.2468	0.2467
storage_loss	benefit	300	0.0158	1.0	0.2626	0.2625
storage_loss	benefit	350	0.0152	1.0	0.2778	0.2777
storage_loss	benefit	400	0.0152	1.0	0.293	0.2928
storage_loss	benefit	450	0.0152	1.0	0.3082	0.308
storage_loss	benefit	500	0.014	1.0	0.3222	0.322
storage_loss	benefit	550	0.014	1.0	0.3362	0.336
storage_loss	benefit	600	0.014	1.0	0.3502	0.35
storage_loss	benefit	650	0.0064	0.424	0.3529	0.3529
storage_loss	benefit	700	0.003	0.972	0.3558	0.3558
storage_loss	benefit	750	0.004	0.729	0.3587	0.3587
storage_loss	benefit	800	0.0097	0.301	0.3617	0.3617
storage_loss	benefit	850	0.002	1.0	0.3637	0.3646
storage_loss	benefit	900	0.0024	1.0	0.3661	0.3675
storage_loss	benefit	950	0.0092	0.473	0.3704	0.3704
storage_loss	benefit	1000	0.01	0.292	0.3733	0.3733
storage_loss	benefit	1050	0.0064	0.456	0.3762	0.3762
storage_loss	benefit	1100	0.0056	0.521	0.3792	0.3792
storage_loss	cost	1100	0.003	1.0	0.003	0.2433
storage_loss	benefit	1150	0.005	0.583	0.3821	0.3821
storage_loss	benefit	1200	0.0066	0.442	0.385	0.385
storage_loss	benefit	1300	0.0014	1.0	0.3864	0.3908
storage_loss	benefit	1350	0.0014	1.0	0.3878	0.3937
storage_loss	benefit	1400	0.0056	1.0	0.3934	0.3967
storage_loss	benefit	1450	0.002	1.0	0.3954	0.3996
storage_loss	benefit	1500	0.0028	1.0	0.3982	0.4025
storage_loss	benefit	1550	0.003	1.0	0.4012	0.4054
storage_loss	benefit	1600	0.005	1.0	0.4062	0.4083
storage_loss	benefit	1650	0.0102	0.495	0.4112	0.4112
storage_loss	benefit	1700	0.0028	1.0	0.414	0.4142
storage_loss	benefit	1750	0.009	0.337	0.4171	0.4171
storage_loss	benefit	1800	0.0042	0.694	0.42	0.42
storage_loss	cost	1800	0.002	1.0	0.005	0.272
storage_loss	benefit	1850	0.0042	0.903	0.4238	0.4238
storage_loss	benefit	1900	0.0028	1.0	0.4266	0.4276
storage_loss	benefit	1950	0.0076	0.629	0.4314	0.4314
storage_loss	benefit	2000	0.0056	0.677	0.4352	0.4352
storage_loss	benefit	2050	0.0056	0.677	0.439	0.439
storage_loss	benefit	2100	0.0084	0.451	0.4427	0.4427
storage_loss	benefit	2250	0.0138	0.824	0.4541	0.4541
storage_loss	cost	2300	0.004	1.0	0.009	0.292
storage_loss	benefit	2400	0.002	1.0	0.4561	0.4655
storage_loss	benefit	2550	0.0104	1.0	0.4665	0.504
storage_loss	benefit	2650	0.0078	1.0	0.4743	0.5355
storage_loss	benefit	2800	0.0065	1.0	0.4808	0.595
storage_loss	benefit	2850	0.0144	1.0	0.4952	0.6212
storage_loss	benefit	2900	0.0221	1.0	0.5173	0.6475
storage_loss	benefit	2950	0.0052	1.0	0.5225	0.6737
storage_loss	benefit	3000	0.0026	1.0	0.5251	0.7
survey_speed	benefit	50	0.12	1.0	0.12	0.12
survey_speed	benefit	100	0.0239	1.0	0.1439	0.144
survey_speed	benefit	150	0.02	1.0	0.1639	0.166
survey_speed	benefit	250	0.046	1.0	0.2099	0.21
survey_speed	benefit	300	0.01	1.0	0.2199	0.232
survey_speed	benefit	350	0.01	1.0	0.2299	0.2587
survey_speed	benefit	400	0.03	1.0	0.2599	0.2853
survey_speed	benefit	500	0.0813	1.0	0.3412	0.3413
survey_speed	benefit	550	0.0293	1.0	0.3705	0.3707
survey_speed	benefit	650	0.0029	1.0	0.3734	0.4045
survey_speed	benefit	700	0.006	1.0	0.3794	0.409
survey_speed	benefit	750	0.007	1.0	0.3864	0.4135
survey_speed	benefit	800	0.0132	1.0	0.3996	0.418
survey_speed	benefit	850	0.0045	1.0	0.4041	0.4225
survey_speed	benefit	900	0.0171	1.0	0.4212	0.427
survey_speed	benefit	950	0.0124	0.831	0.4315	0.4315
survey_speed	benefit	1000	0.0465	0.097	0.436	0.436
survey_speed	benefit	1050	0.0043	1.0	0.4403	0.4405
survey_speed	benefit	1150	0.0071	1.0	0.4474	0.4495
survey_speed	benefit	1200	0.0095	0.695	0.454	0.454
survey_speed	benefit	1250	0.0052	0.865	0.4585	0.4585
survey_speed	benefit	1300	0.008	0.563	0.463	0.463
survey_speed	benefit	1350	0.0069	0.652	0.4675	0.4675
survey_speed	benefit	1400	0.01	0.45	0.472	0.472
survey_speed	benefit	1450	0.0104	0.433	0.4765	0.4765
survey_speed	benefit	1500	0.017	0.265	0.481	0.481
survey_speed	benefit	1550	0.0052	0.865	0.4855	0.4855
survey_speed	benefit	1600	0.0069	0.652	0.49	0.49
survey_speed	benefit	1650	0.0102	0.441	0.4945	0.4945
survey_speed	benefit	1750	0.0127	0.709	0.5035	0.5035
survey_speed	benefit	1800	0.0057	0.789	0.508	0.508
survey_speed	benefit	1850	0.0108	0.556	0.514	0.514
survey_speed	benefit	1900	0.0128	0.469	0.52	0.52
survey_speed	benefit	1950	0.0201	0.299	0.526	0.526
survey_speed	benefit	2000	0.0139	0.432	0.532	0.532
survey_speed	benefit	2050	0.0213	0.282	0.538	0.538
survey_speed	benefit	2100	0.0049	1.0	0.5429	0.544
survey_speed	benefit	2150	0.0109	0.651	0.55	0.55
survey_speed	benefit	2200	0.0169	0.355	0.556	0.556
survey_speed	benefit	2250	0.0028	1.0	0.5588	0.562
survey_speed	benefit	2300	0.01	0.92	0.568	0.568
survey_speed	benefit	2350	0.0151	0.397	0.574	0.574
survey_speed	benefit	2400	0.0136	0.441	0.58	0.58
survey_speed	benefit	2450	0.0164	1.0	0.5964	0.598
survey_speed	benefit	2500	0.0048	1.0	0.6012	0.616
survey_speed	benefit	2550	0.0012	1.0	0.6024	0.6362
survey_speed	benefit	2600	0.0006	1.0	0.603	0.6565
survey_speed	benefit	2700	0.0078	1.0	0.6108	0.7015
survey_speed	benefit	2850	0.0024	1.0	0.6132	0.778
survey_speed	benefit	2900	0.0036	1.0	0.6168	0.805
survey_speed	benefit	2950	0.0078	1.0	0.6246	0.8275
task_coordination	benefit	50	0.105	1.0	0.105	0.105
task_coordination	benefit	100	0.0208	1.0	0.1258	0.126
task_coordination	benefit	150	0.0191	1.0	0.1449	0.1452
task_coordination	benefit	200	0.0192	1.0	0.1641	0.1645
task_coordination	benefit	250	0.0194	1.0	0.1835	0.1837
task_coordination	benefit	300	0.0195	1.0	0.203	0.203
task_coordination	benefit	350	0.0234	1.0	0.2264	0.2263
task_coordination	benefit	400	0.0235	1.0	0.2499	0.2497
task_coordination	benefit	450	0.0234	1.0	0.2733	0.273
task_coordination	benefit	500	0.0256	1.0	0.2989	0.2987
task_coordination	benefit	550	0.0257	1.0	0.3246	0.3243
task_coordination	benefit	600	0.0185	1.0	0.3431	0.35
task_coordination	benefit	650	0.0205	0.483	0.353	0.353
task_coordination	benefit	700	0.0203	0.148	0.356	0.356
task_coordination	benefit	750	0.0212	0.142	0.359	0.359
task_coordination	benefit	800	0.0125	0.24	0.362	0.362
task_coordination	benefit	850	0.0265	0.113	0.365	0.365
task_coordination	benefit	900	0.0218	0.138	0.368	0.368
task_coordination	benefit	950	0.0032	0.938	0.371	0.371
task_coordination	benefit	1000	0.0113	0.265	0.374	0.374
task_coordination	benefit	1050	0.0148	0.203	0.377	0.377
task_coordination	benefit	1100	0.0053	0.566	0.38	0.38
task_coordination	benefit	1150	0.0102	0.294	0.383	0.383
task_coordination	benefit	1200	0.0066	0.455	0.386	0.386
task_coordination	benefit	1250	0.0054	0.556	0.389	0.389
task_coordination	benefit	1300	0.0136	0.221	0.392	0.392
task_coordination	benefit	1350	0.017	0.176	0.395	0.395
task_coordination	benefit	1400	0.0135	0.222	0.398	0.398
task_coordination	benefit	1450	0.0205	0.146	0.401	0.401
task_coordination	benefit	1500	0.01	0.3	0.404	0.404
task_coordination	benefit	1550	0.0036	0.833	0.407	0.407
task_coordination	benefit	1600	0.0198	0.152	0.41	0.41
task_coordination	benefit	1650	0.0114	0.263	0.413	0.413
task_coordination	benefit	1700	0.0186	0.161	0.416	0.416
task_coordination	cost	1700	0.0007	1.0	0.0007	0.201
task_coordination	benefit	1750	0.0228	0.132	0.419	0.419
task_coordination	benefit	1800	0.0248	0.121	0.422	0.422
task_coordination	benefit	1850	0.0039	1.0	0.4259	0.426
task_coordination	benefit	1900	0.0174	0.236	0.43	0.43
task_coordination	benefit	1950	0.0265	0.151	0.434	0.434
task_coordination	benefit	2000	0.0159	0.252	0.438	0.438
task_coordination	benefit	2050	0.0197	0.203	0.442	0.442
task_coordination	benefit	2100	0.0101	0.396	0.446	0.446
task_coordination	benefit	2150	0.0245	0.163	0.45	0.45
task_coordination	benefit	2200	0.0051	0.784	0.454	0.454
task_coordination	benefit	2250	0.0147	0.272	0.458	0.458
task_coordination	benefit	2300	0.0129	0.31	0.462	0.462
task_coordination	benefit	2350	0.0165	0.242	0.466	0.466
task_coordination	benefit	2400	0.025	0.16	0.47	0.47
task_coordination	benefit	2450	0.0285	0.421	0.482	0.482
task_coordination	benefit	2500	0.0167	0.719	0.494	0.494
task_coordination	benefit	2550	0.042	0.321	0.5075	0.5075
task_coordination	benefit	2600	0.0303	0.446	0.521	0.521
task_coordination	benefit	2650	0.0442	0.339	0.536	0.536
task_coordination	benefit	2700	0.0412	0.364	0.551	0.551
task_coordination	benefit	2750	0.0516	0.32	0.5675	0.5675
task_coordination	benefit	2800	0.0401	0.411	0.584	0.584
task_coordination	benefit	2850	0.0473	0.381	0.602	0.602
task_coordination	benefit	2900	0.0511	0.352	0.62	0.62
task_coordination	benefit	2950	0.0349	0.43	0.635	0.635
task_coordination	benefit	3000	0.0251	0.598	0.65	0.65
timber_pressure	benefit	50	0.015	1.0	0.015	0.125
timber_pressure	cost	50	0.085	1.0	0.085	0.2567
timber_pressure	cost	100	0.01	1.0	0.095	0.2733
timber_pressure	benefit	150	0.04	1.0	0.055	0.1525
timber_pressure	cost	150	0.01	1.0	0.105	0.29
timber_pressure	benefit	200	0.06	1.0	0.115	0.165
timber_pressure	cost	200	0.01	1.0	0.115	0.3067
timber_pressure	benefit	250	0.0612	1.0	0.1762	0.1763
timber_pressure	cost	250	0.01	1.0	0.125	0.3233
timber_pressure	benefit	300	0.0113	1.0	0.1875	0.1875
timber_pressure	cost	300	0.01	1.0	0.135	0.34
timber_pressure	cost	350	0.045	1.0	0.18	0.3567
timber_pressure	benefit	400	0.0216	1.0	0.2091	0.2092
timber_pressure	benefit	500	0.0208	1.0	0.2299	0.23
timber_pressure	benefit	550	0.01	1.0	0.2399	0.24
timber_pressure	cost	550	0.03	1.0	0.21	0.4233
timber_pressure	benefit	600	0.007	1.0	0.2469	0.25
timber_pressure	benefit	650	0.003	1.0	0.2499	0.2517
timber_pressure	cost	650	0.002	1.0	0.212	0.4447
timber_pressure	benefit	700	0.0128	0.268	0.2533	0.2533
timber_pressure	cost	700	0.0284	1.0	0.2404	0.4493
timber_pressure	cost	750	0.0218	1.0	0.2622	0.454
timber_pressure	benefit	800	0.008	0.417	0.2567	0.2567
timber_pressure	cost	800	0.0154	1.0	0.2776	0.4587
timber_pressure	benefit	850	0.0017	0.98	0.2583	0.2583
timber_pressure	cost	850	0.014	1.0	0.2916	0.4633
timber_pressure	benefit	900	0.0136	0.123	0.26	0.26
timber_pressure	cost	900	0.0057	1.0	0.2973	0.468
timber_pressure	benefit	950	0.0068	0.245	0.2617	0.2617
timber_pressure	cost	950	0.0073	1.0	0.3046	0.4727
timber_pressure	cost	1000	0.0164	1.0	0.321	0.4773
timber_pressure	benefit	1050	0.0051	0.654	0.265	0.265
timber_pressure	cost	1050	0.0201	1.0	0.3411	0.482
timber_pressure	benefit	1100	0.0119	0.14	0.2667	0.2667
timber_pressure	cost	1100	0.0093	1.0	0.3504	0.4867
timber_pressure	benefit	1150	0.0149	0.112	0.2683	0.2683
timber_pressure	cost	1150	0.006	1.0	0.3564	0.4913
timber_pressure	benefit	1200	0.0153	0.109	0.27	0.27
timber_pressure	cost	1200	0.0024	1.0	0.3588	0.496
timber_pressure	cost	1250	0.001	1.0	0.3598	0.5
timber_pressure	benefit	1300	0.0071	0.469	0.2733	0.2733
timber_pressure	cost	1300	0.0016	1.0	0.3614	0.504
timber_pressure	benefit	1350	0.0095	0.175	0.275	0.275
timber_pressure	cost	1350	0.01	1.0	0.3714	0.508
timber_pressure	benefit	1400	0.0054	0.309	0.2767	0.2767
timber_pressure	cost	1400	0.013	1.0	0.3844	0.512
timber_pressure	cost	1450	0.0085	1.0	0.3929	0.516
timber_pressure	benefit	1500	0.0108	0.309	0.28	0.28
timber_pressure	cost	1500	0.01	1.0	0.4029	0.52
timber_pressure	benefit	1550	0.0121	0.138	0.2817	0.2817
timber_pressure	cost	1550	0.0164	1.0	0.4193	0.524
timber_pressure	benefit	1600	0.0209	0.08	0.2833	0.2833
timber_pressure	cost	1600	0.009	1.0	0.4283	0.528
timber_pressure	benefit	1650	0.0091	0.183	0.285	0.285
timber_pressure	cost	1650	0.0142	1.0	0.4425	0.532
timber_pressure	benefit	1700	0.0269	0.062	0.2867	0.2867
timber_pressure	cost	1700	0.023	1.0	0.4655	0.536
timber_pressure	benefit	1750	0.0054	0.309	0.2883	0.2883
timber_pressure	cost	1750	0.0164	1.0	0.4819	0.54
timber_pressure	benefit	1800	0.0122	0.137	0.29	0.29
timber_pressure	cost	1800	0.0177	1.0	0.4996	0.544
timber_pressure	benefit	1850	0.02	0.108	0.2922	0.2922
timber_pressure	cost	1850	0.008	1.0	0.5076	0.548
timber_pressure	benefit	1900	0.018	0.12	0.2943	0.2943
timber_pressure	cost	1900	0.02	1.0	0.5276	0.552
timber_pressure	cost	1950	0.01	1.0	0.5376	0.556
timber_pressure	benefit	2000	0.007	0.619	0.2987	0.2987
timber_pressure	cost	2000	0.023	0.974	0.56	0.56
timber_pressure	benefit	2050	0.004	0.542	0.3008	0.3008
timber_pressure	cost	2050	0.002	1.0	0.562	0.564
timber_pressure	cost	2100	0.004	1.0	0.566	0.568
timber_pressure	benefit	2150	0.03	0.144	0.3052	0.3052
timber_pressure	benefit	2200	0.004	0.542	0.3073	0.3073
timber_pressure	cost	2200	0.001	1.0	0.567	0.576
timber_pressure	benefit	2250	0.036	0.06	0.3095	0.3095
timber_pressure	cost	2250	0.001	1.0	0.568	0.58
timber_pressure	benefit	2300	0.005	0.433	0.3117	0.3117
timber_pressure	benefit	2350	0.016	0.135	0.3138	0.3138
timber_pressure	cost	2350	0.001	1.0	0.569	0.588
timber_pressure	benefit	2400	0.016	0.135	0.316	0.316
timber_pressure	benefit	2450	0.0212	0.33	0.323	0.323
timber_pressure	benefit	2500	0.008	0.875	0.33	0.33
timber_pressure	cost	2500	0.013	1.0	0.582	0.604
timber_pressure	benefit	2550	0.004	1.0	0.334	0.338
timber_pressure	cost	2550	0.004	1.0	0.586	0.61
timber_pressure	benefit	2600	0.0208	0.577	0.346	0.346
timber_pressure	cost	2600	0.006	1.0	0.592	0.616
timber_pressure	benefit	2650	0.008	1.0	0.354	0.356
timber_pressure	benefit	2700	0.0304	0.395	0.366	0.366
timber_pressure	benefit	2750	0.0042	1.0	0.3702	0.378
timber_pressure	benefit	2800	0.001	1.0	0.3712	0.39
timber_pressure	benefit	2850	0.001	1.0	0.3722	0.405
timber_pressure	benefit	2950	0.0032	1.0	0.3754	0.435
timber_pressure	benefit	3000	0.0064	1.0	0.3818	0.45
timber_pressure	cost	3000	0.004	1.0	0.596	0.68
timber_yield	benefit	50	0.13	1.0	0.13	0.225
timber_yield	benefit	200	0.03	1.0	0.16	0.297
timber_yield	benefit	250	0.035	1.0	0.195	0.3173
timber_yield	benefit	300	0.01	1.0	0.205	0.3375
timber_yield	benefit	350	0.03	1.0	0.235	0.357
timber_yield	benefit	400	0.03	1.0	0.265	0.3765
timber_yield	benefit	600	0.04	1.0	0.305	0.45
timber_yield	benefit	650	0.026	1.0	0.331	0.4537
timber_yield	benefit	700	0.008	1.0	0.339	0.4575
timber_yield	benefit	900	0.0051	1.0	0.3441	0.4725
timber_yield	cost	900	0.0068	1.0	0.0068	0.234
timber_yield	benefit	1050	0.0017	1.0	0.3458	0.4838
timber_yield	benefit	1100	0.0085	1.0	0.3543	0.4875
timber_yield	benefit	1200	0.0043	1.0	0.3586	0.495
timber_yield	benefit	1300	0.007	1.0	0.3656	0.5025
timber_yield	benefit	1350	0.001	1.0	0.3666	0.5062
timber_yield	benefit	1400	0.003	1.0	0.3696	0.51
timber_yield	benefit	1550	0.001	1.0	0.3706	0.5212
timber_yield	benefit	1600	0.002	1.0	0.3726	0.525
timber_yield	benefit	1650	0.002	1.0	0.3746	0.5288
timber_yield	cost	1650	0.001	1.0	0.0078	0.266
timber_yield	benefit	1700	0.014	1.0	0.3886	0.5325
timber_yield	benefit	1800	0.005	1.0	0.3936	0.54
timber_yield	cost	1800	0.002	1.0	0.0098	0.272
timber_yield	benefit	1850	0.014	1.0	0.4076	0.5449
timber_yield	benefit	1900	0.006	1.0	0.4136	0.5497
timber_yield	benefit	2000	0.008	1.0	0.4216	0.5595
timber_yield	benefit	2100	0.002	1.0	0.4236	0.5693
timber_yield	benefit	2150	0.014	1.0	0.4376	0.5741
timber_yield	benefit	2250	0.012	1.0	0.4496	0.5839
timber_yield	benefit	2300	0.006	1.0	0.4556	0.5887
timber_yield	benefit	2350	0.003	1.0	0.4586	0.5936
timber_yield	benefit	2450	0.006	1.0	0.4646	0.6142
timber_yield	cost	2650	0.002	1.0	0.0118	0.311
timber_yield	benefit	2700	0.006	1.0	0.4706	0.711
timber_yield	benefit	2800	0.003	1.0	0.4736	0.765
timber_yield	cost	2900	0.003	1.0	0.0148	0.33
timber_yield	cost	3000	0.003	1.0	0.0178	0.34
tool_quality	benefit	50	0.12	1.0	0.12	0.12
tool_quality	benefit	100	0.0241	1.0	0.1441	0.144
tool_quality	benefit	150	0.022	1.0	0.1661	0.166
tool_quality	benefit	200	0.022	1.0	0.1881	0.188
tool_quality	benefit	250	0.004	1.0	0.1921	0.21
tool_quality	benefit	300	0.026	1.0	0.2181	0.232
tool_quality	benefit	350	0.03	1.0	0.2481	0.2587
tool_quality	benefit	400	0.0373	1.0	0.2854	0.2853
tool_quality	benefit	450	0.008	1.0	0.2934	0.312
tool_quality	benefit	500	0.015	1.0	0.3084	0.3413
tool_quality	benefit	650	0.0034	1.0	0.3118	0.405
tool_quality	benefit	700	0.0408	1.0	0.3526	0.41
tool_quality	benefit	750	0.0497	1.0	0.4023	0.415
tool_quality	benefit	900	0.0221	1.0	0.4244	0.43
tool_quality	benefit	950	0.004	1.0	0.4284	0.435
tool_quality	benefit	1100	0.0131	1.0	0.4415	0.45
tool_quality	benefit	1150	0.0034	1.0	0.4449	0.455
tool_quality	benefit	1250	0.0013	1.0	0.4462	0.465
tool_quality	benefit	1300	0.0052	1.0	0.4514	0.47
tool_quality	benefit	1350	0.01	1.0	0.4614	0.475
tool_quality	benefit	1450	0.0052	1.0	0.4666	0.485
tool_quality	benefit	1500	0.0026	1.0	0.4692	0.49
tool_quality	benefit	1550	0.0082	1.0	0.4774	0.495
tool_quality	benefit	1600	0.0026	1.0	0.48	0.5
tool_quality	benefit	1650	0.0059	1.0	0.4859	0.505
tool_quality	benefit	1700	0.0167	1.0	0.5026	0.51
tool_quality	benefit	1750	0.001	1.0	0.5036	0.515
tool_quality	benefit	1800	0.0182	0.901	0.52	0.52
tool_quality	benefit	1900	0.0216	0.617	0.5333	0.5333
tool_quality	benefit	1950	0.002	1.0	0.5353	0.54
tool_quality	benefit	2000	0.011	1.0	0.5463	0.5467
tool_quality	benefit	2050	0.0188	0.372	0.5533	0.5533
tool_quality	benefit	2100	0.0028	1.0	0.5561	0.56
tool_quality	benefit	2150	0.0106	0.994	0.5667	0.5667
tool_quality	benefit	2200	0.003	1.0	0.5697	0.5733
tool_quality	benefit	2250	0.002	1.0	0.5717	0.58
tool_quality	benefit	2300	0.0236	0.636	0.5867	0.5867
tool_quality	benefit	2350	0.004	1.0	0.5907	0.5933
tool_quality	benefit	2400	0.021	0.444	0.6	0.6
tool_quality	benefit	2450	0.0072	1.0	0.6072	0.62
tool_quality	benefit	2500	0.0189	1.0	0.6261	0.64
tool_quality	benefit	2550	0.0273	1.0	0.6534	0.6625
tool_quality	benefit	2600	0.0637	0.496	0.685	0.685
tool_quality	benefit	2650	0.014	1.0	0.699	0.71
tool_quality	benefit	2700	0.0423	0.851	0.735	0.735
tool_quality	benefit	2750	0.0234	1.0	0.7584	0.7625
tool_quality	benefit	2800	0.0195	1.0	0.7779	0.79
tool_quality	benefit	2850	0.0182	1.0	0.7961	0.82
tool_quality	benefit	2900	0.0039	1.0	0.8	0.85
tool_quality	benefit	2950	0.0039	1.0	0.8039	0.875
trade_capacity	benefit	50	0.135	1.0	0.135	0.135
trade_capacity	benefit	100	0.0268	1.0	0.1618	0.162
trade_capacity	benefit	150	0.0248	1.0	0.1866	0.1867
trade_capacity	benefit	200	0.0249	1.0	0.2115	0.2115
trade_capacity	benefit	250	0.0248	1.0	0.2363	0.2362
trade_capacity	benefit	300	0.0249	1.0	0.2612	0.261
trade_capacity	cost	300	0.004	1.0	0.004	0.17
trade_capacity	benefit	350	0.0301	1.0	0.2913	0.291
trade_capacity	benefit	400	0.03	1.0	0.3213	0.321
trade_capacity	cost	400	0.01	1.0	0.014	0.1867
trade_capacity	benefit	450	0.0297	1.0	0.351	0.351
trade_capacity	cost	450	0.02	1.0	0.034	0.195
trade_capacity	benefit	500	0.0332	1.0	0.3842	0.384
trade_capacity	benefit	550	0.0329	1.0	0.4171	0.417
trade_capacity	benefit	600	0.0316	1.0	0.4487	0.45
trade_capacity	benefit	650	0.0321	0.212	0.4555	0.4555
trade_capacity	cost	650	0.0008	1.0	0.0348	0.2223
trade_capacity	benefit	700	0.034	0.162	0.461	0.461
trade_capacity	cost	700	0.0008	1.0	0.0356	0.2247
trade_capacity	benefit	750	0.0488	0.113	0.4665	0.4665
trade_capacity	cost	750	0.003	1.0	0.0386	0.227
trade_capacity	benefit	800	0.0426	0.129	0.472	0.472
trade_capacity	cost	800	0.0018	1.0	0.0404	0.2293
trade_capacity	benefit	850	0.0395	0.139	0.4775	0.4775
trade_capacity	benefit	900	0.0402	0.137	0.483	0.483
trade_capacity	benefit	950	0.0526	0.105	0.4885	0.4885
trade_capacity	cost	950	0.0026	1.0	0.043	0.2363
trade_capacity	benefit	1000	0.0317	0.174	0.494	0.494
trade_capacity	cost	1000	0.0047	1.0	0.0477	0.2387
trade_capacity	benefit	1050	0.0407	0.135	0.4995	0.4995
trade_capacity	benefit	1100	0.0235	0.234	0.505	0.505
trade_capacity	benefit	1150	0.0203	0.271	0.5105	0.5105
trade_capacity	cost	1150	0.007	1.0	0.0547	0.2457
trade_capacity	benefit	1200	0.0236	0.233	0.516	0.516
trade_capacity	cost	1200	0.003	1.0	0.0577	0.248
trade_capacity	benefit	1250	0.0097	0.567	0.5215	0.5215
trade_capacity	cost	1250	0.005	1.0	0.0627	0.25
trade_capacity	benefit	1300	0.0237	0.232	0.527	0.527
trade_capacity	cost	1300	0.001	1.0	0.0637	0.252
trade_capacity	benefit	1350	0.019	0.289	0.5325	0.5325
trade_capacity	cost	1350	0.002	1.0	0.0657	0.254
trade_capacity	benefit	1400	0.012	0.458	0.538	0.538
trade_capacity	cost	1400	0.001	1.0	0.0667	0.256
trade_capacity	benefit	1450	0.0327	0.168	0.5435	0.5435
trade_capacity	cost	1450	0.004	1.0	0.0707	0.258
trade_capacity	benefit	1500	0.0321	0.171	0.549	0.549
trade_capacity	benefit	1550	0.0316	0.174	0.5545	0.5545
trade_capacity	cost	1550	0.0011	1.0	0.0718	0.262
trade_capacity	benefit	1600	0.0426	0.129	0.56	0.56
trade_capacity	cost	1600	0.0015	1.0	0.0733	0.264
trade_capacity	benefit	1650	0.0355	0.155	0.5655	0.5655
trade_capacity	cost	1650	0.0011	1.0	0.0744	0.266
trade_capacity	benefit	1700	0.0501	0.11	0.571	0.571
trade_capacity	cost	1700	0.004	1.0	0.0784	0.268
trade_capacity	benefit	1750	0.0687	0.08	0.5765	0.5765
trade_capacity	cost	1750	0.006	1.0	0.0844	0.27
trade_capacity	benefit	1800	0.0467	0.118	0.582	0.582
trade_capacity	cost	1800	0.0201	1.0	0.1045	0.272
trade_capacity	benefit	1850	0.0183	0.401	0.5893	0.5893
trade_capacity	cost	1850	0.013	1.0	0.1175	0.274
trade_capacity	benefit	1900	0.0696	0.105	0.5967	0.5967
trade_capacity	cost	1900	0.0045	1.0	0.122	0.276
trade_capacity	benefit	1950	0.0689	0.106	0.604	0.604
trade_capacity	cost	1950	0.001	1.0	0.123	0.278
trade_capacity	benefit	2000	0.0629	0.117	0.6113	0.6113
trade_capacity	cost	2000	0.002	1.0	0.125	0.28
trade_capacity	benefit	2050	0.0582	0.126	0.6187	0.6187
trade_capacity	cost	2050	0.005	1.0	0.13	0.282
trade_capacity	benefit	2100	0.0392	0.187	0.626	0.626
trade_capacity	cost	2100	0.003	1.0	0.133	0.284
trade_capacity	benefit	2150	0.0225	0.326	0.6333	0.6333
trade_capacity	benefit	2200	0.0531	0.138	0.6407	0.6407
trade_capacity	cost	2200	0.004	1.0	0.137	0.288
trade_capacity	benefit	2250	0.0329	0.223	0.648	0.648
trade_capacity	cost	2250	0.008	1.0	0.145	0.29
trade_capacity	benefit	2300	0.0093	0.789	0.6553	0.6553
trade_capacity	cost	2300	0.003	1.0	0.148	0.292
trade_capacity	benefit	2350	0.0367	0.2	0.6627	0.6627
trade_capacity	cost	2350	0.004	1.0	0.152	0.294
trade_capacity	benefit	2400	0.035	0.21	0.67	0.67
trade_capacity	cost	2400	0.0035	1.0	0.1555	0.296
trade_capacity	benefit	2450	0.0274	0.803	0.692	0.692
trade_capacity	cost	2450	0.004	1.0	0.1595	0.299
trade_capacity	benefit	2500	0.0464	0.474	0.714	0.714
trade_capacity	cost	2500	0.004	1.0	0.1635	0.302
trade_capacity	benefit	2550	0.0829	0.299	0.7388	0.7388
trade_capacity	benefit	2600	0.0702	0.353	0.7635	0.7635
trade_capacity	cost	2600	0.002	1.0	0.1655	0.308
trade_capacity	benefit	2650	0.0537	0.512	0.791	0.791
trade_capacity	cost	2650	0.0021	1.0	0.1676	0.311
trade_capacity	benefit	2700	0.0146	1.0	0.8056	0.8185
trade_capacity	cost	2700	0.008	1.0	0.1756	0.314
trade_capacity	benefit	2750	0.0378	1.0	0.8434	0.8488
trade_capacity	cost	2750	0.0098	1.0	0.1854	0.317
trade_capacity	benefit	2800	0.026	1.0	0.8694	0.879
trade_capacity	cost	2800	0.0043	1.0	0.1897	0.32
trade_capacity	benefit	2850	0.0611	0.697	0.912	0.912
trade_capacity	cost	2850	0.0038	1.0	0.1935	0.325
trade_capacity	benefit	2900	0.0545	0.606	0.945	0.945
trade_capacity	cost	2900	0.0016	1.0	0.1951	0.33
trade_capacity	benefit	2950	0.0601	0.458	0.9725	0.9725
trade_capacity	cost	2950	0.0036	1.0	0.1987	0.335
trade_capacity	benefit	3000	0.0102	1.0	0.9827	1.0
trade_capacity	cost	3000	0.0144	1.0	0.2131	0.34
travel_speed	benefit	50	0.09	1.0	0.09	0.09
travel_speed	benefit	100	0.018	1.0	0.108	0.108
travel_speed	benefit	500	0.1	1.0	0.208	0.256
travel_speed	benefit	550	0.06	1.0	0.268	0.278
travel_speed	benefit	650	0.032	1.0	0.3	0.3035
travel_speed	benefit	750	0.0157	0.669	0.3105	0.3105
travel_speed	benefit	800	0.0051	0.686	0.314	0.314
travel_speed	benefit	850	0.02	0.175	0.3175	0.3175
travel_speed	benefit	950	0.004	1.0	0.3215	0.3245
travel_speed	benefit	1000	0.0034	1.0	0.3249	0.328
travel_speed	benefit	1050	0.0168	0.393	0.3315	0.3315
travel_speed	benefit	1100	0.0156	0.224	0.335	0.335
travel_speed	benefit	1150	0.002	1.0	0.337	0.3385
travel_speed	benefit	1250	0.0085	1.0	0.3455	0.3455
travel_speed	benefit	1300	0.002	1.0	0.3475	0.349
travel_speed	cost	1300	0.0016	1.0	0.0016	0.252
travel_speed	benefit	1350	0.0132	0.379	0.3525	0.3525
travel_speed	benefit	1400	0.0042	0.833	0.356	0.356
travel_speed	benefit	1450	0.0048	0.729	0.3595	0.3595
travel_speed	benefit	1500	0.016	0.219	0.363	0.363
travel_speed	benefit	1650	0.0048	1.0	0.3678	0.3735
travel_speed	benefit	1700	0.012	0.767	0.377	0.377
travel_speed	benefit	1750	0.021	0.167	0.3805	0.3805
travel_speed	benefit	1800	0.0048	0.729	0.384	0.384
travel_speed	cost	1800	0.004	1.0	0.0056	0.272
travel_speed	benefit	1850	0.0034	1.0	0.3874	0.3887
travel_speed	cost	1850	0.004	1.0	0.0096	0.274
travel_speed	benefit	1900	0.0184	0.322	0.3933	0.3933
travel_speed	benefit	1950	0.0138	0.338	0.398	0.398
travel_speed	benefit	2050	0.0046	1.0	0.4026	0.4073
travel_speed	benefit	2100	0.0057	1.0	0.4083	0.412
travel_speed	benefit	2150	0.023	0.364	0.4167	0.4167
travel_speed	benefit	2200	0.008	0.583	0.4213	0.4213
travel_speed	benefit	2250	0.001	1.0	0.4223	0.426
travel_speed	cost	2250	0.003	1.0	0.0126	0.29
travel_speed	benefit	2300	0.0169	0.493	0.4307	0.4307
travel_speed	benefit	2400	0.0207	0.451	0.44	0.44
travel_speed	benefit	2450	0.0143	0.979	0.454	0.454
travel_speed	benefit	2500	0.0203	0.69	0.468	0.468
travel_speed	benefit	2550	0.0121	1.0	0.4801	0.4838
travel_speed	benefit	2600	0.0112	1.0	0.4913	0.4995
travel_speed	benefit	2650	0.0143	1.0	0.5056	0.517
travel_speed	benefit	2700	0.0181	1.0	0.5237	0.5345
travel_speed	benefit	2750	0.0202	1.0	0.5439	0.5537
travel_speed	cost	2750	0.002	1.0	0.0146	0.317
travel_speed	benefit	2800	0.012	1.0	0.5559	0.573
travel_speed	benefit	2850	0.0233	1.0	0.5792	0.594
travel_speed	benefit	2900	0.0082	1.0	0.5874	0.615
travel_speed	benefit	2950	0.0083	1.0	0.5957	0.6325
travel_speed	cost	2950	0.001	1.0	0.0156	0.335
travel_speed	benefit	3000	0.0068	1.0	0.6025	0.65
warfare_readiness	benefit	50	0.135	1.0	0.135	0.135
warfare_readiness	benefit	100	0.009	1.0	0.144	0.162
warfare_readiness	benefit	150	0.0428	1.0	0.1868	0.1867
warfare_readiness	benefit	200	0.0248	1.0	0.2116	0.2115
warfare_readiness	benefit	250	0.0202	1.0	0.2318	0.2362
warfare_readiness	benefit	300	0.0293	1.0	0.2611	0.261
warfare_readiness	benefit	350	0.0301	1.0	0.2912	0.291
warfare_readiness	benefit	400	0.03	1.0	0.3212	0.321
warfare_readiness	benefit	450	0.0301	1.0	0.3513	0.351
warfare_readiness	benefit	500	0.0328	1.0	0.3841	0.384
warfare_readiness	benefit	550	0.0329	1.0	0.417	0.417
warfare_readiness	benefit	600	0.0208	1.0	0.4378	0.45
warfare_readiness	benefit	650	0.0173	1.0	0.4551	0.4555
warfare_readiness	benefit	700	0.0275	0.215	0.461	0.461
warfare_readiness	benefit	750	0.0607	0.091	0.4665	0.4665
warfare_readiness	benefit	800	0.0325	0.169	0.472	0.472
warfare_readiness	benefit	850	0.0256	0.215	0.4775	0.4775
warfare_readiness	benefit	900	0.0497	0.111	0.483	0.483
warfare_readiness	cost	900	0.002	1.0	0.002	0.234
warfare_readiness	benefit	950	0.008	0.688	0.4885	0.4885
warfare_readiness	benefit	1000	0.038	0.145	0.494	0.494
warfare_readiness	benefit	1050	0.0407	0.135	0.4995	0.4995
warfare_readiness	benefit	1100	0.0072	0.764	0.505	0.505
warfare_readiness	benefit	1150	0.0099	0.556	0.5105	0.5105
warfare_readiness	benefit	1200	0.0178	0.309	0.516	0.516
warfare_readiness	cost	1200	0.0017	1.0	0.0037	0.248
warfare_readiness	benefit	1250	0.0145	0.379	0.5215	0.5215
warfare_readiness	benefit	1300	0.0196	0.281	0.527	0.527
warfare_readiness	benefit	1350	0.0337	0.163	0.5325	0.5325
warfare_readiness	benefit	1400	0.0266	0.207	0.538	0.538
warfare_readiness	benefit	1450	0.0213	0.258	0.5435	0.5435
warfare_readiness	benefit	1500	0.011	0.5	0.549	0.549
warfare_readiness	benefit	1550	0.0145	0.379	0.5545	0.5545
warfare_readiness	cost	1550	0.0014	1.0	0.0051	0.262
warfare_readiness	benefit	1600	0.0186	0.296	0.56	0.56
warfare_readiness	benefit	1650	0.0314	0.175	0.5655	0.5655
warfare_readiness	benefit	1700	0.0391	0.141	0.571	0.571
warfare_readiness	benefit	1750	0.0317	0.174	0.5765	0.5765
warfare_readiness	benefit	1800	0.0363	0.152	0.582	0.582
warfare_readiness	benefit	1850	0.0386	0.19	0.5893	0.5893
warfare_readiness	benefit	1900	0.0413	0.178	0.5967	0.5967
warfare_readiness	cost	1900	0.0006	1.0	0.0057	0.276
warfare_readiness	benefit	1950	0.0554	0.132	0.604	0.604
warfare_readiness	cost	1950	0.0006	1.0	0.0063	0.278
warfare_readiness	benefit	2000	0.0457	0.16	0.6113	0.6113
warfare_readiness	benefit	2050	0.0367	0.2	0.6187	0.6187
warfare_readiness	benefit	2100	0.029	0.253	0.626	0.626
warfare_readiness	cost	2100	0.0019	1.0	0.0082	0.284
warfare_readiness	benefit	2150	0.0434	0.169	0.6333	0.6333
warfare_readiness	benefit	2200	0.0271	0.271	0.6407	0.6407
warfare_readiness	benefit	2250	0.0272	0.27	0.648	0.648
warfare_readiness	benefit	2300	0.0215	0.341	0.6553	0.6553
warfare_readiness	benefit	2350	0.0332	0.221	0.6627	0.6627
warfare_readiness	benefit	2400	0.0565	0.13	0.67	0.67
warfare_readiness	benefit	2450	0.0376	0.585	0.692	0.692
warfare_readiness	benefit	2500	0.0186	1.0	0.7106	0.714
warfare_readiness	benefit	2550	0.0298	0.945	0.7388	0.7388
warfare_readiness	cost	2550	0.0006	1.0	0.0088	0.305
warfare_readiness	benefit	2600	0.0686	0.361	0.7635	0.7635
warfare_readiness	benefit	2650	0.02	1.0	0.7835	0.791
warfare_readiness	benefit	2700	0.0482	0.726	0.8185	0.8185
warfare_readiness	cost	2700	0.0006	1.0	0.0094	0.314
warfare_readiness	benefit	2750	0.0728	0.416	0.8488	0.8488
warfare_readiness	benefit	2800	0.0593	0.51	0.879	0.879
warfare_readiness	benefit	2850	0.0218	1.0	0.9008	0.912
warfare_readiness	benefit	2900	0.0195	1.0	0.9203	0.945
warfare_readiness	benefit	2950	0.015	1.0	0.9353	0.9725
warfare_readiness	cost	2950	0.0015	1.0	0.0109	0.335
warfare_readiness	benefit	3000	0.012	1.0	0.9473	1.0
water_access	benefit	50	0.049	1.0	0.049	0.12
water_access	benefit	100	0.03	1.0	0.079	0.144
water_access	benefit	150	0.042	1.0	0.121	0.166
water_access	benefit	250	0.069	1.0	0.19	0.21
water_access	benefit	300	0.042	1.0	0.232	0.232
water_access	benefit	400	0.0534	1.0	0.2854	0.2853
water_access	benefit	450	0.0267	1.0	0.3121	0.312
water_access	benefit	500	0.0294	1.0	0.3415	0.3413
water_access	benefit	550	0.0294	1.0	0.3709	0.3707
water_access	benefit	600	0.007	1.0	0.3779	0.4
water_access	benefit	650	0.0064	1.0	0.3843	0.404
water_access	benefit	700	0.0113	1.0	0.3956	0.408
water_access	benefit	750	0.0316	0.519	0.412	0.412
water_access	benefit	800	0.0406	0.099	0.416	0.416
water_access	benefit	850	0.008	0.5	0.42	0.42
water_access	benefit	900	0.008	0.5	0.424	0.424
water_access	benefit	950	0.022	0.182	0.428	0.428
water_access	benefit	1000	0.0376	0.106	0.432	0.432
water_access	benefit	1050	0.0144	0.278	0.436	0.436
water_access	benefit	1100	0.0103	0.388	0.44	0.44
water_access	benefit	1150	0.008	0.5	0.444	0.444
water_access	cost	1150	0.0024	1.0	0.0024	0.215
water_access	benefit	1200	0.0026	1.0	0.4466	0.448
water_access	benefit	1250	0.028	0.193	0.452	0.452
water_access	benefit	1300	0.005	0.8	0.456	0.456
water_access	cost	1300	0.001	1.0	0.0034	0.2205
water_access	benefit	1350	0.007	0.571	0.46	0.46
water_access	benefit	1400	0.01	0.4	0.464	0.464
water_access	benefit	1450	0.001	1.0	0.465	0.468
water_access	benefit	1500	0.018	0.389	0.472	0.472
water_access	benefit	1550	0.004	1.0	0.476	0.476
water_access	benefit	1600	0.004	1.0	0.48	0.48
water_access	benefit	1650	0.008	0.5	0.484	0.484
water_access	benefit	1700	0.011	0.364	0.488	0.488
water_access	benefit	1750	0.002	1.0	0.49	0.492
water_access	benefit	1850	0.002	1.0	0.492	0.5013
water_access	benefit	1950	0.006	1.0	0.498	0.512
water_access	benefit	2000	0.015	1.0	0.513	0.5173
water_access	benefit	2050	0.008	1.0	0.521	0.5227
water_access	benefit	2100	0.009	0.778	0.528	0.528
water_access	benefit	2150	0.01	0.533	0.5333	0.5333
water_access	benefit	2200	0.008	0.667	0.5387	0.5387
water_access	benefit	2300	0.0093	1.0	0.548	0.5493
water_access	benefit	2350	0.006	1.0	0.554	0.5547
water_access	benefit	2400	0.003	1.0	0.557	0.56
water_access	benefit	2450	0.008	1.0	0.565	0.576
water_access	benefit	2550	0.004	1.0	0.569	0.61
water_access	benefit	2600	0.008	1.0	0.577	0.628
water_access	benefit	2650	0.0032	1.0	0.5802	0.648
water_access	benefit	2700	0.008	1.0	0.5882	0.668
water_access	cost	2700	0.0022	1.0	0.0056	0.2747
water_access	benefit	2750	0.0232	1.0	0.6114	0.69
water_access	benefit	2800	0.02	1.0	0.6314	0.712
water_access	benefit	2850	0.018	1.0	0.6494	0.736
water_access	benefit	2900	0.002	1.0	0.6514	0.76
water_access	benefit	2950	0.0066	1.0	0.658	0.78
water_access	benefit	3000	0.0064	1.0	0.6644	0.8
water_access	cost	3000	0.001	1.0	0.0066	0.2975
water_pollution	cost	50	0.004	1.0	0.004	0.2246
water_pollution	benefit	150	0.01	1.0	0.01	0.0488
water_pollution	cost	150	0.005	1.0	0.009	0.2537
water_pollution	benefit	200	0.01	1.0	0.02	0.0528
water_pollution	benefit	400	0.015	1.0	0.035	0.0669
water_pollution	benefit	550	0.03	1.0	0.065	0.0768
water_pollution	cost	650	0.004	1.0	0.013	0.3891
water_pollution	benefit	750	0.0051	1.0	0.0701	0.0818
water_pollution	benefit	800	0.0051	1.0	0.0752	0.0823
water_pollution	cost	800	0.009	1.0	0.022	0.4013
water_pollution	benefit	900	0.0043	1.0	0.0795	0.0835
water_pollution	cost	900	0.0026	1.0	0.0246	0.4095
water_pollution	cost	950	0.0028	1.0	0.0274	0.4136
water_pollution	cost	1000	0.007	1.0	0.0344	0.4177
water_pollution	benefit	1100	0.0068	0.931	0.0858	0.0858
water_pollution	cost	1350	0.002	1.0	0.0364	0.4445
water_pollution	cost	1400	0.001	1.0	0.0374	0.448
water_pollution	cost	1500	0.001	1.0	0.0384	0.455
water_pollution	benefit	1550	0.0048	1.0	0.0906	0.0911
water_pollution	cost	1600	0.011	1.0	0.0494	0.462
water_pollution	cost	1650	0.006	1.0	0.0554	0.4655
water_pollution	benefit	1700	0.0108	0.204	0.0928	0.0928
water_pollution	cost	1700	0.003	1.0	0.0584	0.469
water_pollution	benefit	1800	0.0096	0.122	0.094	0.094
water_pollution	cost	1800	0.001	1.0	0.0594	0.476
water_pollution	cost	1850	0.002	1.0	0.0614	0.4795
water_pollution	cost	1950	0.005	1.0	0.0664	0.4865
water_pollution	cost	2000	0.012	1.0	0.0784	0.49
water_pollution	benefit	2050	0.0096	0.395	0.0978	0.0978
water_pollution	cost	2050	0.002	1.0	0.0804	0.4935
water_pollution	cost	2150	0.002	1.0	0.0824	0.5005
water_pollution	cost	2200	0.001	1.0	0.0834	0.504
water_pollution	cost	2250	0.003	1.0	0.0864	0.5075
water_pollution	benefit	2300	0.008	0.474	0.1016	0.1016
water_pollution	cost	2300	0.002	1.0	0.0884	0.511
water_pollution	cost	2350	0.004	1.0	0.0924	0.5145
water_pollution	cost	2400	0.008	1.0	0.1004	0.518
water_pollution	cost	2450	0.003	1.0	0.1034	0.5232
water_pollution	cost	2500	0.0085	1.0	0.1119	0.5285
water_pollution	cost	2550	0.01	1.0	0.1219	0.5337
water_pollution	cost	2600	0.016	1.0	0.1379	0.539
water_pollution	benefit	2650	0.008	1.0	0.1096	0.1171
water_pollution	cost	2650	0.0045	1.0	0.1424	0.5443
water_pollution	cost	2700	0.01	1.0	0.1524	0.5495
water_pollution	benefit	2750	0.0124	1.0	0.122	0.1248
water_pollution	cost	2750	0.007	1.0	0.1594	0.5547
water_pollution	benefit	2800	0.001	1.0	0.123	0.129
water_pollution	cost	2800	0.0095	1.0	0.1689	0.56
water_pollution	benefit	2850	0.0154	0.732	0.1342	0.1342
water_pollution	cost	2850	0.0225	1.0	0.1914	0.5687
water_pollution	benefit	2900	0.031	0.169	0.1395	0.1395
water_pollution	cost	2900	0.007	1.0	0.1984	0.5775
water_pollution	benefit	2950	0.0036	1.0	0.1431	0.1447
water_pollution	cost	2950	0.016	1.0	0.2144	0.5862
water_pollution	benefit	3000	0.0084	0.821	0.15	0.15
water_pollution	cost	3000	0.001	1.0	0.2154	0.595
water_safety	benefit	50	0.14	1.0	0.14	0.14
water_safety	benefit	100	0.0168	1.0	0.1568	0.1568
water_safety	benefit	150	0.014	1.0	0.1708	0.1708
water_safety	benefit	200	0.014	1.0	0.1848	0.1848
water_safety	benefit	250	0.0126	1.0	0.1974	0.1974
water_safety	benefit	300	0.0126	1.0	0.21	0.21
water_safety	benefit	350	0.0121	1.0	0.2221	0.2221
water_safety	benefit	400	0.0121	1.0	0.2342	0.2343
water_safety	benefit	450	0.0121	1.0	0.2463	0.2464
water_safety	benefit	550	0.018	1.0	0.2643	0.2688
water_safety	benefit	600	0.0156	1.0	0.2799	0.28
water_safety	benefit	700	0.0123	0.442	0.2853	0.2853
water_safety	benefit	750	0.0074	0.36	0.288	0.288
water_safety	benefit	800	0.016	0.167	0.2907	0.2907
water_safety	benefit	850	0.003	0.889	0.2933	0.2933
water_safety	benefit	950	0.004	1.0	0.2973	0.2987
water_safety	benefit	1000	0.012	0.333	0.3013	0.3013
water_safety	benefit	1050	0.0171	0.156	0.304	0.304
water_safety	benefit	1100	0.004	0.667	0.3067	0.3067
water_safety	benefit	1200	0.01	0.533	0.312	0.312
water_safety	benefit	1250	0.004	0.667	0.3147	0.3147
water_safety	benefit	1300	0.002	1.0	0.3167	0.3173
water_safety	cost	1300	0.002	1.0	0.002	0.189
water_safety	benefit	1350	0.002	1.0	0.3187	0.32
water_safety	cost	1350	0.001	1.0	0.003	0.1905
water_safety	benefit	1400	0.004	1.0	0.3227	0.3227
water_safety	benefit	1450	0.004	0.667	0.3253	0.3253
water_safety	benefit	1550	0.004	1.0	0.3293	0.3307
water_safety	benefit	1650	0.007	0.952	0.336	0.336
water_safety	benefit	1700	0.01	0.267	0.3387	0.3387
water_safety	benefit	1750	0.002	1.0	0.3407	0.3413
water_safety	benefit	1800	0.007	0.476	0.344	0.344
water_safety	benefit	1850	0.0045	0.77	0.3475	0.3475
water_safety	benefit	1950	0.001	1.0	0.3485	0.3544
water_safety	benefit	2000	0.003	1.0	0.3515	0.3579
water_safety	benefit	2050	0.006	1.0	0.3575	0.3613
water_safety	benefit	2100	0.001	1.0	0.3585	0.3648
water_safety	benefit	2150	0.004	1.0	0.3625	0.3683
water_safety	benefit	2200	0.0015	1.0	0.364	0.3717
water_safety	benefit	2250	0.002	1.0	0.366	0.3752
water_safety	benefit	2300	0.008	1.0	0.374	0.3787
water_safety	benefit	2400	0.0055	1.0	0.3795	0.3856
water_safety	benefit	2450	0.022	0.788	0.3968	0.3968
water_safety	cost	2500	0.003	1.0	0.006	0.2265
water_safety	benefit	2550	0.01	1.0	0.4068	0.4208
water_safety	benefit	2600	0.02	1.0	0.4268	0.4336
water_safety	benefit	2650	0.0106	1.0	0.4374	0.4496
water_safety	benefit	2700	0.03	0.94	0.4656	0.4656
water_safety	benefit	2750	0.01	1.0	0.4756	0.4848
water_safety	benefit	2800	0.001	1.0	0.4766	0.504
water_safety	benefit	2850	0.009	1.0	0.4856	0.528
water_safety	benefit	2900	0.014	1.0	0.4996	0.552
water_safety	benefit	2950	0.0035	1.0	0.5031	0.576
water_safety	cost	2950	0.004	1.0	0.01	0.2512
