scenario	century	facet	value	delta_vs_balanced	flag
balanced	100	population	136.78361256246623	0.0	within
balanced	100	growth_pct	0.5752327546398724	0.0	within
balanced	100	life_expectancy	25.47842456965384	0.0	within
balanced	100	infant_mortality	240.0941119341012	0.0	within
balanced	100	child_mortality_1_4	224.89621762143756	0.0	within
balanced	100	maternal_per_100k	1408.0823820453588	0.0	within
balanced	100	tfr	5.7546845768688	0.0	within
balanced	100	cbr	45.39707054214714	0.0	within
balanced	100	cdr	39.70033638685814	0.0	within
balanced	100	food_per_worker	5.571424991019835	0.0	
balanced	100	food_security	0.98	0.0	
balanced	100	food_share	60.00232288037168	0.0	within
balanced	100	defense_share	2.0213221209000527	0.0	within
balanced	100	diet	0.8020763921936781	0.0	
balanced	100	health	0.9699999999999999	0.0	
balanced	100	labor_efficiency	0.9289484869326788	0.0	
balanced	100	cap_production	0.6485552701610883	0.0	
balanced	100	craft_output	0.11327204874131426	0.0	
balanced	100	tool_quality	0.12600414896589754	0.0	
balanced	100	cap_infrastructure	0.6306359376426488	0.0	
balanced	100	housing_ratio	1.0967117065728358	0.0	
balanced	100	construction_rate	0.1480460249667412	0.0	
balanced	100	cap_logistics	0.28768709534762	0.0	
balanced	100	trade_capacity	0.13557932585771354	0.0	
balanced	100	ecology	0.17906000584580598	0.0	
balanced	100	ground_health	0.9760148402584368	0.0	
balanced	100	cap_institutions	0.6344649868782702	0.0	
balanced	100	legitimacy	0.8506776220945351	0.0	
balanced	100	state_capacity	0.11125404810227375	0.0	
balanced	100	cap_security	0.5012612117369741	0.0	
balanced	100	warfare_readiness	0.12838858878364598	0.0	
balanced	100	cap_culture	0.7927893436019589	0.0	
balanced	100	cohesion	0.8078740551909215	0.0	
balanced	100	known	295.3333333333333	0.0	
balanced	100	per_century	140.66666666666666	0.0	
balanced	100	per_50	51.69491525423729	0.0	within
balanced	100	education	0.7403742311122645	0.0	
balanced	100	art_found	401.3333333333333	0.0	
balanced	100	art_studied	53.333333333333336	0.0	
balanced	100	art_bonus	0.16679999999999987	0.0	
balanced	100	allure	0.6335578687104572	0.0	
balanced	100	line_knowledge	9.333333333333334	0.0	
balanced	100	line_institutions	10.333333333333334	0.0	
balanced	100	line_culture	14.666666666666666	0.0	
balanced	100	line_labor	13.0	0.0	
balanced	100	line_production	14.0	0.0	
balanced	100	line_infrastructure	10.0	0.0	
balanced	100	line_nutrition	15.0	0.0	
balanced	100	line_health	12.333333333333334	0.0	
balanced	100	line_demography	12.0	0.0	
balanced	100	line_logistics	11.0	0.0	
balanced	100	line_ecology	10.666666666666666	0.0	
balanced	100	line_security	8.333333333333334	0.0	
balanced	200	population	328.71424798502846	0.0	within
balanced	200	growth_pct	0.9290234007552615	0.0	within
balanced	200	life_expectancy	26.945169438994224	0.0	within
balanced	200	infant_mortality	221.37304631694306	0.0	within
balanced	200	child_mortality_1_4	209.10099254322208	0.0	within
balanced	200	maternal_per_100k	1299.6724743503646	0.0	within
balanced	200	tfr	5.88945265349535	0.0	within
balanced	200	cbr	46.26756222736483	0.0	within
balanced	200	cdr	37.18151593881436	0.0	within
balanced	200	food_per_worker	5.970519654934807	0.0	
balanced	200	food_security	0.98	0.0	
balanced	200	food_share	58.002322880371565	0.0	within
balanced	200	defense_share	2.122394096397761	0.0	within
balanced	200	diet	0.8906106914225619	0.0	
balanced	200	health	0.9699999999999999	0.0	
balanced	200	labor_efficiency	0.931629495783549	0.0	
balanced	200	cap_production	0.6617356652308599	0.0	
balanced	200	craft_output	0.2153564967311878	0.0	
balanced	200	tool_quality	0.186815807759926	0.0	
balanced	200	cap_infrastructure	0.6595957187234477	0.0	
balanced	200	housing_ratio	1.0956482501818965	0.0	
balanced	200	construction_rate	0.21388712380082855	0.0	
balanced	200	cap_logistics	0.33308378200524125	0.0	
balanced	200	trade_capacity	0.20376106367574431	0.0	
balanced	200	ecology	0.2865472717805586	0.0	
balanced	200	ground_health	0.8720599011973919	0.0	
balanced	200	cap_institutions	0.6804733287058361	0.0	
balanced	200	legitimacy	0.8793752137717114	0.0	
balanced	200	state_capacity	0.18661429193786286	0.0	
balanced	200	cap_security	0.5491692727540027	0.0	
balanced	200	warfare_readiness	0.2198296075928059	0.0	
balanced	200	cap_culture	0.8180274386655011	0.0	
balanced	200	cohesion	0.8243083699815917	0.0	
balanced	200	known	552.3333333333334	0.0	
balanced	200	per_century	105.33333333333333	0.0	
balanced	200	per_50	44.96124031007752	0.0	within
balanced	200	education	0.7688736316325272	0.0	
balanced	200	art_found	546.3333333333334	0.0	
balanced	200	art_studied	164.33333333333334	0.0	
balanced	200	art_bonus	0.19800000000000004	0.0	
balanced	200	allure	0.6386054877331002	0.0	
balanced	200	line_knowledge	10.0	0.0	
balanced	200	line_institutions	8.333333333333334	0.0	
balanced	200	line_culture	7.0	0.0	
balanced	200	line_labor	6.0	0.0	
balanced	200	line_production	17.333333333333332	0.0	
balanced	200	line_infrastructure	5.333333333333333	0.0	
balanced	200	line_nutrition	20.0	0.0	
balanced	200	line_health	4.666666666666667	0.0	
balanced	200	line_demography	3.0	0.0	
balanced	200	line_logistics	8.0	0.0	
balanced	200	line_ecology	9.666666666666666	0.0	
balanced	200	line_security	6.0	0.0	
balanced	300	population	843.8947079974228	0.0	within
balanced	300	growth_pct	0.9525880336333244	0.0	within
balanced	300	life_expectancy	27.080470757185395	0.0	within
balanced	300	infant_mortality	219.77592148621008	0.0	within
balanced	300	child_mortality_1_4	208.07457468192965	0.0	within
balanced	300	maternal_per_100k	1280.1159515900233	0.0	within
balanced	300	tfr	5.873184921336972	0.0	within
balanced	300	cbr	46.14204639201957	0.0	within
balanced	300	cdr	36.83489971644908	0.0	within
balanced	300	food_per_worker	5.891928426308805	0.0	
balanced	300	food_security	0.98	0.0	
balanced	300	food_share	56.00232288037221	0.0	within
balanced	300	defense_share	2.223466071895432	0.0	within
balanced	300	diet	0.9217025425487501	0.0	
balanced	300	health	0.9699999999999999	0.0	
balanced	300	labor_efficiency	0.937184749479168	0.0	
balanced	300	cap_production	0.6756068138157353	0.0	
balanced	300	craft_output	0.2677501950083258	0.0	
balanced	300	tool_quality	0.22445441489237553	0.0	
balanced	300	cap_infrastructure	0.6745410156499614	0.0	
balanced	300	housing_ratio	1.1005221731953507	0.0	
balanced	300	construction_rate	0.27625655395153353	0.0	
balanced	300	cap_logistics	0.37174607682096067	0.0	
balanced	300	trade_capacity	0.23071265662778992	0.0	
balanced	300	ecology	0.39516064478294677	0.0	
balanced	300	ground_health	0.7878481029357117	0.0	
balanced	300	cap_institutions	0.7008595093710875	0.0	
balanced	300	legitimacy	0.8898904492271943	0.0	
balanced	300	state_capacity	0.22570578940311137	0.0	
balanced	300	cap_security	0.5740882365266734	0.0	
balanced	300	warfare_readiness	0.24963987139994762	0.0	
balanced	300	cap_culture	0.829199985957361	0.0	
balanced	300	cohesion	0.8337062313680509	0.0	
balanced	300	known	683.6666666666666	0.0	
balanced	300	per_century	45.0	0.0	
balanced	300	per_50	18.565400843881857	0.0	below low
balanced	300	education	0.7891220585718622	0.0	
balanced	300	art_found	560.0	0.0	
balanced	300	art_studied	464.6666666666667	0.0	
balanced	300	art_bonus	0.22230000000000003	0.0	
balanced	300	allure	0.6408399971914721	0.0	
balanced	300	line_knowledge	3.6666666666666665	0.0	
balanced	300	line_institutions	3.6666666666666665	0.0	
balanced	300	line_culture	3.0	0.0	
balanced	300	line_labor	1.0	0.0	
balanced	300	line_production	4.0	0.0	
balanced	300	line_infrastructure	9.333333333333334	0.0	
balanced	300	line_nutrition	5.0	0.0	
balanced	300	line_health	3.0	0.0	
balanced	300	line_demography	0.0	0.0	
balanced	300	line_logistics	6.333333333333333	0.0	
balanced	300	line_ecology	3.0	0.0	
balanced	300	line_security	3.0	0.0	
balanced	400	population	1635.2090922255159	0.0	within
balanced	400	growth_pct	0.5692281256492645	0.0	within
balanced	400	life_expectancy	26.690037719448487	0.0	within
balanced	400	infant_mortality	222.07306006738042	0.0	within
balanced	400	child_mortality_1_4	211.87340528107507	0.0	within
balanced	400	maternal_per_100k	1206.275962954376	0.0	within
balanced	400	tfr	5.395078015657762	0.0	within
balanced	400	cbr	43.72902514032927	0.0	within
balanced	400	cdr	38.09068467914371	0.0	within
balanced	400	food_per_worker	5.886134287587342	0.0	
balanced	400	food_security	0.9799999999999492	0.0	
balanced	400	food_share	54.66821525358139	0.0	within
balanced	400	defense_share	2.2908865185785827	0.0	within
balanced	400	diet	0.9127124613811254	0.0	
balanced	400	health	0.9699999999999999	0.0	
balanced	400	labor_efficiency	0.9466281129085098	0.0	
balanced	400	cap_production	0.6982401233467105	0.0	
balanced	400	craft_output	0.33817158140467846	0.0	
balanced	400	tool_quality	0.2933956397136417	0.0	
balanced	400	cap_infrastructure	0.6864832690058092	0.0	
balanced	400	housing_ratio	1.0989901926264654	0.0	
balanced	400	construction_rate	0.3202734665700824	0.0	
balanced	400	cap_logistics	0.4005202566414671	0.0	
balanced	400	trade_capacity	0.26689234782934873	0.0	
balanced	400	ecology	0.4730930032484955	0.0	
balanced	400	ground_health	0.741875697072636	0.0	
balanced	400	cap_institutions	0.720819007171591	0.0	
balanced	400	legitimacy	0.8999918664802163	0.0	
balanced	400	state_capacity	0.26675046415010656	0.0	
balanced	400	cap_security	0.597333114877029	0.0	
balanced	400	warfare_readiness	0.28644294441493495	0.0	
balanced	400	cap_culture	0.8409785723789186	0.0	
balanced	400	cohesion	0.8448314589311052	0.0	
balanced	400	known	801.0	0.0	
balanced	400	per_century	51.0	0.0	
balanced	400	per_50	14.102564102564102	0.0	below low
balanced	400	education	0.8043508350212375	0.0	
balanced	400	art_found	560.0	0.0	
balanced	400	art_studied	560.0	0.0	
balanced	400	art_bonus	0.2497	0.0	
balanced	400	allure	0.6431957144757837	0.0	
balanced	400	line_knowledge	9.0	0.0	
balanced	400	line_institutions	4.0	0.0	
balanced	400	line_culture	6.0	0.0	
balanced	400	line_labor	5.0	0.0	
balanced	400	line_production	5.0	0.0	
balanced	400	line_infrastructure	8.0	0.0	
balanced	400	line_nutrition	5.0	0.0	
balanced	400	line_health	1.0	0.0	
balanced	400	line_demography	0.0	0.0	
balanced	400	line_logistics	4.0	0.0	
balanced	400	line_ecology	0.0	0.0	
balanced	400	line_security	4.0	0.0	
balanced	500	population	2466.148939677311	0.0	within
balanced	500	growth_pct	0.36524425227584995	0.0	within
balanced	500	life_expectancy	26.58598778078296	0.0	within
balanced	500	infant_mortality	223.2375905660383	0.0	within
balanced	500	child_mortality_1_4	213.24491877336243	0.0	within
balanced	500	maternal_per_100k	1187.7491798994593	0.0	within
balanced	500	tfr	5.162614186187326	0.0	within
balanced	500	cbr	42.11574805417278	0.0	within
balanced	500	cdr	38.4800217223412	0.0	within
balanced	500	food_per_worker	6.048181963383052	0.0	
balanced	500	food_security	0.98	0.0	
balanced	500	food_share	53.33488192024718	0.0	within
balanced	500	defense_share	2.3582678355770943	0.0	within
balanced	500	diet	0.8789186783664119	0.0	
balanced	500	health	0.9699999999999999	0.0	
balanced	500	labor_efficiency	0.9516027536421999	0.0	
balanced	500	cap_production	0.7105339001062424	0.0	
balanced	500	craft_output	0.3734675535217556	0.0	
balanced	500	tool_quality	0.3083999934375272	0.0	
balanced	500	cap_infrastructure	0.7032461670185132	0.0	
balanced	500	housing_ratio	1.0978463561510508	0.0	
balanced	500	construction_rate	0.3851698358988232	0.0	
balanced	500	cap_logistics	0.4333949956798455	0.0	
balanced	500	trade_capacity	0.31826596237494204	0.0	
balanced	500	ecology	0.5455106349604961	0.0	
balanced	500	ground_health	0.7261498009801323	0.0	
balanced	500	cap_institutions	0.7400722920404963	0.0	
balanced	500	legitimacy	0.9078766665918355	0.0	
balanced	500	state_capacity	0.3159845524185206	0.0	
balanced	500	cap_security	0.6247908645848593	0.0	
balanced	500	warfare_readiness	0.33631251883423857	0.0	
balanced	500	cap_culture	0.8472699962424247	0.0	
balanced	500	cohesion	0.8520015945771299	0.0	
balanced	500	known	894.0	0.0	
balanced	500	per_century	42.0	0.0	
balanced	500	per_50	22.222222222222225	0.0	below low
balanced	500	education	0.8237501432827318	0.0	
balanced	500	art_found	560.0	0.0	
balanced	500	art_studied	560.0	0.0	
balanced	500	art_bonus	0.27168	0.0	
balanced	500	allure	0.6444539992484849	0.0	
balanced	500	line_knowledge	6.333333333333333	0.0	
balanced	500	line_institutions	3.0	0.0	
balanced	500	line_culture	3.0	0.0	
balanced	500	line_labor	1.6666666666666667	0.0	
balanced	500	line_production	5.0	0.0	
balanced	500	line_infrastructure	7.0	0.0	
balanced	500	line_nutrition	2.0	0.0	
balanced	500	line_health	2.0	0.0	
balanced	500	line_demography	1.0	0.0	
balanced	500	line_logistics	1.0	0.0	
balanced	500	line_ecology	5.0	0.0	
balanced	500	line_security	5.0	0.0	
balanced	600	population	3290.020239543603	0.0	within
balanced	600	growth_pct	0.27234681695356144	0.0	within
balanced	600	life_expectancy	26.53601962895394	0.0	within
balanced	600	infant_mortality	223.46963653569904	0.0	within
balanced	600	child_mortality_1_4	213.9739750843637	0.0	within
balanced	600	maternal_per_100k	1170.4368009278562	0.0	within
balanced	600	tfr	5.050102449469169	0.0	within
balanced	600	cbr	41.31128158391761	0.0	within
balanced	600	cdr	38.59569895843998	0.0	within
balanced	600	food_per_worker	5.685677384315409	0.0	
balanced	600	food_security	0.98	0.0	
balanced	600	food_share	52.001548586913	0.0	within
balanced	600	defense_share	2.425649152575606	0.0	within
balanced	600	diet	0.8580768307750466	0.0	
balanced	600	health	0.9699999999999999	0.0	
balanced	600	labor_efficiency	0.9567279158796049	0.0	
balanced	600	cap_production	0.7168173441232577	0.0	
balanced	600	craft_output	0.42840000000000006	0.0	
balanced	600	tool_quality	0.3083999999999994	0.0	
balanced	600	cap_infrastructure	0.7159959992753704	0.0	
balanced	600	housing_ratio	1.1089414291766544	0.0	
balanced	600	construction_rate	0.42840000000000006	0.0	
balanced	600	cap_logistics	0.4447977222322113	0.0	
balanced	600	trade_capacity	0.34049997381928493	0.0	
balanced	600	ecology	0.6179206053486743	0.0	
balanced	600	ground_health	0.724452027086799	0.0	
balanced	600	cap_institutions	0.7505445992167475	0.0	
balanced	600	legitimacy	0.9143823977543418	0.0	
balanced	600	state_capacity	0.332499949743362	0.0	
balanced	600	cap_security	0.6539218953992374	0.0	
balanced	600	warfare_readiness	0.392699977172132	0.0	
balanced	600	cap_culture	0.8558370192839758	0.0	
balanced	600	cohesion	0.8602469662948565	0.0	
balanced	600	known	950.0	0.0	
balanced	600	per_century	18.0	0.0	
balanced	600	per_50	19.29824561403509	0.0	below low
balanced	600	education	0.8347450864886801	0.0	
balanced	600	art_found	560.0	0.0	
balanced	600	art_studied	560.0	0.0	
balanced	600	art_bonus	0.28559999999999997	0.0	
balanced	600	allure	0.6461674038567952	0.0	
balanced	600	line_knowledge	2.0	0.0	
balanced	600	line_institutions	0.0	0.0	
balanced	600	line_culture	2.0	0.0	
balanced	600	line_labor	1.0	0.0	
balanced	600	line_production	4.0	0.0	
balanced	600	line_infrastructure	2.0	0.0	
balanced	600	line_nutrition	0.0	0.0	
balanced	600	line_health	1.0	0.0	
balanced	600	line_demography	0.0	0.0	
balanced	600	line_logistics	2.0	0.0	
balanced	600	line_ecology	2.0	0.0	
balanced	600	line_security	2.0	0.0	
poor	100	population	50.089739702973624	-86.69387285949261	below low
poor	100	growth_pct	-0.22222391002982103	-0.7974566646696934	within
poor	100	life_expectancy	24.37619180917029	-1.102232760483549	within
poor	100	infant_mortality	285.969342800124	45.87523086602283	within
poor	100	child_mortality_1_4	235.2944773562613	10.398259734823739	within
poor	100	maternal_per_100k	2427.6409530642777	1019.5585710189189	below low
poor	100	tfr	5.143919416455378	-0.6107651604134219	within
poor	100	cbr	42.325984134614316	-3.0710864075328246	within
poor	100	cdr	44.54839205686446	4.8480556700063175	within
poor	100	food_per_worker	2.650891323512987	-2.9205336675068474	
poor	100	food_security	0.7351725088991006	-0.2448274911008994	
poor	100	food_share	68.71052628314237	8.708203402770692	within
poor	100	defense_share	1.437273089320774	-0.5840490315792788	below low
poor	100	diet	0.7153654871579619	-0.08671090503571621	
poor	100	health	0.8784224127612146	-0.09157758723878529	
poor	100	labor_efficiency	0.8960631617630742	-0.03288532516960463	
poor	100	cap_production	0.5946776177867572	-0.053877652374331064	
poor	100	craft_output	0.15833491890919452	0.045062870167880256	
poor	100	tool_quality	0.13398032325222647	0.007976174286328935	
poor	100	cap_infrastructure	0.6010533875788391	-0.02958255006380972	
poor	100	housing_ratio	1.12	0.02328829342716432	
poor	100	construction_rate	0.12381238402224959	-0.024233640944491625	
poor	100	cap_logistics	0.2962347177466274	0.008547622399007415	
poor	100	trade_capacity	0.07871024029243151	-0.05686908556528203	
poor	100	ecology	0.04	-0.13906000584580597	
poor	100	ground_health	0.931389511452514	-0.04462532880592274	
poor	100	cap_institutions	0.5658541017328476	-0.06861088514542268	
poor	100	legitimacy	0.7107743046639808	-0.13990331743055429	
poor	100	state_capacity	0.09018264580628371	-0.02107140229599004	
poor	100	cap_security	0.45785780486354777	-0.043403406873426364	
poor	100	warfare_readiness	0.1489962468798304	0.020607658096184422	
poor	100	cap_culture	0.6419980926425165	-0.15079125095944235	
poor	100	cohesion	0.6816343481976858	-0.12623970699323572	
poor	100	known	172.0	-123.33333333333331	
poor	100	per_century	62.0	-78.66666666666666	
poor	100	per_50	26.836158192090394	-24.858757062146893	within
poor	100	education	0.7398290712401003	-0.0005451598721641915	
poor	100	art_found	217.66666666666666	-183.66666666666666	
poor	100	art_studied	33.666666666666664	-19.66666666666667	
poor	100	art_bonus	0.1741322727272728	0.007332272727272937	
poor	100	allure	0.6033990127764999	-0.030158855933957285	
poor	100	line_knowledge	9.666666666666666	0.33333333333333215	
poor	100	line_institutions	5.666666666666667	-4.666666666666667	
poor	100	line_culture	5.0	-9.666666666666666	
poor	100	line_labor	7.333333333333333	-5.666666666666667	
poor	100	line_production	15.0	1.0	
poor	100	line_infrastructure	4.333333333333333	-5.666666666666667	
poor	100	line_nutrition	2.3333333333333335	-12.666666666666666	
poor	100	line_health	0.0	-12.333333333333334	
poor	100	line_demography	0.0	-12.0	
poor	100	line_logistics	2.6666666666666665	-8.333333333333334	
poor	100	line_ecology	2.0	-8.666666666666666	
poor	100	line_security	8.0	-0.3333333333333339	
poor	200	population	49.76036684273637	-278.9538811422921	below low
poor	200	growth_pct	0.026559760830643004	-0.9024636399246184	within
poor	200	life_expectancy	24.42405799374389	-2.521111445250334	within
poor	200	infant_mortality	282.2630501381292	60.89000382118613	within
poor	200	child_mortality_1_4	235.26934561444102	26.168353071218945	within
poor	200	maternal_per_100k	2391.1771990134766	1091.504724663112	below low
poor	200	tfr	5.3684931084872956	-0.5209595450080542	within
poor	200	cbr	44.347826449039864	-1.919735778324963	within
poor	200	cdr	44.08228335258503	6.900767413770673	within
poor	200	food_per_worker	2.8939561861187357	-3.0765634688160715	
poor	200	food_security	0.7800752894518003	-0.1999247105481997	
poor	200	food_share	61.465405339487766	3.463082459116201	within
poor	200	defense_share	1.7867424943756005	-0.3356516020221607	below low
poor	200	diet	0.7333248031203361	-0.15728588830222578	
poor	200	health	0.89932556696303	-0.07067443303696985	
poor	200	labor_efficiency	0.9043801724367281	-0.027249323346820953	
poor	200	cap_production	0.6172597520856994	-0.04447591314516053	
poor	200	craft_output	0.19946523755093012	-0.01589125918025769	
poor	200	tool_quality	0.1820630789522204	-0.0047527288077056085	
poor	200	cap_infrastructure	0.6060312644647324	-0.053564454258715255	
poor	200	housing_ratio	1.12	0.02435174981810362	
poor	200	construction_rate	0.14717167135016532	-0.06671545245066324	
poor	200	cap_logistics	0.31980926583885577	-0.013274516166385475	
poor	200	trade_capacity	0.0968580551892989	-0.10690300848644542	
poor	200	ecology	0.04	-0.2465472717805586	
poor	200	ground_health	0.9289718227071916	0.056911921509799734	
poor	200	cap_institutions	0.6027740665625689	-0.07769926214326717	
poor	200	legitimacy	0.7374877866992375	-0.14188742707247382	
poor	200	state_capacity	0.10959034523076656	-0.0770239467070963	
poor	200	cap_security	0.48684297200745846	-0.06232630074654427	
poor	200	warfare_readiness	0.20832404406171912	-0.011505563531086782	
poor	200	cap_culture	0.6668686630419679	-0.1511587756235332	
poor	200	cohesion	0.7021269973516033	-0.1221813726299884	
poor	200	known	245.33333333333334	-307.0	
poor	200	per_century	27.666666666666668	-77.66666666666666	
poor	200	per_50	14.34108527131783	-30.62015503875969	below low
poor	200	education	0.7523649103949643	-0.016508721237562862	
poor	200	art_found	350.6666666666667	-195.66666666666669	
poor	200	art_studied	68.66666666666667	-95.66666666666667	
poor	200	art_bonus	0.1954011363636364	-0.0025988636363636353	
poor	200	allure	0.6083737326072546	-0.03023175512584564	
poor	200	line_knowledge	5.0	-5.0	
poor	200	line_institutions	3.6666666666666665	-4.666666666666668	
poor	200	line_culture	5.333333333333333	-1.666666666666667	
poor	200	line_labor	1.0	-5.0	
poor	200	line_production	7.0	-10.333333333333332	
poor	200	line_infrastructure	0.0	-5.333333333333333	
poor	200	line_nutrition	1.6666666666666667	-18.333333333333332	
poor	200	line_health	0.0	-4.666666666666667	
poor	200	line_demography	0.0	-3.0	
poor	200	line_logistics	2.0	-6.0	
poor	200	line_ecology	0.0	-9.666666666666666	
poor	200	line_security	2.0	-4.0	
poor	300	population	64.24843512847842	-779.6462728689444	below low
poor	300	growth_pct	0.46718250220298224	-0.4854055314303422	within
poor	300	life_expectancy	24.842509686371084	-2.237961070814311	within
poor	300	infant_mortality	279.85022470675426	60.07430322054418	within
poor	300	child_mortality_1_4	234.63929175920723	26.564717077277578	within
poor	300	maternal_per_100k	2305.67470029061	1025.5587487005866	below low
poor	300	tfr	5.946245665552751	0.07306074421577868	within
poor	300	cbr	48.21913694931097	2.077090557291399	ABOVE HIGH
poor	300	cdr	43.57921049113085	6.744310774681772	within
poor	300	food_per_worker	3.196546139707708	-2.695382286601097	
poor	300	food_security	0.9696324582686754	-0.010367541731324592	
poor	300	food_share	56.00232288037222	7.105427357601002e-15	within
poor	300	defense_share	2.048167727982673	-0.1752983439127589	within
poor	300	diet	0.7601286286921347	-0.16157391385661535	
poor	300	health	0.9695017343569194	-0.00049826564308042	
poor	300	labor_efficiency	0.9485748995031988	0.011390150024030876	
poor	300	cap_production	0.6555453470275007	-0.020061466788234616	
poor	300	craft_output	0.21231849496801006	-0.05543170004031575	
poor	300	tool_quality	0.19316996093477692	-0.0312844539575986	
poor	300	cap_infrastructure	0.6093835301804228	-0.06515748546953859	
poor	300	housing_ratio	1.12	0.01947782680464938	
poor	300	construction_rate	0.15471443182510863	-0.1215421221264249	
poor	300	cap_logistics	0.3612684086858787	-0.010477668135081997	
poor	300	trade_capacity	0.11069200744867617	-0.12002064917911374	
poor	300	ecology	0.04	-0.3551606447829468	
poor	300	ground_health	0.9646984724847708	0.17685036954905908	
poor	300	cap_institutions	0.6511664308183899	-0.04969307855269767	
poor	300	legitimacy	0.8347727494892515	-0.05511769973794278	
poor	300	state_capacity	0.14199544003167866	-0.08371034937143271	
poor	300	cap_security	0.5445775377817584	-0.029510698744914965	
poor	300	warfare_readiness	0.22617936876658853	-0.02346050263335908	
poor	300	cap_culture	0.7366939005657916	-0.09250608539156935	
poor	300	cohesion	0.7806912719273681	-0.053014959440682796	
poor	300	known	302.0	-381.66666666666663	
poor	300	per_century	35.333333333333336	-9.666666666666664	
poor	300	per_50	11.392405063291141	-7.172995780590716	below low
poor	300	education	0.7603686028658302	-0.02875345570603205	
poor	300	art_found	411.3333333333333	-148.66666666666669	
poor	300	art_studied	107.33333333333333	-357.33333333333337	
poor	300	art_bonus	0.2145221590909091	-0.007777840909090922	
poor	300	allure	0.6223387801131582	-0.01850121707831387	
poor	300	line_knowledge	2.3333333333333335	-1.333333333333333	
poor	300	line_institutions	2.0	-1.6666666666666665	
poor	300	line_culture	5.333333333333333	2.333333333333333	
poor	300	line_labor	3.3333333333333335	2.3333333333333335	
poor	300	line_production	5.333333333333333	1.333333333333333	
poor	300	line_infrastructure	4.0	-5.333333333333334	
poor	300	line_nutrition	2.3333333333333335	-2.6666666666666665	
poor	300	line_health	1.0	-2.0	
poor	300	line_demography	3.0	3.0	
poor	300	line_logistics	5.0	-1.333333333333333	
poor	300	line_ecology	0.0	-3.0	
poor	300	line_security	1.6666666666666667	-1.3333333333333333	
poor	400	population	80.25804866762813	-1554.9510435578877	below low
poor	400	growth_pct	0.14027114219409645	-0.4289569834551681	within
poor	400	life_expectancy	24.341000497333074	-2.349037222115413	within
poor	400	infant_mortality	284.2639406232179	62.19088055583745	within
poor	400	child_mortality_1_4	239.2219457388876	27.348540457812533	below low
poor	400	maternal_per_100k	2303.723757470508	1097.4477945161323	below low
poor	400	tfr	5.563896329700863	0.16881831404310077	within
poor	400	cbr	45.73840660387088	2.009381463541608	within
poor	400	cdr	44.337256059508235	6.2465713803645215	within
poor	400	food_per_worker	3.125496943069033	-2.7606373445183086	
poor	400	food_security	0.9707979922906024	-0.009202007709346871	
poor	400	food_share	54.66821525358139	0.0	within
poor	400	defense_share	2.11027273819535	-0.18061378038323284	within
poor	400	diet	0.7704887561985067	-0.14222370518261873	
poor	400	health	0.9699998952937435	-1.0470625633196562e-07	
poor	400	labor_efficiency	0.9524529169489534	0.00582480404044361	
poor	400	cap_production	0.6664656094083515	-0.03177451393835895	
poor	400	craft_output	0.22296705491629484	-0.11520452648838361	
poor	400	tool_quality	0.24302114795369192	-0.05037449175994976	
poor	400	cap_infrastructure	0.6126271995710074	-0.07385606943480183	
poor	400	housing_ratio	1.12	0.02100980737353475	
poor	400	construction_rate	0.16841879511179178	-0.1518546714582906	
poor	400	cap_logistics	0.37292136952141863	-0.027598887120048488	
poor	400	trade_capacity	0.1343128698594135	-0.13257947796993524	
poor	400	ecology	0.04	-0.43309300324849553	
poor	400	ground_health	0.9555591076909195	0.21368341061828344	
poor	400	cap_institutions	0.6655652083716337	-0.05525379879995729	
poor	400	legitimacy	0.8438763499467412	-0.05611551653347513	
poor	400	state_capacity	0.16181475750743424	-0.10493570664267232	
poor	400	cap_security	0.5661954821406093	-0.031137632736419674	
poor	400	warfare_readiness	0.2678828874636762	-0.01856005695125873	
poor	400	cap_culture	0.7451398580282934	-0.09583871435062519	
poor	400	cohesion	0.7883665201463419	-0.05646493878476333	
poor	400	known	338.6666666666667	-462.3333333333333	
poor	400	per_century	17.666666666666668	-33.33333333333333	
poor	400	per_50	3.418803418803419	-10.683760683760683	below low
poor	400	education	0.7632295955982348	-0.04112123942300272	
poor	400	art_found	442.6666666666667	-117.33333333333331	
poor	400	art_studied	164.0	-396.0	
poor	400	art_bonus	0.23215540909090912	-0.017544590909090885	
poor	400	allure	0.6240279716056586	-0.019167742870125126	
poor	400	line_knowledge	3.0	-6.0	
poor	400	line_institutions	4.0	0.0	
poor	400	line_culture	4.0	-2.0	
poor	400	line_labor	0.3333333333333333	-4.666666666666667	
poor	400	line_production	1.0	-4.0	
poor	400	line_infrastructure	1.3333333333333333	-6.666666666666667	
poor	400	line_nutrition	0.0	-5.0	
poor	400	line_health	0.0	-1.0	
poor	400	line_demography	0.0	0.0	
poor	400	line_logistics	2.6666666666666665	-1.3333333333333335	
poor	400	line_ecology	0.0	0.0	
poor	400	line_security	1.3333333333333333	-2.666666666666667	
poor	500	population	83.58300712913835	-2382.5659325481724	below low
poor	500	growth_pct	0.024581894004456945	-0.340662358271393	within
poor	500	life_expectancy	24.14048707464552	-2.445500706137441	within
poor	500	infant_mortality	286.2667267600096	63.02913619397128	within
poor	500	child_mortality_1_4	241.2297386408209	27.98481986745847	below low
poor	500	maternal_per_100k	2303.72375747049	1115.9745775710307	below low
poor	500	tfr	5.4606123231593715	0.2979981369720459	within
poor	500	cbr	44.88136464473691	2.765616590564136	within
poor	500	cdr	44.63558010586046	6.1555583835192635	below low
poor	500	food_per_worker	3.2032144802169458	-2.8449674831661063	
poor	500	food_security	0.9688971942351619	-0.01110280576483813	
poor	500	food_share	53.33488192024719	1.4210854715202004e-14	within
poor	500	defense_share	2.1723417037126307	-0.1859261318644636	within
poor	500	diet	0.7742090345184961	-0.10470964384791581	
poor	500	health	0.9699020691834481	-9.793081655173896e-05	
poor	500	labor_efficiency	0.9543389948617866	0.0027362412195867103	
poor	500	cap_production	0.6717735382193942	-0.03876036188684817	
poor	500	craft_output	0.23618243370905426	-0.13728511981270133	
poor	500	tool_quality	0.25629095548736447	-0.05210903795016275	
poor	500	cap_infrastructure	0.6137777838833597	-0.08946838313515348	
poor	500	housing_ratio	1.12	0.022153643848949356	
poor	500	construction_rate	0.17028160519313898	-0.21488823070568422	
poor	500	cap_logistics	0.3843912715838831	-0.04900372409596243	
poor	500	trade_capacity	0.14134653747225076	-0.17691942490269127	
poor	500	ecology	0.04	-0.5055106349604961	
poor	500	ground_health	0.9534914101082087	0.22734160912807644	
poor	500	cap_institutions	0.6811184390145537	-0.05895385302594258	
poor	500	legitimacy	0.8510603595458974	-0.0568163070459381	
poor	500	state_capacity	0.18616517999928087	-0.12981937241923971	
poor	500	cap_security	0.5791759591374432	-0.04561490544741609	
poor	500	warfare_readiness	0.2855406054312461	-0.050771913402992475	
poor	500	cap_culture	0.7537480460120197	-0.093521950230405	
poor	500	cohesion	0.7939902360202549	-0.058011358556875	
poor	500	known	384.3333333333333	-509.6666666666667	
poor	500	per_century	23.0	-19.0	
poor	500	per_50	2.6455026455026456	-19.57671957671958	below low
poor	500	education	0.7710155188209322	-0.05273462446179955	
poor	500	art_found	446.6666666666667	-113.33333333333331	
poor	500	art_studied	234.0	-326.0	
poor	500	art_bonus	0.2529912121212121	-0.01868878787878786	
poor	500	allure	0.625749609202404	-0.018704390046080932	
poor	500	line_knowledge	4.0	-2.333333333333333	
poor	500	line_institutions	5.0	2.0	
poor	500	line_culture	3.0	0.0	
poor	500	line_labor	1.0	-0.6666666666666667	
poor	500	line_production	2.0	-3.0	
poor	500	line_infrastructure	3.3333333333333335	-3.6666666666666665	
poor	500	line_nutrition	0.0	-2.0	
poor	500	line_health	0.0	-2.0	
poor	500	line_demography	0.0	-1.0	
poor	500	line_logistics	4.333333333333333	3.333333333333333	
poor	500	line_ecology	0.0	-5.0	
poor	500	line_security	0.3333333333333333	-4.666666666666667	
poor	600	population	84.59971931285442	-3205.4205202307485	below low
poor	600	growth_pct	0.011436791089540025	-0.2609100258640214	within
poor	600	life_expectancy	23.80238793360707	-2.7336316953468724	within
poor	600	infant_mortality	288.96166481265294	65.4920282769539	within
poor	600	child_mortality_1_4	244.2359164784273	30.261941394063598	below low
poor	600	maternal_per_100k	2304.0165678237086	1133.5797668958523	below low
poor	600	tfr	5.431874387357385	0.3817719378882156	within
poor	600	cbr	44.6162740129211	3.304992429003491	within
poor	600	cdr	44.50191313065918	5.906214172219201	below low
poor	600	food_per_worker	2.9710475413024384	-2.7146298430129705	
poor	600	food_security	0.955962407797875	-0.02403759220212498	
poor	600	food_share	52.0015514275662	2.8406531953351077e-06	within
poor	600	defense_share	2.23441053221999	-0.191238620355616	within
poor	600	diet	0.7777097681698425	-0.0803670626052041	
poor	600	health	0.9699982582849769	-1.7417150229848133e-06	
poor	600	labor_efficiency	0.9553074883193767	-0.001420427560228199	
poor	600	cap_production	0.6762697953298473	-0.04054754879341038	
poor	600	craft_output	0.24770420442745303	-0.18069579557254703	
poor	600	tool_quality	0.26586880891500814	-0.04253119108499126	
poor	600	cap_infrastructure	0.615988096871478	-0.10000790240389235	
poor	600	housing_ratio	1.12	0.011058570823345715	
poor	600	construction_rate	0.18086812582602388	-0.24753187417397618	
poor	600	cap_logistics	0.3942236046038519	-0.050574117628359394	
poor	600	trade_capacity	0.20916297821329025	-0.13133699560599468	
poor	600	ecology	0.04	-0.5779206053486743	
poor	600	ground_health	0.9550003929287992	0.23054836584200022	
poor	600	cap_institutions	0.6915337992847016	-0.05901079993204594	
poor	600	legitimacy	0.8555383832804152	-0.05884401447392662	
poor	600	state_capacity	0.2057657593310752	-0.1267341904122868	
poor	600	cap_security	0.596688204441426	-0.05723369095781139	
poor	600	warfare_readiness	0.3229042679318981	-0.06979570924023393	
poor	600	cap_culture	0.7609433920981229	-0.09489362718585292	
poor	600	cohesion	0.7988401674380512	-0.061406798856805334	
poor	600	known	434.6666666666667	-515.3333333333333	
poor	600	per_century	29.333333333333332	11.333333333333332	
poor	600	per_50	2.923976608187134	-16.374269005847957	below low
poor	600	education	0.7775406494293118	-0.057204437059368285	
poor	600	art_found	449.3333333333333	-110.66666666666669	
poor	600	art_studied	306.6666666666667	-253.33333333333331	
poor	600	art_bonus	0.27478393939393947	-0.010816060606060496	
poor	600	allure	0.6271886784196247	-0.018978725437170496	
poor	600	line_knowledge	5.666666666666667	3.666666666666667	
poor	600	line_institutions	2.3333333333333335	2.3333333333333335	
poor	600	line_culture	2.6666666666666665	0.6666666666666665	
poor	600	line_labor	3.0	2.0	
poor	600	line_production	1.3333333333333333	-2.666666666666667	
poor	600	line_infrastructure	1.6666666666666667	-0.33333333333333326	
poor	600	line_nutrition	0.3333333333333333	0.3333333333333333	
poor	600	line_health	0.0	-1.0	
poor	600	line_demography	0.0	0.0	
poor	600	line_logistics	10.0	8.0	
poor	600	line_ecology	1.0	-1.0	
poor	600	line_security	1.3333333333333333	-0.6666666666666667	
max_knowledge	100	population	89.46821065304084	-47.31540190942539	within
max_knowledge	100	growth_pct	-0.029274586219603844	-0.6045073408594763	within
max_knowledge	100	life_expectancy	20.4470332372471	-5.031391332406738	below low
max_knowledge	100	infant_mortality	318.122785851517	78.0286739174158	within
max_knowledge	100	child_mortality_1_4	281.2379672256878	56.341749604250225	below low
max_knowledge	100	maternal_per_100k	1847.166582954663	439.0842009093042	within
max_knowledge	100	tfr	5.692467263229706	-0.062217313639093774	within
max_knowledge	100	cbr	46.63290745597889	1.235836913831747	within
max_knowledge	100	cdr	46.92569123775777	7.2253548508996275	below low
max_knowledge	100	food_per_worker	4.142618409981736	-1.4288065810380983	
max_knowledge	100	food_security	0.9201268348922614	-0.059873165107738546	
max_knowledge	100	food_share	60.00232288037168	0.0	within
max_knowledge	100	defense_share	2.0213221209000527	0.0	within
max_knowledge	100	diet	0.7054162566720414	-0.09666013552163666	
max_knowledge	100	health	0.9576922700933159	-0.01230772990668394	
max_knowledge	100	labor_efficiency	0.9120256855400856	-0.01692280139259328	
max_knowledge	100	cap_production	0.6205457051328201	-0.028009565028268124	
max_knowledge	100	craft_output	0.047723676558753196	-0.06554837218256107	
max_knowledge	100	tool_quality	0.05471488124027194	-0.0712892677256256	
max_knowledge	100	cap_infrastructure	0.5799578285311143	-0.050678109111534475	
max_knowledge	100	housing_ratio	1.12	0.02328829342716432	
max_knowledge	100	construction_rate	0.04421015850619045	-0.10383586646055076	
max_knowledge	100	cap_logistics	0.2491807790410776	-0.03850631630654239	
max_knowledge	100	trade_capacity	0.08165689054472643	-0.05392243531298711	
max_knowledge	100	ecology	0.17906000584580598	0.0	
max_knowledge	100	ground_health	0.9946940824044791	0.01867924214604233	
max_knowledge	100	cap_institutions	0.6085440362332611	-0.0259209506450091	
max_knowledge	100	legitimacy	0.8173591667386629	-0.03331845535587219	
max_knowledge	100	state_capacity	0.06153111538536519	-0.049722932716908565	
max_knowledge	100	cap_security	0.4551723772608532	-0.04608883447612094	
max_knowledge	100	warfare_readiness	0.02808746472393706	-0.10030112405970892	
max_knowledge	100	cap_culture	0.646335516651853	-0.1464538269501059	
max_knowledge	100	cohesion	0.7771455732398405	-0.03072848195108102	
max_knowledge	100	known	53.0	-242.33333333333331	
max_knowledge	100	per_century	16.0	-124.66666666666666	
max_knowledge	100	per_50	3.389830508474576	-48.30508474576271	below low
max_knowledge	100	education	0.7301132738261616	-0.010260957286102879	
max_knowledge	100	art_found	367.0	-34.333333333333314	
max_knowledge	100	art_studied	85.66666666666667	32.333333333333336	
max_knowledge	100	art_bonus	0.22679999999999942	0.059999999999999554	
max_knowledge	100	allure	0.6042671033300012	-0.02929076538045594	
max_knowledge	100	line_knowledge	8.0	-1.333333333333334	
max_knowledge	100	line_institutions	2.0	-8.333333333333334	
max_knowledge	100	line_culture	0.0	-14.666666666666666	
max_knowledge	100	line_labor	4.0	-9.0	
max_knowledge	100	line_production	1.0	-13.0	
max_knowledge	100	line_infrastructure	1.0	-9.0	
max_knowledge	100	line_nutrition	0.0	-15.0	
max_knowledge	100	line_health	0.0	-12.333333333333334	
max_knowledge	100	line_demography	0.0	-12.0	
max_knowledge	100	line_logistics	0.0	-11.0	
max_knowledge	100	line_ecology	0.0	-10.666666666666666	
max_knowledge	100	line_security	0.0	-8.333333333333334	
max_knowledge	200	population	91.6582789133331	-237.05596907169536	within
max_knowledge	200	growth_pct	0.03368384828722112	-0.8953395524680403	within
max_knowledge	200	life_expectancy	21.171662136608543	-5.773507302385681	within
max_knowledge	200	infant_mortality	309.2129968847826	87.83995056783957	within
max_knowledge	200	child_mortality_1_4	273.2225988876721	64.12160634445004	below low
max_knowledge	200	maternal_per_100k	1832.993890020364	533.3214156699994	within
max_knowledge	200	tfr	5.696637303165002	-0.19281535033034736	within
max_knowledge	200	cbr	46.752430145483544	0.48486791811871655	within
max_knowledge	200	cdr	46.415656388276	9.234140449461641	below low
max_knowledge	200	food_per_worker	4.4807860915355215	-1.4897335633992856	
max_knowledge	200	food_security	0.9435686745454749	-0.0364313254545251	
max_knowledge	200	food_share	58.002322880371565	0.0	within
max_knowledge	200	defense_share	2.122394096397761	0.0	within
max_knowledge	200	diet	0.7118994576491356	-0.17871123377342624	
max_knowledge	200	health	0.9656264029327363	-0.00437359706726359	
max_knowledge	200	labor_efficiency	0.9168151710610797	-0.014814324722469352	
max_knowledge	200	cap_production	0.621275913324579	-0.04045975190628093	
max_knowledge	200	craft_output	0.04777498870624797	-0.16758150802493985	
max_knowledge	200	tool_quality	0.05701320134212934	-0.12980260641779667	
max_knowledge	200	cap_infrastructure	0.5815202934477616	-0.07807542527568612	
max_knowledge	200	housing_ratio	1.12	0.02435174981810362	
max_knowledge	200	construction_rate	0.04425285579401406	-0.1696342680068145	
max_knowledge	200	cap_logistics	0.25498042742516264	-0.07810335458007861	
max_knowledge	200	trade_capacity	0.12598079452792965	-0.07778026914781466	
max_knowledge	200	ecology	0.2865472717805586	0.0	
max_knowledge	200	ground_health	0.9904179038479715	0.11835800265057961	
max_knowledge	200	cap_institutions	0.6216808177285639	-0.05879251097727223	
max_knowledge	200	legitimacy	0.8297259793119497	-0.04964923445976166	
max_knowledge	200	state_capacity	0.07734085014052777	-0.10927344179733509	
max_knowledge	200	cap_security	0.46614456678142036	-0.08302470597258238	
max_knowledge	200	warfare_readiness	0.028144812758189808	-0.1916847948346161	
max_knowledge	200	cap_culture	0.6622437065578991	-0.155783732107602	
max_knowledge	200	cohesion	0.7898851552467488	-0.03442321473484289	
max_knowledge	200	known	77.0	-475.33333333333337	
max_knowledge	200	per_century	14.0	-91.33333333333333	
max_knowledge	200	per_50	1.1627906976744187	-43.798449612403104	below low
max_knowledge	200	education	0.7343377756940564	-0.03453585593847075	
max_knowledge	200	art_found	469.6666666666667	-76.66666666666669	
max_knowledge	200	art_studied	171.66666666666666	7.333333333333314	
max_knowledge	200	art_bonus	0.26730000000000004	0.0693	
max_knowledge	200	allure	0.6074487413115798	-0.031156746421520443	
max_knowledge	200	line_knowledge	6.0	-4.0	
max_knowledge	200	line_institutions	2.0	-6.333333333333334	
max_knowledge	200	line_culture	0.0	-7.0	
max_knowledge	200	line_labor	0.0	-6.0	
max_knowledge	200	line_production	0.0	-17.333333333333332	
max_knowledge	200	line_infrastructure	1.0	-4.333333333333333	
max_knowledge	200	line_nutrition	0.0	-20.0	
max_knowledge	200	line_health	0.0	-4.666666666666667	
max_knowledge	200	line_demography	1.0	-2.0	
max_knowledge	200	line_logistics	4.0	-4.0	
max_knowledge	200	line_ecology	0.0	-9.666666666666666	
max_knowledge	200	line_security	0.0	-6.0	
max_knowledge	300	population	95.23370664333692	-748.6610013540858	within
max_knowledge	300	growth_pct	0.03433172214180047	-0.918256311491524	within
max_knowledge	300	life_expectancy	21.431249900115187	-5.649220857070208	within
max_knowledge	300	infant_mortality	306.3660626654011	86.59014117919102	within
max_knowledge	300	child_mortality_1_4	270.5339647926443	62.45939011071468	below low
max_knowledge	300	maternal_per_100k	1832.9938900203672	552.8779384303439	below low
max_knowledge	300	tfr	5.6291497304988525	-0.24403519083811975	within
max_knowledge	300	cbr	46.32833393588183	0.18628754386225665	within
max_knowledge	300	cdr	45.9850849783713	9.150185261922218	below low
max_knowledge	300	food_per_worker	4.695953365219633	-1.1959750610891726	
max_knowledge	300	food_security	0.9514232438990561	-0.0285767561009439	
max_knowledge	300	food_share	56.00232288037221	0.0	within
max_knowledge	300	defense_share	2.223466071895432	0.0	within
max_knowledge	300	diet	0.7242358424438073	-0.19746670010494272	
max_knowledge	300	health	0.9667450854018677	-0.003254914598132208	
max_knowledge	300	labor_efficiency	0.922365526913851	-0.01481922256531698	
max_knowledge	300	cap_production	0.6268493627001775	-0.04875745111555774	
max_knowledge	300	craft_output	0.0626647864500892	-0.2050854085582366	
max_knowledge	300	tool_quality	0.057935308087320815	-0.16651910680505472	
max_knowledge	300	cap_infrastructure	0.5846508756645515	-0.08989013998540984	
max_knowledge	300	housing_ratio	1.12	0.01947782680464938	
max_knowledge	300	construction_rate	0.051219143950774614	-0.22503741000075891	
max_knowledge	300	cap_logistics	0.2606620660908037	-0.11108401073015695	
max_knowledge	300	trade_capacity	0.12931654181923405	-0.10139611480855587	
max_knowledge	300	ecology	0.39516064478294677	0.0	
max_knowledge	300	ground_health	0.9866431270746934	0.19879502413898165	
max_knowledge	300	cap_institutions	0.6381699123740692	-0.06268959699701837	
max_knowledge	300	legitimacy	0.841412801551305	-0.048477647675889246	
max_knowledge	300	state_capacity	0.10049155027165968	-0.1252142391314517	
max_knowledge	300	cap_security	0.4762721337899019	-0.09781610273677149	
max_knowledge	300	warfare_readiness	0.02818442033312496	-0.22145545106682266	
max_knowledge	300	cap_culture	0.6764272773860843	-0.15277270857127667	
max_knowledge	300	cohesion	0.8023995646584039	-0.03130666670964699	
max_knowledge	300	known	109.0	-574.6666666666666	
max_knowledge	300	per_century	3.0	-42.0	
max_knowledge	300	per_50	1.2658227848101267	-17.29957805907173	below low
max_knowledge	300	education	0.7377739593352302	-0.05134809923663208	
max_knowledge	300	art_found	491.0	-69.0	
max_knowledge	300	art_studied	270.6666666666667	-194.0	
max_knowledge	300	art_bonus	0.28734750000000003	0.06504750000000001	
max_knowledge	300	allure	0.6102854554772169	-0.0305545417142552	
max_knowledge	300	line_knowledge	3.0	-0.6666666666666665	
max_knowledge	300	line_institutions	0.0	-3.6666666666666665	
max_knowledge	300	line_culture	0.0	-3.0	
max_knowledge	300	line_labor	0.0	-1.0	
max_knowledge	300	line_production	0.0	-4.0	
max_knowledge	300	line_infrastructure	0.0	-9.333333333333334	
max_knowledge	300	line_nutrition	0.0	-5.0	
max_knowledge	300	line_health	0.0	-3.0	
max_knowledge	300	line_demography	0.0	0.0	
max_knowledge	300	line_logistics	0.0	-6.333333333333333	
max_knowledge	300	line_ecology	0.0	-3.0	
max_knowledge	300	line_security	0.0	-3.0	
max_knowledge	400	population	96.73822416300375	-1538.4708680625122	within
max_knowledge	400	growth_pct	0.013010157750030041	-0.5562179678992345	within
max_knowledge	400	life_expectancy	22.18398861824765	-4.506049101200837	within
max_knowledge	400	infant_mortality	297.6730526482848	75.59999258090437	within
max_knowledge	400	child_mortality_1_4	262.40207188961523	50.52866660854016	below low
max_knowledge	400	maternal_per_100k	1832.9938900203645	626.7179270659885	below low
max_knowledge	400	tfr	5.603447088530211	0.20836907287244877	within
max_knowledge	400	cbr	46.03982110966095	2.3107959693316786	within
max_knowledge	400	cdr	45.909730192950484	7.8190455138067705	below low
max_knowledge	400	food_per_worker	4.830710669612159	-1.0554236179751824	
max_knowledge	400	food_security	0.9733149699811131	-0.006685030018836136	
max_knowledge	400	food_share	54.66821525358139	0.0	within
max_knowledge	400	defense_share	2.2908865185785827	0.0	within
max_knowledge	400	diet	0.7269111438393244	-0.18580131754180096	
max_knowledge	400	health	0.9699992713994295	-7.286005703210918e-07	
max_knowledge	400	labor_efficiency	0.9257803088524407	-0.02084780405606912	
max_knowledge	400	cap_production	0.6273200913532865	-0.070920031993424	
max_knowledge	400	craft_output	0.08933842206684299	-0.24883315933783545	
max_knowledge	400	tool_quality	0.05797999028980879	-0.2354156494238329	
max_knowledge	400	cap_infrastructure	0.5853076998417549	-0.10117556916405435	
max_knowledge	400	housing_ratio	1.12	0.02100980737353475	
max_knowledge	400	construction_rate	0.05486499981286134	-0.265408466757221	
max_knowledge	400	cap_logistics	0.2639688524270262	-0.1365514042144409	
max_knowledge	400	trade_capacity	0.13383498786856887	-0.13305735996077986	
max_knowledge	400	ecology	0.4730930032484955	0.0	
max_knowledge	400	ground_health	0.9807798596096403	0.2389041625370043	
max_knowledge	400	cap_institutions	0.6467954526267184	-0.07402355454487253	
max_knowledge	400	legitimacy	0.8510212916418757	-0.048970574838340664	
max_knowledge	400	state_capacity	0.10993721903139568	-0.15681324511871086	
max_knowledge	400	cap_security	0.48245858897537114	-0.11487452590165786	
max_knowledge	400	warfare_readiness	0.028209995119567486	-0.25823294929536744	
max_knowledge	400	cap_culture	0.6872873999840063	-0.15369117239491226	
max_knowledge	400	cohesion	0.8122448633558162	-0.03258659557528898	
max_knowledge	400	known	123.66666666666667	-677.3333333333334	
max_knowledge	400	per_century	9.333333333333334	-41.666666666666664	
max_knowledge	400	per_50	4.700854700854701	-9.4017094017094	below low
max_knowledge	400	education	0.7386496187465283	-0.06570121627470915	
max_knowledge	400	art_found	497.3333333333333	-62.666666666666686	
max_knowledge	400	art_studied	370.6666666666667	-189.33333333333331	
max_knowledge	400	art_bonus	0.31427999999999995	0.06457999999999994	
max_knowledge	400	allure	0.6124574799968012	-0.030738234478982496	
max_knowledge	400	line_knowledge	4.333333333333333	-4.666666666666667	
max_knowledge	400	line_institutions	3.0	-1.0	
max_knowledge	400	line_culture	0.0	-6.0	
max_knowledge	400	line_labor	0.0	-5.0	
max_knowledge	400	line_production	2.0	-3.0	
max_knowledge	400	line_infrastructure	0.0	-8.0	
max_knowledge	400	line_nutrition	0.0	-5.0	
max_knowledge	400	line_health	0.0	-1.0	
max_knowledge	400	line_demography	0.0	0.0	
max_knowledge	400	line_logistics	0.0	-4.0	
max_knowledge	400	line_ecology	0.0	0.0	
max_knowledge	400	line_security	0.0	-4.0	
max_knowledge	500	population	98.51976939931967	-2367.6291702779913	within
max_knowledge	500	growth_pct	0.020813833319740144	-0.3444304189561098	within
max_knowledge	500	life_expectancy	22.163165877546366	-4.422821903236596	within
max_knowledge	500	infant_mortality	297.8949883472067	74.65739778116841	within
max_knowledge	500	child_mortality_1_4	262.613463082327	49.368544308964545	below low
max_knowledge	500	maternal_per_100k	1832.9938900203986	645.2447101209393	below low
max_knowledge	500	tfr	5.608535006407448	0.44592082022012214	within
max_knowledge	500	cbr	46.107277698641184	3.9915296444684074	within
max_knowledge	500	cdr	45.89916305696723	7.419141334626033	below low
max_knowledge	500	food_per_worker	5.027336559330618	-1.0208454040524337	
max_knowledge	500	food_security	0.9728290740186144	-0.007170925981385579	
max_knowledge	500	food_share	53.33488192024718	0.0	within
max_knowledge	500	defense_share	2.3582678355770943	0.0	within
max_knowledge	500	diet	0.7296817903529211	-0.14923688801349078	
max_knowledge	500	health	0.9699999999498802	-5.011968617907314e-11	
max_knowledge	500	labor_efficiency	0.9232303581605591	-0.028372395481640833	
max_knowledge	500	cap_production	0.6243364375296734	-0.08619746257656902	
max_knowledge	500	craft_output	0.09017999968702382	-0.28328755383473175	
max_knowledge	500	tool_quality	0.0579799999999964	-0.2504199934375308	
max_knowledge	500	cap_infrastructure	0.5868583235916948	-0.1163878434268184	
max_knowledge	500	housing_ratio	1.12	0.022153643848949356	
max_knowledge	500	construction_rate	0.06347957550941549	-0.32169026038940773	
max_knowledge	500	cap_logistics	0.2671022820276554	-0.16629271365219012	
max_knowledge	500	trade_capacity	0.13855942728340037	-0.17970653509154166	
max_knowledge	500	ecology	0.5455106349604961	0.0	
max_knowledge	500	ground_health	0.9791983028164614	0.2530485018363291	
max_knowledge	500	cap_institutions	0.6540714263045949	-0.08600086573590138	
max_knowledge	500	legitimacy	0.8545713807800728	-0.05330528581176275	
max_knowledge	500	state_capacity	0.12180644417455433	-0.19417810824396625	
max_knowledge	500	cap_security	0.4888487720773089	-0.1359420925075504	
max_knowledge	500	warfare_readiness	0.028209999999998583	-0.30810251883424	
max_knowledge	500	cap_culture	0.6946074354876527	-0.15266256075477203	
max_knowledge	500	cohesion	0.817055077485836	-0.03494651709129393	
max_knowledge	500	known	133.66666666666666	-760.3333333333334	
max_knowledge	500	per_century	4.666666666666667	-37.333333333333336	
max_knowledge	500	per_50	7.407407407407407	-14.814814814814817	below low
max_knowledge	500	education	0.7405082428821358	-0.08324190040059598	
max_knowledge	500	art_found	499.6666666666667	-60.333333333333314	
max_knowledge	500	art_studied	476.6666666666667	-83.33333333333331	
max_knowledge	500	art_bonus	0.34704	0.07536000000000004	
max_knowledge	500	allure	0.6139214870975306	-0.030532512150954316	
max_knowledge	500	line_knowledge	4.666666666666667	-1.666666666666666	
max_knowledge	500	line_institutions	0.0	-3.0	
max_knowledge	500	line_culture	0.0	-3.0	
max_knowledge	500	line_labor	0.0	-1.6666666666666667	
max_knowledge	500	line_production	0.0	-5.0	
max_knowledge	500	line_infrastructure	0.0	-7.0	
max_knowledge	500	line_nutrition	0.0	-2.0	
max_knowledge	500	line_health	0.0	-2.0	
max_knowledge	500	line_demography	0.0	-1.0	
max_knowledge	500	line_logistics	0.0	-1.0	
max_knowledge	500	line_ecology	0.0	-5.0	
max_knowledge	500	line_security	0.0	-5.0	
max_knowledge	600	population	101.16011405157276	-3188.8601254920304	within
max_knowledge	600	growth_pct	0.03076569419262487	-0.24158112276093657	within
max_knowledge	600	life_expectancy	21.8370095101716	-4.69901011878234	below low
max_knowledge	600	infant_mortality	301.60772437510246	78.13808783940343	below low
max_knowledge	600	child_mortality_1_4	266.1034941754004	52.129519091036684	below low
max_knowledge	600	maternal_per_100k	1832.9938900203713	662.5570890925151	below low
max_knowledge	600	tfr	5.613730934547188	0.5636284850780191	within
max_knowledge	600	cbr	46.12992752505942	4.81864594114181	ABOVE HIGH
max_knowledge	600	cdr	45.82232418752491	7.226625229084931	below low
max_knowledge	600	food_per_worker	4.914659007569527	-0.7710183767458823	
max_knowledge	600	food_security	0.9647122336886268	-0.015287766311373185	
max_knowledge	600	food_share	52.001548586913	0.0	within
max_knowledge	600	defense_share	2.425649152575606	0.0	within
max_knowledge	600	diet	0.7280355781051416	-0.13004125266990496	
max_knowledge	600	health	0.9699999996981775	-3.0182234489473103e-10	
max_knowledge	600	labor_efficiency	0.9253140260854423	-0.0314138897941626	
max_knowledge	600	cap_production	0.6264865464828956	-0.09033079764036211	
max_knowledge	600	craft_output	0.09017999999999976	-0.3382200000000003	
max_knowledge	600	tool_quality	0.057979999999999775	-0.25041999999999964	
max_knowledge	600	cap_infrastructure	0.5950762999999623	-0.12091969927540813	
max_knowledge	600	housing_ratio	1.12	0.011058570823345715	
max_knowledge	600	construction_rate	0.10913499999978982	-0.31926500000021024	
max_knowledge	600	cap_logistics	0.27020975829727983	-0.17458796393493148	
max_knowledge	600	trade_capacity	0.14732197593210825	-0.19317799788717668	
max_knowledge	600	ecology	0.6179206053486743	0.0	
max_knowledge	600	ground_health	0.9766887912792112	0.25223676419241214	
max_knowledge	600	cap_institutions	0.6597218912275726	-0.09082270798917491	
max_knowledge	600	legitimacy	0.85829505252507	-0.056087345229271834	
max_knowledge	600	state_capacity	0.12655499773033338	-0.20594495201302862	
max_knowledge	600	cap_security	0.49905201431861784	-0.15486988108061955	
max_knowledge	600	warfare_readiness	0.03441999999993359	-0.3582799771721984	
max_knowledge	600	cap_culture	0.7003349986992143	-0.15550202058476148	
max_knowledge	600	cohesion	0.8215024722460518	-0.038744494048804756	
max_knowledge	600	known	141.66666666666666	-808.3333333333334	
max_knowledge	600	per_century	4.0	-14.0	
max_knowledge	600	per_50	2.9239766081871346	-16.374269005847953	below low
max_knowledge	600	education	0.7466080923878007	-0.08813699410087938	
max_knowledge	600	art_found	501.3333333333333	-58.666666666666686	
max_knowledge	600	art_studied	501.3333333333333	-58.666666666666686	
max_knowledge	600	art_bonus	0.36774	0.08214000000000005	
max_knowledge	600	allure	0.6150669997398429	-0.03110040411695225	
max_knowledge	600	line_knowledge	4.0	2.0	
max_knowledge	600	line_institutions	0.0	0.0	
max_knowledge	600	line_culture	0.0	-2.0	
max_knowledge	600	line_labor	0.0	-1.0	
max_knowledge	600	line_production	0.0	-4.0	
max_knowledge	600	line_infrastructure	0.0	-2.0	
max_knowledge	600	line_nutrition	0.0	0.0	
max_knowledge	600	line_health	0.0	-1.0	
max_knowledge	600	line_demography	0.0	0.0	
max_knowledge	600	line_logistics	0.0	-2.0	
max_knowledge	600	line_ecology	0.0	-2.0	
max_knowledge	600	line_security	0.0	-2.0	
max_institutions	100	population	95.42883787294012	-41.35477468952611	within
max_institutions	100	growth_pct	0.06365229921330151	-0.5115804554265709	within
max_institutions	100	life_expectancy	22.381955086519593	-3.0964694831342463	within
max_institutions	100	infant_mortality	296.1020555914059	56.00794365730468	within
max_institutions	100	child_mortality_1_4	260.80669576928494	35.910478147847385	below low
max_institutions	100	maternal_per_100k	1847.1109813752528	439.02859932989395	within
max_institutions	100	tfr	5.638498051898643	-0.11618652497015702	within
max_institutions	100	cbr	46.15659631776085	0.7595257756137102	within
max_institutions	100	cdr	45.52032980298446	5.819993416126323	within
max_institutions	100	food_per_worker	4.458913691583203	-1.1125112994366315	
max_institutions	100	food_security	0.9799934045855654	-6.595414434595881e-06	
max_institutions	100	food_share	60.00232288037168	0.0	within
max_institutions	100	defense_share	2.0213221209000527	0.0	within
max_institutions	100	diet	0.7035114447648051	-0.098564947428873	
max_institutions	100	health	0.9699999999999999	0.0	
max_institutions	100	labor_efficiency	0.9299420586447317	0.000993571712052832	
max_institutions	100	cap_production	0.6259864248847188	-0.022568845276369487	
max_institutions	100	craft_output	0.014590330824401592	-0.09868171791691267	
max_institutions	100	tool_quality	0.052416143740951084	-0.07358800522494646	
max_institutions	100	cap_infrastructure	0.5802435711544897	-0.050392366488159146	
max_institutions	100	housing_ratio	1.12	0.02328829342716432	
max_institutions	100	construction_rate	0.029019057204169776	-0.11902696776257143	
max_institutions	100	cap_logistics	0.22474392418689235	-0.06294317116072765	
max_institutions	100	trade_capacity	0.0203422747645784	-0.11523705109313515	
max_institutions	100	ecology	0.17906000584580598	0.0	
max_institutions	100	ground_health	0.9999999968869272	0.023985156628490434	
max_institutions	100	cap_institutions	0.6489105130385192	0.014445526160248967	
max_institutions	100	legitimacy	0.8562761751491491	0.005598553054613986	
max_institutions	100	state_capacity	0.1356654800015333	0.024411431899259553	
max_institutions	100	cap_security	0.4642844211974917	-0.03697679053948244	
max_institutions	100	warfare_readiness	0.028017051211701713	-0.10037153757194427	
max_institutions	100	cap_culture	0.6700765781631756	-0.12271276543878329	
max_institutions	100	cohesion	0.8089926373307668	0.001118582139845281	
max_institutions	100	known	66.0	-229.33333333333331	
max_institutions	100	per_century	21.0	-119.66666666666666	
max_institutions	100	per_50	5.932203389830509	-45.76271186440678	below low
max_institutions	100	education	0.714902320230879	-0.025471910881385562	
max_institutions	100	art_found	371.0	-30.333333333333314	
max_institutions	100	art_studied	82.66666666666667	29.333333333333336	
max_institutions	100	art_bonus	0.10919999999999973	-0.05760000000000014	
max_institutions	100	allure	0.6090153156324071	-0.02454255307805009	
max_institutions	100	line_knowledge	2.0	-7.333333333333334	
max_institutions	100	line_institutions	10.0	-0.3333333333333339	
max_institutions	100	line_culture	4.0	-10.666666666666666	
max_institutions	100	line_labor	0.0	-13.0	
max_institutions	100	line_production	1.0	-13.0	
max_institutions	100	line_infrastructure	1.0	-9.0	
max_institutions	100	line_nutrition	3.0	-12.0	
max_institutions	100	line_health	0.0	-12.333333333333334	
max_institutions	100	line_demography	0.0	-12.0	
max_institutions	100	line_logistics	0.0	-11.0	
max_institutions	100	line_ecology	0.0	-10.666666666666666	
max_institutions	100	line_security	0.0	-8.333333333333334	
max_institutions	200	population	100.69565702768642	-228.01859095734204	within
max_institutions	200	growth_pct	0.054906410275264626	-0.8741169904799968	within
max_institutions	200	life_expectancy	22.35970096389975	-4.585468475094473	within
max_institutions	200	infant_mortality	296.2214158256488	74.84836950870576	within
max_institutions	200	child_mortality_1_4	261.0296119312834	51.92861938806132	below low
max_institutions	200	maternal_per_100k	1832.9938900203533	533.3214156699887	within
max_institutions	200	tfr	5.607629587357716	-0.2818230661376333	within
max_institutions	200	cbr	46.01258196870901	-0.2549802586558201	within
max_institutions	200	cdr	45.46370300549336	8.282187066679	within
max_institutions	200	food_per_worker	4.793021403856286	-1.1774982510785215	
max_institutions	200	food_security	0.9799775196196979	-2.248038030205901e-05	
max_institutions	200	food_share	58.002322880371565	0.0	within
max_institutions	200	defense_share	2.122394096397761	0.0	within
max_institutions	200	diet	0.7110684120135153	-0.17954227940904655	
max_institutions	200	health	0.9699999999999999	0.0	
max_institutions	200	labor_efficiency	0.9325521433194298	0.0009226475358807829	
max_institutions	200	cap_production	0.6288923585352034	-0.03284330669565649	
max_institutions	200	craft_output	0.02239857776324604	-0.1929579189679418	
max_institutions	200	tool_quality	0.05412507477502662	-0.1326907329848994	
max_institutions	200	cap_infrastructure	0.5815756622503753	-0.07802005647307242	
max_institutions	200	housing_ratio	1.12	0.02435174981810362	
max_institutions	200	construction_rate	0.03385853783196804	-0.1800285859688605	
max_institutions	200	cap_logistics	0.23209343117456652	-0.10099035083067473	
max_institutions	200	trade_capacity	0.04937658872629656	-0.15438447494944776	
max_institutions	200	ecology	0.2865472717805586	0.0	
max_institutions	200	ground_health	0.9999999999999978	0.12794009880260593	
max_institutions	200	cap_institutions	0.6650310342158341	-0.015442294490002006	
max_institutions	200	legitimacy	0.8653354490717126	-0.014039764699998791	
max_institutions	200	state_capacity	0.16026448850430716	-0.026349803433555696	
max_institutions	200	cap_security	0.4729236359753087	-0.07624563677869406	
max_institutions	200	warfare_readiness	0.028038313075340576	-0.19179129451746532	
max_institutions	200	cap_culture	0.6797182058062562	-0.1383092328592449	
max_institutions	200	cohesion	0.818265398447443	-0.006042971534148789	
max_institutions	200	known	89.0	-463.33333333333337	
max_institutions	200	per_century	4.0	-101.33333333333333	
max_institutions	200	per_50	0.0	-44.96124031007752	below low
max_institutions	200	education	0.7213060258805598	-0.04756760575196739	
max_institutions	200	art_found	484.0	-62.33333333333337	
max_institutions	200	art_studied	177.0	12.666666666666657	
max_institutions	200	art_bonus	0.12031499999999999	-0.07768500000000005	
max_institutions	200	allure	0.6109436411612511	-0.027661846571849114	
max_institutions	200	line_knowledge	0.0	-10.0	
max_institutions	200	line_institutions	3.0	-5.333333333333334	
max_institutions	200	line_culture	1.0	-6.0	
max_institutions	200	line_labor	0.0	-6.0	
max_institutions	200	line_production	0.0	-17.333333333333332	
max_institutions	200	line_infrastructure	0.0	-5.333333333333333	
max_institutions	200	line_nutrition	0.0	-20.0	
max_institutions	200	line_health	0.0	-4.666666666666667	
max_institutions	200	line_demography	0.0	-3.0	
max_institutions	200	line_logistics	0.0	-8.0	
max_institutions	200	line_ecology	0.0	-9.666666666666666	
max_institutions	200	line_security	0.0	-6.0	
max_institutions	300	population	107.01721683336127	-736.8774911640614	within
max_institutions	300	growth_pct	0.06280498241741928	-0.8897830512159052	within
max_institutions	300	life_expectancy	22.358834032288044	-4.721636724897351	within
max_institutions	300	infant_mortality	296.23089250727105	76.45497102106097	within
max_institutions	300	child_mortality_1_4	261.0385896436973	52.964014961767674	below low
max_institutions	300	maternal_per_100k	1832.9938900203804	552.8779384303571	below low
max_institutions	300	tfr	5.618572346413722	-0.2546125749232502	within
max_institutions	300	cbr	46.093166438571416	-0.04887995344815721	within
max_institutions	300	cdr	45.46536531460083	8.630465598151751	below low
max_institutions	300	food_per_worker	4.980231637556223	-0.9116967887525824	
max_institutions	300	food_security	0.9799569435549843	-4.3056445015676736e-05	
max_institutions	300	food_share	56.00232288037221	0.0	within
max_institutions	300	defense_share	2.223466071895432	0.0	within
max_institutions	300	diet	0.7153287268453116	-0.2063738157034385	
max_institutions	300	health	0.9699999999999999	0.0	
max_institutions	300	labor_efficiency	0.9340374658911994	-0.0031472835879685634	
max_institutions	300	cap_production	0.6311716423816284	-0.04443517143410691	
max_institutions	300	craft_output	0.022403113611782644	-0.24534708139654315	
max_institutions	300	tool_quality	0.05417308681360559	-0.17028132807876994	
max_institutions	300	cap_infrastructure	0.5815771441773104	-0.09296387147265095	
max_institutions	300	housing_ratio	1.12	0.01947782680464938	
max_institutions	300	construction_rate	0.03386032776980165	-0.2423962261817319	
max_institutions	300	cap_logistics	0.23698183547666785	-0.13476424134429282	
max_institutions	300	trade_capacity	0.05485536992211817	-0.17585728670567174	
max_institutions	300	ecology	0.39516064478294677	0.0	
max_institutions	300	ground_health	0.9999999999999979	0.21215189706428617	
max_institutions	300	cap_institutions	0.6772918163172535	-0.023567693053833993	
max_institutions	300	legitimacy	0.8722962027306927	-0.017594246496501542	
max_institutions	300	state_capacity	0.1762951180468043	-0.04941067135630706	
max_institutions	300	cap_security	0.4809828778264284	-0.093105358700245	
max_institutions	300	warfare_readiness	0.028067483985351582	-0.22157238741459603	
max_institutions	300	cap_culture	0.6873357052163923	-0.14186428074096868	
max_institutions	300	cohesion	0.8259496777559057	-0.007756553612145223	
max_institutions	300	known	105.66666666666667	-578.0	
max_institutions	300	per_century	10.666666666666666	-34.333333333333336	
max_institutions	300	per_50	0.8438818565400844	-17.721518987341774	below low
max_institutions	300	education	0.7231303979492439	-0.0659916606226183	
max_institutions	300	art_found	510.3333333333333	-49.666666666666686	
max_institutions	300	art_studied	281.3333333333333	-183.33333333333337	
max_institutions	300	art_bonus	0.1330875	-0.08921250000000003	
max_institutions	300	allure	0.6124671410432784	-0.028372856148193737	
max_institutions	300	line_knowledge	3.0	-0.6666666666666665	
max_institutions	300	line_institutions	1.6666666666666667	-1.9999999999999998	
max_institutions	300	line_culture	1.6666666666666667	-1.3333333333333333	
max_institutions	300	line_labor	0.0	-1.0	
max_institutions	300	line_production	0.3333333333333333	-3.6666666666666665	
max_institutions	300	line_infrastructure	0.0	-9.333333333333334	
max_institutions	300	line_nutrition	1.0	-4.0	
max_institutions	300	line_health	0.0	-3.0	
max_institutions	300	line_demography	3.0	3.0	
max_institutions	300	line_logistics	0.0	-6.333333333333333	
max_institutions	300	line_ecology	0.0	-3.0	
max_institutions	300	line_security	0.0	-3.0	
max_institutions	400	population	114.46398794695016	-1520.7451042785658	within
max_institutions	400	growth_pct	0.0682240944943846	-0.5010040311548799	within
max_institutions	400	life_expectancy	22.360648354855908	-4.329389364592579	within
max_institutions	400	infant_mortality	296.21106095912734	74.13800089174691	within
max_institutions	400	child_mortality_1_4	261.01980200201575	49.146396720940686	below low
max_institutions	400	maternal_per_100k	1832.9938900203608	626.7179270659849	below low
max_institutions	400	tfr	5.62544770481492	0.2303696891571576	within
max_institutions	400	cbr	46.14390258261404	2.4148774422847694	within
max_institutions	400	cdr	45.461960344794	7.371275665650288	below low
max_institutions	400	food_per_worker	5.082498165703373	-0.8036361218839687	
max_institutions	400	food_security	0.9799999999999436	-5.662137425588298e-15	
max_institutions	400	food_share	54.66821525358139	0.0	within
max_institutions	400	defense_share	2.2908865185785827	0.0	within
max_institutions	400	diet	0.7183174978964278	-0.19439496348469754	
max_institutions	400	health	0.9699999999999999	0.0	
max_institutions	400	labor_efficiency	0.9318422875625475	-0.014785825345962289	
max_institutions	400	cap_production	0.6287638398148115	-0.06947628353189894	
max_institutions	400	craft_output	0.02767314937316952	-0.31049843203150895	
max_institutions	400	tool_quality	0.0542265331200821	-0.23916910659355958	
max_institutions	400	cap_infrastructure	0.5822525651027827	-0.10423070390302658	
max_institutions	400	housing_ratio	1.12	0.02100980737353475	
max_institutions	400	construction_rate	0.03760867717404539	-0.282664789396037	
max_institutions	400	cap_logistics	0.247682076523807	-0.15283818011766012	
max_institutions	400	trade_capacity	0.0683648888971994	-0.19852745893214935	
max_institutions	400	ecology	0.4730930032484955	0.0	
max_institutions	400	ground_health	0.9999999999999981	0.2581243029273621	
max_institutions	400	cap_institutions	0.6872066893590804	-0.03361231781251062	
max_institutions	400	legitimacy	0.8769334908662326	-0.023058375613983717	
max_institutions	400	state_capacity	0.19517569768654242	-0.07157476646356414	
max_institutions	400	cap_security	0.4865581938543098	-0.11077492102271919	
max_institutions	400	warfare_readiness	0.02810027498808182	-0.25834266942685313	
max_institutions	400	cap_culture	0.6896504678469274	-0.1513281045319912	
max_institutions	400	cohesion	0.829811706482532	-0.015019752448573231	
max_institutions	400	known	121.66666666666667	-679.3333333333334	
max_institutions	400	per_century	8.666666666666666	-42.333333333333336	
max_institutions	400	per_50	1.2820512820512822	-12.82051282051282	below low
max_institutions	400	education	0.7306444718089901	-0.07370636321224744	
max_institutions	400	art_found	515.3333333333334	-44.66666666666663	
max_institutions	400	art_studied	399.6666666666667	-160.33333333333331	
max_institutions	400	art_bonus	0.1436175	-0.1060825	
max_institutions	400	allure	0.6129300935693855	-0.030265620906398172	
max_institutions	400	line_knowledge	3.6666666666666665	-5.333333333333334	
max_institutions	400	line_institutions	3.0	-1.0	
max_institutions	400	line_culture	0.0	-6.0	
max_institutions	400	line_labor	0.0	-5.0	
max_institutions	400	line_production	0.0	-5.0	
max_institutions	400	line_infrastructure	1.0	-7.0	
max_institutions	400	line_nutrition	0.0	-5.0	
max_institutions	400	line_health	0.0	-1.0	
max_institutions	400	line_demography	0.0	0.0	
max_institutions	400	line_logistics	1.0	-3.0	
max_institutions	400	line_ecology	0.0	0.0	
max_institutions	400	line_security	0.0	-4.0	
max_institutions	500	population	126.04461211320528	-2340.1043275641055	within
max_institutions	500	growth_pct	0.10324716653835608	-0.26199708573749386	within
max_institutions	500	life_expectancy	22.659388819493756	-3.926598961289205	within
max_institutions	500	infant_mortality	291.4460774202135	68.20848685417519	within
max_institutions	500	child_mortality_1_4	257.0015900528577	43.756671279495265	below low
max_institutions	500	maternal_per_100k	1832.993890020397	645.2447101209377	below low
max_institutions	500	tfr	5.622479188745017	0.4598650025576916	within
max_institutions	500	cbr	46.06091642521228	3.9451683710395002	within
max_institutions	500	cdr	45.02920627556798	6.54918455322678	below low
max_institutions	500	food_per_worker	5.345592757702449	-0.7025892056806029	
max_institutions	500	food_security	0.98	0.0	
max_institutions	500	food_share	53.33488192024718	0.0	within
max_institutions	500	defense_share	2.3582678355770943	0.0	within
max_institutions	500	diet	0.7337173555446084	-0.14520132282180354	
max_institutions	500	health	0.9699999999999999	0.0	
max_institutions	500	labor_efficiency	0.9287211890009264	-0.022881564641273555	
max_institutions	500	cap_production	0.629791755987641	-0.08074214411860137	
max_institutions	500	craft_output	0.06499590849632422	-0.30847164502543134	
max_institutions	500	tool_quality	0.08617094872214952	-0.2222290447153777	
max_institutions	500	cap_infrastructure	0.5911924977131614	-0.11205366930535177	
max_institutions	500	housing_ratio	1.12	0.022153643848949356	
max_institutions	500	construction_rate	0.07731663827787054	-0.30785319762095265	
max_institutions	500	cap_logistics	0.2535200741143347	-0.17987492156551083	
max_institutions	500	trade_capacity	0.07397806806729719	-0.24428789430764486	
max_institutions	500	ecology	0.5455106349604961	0.0	
max_institutions	500	ground_health	0.9999999999999982	0.27385019901986596	
max_institutions	500	cap_institutions	0.6944707097318704	-0.045601582308625876	
max_institutions	500	legitimacy	0.8811213446502782	-0.026755321941557275	
max_institutions	500	state_capacity	0.20415498259748718	-0.1118295698210334	
max_institutions	500	cap_security	0.4977051042768414	-0.12708576030801794	
max_institutions	500	warfare_readiness	0.04598573285461625	-0.2903267859796223	
max_institutions	500	cap_culture	0.6924773868560815	-0.1547926093863432	
max_institutions	500	cohesion	0.8332695027863594	-0.01873209179077051	
max_institutions	500	known	162.0	-732.0	
max_institutions	500	per_century	12.333333333333334	-29.666666666666664	
max_institutions	500	per_50	4.232804232804233	-17.989417989417994	below low
max_institutions	500	education	0.7342666969705337	-0.08948344631219807	
max_institutions	500	art_found	517.6666666666666	-42.33333333333337	
max_institutions	500	art_studied	516.3333333333334	-43.66666666666663	
max_institutions	500	art_bonus	0.15470000000000003	-0.11697999999999995	
max_institutions	500	allure	0.6134954773712162	-0.030958521877268663	
max_institutions	500	line_knowledge	3.3333333333333335	-2.9999999999999996	
max_institutions	500	line_institutions	6.333333333333333	3.333333333333333	
max_institutions	500	line_culture	1.0	-2.0	
max_institutions	500	line_labor	1.0	-0.6666666666666667	
max_institutions	500	line_production	0.0	-5.0	
max_institutions	500	line_infrastructure	0.6666666666666666	-6.333333333333333	
max_institutions	500	line_nutrition	0.0	-2.0	
max_institutions	500	line_health	0.0	-2.0	
max_institutions	500	line_demography	0.0	-1.0	
max_institutions	500	line_logistics	0.0	-1.0	
max_institutions	500	line_ecology	0.0	-5.0	
max_institutions	500	line_security	0.0	-5.0	
max_institutions	600	population	140.11607679019136	-3149.9041627534116	within
max_institutions	600	growth_pct	0.10640295316024506	-0.16594386379331638	within
max_institutions	600	life_expectancy	22.659392774767014	-3.8766268541869273	within
max_institutions	600	infant_mortality	291.4459977451931	67.97636120949406	within
max_institutions	600	child_mortality_1_4	257.00152948580455	43.02755440144085	below low
max_institutions	600	maternal_per_100k	1832.9938900203658	662.5570890925096	below low
max_institutions	600	tfr	5.626062142157995	0.5759596926888255	within
max_institutions	600	cbr	46.094395567393356	4.783113983475744	ABOVE HIGH
max_institutions	600	cdr	45.031182213066394	6.435483254626412	below low
max_institutions	600	food_per_worker	5.12700674900464	-0.5586706353107687	
max_institutions	600	food_security	0.98	0.0	
max_institutions	600	food_share	52.001548586913	0.0	within
max_institutions	600	defense_share	2.425649152575606	0.0	within
max_institutions	600	diet	0.7319608303447159	-0.12611600043033067	
max_institutions	600	health	0.9699999999999999	0.0	
max_institutions	600	labor_efficiency	0.9268582140301783	-0.02986970184942661	
max_institutions	600	cap_production	0.632633057313341	-0.08418428680991674	
max_institutions	600	craft_output	0.08734252471541809	-0.34105747528458197	
max_institutions	600	tool_quality	0.09179242215308396	-0.21660757784691542	
max_institutions	600	cap_infrastructure	0.5953234920269493	-0.12067250724842105	
max_institutions	600	housing_ratio	1.0958475603425137	-0.013093868834140654	
max_institutions	600	construction_rate	0.09782691716324647	-0.3305730828367536	
max_institutions	600	cap_logistics	0.2574681053840042	-0.1873296168482071	
max_institutions	600	trade_capacity	0.11237008378044178	-0.22812989003884315	
max_institutions	600	ecology	0.6179206053486743	0.0	
max_institutions	600	ground_health	0.9999999999999982	0.2755479729131992	
max_institutions	600	cap_institutions	0.7029253663674272	-0.04761923284932035	
max_institutions	600	legitimacy	0.8846134757761632	-0.029768921978178597	
max_institutions	600	state_capacity	0.21838155634979972	-0.11411839339356228	
max_institutions	600	cap_security	0.5020777490064777	-0.15184414639275967	
max_institutions	600	warfare_readiness	0.04601251985161542	-0.3466874573205166	
max_institutions	600	cap_culture	0.6942994066006124	-0.16153761268336342	
max_institutions	600	cohesion	0.8340533886241638	-0.026193577670692747	
max_institutions	600	known	184.0	-766.0	
max_institutions	600	per_century	1.0	-17.0	
max_institutions	600	per_50	0.0	-19.29824561403509	below low
max_institutions	600	education	0.7374038171912191	-0.09734126929746101	
max_institutions	600	art_found	518.3333333333334	-41.66666666666663	
max_institutions	600	art_studied	518.3333333333334	-41.66666666666663	
max_institutions	600	art_bonus	0.16737500000000002	-0.11822499999999994	
max_institutions	600	allure	0.6138598813201225	-0.032307522536672684	
max_institutions	600	line_knowledge	1.0	-1.0	
max_institutions	600	line_institutions	0.0	0.0	
max_institutions	600	line_culture	0.0	-2.0	
max_institutions	600	line_labor	0.0	-1.0	
max_institutions	600	line_production	0.0	-4.0	
max_institutions	600	line_infrastructure	0.0	-2.0	
max_institutions	600	line_nutrition	0.0	0.0	
max_institutions	600	line_health	0.0	-1.0	
max_institutions	600	line_demography	0.0	0.0	
max_institutions	600	line_logistics	0.0	-2.0	
max_institutions	600	line_ecology	0.0	-2.0	
max_institutions	600	line_security	0.0	-2.0	
max_culture	100	population	95.48001716466507	-41.30359539780116	within
max_culture	100	growth_pct	0.029316733585016408	-0.545916021054856	within
max_culture	100	life_expectancy	22.190678680229215	-3.287745889424624	within
max_culture	100	infant_mortality	297.09235472976167	56.998242795660474	within
max_culture	100	child_mortality_1_4	262.01649890789054	37.12028128645298	below low
max_culture	100	maternal_per_100k	1847.1357657424442	439.05338369708534	within
max_culture	100	tfr	5.619433130299645	-0.13525144656915522	within
max_culture	100	cbr	46.11367759239741	0.7166070502502677	within
max_culture	100	cdr	45.820558527579884	6.120222140721744	within
max_culture	100	food_per_worker	4.514892875551626	-1.0565321154682081	
max_culture	100	food_security	0.98	0.0	
max_culture	100	food_share	60.00232288037168	0.0	within
max_culture	100	defense_share	2.0213221209000527	0.0	within
max_culture	100	diet	0.7060561391772876	-0.0960202530163905	
max_culture	100	health	0.9699999999999999	0.0	
max_culture	100	labor_efficiency	0.9218226790660612	-0.0071258078666176505	
max_culture	100	cap_production	0.6193473686801148	-0.02920790148097352	
max_culture	100	craft_output	0.044278624150399924	-0.06899342459091434	
max_culture	100	tool_quality	0.05316752411174495	-0.0728366248541526	
max_culture	100	cap_infrastructure	0.5801201962104948	-0.05051574143215398	
max_culture	100	housing_ratio	1.12	0.02328829342716432	
max_culture	100	construction_rate	0.03618462443059514	-0.11186140053614607	
max_culture	100	cap_logistics	0.23284864771210864	-0.05483844763551135	
max_culture	100	trade_capacity	0.0532455451494657	-0.08233378070824784	
max_culture	100	ecology	0.17906000584580598	0.0	
max_culture	100	ground_health	0.9999999999999732	0.023985159741536477	
max_culture	100	cap_institutions	0.6207831228063125	-0.013681864071957706	
max_culture	100	legitimacy	0.8486088214376158	-0.0020688006569192785	
max_culture	100	state_capacity	0.038306160094691254	-0.0729478880075825	
max_culture	100	cap_security	0.46043405981472496	-0.04082715192224917	
max_culture	100	warfare_readiness	0.03482537764089294	-0.09356321114275304	
max_culture	100	cap_culture	0.6666474783098506	-0.12614186529210825	
max_culture	100	cohesion	0.8029799663072384	-0.004894088883683034	
max_culture	100	known	88.0	-207.33333333333331	
max_culture	100	per_century	31.0	-109.66666666666666	
max_culture	100	per_50	5.084745762711864	-46.610169491525426	below low
max_culture	100	education	0.7144397482348449	-0.025934482877419618	
max_culture	100	art_found	370.6666666666667	-30.66666666666663	
max_culture	100	art_studied	82.33333333333333	28.999999999999993	
max_culture	100	art_bonus	0.10686000000000001	-0.059939999999999855	
max_culture	100	allure	0.6083294956619002	-0.025228373048556962	
max_culture	100	line_knowledge	6.0	-3.333333333333334	
max_culture	100	line_institutions	5.0	-5.333333333333334	
max_culture	100	line_culture	10.0	-4.666666666666666	
max_culture	100	line_labor	5.0	-8.0	
max_culture	100	line_production	0.0	-14.0	
max_culture	100	line_infrastructure	3.0	-7.0	
max_culture	100	line_nutrition	1.0	-14.0	
max_culture	100	line_health	0.0	-12.333333333333334	
max_culture	100	line_demography	0.0	-12.0	
max_culture	100	line_logistics	1.0	-10.0	
max_culture	100	line_ecology	0.0	-10.666666666666666	
max_culture	100	line_security	0.0	-8.333333333333334	
max_culture	200	population	98.30569895466643	-230.40854903036205	within
max_culture	200	growth_pct	0.031448611964068895	-0.8975747887911926	within
max_culture	200	life_expectancy	22.165695950813	-4.779473488181225	within
max_culture	200	infant_mortality	297.256735745849	75.88368942890597	within
max_culture	200	child_mortality_1_4	262.28036600669157	53.17937346346949	below low
max_culture	200	maternal_per_100k	1832.9938900203726	533.321415670008	within
max_culture	200	tfr	5.613600355913941	-0.27585229758140883	within
max_culture	200	cbr	46.10027324595555	-0.1672889814092784	within
max_culture	200	cdr	45.78584304781953	8.604327109005176	below low
max_culture	200	food_per_worker	4.856909651671314	-1.113610003263493	
max_culture	200	food_security	0.9799940553227756	-5.944677224367645e-06	
max_culture	200	food_share	58.002322880371565	0.0	within
max_culture	200	defense_share	2.122394096397761	0.0	within
max_culture	200	diet	0.717995946794502	-0.17261474462805992	
max_culture	200	health	0.9699999999999999	0.0	
max_culture	200	labor_efficiency	0.9241308989922304	-0.00749859679131859	
max_culture	200	cap_production	0.6203395709732978	-0.04139609425756208	
max_culture	200	craft_output	0.0446441996214749	-0.17071229710971292	
max_culture	200	tool_quality	0.05322443740193808	-0.13359137035798793	
max_culture	200	cap_infrastructure	0.5814165372157718	-0.07817918150767589	
max_culture	200	housing_ratio	1.12	0.02435174981810362	
max_culture	200	construction_rate	0.03646499838729106	-0.1774221254135375	
max_culture	200	cap_logistics	0.23785712100097098	-0.09522666100427027	
max_culture	200	trade_capacity	0.054078049058338996	-0.14968301461740532	
max_culture	200	ecology	0.2865472717805586	0.0	
max_culture	200	ground_health	0.9999999999999978	0.12794009880260593	
max_culture	200	cap_institutions	0.6355425869096175	-0.04493074179621859	
max_culture	200	legitimacy	0.8586896002653835	-0.020685613506327805	
max_culture	200	state_capacity	0.05139935535332648	-0.13521493658453637	
max_culture	200	cap_security	0.47120152651649777	-0.07796774623750496	
max_culture	200	warfare_readiness	0.041462795281681786	-0.1783668123111241	
max_culture	200	cap_culture	0.6775114689932286	-0.14051596967227253	
max_culture	200	cohesion	0.8121032534175113	-0.01220511656408041	
max_culture	200	known	105.0	-447.33333333333337	
max_culture	200	per_century	4.0	-101.33333333333333	
max_culture	200	per_50	1.1627906976744187	-43.798449612403104	below low
max_culture	200	education	0.7159449532567722	-0.05292867837575499	
max_culture	200	art_found	473.6666666666667	-72.66666666666669	
max_culture	200	art_studied	172.0	7.666666666666657	
max_culture	200	art_bonus	0.11973	-0.07827000000000003	
max_culture	200	allure	0.6105022937986456	-0.028103193934454596	
max_culture	200	line_knowledge	0.0	-10.0	
max_culture	200	line_institutions	1.0	-7.333333333333334	
max_culture	200	line_culture	3.0	-4.0	
max_culture	200	line_labor	0.0	-6.0	
max_culture	200	line_production	0.0	-17.333333333333332	
max_culture	200	line_infrastructure	0.0	-5.333333333333333	
max_culture	200	line_nutrition	0.0	-20.0	
max_culture	200	line_health	0.0	-4.666666666666667	
max_culture	200	line_demography	0.0	-3.0	
max_culture	200	line_logistics	0.0	-8.0	
max_culture	200	line_ecology	0.0	-9.666666666666666	
max_culture	200	line_security	0.0	-6.0	
max_culture	300	population	103.2896290483972	-740.6050789490256	within
max_culture	300	growth_pct	0.06112385038482918	-0.8914641832484953	within
max_culture	300	life_expectancy	22.350517275546792	-4.729953481638603	within
max_culture	300	infant_mortality	294.9124893292949	75.1365678430848	within
max_culture	300	child_mortality_1_4	260.06064065920947	51.98606597727982	below low
max_culture	300	maternal_per_100k	1832.9938900203717	552.8779384303484	below low
max_culture	300	tfr	5.624535920924572	-0.24864900041240023	within
max_culture	300	cbr	46.13981887386205	-0.00222751815752531	within
max_culture	300	cdr	45.52881463408058	8.693914917631503	below low
max_culture	300	food_per_worker	5.0281894867408345	-0.8637389395679707	
max_culture	300	food_security	0.9799770359674991	-2.2964032500905063e-05	
max_culture	300	food_share	56.00232288037221	0.0	within
max_culture	300	defense_share	2.223466071895432	0.0	within
max_culture	300	diet	0.7312484718328575	-0.1904540707158926	
max_culture	300	health	0.9699999999999999	0.0	
max_culture	300	labor_efficiency	0.9246996127777711	-0.012485136701396837	
max_culture	300	cap_production	0.621412155104257	-0.05419465871147833	
max_culture	300	craft_output	0.05543880875637456	-0.21231138625195126	
max_culture	300	tool_quality	0.062096612062096136	-0.1623578028302794	
max_culture	300	cap_infrastructure	0.5851569441485335	-0.08938407150142791	
max_culture	300	housing_ratio	1.12	0.01947782680464938	
max_culture	300	construction_rate	0.05394750021987052	-0.22230905373166301	
max_culture	300	cap_logistics	0.24480898363167158	-0.12693709318928909	
max_culture	300	trade_capacity	0.057139028679025004	-0.1735736279487649	
max_culture	300	ecology	0.39516064478294677	0.0	
max_culture	300	ground_health	0.9999999999999979	0.21215189706428617	
max_culture	300	cap_institutions	0.6500825027143938	-0.05077700665669371	
max_culture	300	legitimacy	0.8675062929519944	-0.02238415627519985	
max_culture	300	state_capacity	0.06942694146466799	-0.15627884793844338	
max_culture	300	cap_security	0.47951594573817086	-0.09457229078850254	
max_culture	300	warfare_readiness	0.041493928662541785	-0.20814594273740583	
max_culture	300	cap_culture	0.6876972688467933	-0.14150271711056772	
max_culture	300	cohesion	0.8208270970780723	-0.012879134289978555	
max_culture	300	known	144.33333333333334	-539.3333333333333	
max_culture	300	per_century	7.333333333333333	-37.666666666666664	
max_culture	300	per_50	3.3755274261603376	-15.18987341772152	below low
max_culture	300	education	0.7176115409395297	-0.07151051763233252	
max_culture	300	art_found	497.6666666666667	-62.333333333333314	
max_culture	300	art_studied	274.3333333333333	-190.33333333333337	
max_culture	300	art_bonus	0.13689	-0.08541000000000001	
max_culture	300	allure	0.6125394537693586	-0.028300543422113522	
max_culture	300	line_knowledge	1.0	-2.6666666666666665	
max_culture	300	line_institutions	1.6666666666666667	-1.9999999999999998	
max_culture	300	line_culture	4.666666666666667	1.666666666666667	
max_culture	300	line_labor	0.0	-1.0	
max_culture	300	line_production	0.0	-4.0	
max_culture	300	line_infrastructure	0.0	-9.333333333333334	
max_culture	300	line_nutrition	0.0	-5.0	
max_culture	300	line_health	0.0	-3.0	
max_culture	300	line_demography	0.0	0.0	
max_culture	300	line_logistics	0.0	-6.333333333333333	
max_culture	300	line_ecology	0.0	-3.0	
max_culture	300	line_security	0.0	-3.0	
max_culture	400	population	110.76614342802118	-1524.4429487974946	within
max_culture	400	growth_pct	0.07332827327932723	-0.4958998523699373	within
max_culture	400	life_expectancy	22.40162574116405	-4.2884119782844365	within
max_culture	400	infant_mortality	294.67407403420407	72.60101396682364	within
max_culture	400	child_mortality_1_4	259.8346128927298	47.96120761165474	below low
max_culture	400	maternal_per_100k	1832.9938900203717	626.7179270659958	below low
max_culture	400	tfr	5.6337763940179855	0.23869837836022345	within
max_culture	400	cbr	46.19129873722229	2.46227359689302	within
max_culture	400	cdr	45.458367184800984	7.367682505657271	below low
max_culture	400	food_per_worker	5.143203426016341	-0.7429308615710006	
max_culture	400	food_security	0.9799999999999689	1.965094753586527e-14	
max_culture	400	food_share	54.66821525358139	0.0	within
max_culture	400	defense_share	2.2908865185785827	0.0	within
max_culture	400	diet	0.7342442959572378	-0.17846816542388755	
max_culture	400	health	0.9699999999999999	0.0	
max_culture	400	labor_efficiency	0.9291099944993565	-0.017518118409153294	
max_culture	400	cap_production	0.6260574175843062	-0.07218270576240426	
max_culture	400	craft_output	0.07227412120957379	-0.2658974601951047	
max_culture	400	tool_quality	0.06394320421782476	-0.22945243549581693	
max_culture	400	cap_infrastructure	0.6205203086466003	-0.0659629603592089	
max_culture	400	housing_ratio	1.12	0.02100980737353475	
max_culture	400	construction_rate	0.06565196111953163	-0.25462150545055073	
max_culture	400	cap_logistics	0.249594094220943	-0.15092616242052412	
max_culture	400	trade_capacity	0.08843522630470131	-0.17845712152464743	
max_culture	400	ecology	0.4730930032484955	0.0	
max_culture	400	ground_health	0.9999999999999981	0.2581243029273621	
max_culture	400	cap_institutions	0.6599908113010127	-0.060828195870578305	
max_culture	400	legitimacy	0.873398695790072	-0.02659317069014433	
max_culture	400	state_capacity	0.08546635451621933	-0.18128410963388725	
max_culture	400	cap_security	0.48579339073569067	-0.11153972414133834	
max_culture	400	warfare_readiness	0.041509361588583045	-0.24493358282635191	
max_culture	400	cap_culture	0.6980651457823696	-0.14291342659654904	
max_culture	400	cohesion	0.8292823356650919	-0.01554912326601332	
max_culture	400	known	171.0	-630.0	
max_culture	400	per_century	21.333333333333332	-29.666666666666668	
max_culture	400	per_50	3.418803418803419	-10.683760683760683	below low
max_culture	400	education	0.7201841982627535	-0.08416663675848401	
max_culture	400	art_found	505.3333333333333	-54.666666666666686	
max_culture	400	art_studied	394.3333333333333	-165.66666666666669	
max_culture	400	art_bonus	0.14676999999999998	-0.10293000000000002	
max_culture	400	allure	0.614613029156474	-0.028582685319309742	
max_culture	400	line_knowledge	1.6666666666666667	-7.333333333333333	
max_culture	400	line_institutions	2.0	-2.0	
max_culture	400	line_culture	4.333333333333333	-1.666666666666667	
max_culture	400	line_labor	1.0	-4.0	
max_culture	400	line_production	5.0	0.0	
max_culture	400	line_infrastructure	3.0	-5.0	
max_culture	400	line_nutrition	0.0	-5.0	
max_culture	400	line_health	0.0	-1.0	
max_culture	400	line_demography	0.0	0.0	
max_culture	400	line_logistics	4.333333333333333	0.33333333333333304	
max_culture	400	line_ecology	0.0	0.0	
max_culture	400	line_security	0.0	-4.0	
max_culture	500	population	120.4926262991922	-2345.6563133781187	within
max_culture	500	growth_pct	0.08557966958404606	-0.2796645826918039	within
max_culture	500	life_expectancy	22.412016649348732	-4.173971131434229	within
max_culture	500	infant_mortality	294.5998472303763	71.36225666433802	within
max_culture	500	child_mortality_1_4	259.7642366523583	46.51931787899588	below low
max_culture	500	maternal_per_100k	1832.993890020345	645.2447101208857	below low
max_culture	500	tfr	5.642248229206096	0.47963404301877066	within
max_culture	500	cbr	46.25525856106696	4.139510506894183	within
max_culture	500	cdr	45.39995824868274	6.919936526341544	below low
max_culture	500	food_per_worker	5.329772437690966	-0.7184095256920857	
max_culture	500	food_security	0.98	0.0	
max_culture	500	food_share	53.33488192024718	0.0	within
max_culture	500	defense_share	2.3582678355770943	0.0	within
max_culture	500	diet	0.7380485209094739	-0.14087015745693798	
max_culture	500	health	0.9699999999999999	0.0	
max_culture	500	labor_efficiency	0.9286006014176245	-0.023002152224575467	
max_culture	500	cap_production	0.6298689603842444	-0.08066493972199795	
max_culture	500	craft_output	0.09385493763877306	-0.27961261588298253	
max_culture	500	tool_quality	0.09782227990553873	-0.2105777135319885	
max_culture	500	cap_infrastructure	0.625692656685748	-0.07755351033276514	
max_culture	500	housing_ratio	1.12	0.022153643848949356	
max_culture	500	construction_rate	0.08403851631835335	-0.30113131958046985	
max_culture	500	cap_logistics	0.2588208427850061	-0.1745741528948394	
max_culture	500	trade_capacity	0.10684062963163728	-0.21142533274330477	
max_culture	500	ecology	0.5455106349604961	0.0	
max_culture	500	ground_health	0.9999999999999982	0.27385019901986596	
max_culture	500	cap_institutions	0.6678822401439063	-0.07219005189659	
max_culture	500	legitimacy	0.8785725268851395	-0.029304139706695986	
max_culture	500	state_capacity	0.0944440553743085	-0.22154049704421208	
max_culture	500	cap_security	0.496494595113459	-0.12829626947140033	
max_culture	500	warfare_readiness	0.059468394046813276	-0.2768441247874253	
max_culture	500	cap_culture	0.7053272624876827	-0.14194273375474198	
max_culture	500	cohesion	0.8353422533693253	-0.016659341207804546	
max_culture	500	known	198.66666666666666	-695.3333333333334	
max_culture	500	per_century	6.333333333333333	-35.666666666666664	
max_culture	500	per_50	1.0582010582010581	-21.164021164021168	below low
max_culture	500	education	0.7249192378522462	-0.09883090543048556	
max_culture	500	art_found	507.6666666666667	-52.333333333333314	
max_culture	500	art_studied	507.6666666666667	-52.333333333333314	
max_culture	500	art_bonus	0.15892499999999998	-0.112755	
max_culture	500	allure	0.6160654524975365	-0.028388546750948374	
max_culture	500	line_knowledge	2.0	-4.333333333333333	
max_culture	500	line_institutions	0.0	-3.0	
max_culture	500	line_culture	3.0	0.0	
max_culture	500	line_labor	0.0	-1.6666666666666667	
max_culture	500	line_production	0.6666666666666666	-4.333333333333333	
max_culture	500	line_infrastructure	0.3333333333333333	-6.666666666666667	
max_culture	500	line_nutrition	0.0	-2.0	
max_culture	500	line_health	0.0	-2.0	
max_culture	500	line_demography	0.0	-1.0	
max_culture	500	line_logistics	0.3333333333333333	-0.6666666666666667	
max_culture	500	line_ecology	0.0	-5.0	
max_culture	500	line_security	0.0	-5.0	
max_culture	600	population	133.36793183892	-3156.652307704683	within
max_culture	600	growth_pct	0.11153171714965253	-0.1608150998039089	within
max_culture	600	life_expectancy	22.55677228844361	-3.97924734051033	within
max_culture	600	infant_mortality	292.16392716050706	68.69429062480802	within
max_culture	600	child_mortality_1_4	257.93546321830695	43.96148813394325	below low
max_culture	600	maternal_per_100k	1832.993890020385	662.5570890925287	below low
max_culture	600	tfr	5.65698641933108	0.6068839698619106	within
max_culture	600	cbr	46.25385819568526	4.942576611767649	ABOVE HIGH
max_culture	600	cdr	45.13945104457785	6.543752086137864	below low
max_culture	600	food_per_worker	5.276625938805924	-0.40905144550948513	
max_culture	600	food_security	0.98	0.0	
max_culture	600	food_share	52.001548586913	0.0	within
max_culture	600	defense_share	2.425649152575606	0.0	within
max_culture	600	diet	0.7675709072232283	-0.0905059235518183	
max_culture	600	health	0.9699999999999999	0.0	
max_culture	600	labor_efficiency	0.9249613603692987	-0.03176655551030627	
max_culture	600	cap_production	0.6247202712841396	-0.09209707283911805	
max_culture	600	craft_output	0.09806687373570615	-0.3303331262642939	
max_culture	600	tool_quality	0.09911915225231334	-0.20928084774768607	
max_culture	600	cap_infrastructure	0.6276211477636086	-0.08837485151176183	
max_culture	600	housing_ratio	1.12	0.011058570823345715	
max_culture	600	construction_rate	0.09184484529106164	-0.33655515470893843	
max_culture	600	cap_logistics	0.2698690813226052	-0.17492864090960614	
max_culture	600	trade_capacity	0.12130446094566494	-0.21919551287362	
max_culture	600	ecology	0.6179206053486743	0.0	
max_culture	600	ground_health	0.9999720654195615	0.2755200383327625	
max_culture	600	cap_institutions	0.6742707266790857	-0.07627387253766182	
max_culture	600	legitimacy	0.8828184413139146	-0.0315639564404272	
max_culture	600	state_capacity	0.09957032514520327	-0.23292962459815875	
max_culture	600	cap_security	0.5019758668209605	-0.15194602857827688	
max_culture	600	warfare_readiness	0.05951105376722906	-0.33318892340490297	
max_culture	600	cap_culture	0.7104617207985863	-0.14537529848538955	
max_culture	600	cohesion	0.8402811413198487	-0.019965824975007873	
max_culture	600	known	230.0	-720.0	
max_culture	600	per_century	19.0	1.0	
max_culture	600	per_50	2.3391812865497075	-16.959064327485383	below low
max_culture	600	education	0.7265195487086625	-0.10822553778001753	
max_culture	600	art_found	508.0	-52.0	
max_culture	600	art_studied	508.0	-52.0	
max_culture	600	art_bonus	0.16540333333333332	-0.12019666666666665	
max_culture	600	allure	0.6170923441597171	-0.02907505969707802	
max_culture	600	line_knowledge	2.0	0.0	
max_culture	600	line_institutions	0.0	0.0	
max_culture	600	line_culture	3.0	1.0	
max_culture	600	line_labor	0.0	-1.0	
max_culture	600	line_production	0.0	-4.0	
max_culture	600	line_infrastructure	0.0	-2.0	
max_culture	600	line_nutrition	13.0	13.0	
max_culture	600	line_health	0.0	-1.0	
max_culture	600	line_demography	0.0	0.0	
max_culture	600	line_logistics	0.0	-2.0	
max_culture	600	line_ecology	1.0	-1.0	
max_culture	600	line_security	0.0	-2.0	
max_labor	100	population	94.35655369397483	-42.4270588684914	within
max_labor	100	growth_pct	-0.00013434763339962666	-0.575367102273272	within
max_labor	100	life_expectancy	20.840725965693956	-4.637698603959883	below low
max_labor	100	infant_mortality	314.9687692259867	74.87465729188551	within
max_labor	100	child_mortality_1_4	278.2503612944968	53.35414367305927	below low
max_labor	100	maternal_per_100k	1832.99389002036	424.9115079750011	within
max_labor	100	tfr	5.658607752288915	-0.09607682457988531	within
max_labor	100	cbr	46.48718977925284	1.0901192371056965	within
max_labor	100	cdr	46.48853479019224	6.7881984033341	below low
max_labor	100	food_per_worker	5.01906083962081	-0.5523641513990247	
max_labor	100	food_security	0.9572044038068812	-0.022795596193118772	
max_labor	100	food_share	52.50203252032522	-7.500290360046456	within
max_labor	100	defense_share	2.400356702648189	0.3790345817481362	within
max_labor	100	diet	0.7283861999261624	-0.07369019226751572	
max_labor	100	health	0.9653189596867059	-0.0046810403132939715	
max_labor	100	labor_efficiency	0.9376262209764837	0.008677734043804897	
max_labor	100	cap_production	0.6444626364354273	-0.004092633725660932	
max_labor	100	craft_output	0.014955103534946316	-0.09831694520636794	
max_labor	100	tool_quality	0.06179029984939194	-0.0642138491165056	
max_labor	100	cap_infrastructure	0.5842843179799778	-0.046351619662670984	
max_labor	100	housing_ratio	1.12	0.02328829342716432	
max_labor	100	construction_rate	0.05955821199692753	-0.08848781296981367	
max_labor	100	cap_logistics	0.2423613220092329	-0.04532577333838708	
max_labor	100	trade_capacity	0.011723363594767418	-0.12385596226294612	
max_labor	100	ecology	0.5878509602136981	0.40879095436789215	
max_labor	100	ground_health	0.9751137019960548	-0.0009011382623819175	
max_labor	100	cap_institutions	0.6277083733279903	-0.0067566135502799	
max_labor	100	legitimacy	0.8453993942464763	-0.00527822784805887	
max_labor	100	state_capacity	0.02339983499980468	-0.08785421310246908	
max_labor	100	cap_security	0.4834628732932647	-0.017798338443709427	
max_labor	100	warfare_readiness	0.028049219111726437	-0.10033936967191955	
max_labor	100	cap_culture	0.659979965553127	-0.13280937804883186	
max_labor	100	cohesion	0.8095956442949017	0.0017215891039802367	
max_labor	100	known	58.0	-237.33333333333331	
max_labor	100	per_century	10.0	-130.66666666666666	
max_labor	100	per_50	1.694915254237288	-50.0	below low
max_labor	100	education	0.6997621447539819	-0.04061208635828262	
max_labor	100	art_found	370.0	-31.333333333333314	
max_labor	100	art_studied	99.33333333333333	45.99999999999999	
max_labor	100	art_bonus	0.10803000000000001	-0.05876999999999985	
max_labor	100	allure	0.606995993110621	-0.026561875599836138	
max_labor	100	line_knowledge	0.0	-9.333333333333334	
max_labor	100	line_institutions	1.0	-9.333333333333334	
max_labor	100	line_culture	2.0	-12.666666666666666	
max_labor	100	line_labor	5.0	-8.0	
max_labor	100	line_production	2.0	-12.0	
max_labor	100	line_infrastructure	0.0	-10.0	
max_labor	100	line_nutrition	0.0	-15.0	
max_labor	100	line_health	0.0	-12.333333333333334	
max_labor	100	line_demography	0.0	-12.0	
max_labor	100	line_logistics	0.0	-11.0	
max_labor	100	line_ecology	0.0	-10.666666666666666	
max_labor	100	line_security	0.0	-8.333333333333334	
max_labor	200	population	95.24668621802623	-233.46756176700222	within
max_labor	200	growth_pct	0.018801638523768816	-0.9102217622314926	within
max_labor	200	life_expectancy	21.65010671487276	-5.295062724121465	within
max_labor	200	infant_mortality	304.878970727308	83.50592441036494	within
max_labor	200	child_mortality_1_4	268.94170953306485	59.840716989842775	below low
max_labor	200	maternal_per_100k	1832.993890020368	533.3214156700035	within
max_labor	200	tfr	5.646460908487271	-0.24299174500807919	within
max_labor	200	cbr	46.32952949307623	0.06196726571140232	within
max_labor	200	cdr	46.14153218454561	8.960016245731254	below low
max_labor	200	food_per_worker	5.3812385523561055	-0.5892811025787017	
max_labor	200	food_security	0.9693962605966068	-0.010603739403393209	
max_labor	200	food_share	50.75203252032512	-7.250290360046442	within
max_labor	200	defense_share	2.4887946812086845	0.3664005848109233	within
max_labor	200	diet	0.7331252421860267	-0.15748544923653518	
max_labor	200	health	0.9681548273278703	-0.0018451726721295802	
max_labor	200	labor_efficiency	0.9411313341813853	0.009501838397836249	
max_labor	200	cap_production	0.6458741340932036	-0.015861531137656315	
max_labor	200	craft_output	0.05068117551169865	-0.16467532121948916	
max_labor	200	tool_quality	0.06182601597169907	-0.12498979178822694	
max_labor	200	cap_infrastructure	0.6180216283309693	-0.04157409039247839	
max_labor	200	housing_ratio	1.12	0.02435174981810362	
max_labor	200	construction_rate	0.06755934020469008	-0.14632778359613846	
max_labor	200	cap_logistics	0.24724662119180504	-0.0858371608134362	
max_labor	200	trade_capacity	0.04515792749865285	-0.15860313617709146	
max_labor	200	ecology	0.6823493911053539	0.39580211932479525	
max_labor	200	ground_health	0.9724156598949029	0.10035575869751101	
max_labor	200	cap_institutions	0.6410909098465722	-0.03938241885926386	
max_labor	200	legitimacy	0.8567787916244772	-0.02259642214723412	
max_labor	200	state_capacity	0.04034733145778902	-0.14626696048007384	
max_labor	200	cap_security	0.49133365965647796	-0.057835613097524774	
max_labor	200	warfare_readiness	0.028065955277135995	-0.1917636523156699	
max_labor	200	cap_culture	0.6706181254693528	-0.14740931319614825	
max_labor	200	cohesion	0.8207841491520688	-0.0035242208295229727	
max_labor	200	known	79.0	-473.33333333333337	
max_labor	200	per_century	7.0	-98.33333333333333	
max_labor	200	per_50	1.1627906976744187	-43.798449612403104	below low
max_labor	200	education	0.7098321548368137	-0.05904147679571348	
max_labor	200	art_found	479.0	-67.33333333333337	
max_labor	200	art_studied	207.66666666666666	43.333333333333314	
max_labor	200	art_bonus	0.116025	-0.08197500000000003	
max_labor	200	allure	0.6091236250938706	-0.029481862639229584	
max_labor	200	line_knowledge	1.0	-9.0	
max_labor	200	line_institutions	2.0	-6.333333333333334	
max_labor	200	line_culture	1.0	-6.0	
max_labor	200	line_labor	1.0	-5.0	
max_labor	200	line_production	1.0	-16.333333333333332	
max_labor	200	line_infrastructure	1.0	-4.333333333333333	
max_labor	200	line_nutrition	0.0	-20.0	
max_labor	200	line_health	0.0	-4.666666666666667	
max_labor	200	line_demography	0.0	-3.0	
max_labor	200	line_logistics	0.0	-8.0	
max_labor	200	line_ecology	0.0	-9.666666666666666	
max_labor	200	line_security	0.0	-6.0	
max_labor	300	population	96.84278503320583	-747.0519229642169	within
max_labor	300	growth_pct	0.014311770413244496	-0.93827626322008	within
max_labor	300	life_expectancy	21.5435579448429	-5.536912812342496	within
max_labor	300	infant_mortality	306.25749027764044	86.48156879143036	within
max_labor	300	child_mortality_1_4	270.22591028949296	62.15133560756331	below low
max_labor	300	maternal_per_100k	1832.9938900203695	552.8779384303461	below low
max_labor	300	tfr	5.614207554925328	-0.25897736641164393	within
max_labor	300	cbr	46.1573227386611	0.015276346641527994	within
max_labor	300	cdr	46.01421693160463	9.17931721515555	below low
max_labor	300	food_per_worker	5.578420339749176	-0.31350808655962936	
max_labor	300	food_security	0.9675885337223553	-0.012411466277644667	
max_labor	300	food_share	49.002032520325685	-7.000290360046527	within
max_labor	300	defense_share	2.5772326597691464	0.3537665878737144	within
max_labor	300	diet	0.734850828197926	-0.18685171435082404	
max_labor	300	health	0.9677407789080884	-0.0022592210919114564	
max_labor	300	labor_efficiency	0.9431323947646031	0.005947645285435121	
max_labor	300	cap_production	0.6477629921040724	-0.027843821711662886	
max_labor	300	craft_output	0.060787953659673516	-0.2069622413486523	
max_labor	300	tool_quality	0.061855905397395744	-0.16259850949497978	
max_labor	300	cap_infrastructure	0.6180818199530679	-0.056459195696893505	
max_labor	300	housing_ratio	1.12	0.01947782680464938	
max_labor	300	construction_rate	0.06789088949701565	-0.20836566445451787	
max_labor	300	cap_logistics	0.2536595884943233	-0.11808648832663737	
max_labor	300	trade_capacity	0.049427682511757755	-0.18128497411603217	
max_labor	300	ecology	0.7773867135677762	0.38222606878482945	
max_labor	300	ground_health	0.9724721113659274	0.18462400843021565	
max_labor	300	cap_institutions	0.6497745657247506	-0.05108494364633698	
max_labor	300	legitimacy	0.8611892020934783	-0.028701247133716024	
max_labor	300	state_capacity	0.05111102012100612	-0.17459476928210524	
max_labor	300	cap_security	0.498567468546742	-0.0755207679799314	
max_labor	300	warfare_readiness	0.02808429597366031	-0.22155557542628732	
max_labor	300	cap_culture	0.6750975921242244	-0.15410239383313662	
max_labor	300	cohesion	0.8267987933730364	-0.006907437995014476	
max_labor	300	known	90.0	-593.6666666666666	
max_labor	300	per_century	0.0	-45.0	
max_labor	300	per_50	0.0	-18.565400843881857	below low
max_labor	300	education	0.7112202739398548	-0.07790178463200748	
max_labor	300	art_found	505.6666666666667	-54.333333333333314	
max_labor	300	art_studied	319.0	-145.66666666666669	
max_labor	300	art_bonus	0.11797500000000001	-0.10432500000000001	
max_labor	300	allure	0.6100195184248449	-0.03082047876662719	
max_labor	300	line_knowledge	0.0	-3.6666666666666665	
max_labor	300	line_institutions	0.0	-3.6666666666666665	
max_labor	300	line_culture	0.0	-3.0	
max_labor	300	line_labor	0.0	-1.0	
max_labor	300	line_production	0.0	-4.0	
max_labor	300	line_infrastructure	0.0	-9.333333333333334	
max_labor	300	line_nutrition	0.0	-5.0	
max_labor	300	line_health	0.0	-3.0	
max_labor	300	line_demography	0.0	0.0	
max_labor	300	line_logistics	0.0	-6.333333333333333	
max_labor	300	line_ecology	0.0	-3.0	
max_labor	300	line_security	0.0	-3.0	
max_labor	400	population	99.03315639729972	-1536.175935828216	within
max_labor	400	growth_pct	0.024812451029987415	-0.5444156746192771	within
max_labor	400	life_expectancy	22.256230333420657	-4.43380738602783	within
max_labor	400	infant_mortality	297.60558200274505	75.53252193536463	within
max_labor	400	child_mortality_1_4	262.3031186263278	50.42971334525271	below low
max_labor	400	maternal_per_100k	1832.993890020364	626.7179270659881	below low
max_labor	400	tfr	5.621745656564648	0.22666764090688574	within
max_labor	400	cbr	46.127030832017134	2.398005691687864	within
max_labor	400	cdr	45.878941884952305	7.788257205808591	below low
max_labor	400	food_per_worker	5.689904620908739	-0.19622966667860275	
max_labor	400	food_security	0.978954355428173	-0.0010456445717762497	
max_labor	400	food_share	47.834688346883716	-6.833526906697671	within
max_labor	400	defense_share	2.6362255506169037	0.34533903203832095	within
max_labor	400	diet	0.7367412987683477	-0.17597116261277768	
max_labor	400	health	0.9699997826990959	-2.1730090393745627e-07	
max_labor	400	labor_efficiency	0.9452549497363512	-0.0013731631721586313	
max_labor	400	cap_production	0.6483916979995747	-0.04984842534713574	
max_labor	400	craft_output	0.06765253501385604	-0.2705190463908224	
max_labor	400	tool_quality	0.06191890296846083	-0.23147673674518085	
max_labor	400	cap_infrastructure	0.6205598899805085	-0.06592337902530077	
max_labor	400	housing_ratio	1.12	0.02100980737353475	
max_labor	400	construction_rate	0.07250759774995262	-0.24776586882012974	
max_labor	400	cap_logistics	0.26453126386989134	-0.13598899277157578	
max_labor	400	trade_capacity	0.051658534272967314	-0.2152338135563814	
max_labor	400	ecology	0.8421891553400721	0.3690961520915766	
max_labor	400	ground_health	0.9672951336203915	0.22541943654775554	
max_labor	400	cap_institutions	0.6595871115546336	-0.06123189561695741	
max_labor	400	legitimacy	0.8690319728507561	-0.030959893629460278	
max_labor	400	state_capacity	0.06802046912317623	-0.19872999502693034	
max_labor	400	cap_security	0.5042096968182302	-0.09312341805879876	
max_labor	400	warfare_readiness	0.028123077632783117	-0.25831986678215185	
max_labor	400	cap_culture	0.6848011009750282	-0.15617747140389038	
max_labor	400	cohesion	0.8350234724927857	-0.009807986438319483	
max_labor	400	known	113.0	-688.0	
max_labor	400	per_century	8.0	-43.0	
max_labor	400	per_50	0.0	-14.102564102564102	below low
max_labor	400	education	0.7184439166385955	-0.08590691838264197	
max_labor	400	art_found	510.0	-50.0	
max_labor	400	art_studied	442.6666666666667	-117.33333333333331	
max_labor	400	art_bonus	0.140985	-0.108715	
max_labor	400	allure	0.6119602201950056	-0.031235494280778098	
max_labor	400	line_knowledge	0.0	-9.0	
max_labor	400	line_institutions	2.0	-2.0	
max_labor	400	line_culture	0.0	-6.0	
max_labor	400	line_labor	2.0	-3.0	
max_labor	400	line_production	1.0	-4.0	
max_labor	400	line_infrastructure	2.0	-6.0	
max_labor	400	line_nutrition	0.0	-5.0	
max_labor	400	line_health	0.0	-1.0	
max_labor	400	line_demography	1.0	1.0	
max_labor	400	line_logistics	0.0	-4.0	
max_labor	400	line_ecology	0.0	0.0	
max_labor	400	line_security	0.0	-4.0	
max_labor	500	population	105.25048171533079	-2360.89845796198	within
max_labor	500	growth_pct	0.07017462233884775	-0.2950696299370022	within
max_labor	500	life_expectancy	22.455488063953435	-4.130499716829526	within
max_labor	500	infant_mortality	295.3087096297545	72.0711190637162	within
max_labor	500	child_mortality_1_4	260.1643929115182	46.91947413815575	below low
max_labor	500	maternal_per_100k	1832.9938900203695	645.2447101209102	below low
max_labor	500	tfr	5.635477063075918	0.4728628768885921	within
max_labor	500	cbr	46.19262273996316	4.076874685790386	within
max_labor	500	cdr	45.49119458149147	7.011172859150271	below low
max_labor	500	food_per_worker	5.786790950184435	-0.261391013198617	
max_labor	500	food_security	0.9776356314370225	-0.0023643685629775035	
max_labor	500	food_share	46.6680216802163	-6.6668602400308785	within
max_labor	500	defense_share	2.695184202990601	0.3369163674135067	within
max_labor	500	diet	0.746660429899619	-0.1322582484667929	
max_labor	500	health	0.9699999999999999	0.0	
max_labor	500	labor_efficiency	0.9458325973739129	-0.00577015626828703	
max_labor	500	cap_production	0.6515241516395037	-0.059009748466738676	
max_labor	500	craft_output	0.07286776631985359	-0.300599787201902	
max_labor	500	tool_quality	0.06277103229796498	-0.24562896113956223	
max_labor	500	cap_infrastructure	0.621218106572038	-0.08202806044647515	
max_labor	500	housing_ratio	1.12	0.022153643848949356	
max_labor	500	construction_rate	0.07417240932805802	-0.3109974265707652	
max_labor	500	cap_logistics	0.267555562330245	-0.1658394333496005	
max_labor	500	trade_capacity	0.054454870570760844	-0.26381109180418116	
max_labor	500	ecology	0.8415545953406062	0.29604396038011005	
max_labor	500	ground_health	0.9667641104675195	0.24061430948738727	
max_labor	500	cap_institutions	0.6656329345684786	-0.07443935747201769	
max_labor	500	legitimacy	0.8713641148466215	-0.03651255174521406	
max_labor	500	state_capacity	0.07801846585591325	-0.23796608656260732	
max_labor	500	cap_security	0.5086391322222984	-0.11615173236256093	
max_labor	500	warfare_readiness	0.028130731363463866	-0.3081817874707747	
max_labor	500	cap_culture	0.6892830414904424	-0.15798695475198232	
max_labor	500	cohesion	0.8386850677903416	-0.013316526786788296	
max_labor	500	known	125.0	-769.0	
max_labor	500	per_century	9.0	-33.0	
max_labor	500	per_50	3.1746031746031744	-19.04761904761905	below low
max_labor	500	education	0.7210832337225597	-0.1026669095601721	
max_labor	500	art_found	512.6666666666666	-47.33333333333337	
max_labor	500	art_studied	512.6666666666666	-47.33333333333337	
max_labor	500	art_bonus	0.1547	-0.11697999999999997	
max_labor	500	allure	0.6128566082980885	-0.031597390950396376	
max_labor	500	line_knowledge	2.0	-4.333333333333333	
max_labor	500	line_institutions	1.0	-2.0	
max_labor	500	line_culture	0.0	-3.0	
max_labor	500	line_labor	2.0	0.33333333333333326	
max_labor	500	line_production	1.0	-4.0	
max_labor	500	line_infrastructure	0.0	-7.0	
max_labor	500	line_nutrition	2.0	0.0	
max_labor	500	line_health	0.0	-2.0	
max_labor	500	line_demography	0.0	-1.0	
max_labor	500	line_logistics	0.0	-1.0	
max_labor	500	line_ecology	1.0	-4.0	
max_labor	500	line_security	0.0	-5.0	
max_labor	600	population	113.04057081283794	-3176.9796687307653	within
max_labor	600	growth_pct	0.07018607997064663	-0.2021607369829148	within
max_labor	600	life_expectancy	21.922071774535965	-4.613947854417976	below low
max_labor	600	infant_mortality	301.27635990596815	77.80672337026911	below low
max_labor	600	child_mortality_1_4	265.7908524317445	51.816877347380796	below low
max_labor	600	maternal_per_100k	1832.9938900203467	662.5570890924905	below low
max_labor	600	tfr	5.6385799884789485	0.5884775390097792	within
max_labor	600	cbr	46.28247621362058	4.971194629702971	ABOVE HIGH
max_labor	600	cdr	45.58093384333773	6.98523488489775	below low
max_labor	600	food_per_worker	5.495434081319311	-0.19024330299609815	
max_labor	600	food_security	0.964538742756634	-0.015461257243366	
max_labor	600	food_share	45.50135501354888	-6.500193573364122	within
max_labor	600	defense_share	2.7541428553642984	0.3284937027886925	within
max_labor	600	diet	0.7434433107567168	-0.11463352001832983	
max_labor	600	health	0.9699999997433263	-2.5667357128611457e-10	
max_labor	600	labor_efficiency	0.9458683830062995	-0.010859532873305433	
max_labor	600	cap_production	0.6521582371972393	-0.0646591069260184	
max_labor	600	craft_output	0.07287599118940956	-0.3555240088105905	
max_labor	600	tool_quality	0.06277944648188427	-0.24562055351811513	
max_labor	600	cap_infrastructure	0.6212181594954508	-0.0947778397799196	
max_labor	600	housing_ratio	1.12	0.011058570823345715	
max_labor	600	construction_rate	0.0741724718450203	-0.35422752815497976	
max_labor	600	cap_logistics	0.2703387812037518	-0.1744589410284595	
max_labor	600	trade_capacity	0.05451516633110595	-0.285984807488179	
max_labor	600	ecology	0.8368633979714616	0.21894279262278726	
max_labor	600	ground_health	0.9666524798142188	0.24220045272741975	
max_labor	600	cap_institutions	0.6697267150231871	-0.0808178841935604	
max_labor	600	legitimacy	0.8718065554011157	-0.04257584235322609	
max_labor	600	state_capacity	0.08074370615058409	-0.25175624359277793	
max_labor	600	cap_security	0.5129566121329069	-0.1409652832663305	
max_labor	600	warfare_readiness	0.028132605944417643	-0.3645673712277144	
max_labor	600	cap_culture	0.6915157359820387	-0.16432128330193707	
max_labor	600	cohesion	0.840035697046511	-0.020211269248345487	
max_labor	600	known	126.0	-824.0	
max_labor	600	per_century	0.0	-18.0	
max_labor	600	per_50	0.0	-19.29824561403509	below low
max_labor	600	education	0.721335193371408	-0.11340989311727212	
max_labor	600	art_found	513.3333333333334	-46.66666666666663	
max_labor	600	art_studied	513.3333333333334	-46.66666666666663	
max_labor	600	art_bonus	0.16652999999999998	-0.11906999999999998	
max_labor	600	allure	0.6133031471964078	-0.03286425666038739	
max_labor	600	line_knowledge	0.0	-2.0	
max_labor	600	line_institutions	0.0	0.0	
max_labor	600	line_culture	0.0	-2.0	
max_labor	600	line_labor	0.0	-1.0	
max_labor	600	line_production	0.0	-4.0	
max_labor	600	line_infrastructure	0.0	-2.0	
max_labor	600	line_nutrition	0.0	0.0	
max_labor	600	line_health	0.0	-1.0	
max_labor	600	line_demography	0.0	0.0	
max_labor	600	line_logistics	0.0	-2.0	
max_labor	600	line_ecology	0.0	-2.0	
max_labor	600	line_security	0.0	-2.0	
max_production	100	population	92.53061727955333	-44.252995282912906	within
max_production	100	growth_pct	-0.006023177526626178	-0.5812559321664986	within
max_production	100	life_expectancy	20.859031976146692	-4.619392593507147	below low
max_production	100	infant_mortality	311.96533307810574	71.87122114400455	within
max_production	100	child_mortality_1_4	276.07941956169316	51.1832019402556	below low
max_production	100	maternal_per_100k	1847.149557822555	439.0671757771961	within
max_production	100	tfr	5.621692549177485	-0.1329920276913148	within
max_production	100	cbr	46.14804240682597	0.7509718646788315	within
max_production	100	cdr	46.208276802919364	6.507940416061224	below low
max_production	100	food_per_worker	4.154449970873556	-1.4169750201462783	
max_production	100	food_security	0.9327347473787152	-0.04726525262128478	
max_production	100	food_share	60.00232288037168	0.0	within
max_production	100	defense_share	2.0213221209000527	0.0	within
max_production	100	diet	0.7173660383251308	-0.0847103538685473	
max_production	100	health	0.9673160470293892	-0.002683952970610637	
max_production	100	labor_efficiency	0.9177071688413583	-0.011241318091320562	
max_production	100	cap_production	0.6397658912247078	-0.008789378936380432	
max_production	100	craft_output	0.20638389156365347	0.09311184282233921	
max_production	100	tool_quality	0.20469088061335136	0.07868673164745382	
max_production	100	cap_infrastructure	0.5939421929165557	-0.0366937447260931	
max_production	100	housing_ratio	1.12	0.02328829342716432	
max_production	100	construction_rate	0.11372449785077227	-0.03432152711596895	
max_production	100	cap_logistics	0.26347757460981946	-0.024209520737800527	
max_production	100	trade_capacity	0.05759147019811698	-0.07798785565959657	
max_production	100	ecology	0.17906000584580598	0.0	
max_production	100	ground_health	0.9904851251430214	0.014470284884584683	
max_production	100	cap_institutions	0.5967263615700729	-0.03773862530819738	
max_production	100	legitimacy	0.8203054058368321	-0.030372216257703033	
max_production	100	state_capacity	0.006284695138561051	-0.10496935296371271	
max_production	100	cap_security	0.4632625065013897	-0.03799870523558441	
max_production	100	warfare_readiness	0.0625858910987029	-0.06580269768494308	
max_production	100	cap_culture	0.6316458692722552	-0.16114347432970366	
max_production	100	cohesion	0.7754114207752855	-0.032462634415636016	
max_production	100	known	77.0	-218.33333333333331	
max_production	100	per_century	17.0	-123.66666666666666	
max_production	100	per_50	6.779661016949152	-44.91525423728814	below low
max_production	100	education	0.7258947019938313	-0.014479529118433199	
max_production	100	art_found	373.3333333333333	-28.0	
max_production	100	art_studied	79.66666666666667	26.333333333333336	
max_production	100	art_bonus	0.10919999999999973	-0.05760000000000014	
max_production	100	allure	0.6013291738543144	-0.03222869485614277	
max_production	100	line_knowledge	2.0	-7.333333333333334	
max_production	100	line_institutions	0.0	-10.333333333333334	
max_production	100	line_culture	0.0	-14.666666666666666	
max_production	100	line_labor	1.0	-12.0	
max_production	100	line_production	13.0	-1.0	
max_production	100	line_infrastructure	0.0	-10.0	
max_production	100	line_nutrition	0.0	-15.0	
max_production	100	line_health	0.0	-12.333333333333334	
max_production	100	line_demography	0.0	-12.0	
max_production	100	line_logistics	0.0	-11.0	
max_production	100	line_ecology	1.0	-9.666666666666666	
max_production	100	line_security	0.0	-8.333333333333334	
max_production	200	population	96.36212756061946	-232.352120424409	within
max_production	200	growth_pct	0.05944733798666224	-0.8695760627685992	within
max_production	200	life_expectancy	22.495253696200393	-4.449915742793831	within
max_production	200	infant_mortality	293.0513760783356	71.67832976139252	within
max_production	200	child_mortality_1_4	258.403453263702	49.3024607204799	below low
max_production	200	maternal_per_100k	1832.993890020366	533.3214156700014	within
max_production	200	tfr	5.586165701605317	-0.3032869518900325	within
max_production	200	cbr	45.876603342870034	-0.3909588844947933	within
max_production	200	cdr	45.2823503525461	8.100834413731747	within
max_production	200	food_per_worker	4.564233726542883	-1.4062859283919238	
max_production	200	food_security	0.9777818166488501	-0.0022181833511498716	
max_production	200	food_share	58.002322880371565	0.0	within
max_production	200	defense_share	2.122394096397761	0.0	within
max_production	200	diet	0.7368047045215294	-0.15380598690103253	
max_production	200	health	0.9699999999999999	0.0	
max_production	200	labor_efficiency	0.9228810011442432	-0.008748494639305826	
max_production	200	cap_production	0.6420255005822527	-0.019710164648607198	
max_production	200	craft_output	0.22821472180271093	0.012858225071523122	
max_production	200	tool_quality	0.21780449384902809	0.030988686089102074	
max_production	200	cap_infrastructure	0.6259565565602138	-0.03363916216323393	
max_production	200	housing_ratio	1.12	0.02435174981810362	
max_production	200	construction_rate	0.1137908698401164	-0.10009625396071216	
max_production	200	cap_logistics	0.2691145185477337	-0.06396926345750753	
max_production	200	trade_capacity	0.07229805258487149	-0.13146301109087283	
max_production	200	ecology	0.2865472717805586	0.0	
max_production	200	ground_health	0.9798940492269089	0.10783414802951707	
max_production	200	cap_institutions	0.610267057104307	-0.07020627160152915	
max_production	200	legitimacy	0.8398705261688773	-0.0395046876028341	
max_production	200	state_capacity	0.015403855322567217	-0.17121043661529564	
max_production	200	cap_security	0.4767283574973544	-0.07244091525664831	
max_production	200	warfare_readiness	0.0759208135404179	-0.143908794052388	
max_production	200	cap_culture	0.6485360695649839	-0.1694913691005172	
max_production	200	cohesion	0.794022591763201	-0.030285778218390735	
max_production	200	known	96.0	-456.33333333333337	
max_production	200	per_century	7.0	-98.33333333333333	
max_production	200	per_50	2.3255813953488373	-42.63565891472869	below low
max_production	200	education	0.7303748145656042	-0.03849881706692304	
max_production	200	art_found	474.3333333333333	-72.00000000000006	
max_production	200	art_studied	176.0	11.666666666666657	
max_production	200	art_bonus	0.125385	-0.07261500000000004	
max_production	200	allure	0.6047072139129968	-0.033898273820103464	
max_production	200	line_knowledge	0.0	-10.0	
max_production	200	line_institutions	0.0	-8.333333333333334	
max_production	200	line_culture	0.0	-7.0	
max_production	200	line_labor	0.0	-6.0	
max_production	200	line_production	5.0	-12.333333333333332	
max_production	200	line_infrastructure	0.0	-5.333333333333333	
max_production	200	line_nutrition	2.0	-18.0	
max_production	200	line_health	0.0	-4.666666666666667	
max_production	200	line_demography	0.0	-3.0	
max_production	200	line_logistics	0.0	-8.0	
max_production	200	line_ecology	0.0	-9.666666666666666	
max_production	200	line_security	0.0	-6.0	
max_production	300	population	101.83833508765717	-742.0563729097656	within
max_production	300	growth_pct	0.061670608213929924	-0.8909174254193946	within
max_production	300	life_expectancy	22.830079065319385	-4.25039169186601	within
max_production	300	infant_mortality	289.5698630083625	69.79394152215244	within
max_production	300	child_mortality_1_4	255.09276130020802	47.01818661827838	below low
max_production	300	maternal_per_100k	1832.9938900203804	552.8779384303571	below low
max_production	300	tfr	5.566200338889083	-0.30698458244788895	within
max_production	300	cbr	45.59871877564896	-0.5433276163706111	within
max_production	300	cdr	44.98225164595528	8.1473519295062	within
max_production	300	food_per_worker	4.753928042570371	-1.1380003837384338	
max_production	300	food_security	0.977604768563748	-0.0023952314362519767	
max_production	300	food_share	56.00232288037221	0.0	within
max_production	300	defense_share	2.223466071895432	0.0	within
max_production	300	diet	0.7402197259663786	-0.18148281658237142	
max_production	300	health	0.9699999999999999	0.0	
max_production	300	labor_efficiency	0.9235514955751091	-0.013633253904058895	
max_production	300	cap_production	0.6458616881063177	-0.029745125709417564	
max_production	300	craft_output	0.23344667511611253	-0.03430351989221328	
max_production	300	tool_quality	0.24087873695132508	0.01642432205894956	
max_production	300	cap_infrastructure	0.6261283996987507	-0.048412615951210713	
max_production	300	housing_ratio	1.12	0.01947782680464938	
max_production	300	construction_rate	0.1147455538819479	-0.16151100006958563	
max_production	300	cap_logistics	0.27404735254606327	-0.0976987242748974	
max_production	300	trade_capacity	0.07746427555541421	-0.1532483810723757	
max_production	300	ecology	0.39516064478294677	0.0	
max_production	300	ground_health	0.9764292877459827	0.18858118481027097	
max_production	300	cap_institutions	0.6248121387057363	-0.07604737066535128	
max_production	300	legitimacy	0.8481095170181753	-0.04178093220901902	
max_production	300	state_capacity	0.03615257708885956	-0.18955321231425182	
max_production	300	cap_security	0.4856139572666868	-0.08847427925998658	
max_production	300	warfare_readiness	0.07880249063392551	-0.17083738076602212	
max_production	300	cap_culture	0.656678109053232	-0.172521876904129	
max_production	300	cohesion	0.8022025671396108	-0.03150366422844009	
max_production	300	known	113.0	-570.6666666666666	
max_production	300	per_century	9.0	-36.0	
max_production	300	per_50	1.2658227848101267	-17.29957805907173	below low
max_production	300	education	0.7359328050538583	-0.053189253518003965	
max_production	300	art_found	502.3333333333333	-57.666666666666686	
max_production	300	art_studied	283.6666666666667	-181.0	
max_production	300	art_bonus	0.1365975	-0.08570250000000001	
max_production	300	allure	0.6063356218106465	-0.034504375380825625	
max_production	300	line_knowledge	0.0	-3.6666666666666665	
max_production	300	line_institutions	1.0	-2.6666666666666665	
max_production	300	line_culture	5.0	2.0	
max_production	300	line_labor	0.0	-1.0	
max_production	300	line_production	2.0	-2.0	
max_production	300	line_infrastructure	0.0	-9.333333333333334	
max_production	300	line_nutrition	0.0	-5.0	
max_production	300	line_health	1.0	-2.0	
max_production	300	line_demography	0.0	0.0	
max_production	300	line_logistics	0.0	-6.333333333333333	
max_production	300	line_ecology	0.0	-3.0	
max_production	300	line_security	0.0	-3.0	
max_production	400	population	111.54718081405395	-1523.661911411462	within
max_production	400	growth_pct	0.09148319722622755	-0.47774492842303695	within
max_production	400	life_expectancy	22.95903594379331	-3.7310017756551765	within
max_production	400	infant_mortality	288.20502839250213	66.1319683251217	within
max_production	400	child_mortality_1_4	253.79292234007391	41.91951705899885	below low
max_production	400	maternal_per_100k	1832.993890020358	626.7179270659822	below low
max_production	400	tfr	5.5591649443302815	0.1640869286725195	within
max_production	400	cbr	45.56348411647596	1.834458976146692	within
max_production	400	cdr	44.649229759200104	6.5585450800563905	within
max_production	400	food_per_worker	4.835868241148295	-1.050266046439047	
max_production	400	food_security	0.9799999999983866	-1.5626389071599078e-12	
max_production	400	food_share	54.66821525358139	0.0	within
max_production	400	defense_share	2.2908865185785827	0.0	within
max_production	400	diet	0.7437098765492346	-0.1690025848318908	
max_production	400	health	0.9699999999999999	0.0	
max_production	400	labor_efficiency	0.924796426444297	-0.02183168646421274	
max_production	400	cap_production	0.6550352100808836	-0.04320491326582687	
max_production	400	craft_output	0.24025871875364638	-0.09791286265103208	
max_production	400	tool_quality	0.305784088510444	0.012388448796802287	
max_production	400	cap_infrastructure	0.6272893729390036	-0.059193896066805696	
max_production	400	housing_ratio	1.12	0.02100980737353475	
max_production	400	construction_rate	0.12119540521668669	-0.19907806135339567	
max_production	400	cap_logistics	0.277690480639111	-0.12282977600235612	
max_production	400	trade_capacity	0.10196615780797748	-0.16492619002137127	
max_production	400	ecology	0.4730930032484955	0.0	
max_production	400	ground_health	0.9655415604013333	0.2236658633286973	
max_production	400	cap_institutions	0.630209805720053	-0.09060920145153795	
max_production	400	legitimacy	0.8533172737032545	-0.04667459277696184	
max_production	400	state_capacity	0.03679777610239788	-0.2299526880477087	
max_production	400	cap_security	0.49658694034633233	-0.10074617453069667	
max_production	400	warfare_readiness	0.100346820333211	-0.18609612408172393	
max_production	400	cap_culture	0.6632261923645241	-0.17775238001439453	
max_production	400	cohesion	0.8076024143618188	-0.03722904456928644	
max_production	400	known	121.0	-680.0	
max_production	400	per_century	4.333333333333333	-46.666666666666664	
max_production	400	per_50	2.9914529914529915	-11.11111111111111	below low
max_production	400	education	0.7388662572185725	-0.06548457780266503	
max_production	400	art_found	507.3333333333333	-52.666666666666686	
max_production	400	art_studied	400.3333333333333	-159.66666666666669	
max_production	400	art_bonus	0.15639	-0.09331	
max_production	400	allure	0.6076452384729049	-0.03555047600287886	
max_production	400	line_knowledge	0.0	-9.0	
max_production	400	line_institutions	0.0	-4.0	
max_production	400	line_culture	0.0	-6.0	
max_production	400	line_labor	0.0	-5.0	
max_production	400	line_production	4.333333333333333	-0.666666666666667	
max_production	400	line_infrastructure	0.0	-8.0	
max_production	400	line_nutrition	0.0	-5.0	
max_production	400	line_health	0.0	-1.0	
max_production	400	line_demography	0.0	0.0	
max_production	400	line_logistics	0.0	-4.0	
max_production	400	line_ecology	0.0	0.0	
max_production	400	line_security	0.0	-4.0	
max_production	500	population	122.46889568779223	-2343.6800439895187	within
max_production	500	growth_pct	0.09475162871767455	-0.2704926235581754	within
max_production	500	life_expectancy	22.95907227907644	-3.62691550170652	within
max_production	500	infant_mortality	288.204602248579	64.96701168254071	within
max_production	500	child_mortality_1_4	253.7925485075515	40.54762973418906	below low
max_production	500	maternal_per_100k	1832.9938900203663	645.244710120907	below low
max_production	500	tfr	5.562905098131232	0.4002909119439062	within
max_production	500	cbr	45.5899715004115	3.4742234462387245	within
max_production	500	cdr	44.643080842250185	6.163059119908986	below low
max_production	500	food_per_worker	5.001428753372022	-1.0467532100110297	
max_production	500	food_security	0.98	0.0	
max_production	500	food_share	53.33488192024718	0.0	within
max_production	500	defense_share	2.3582678355770943	0.0	within
max_production	500	diet	0.7473444186223723	-0.13157425974403958	
max_production	500	health	0.9699999999999999	0.0	
max_production	500	labor_efficiency	0.9255780966429037	-0.026024656999296236	
max_production	500	cap_production	0.6568653563205217	-0.053668543785720724	
max_production	500	craft_output	0.24786077038077012	-0.12560678314098547	
max_production	500	tool_quality	0.3183560989229024	0.009956105485375177	
max_production	500	cap_infrastructure	0.6272894082609803	-0.07595675875753283	
max_production	500	housing_ratio	1.12	0.022153643848949356	
max_production	500	construction_rate	0.12119560144989133	-0.26397423444893187	
max_production	500	cap_logistics	0.28081330220709333	-0.1525816934727522	
max_production	500	trade_capacity	0.11343004118862099	-0.20483592118632105	
max_production	500	ecology	0.5455106349604961	0.0	
max_production	500	ground_health	0.9585055197533942	0.2323557187732619	
max_production	500	cap_institutions	0.6349838026275428	-0.10508848941295346	
max_production	500	legitimacy	0.856884478445688	-0.05099218814614748	
max_production	500	state_capacity	0.036799209958383206	-0.2791853424601374	
max_production	500	cap_security	0.5028904731005379	-0.12190039148432141	
max_production	500	warfare_readiness	0.10479511028800431	-0.23151740854623426	
max_production	500	cap_culture	0.6676169541950995	-0.17965304204732524	
max_production	500	cohesion	0.8117309608437012	-0.04027063373342865	
max_production	500	known	133.66666666666666	-760.3333333333334	
max_production	500	per_century	7.333333333333333	-34.666666666666664	
max_production	500	per_50	2.6455026455026456	-19.57671957671958	below low
max_production	500	education	0.742535557492149	-0.08121458579058283	
max_production	500	art_found	510.0	-50.0	
max_production	500	art_studied	510.0	-50.0	
max_production	500	art_bonus	0.16765666666666668	-0.1040233333333333	
max_production	500	allure	0.6085233908390199	-0.03593060840946505	
max_production	500	line_knowledge	0.0	-6.333333333333333	
max_production	500	line_institutions	0.0	-3.0	
max_production	500	line_culture	0.0	-3.0	
max_production	500	line_labor	0.0	-1.6666666666666667	
max_production	500	line_production	3.6666666666666665	-1.3333333333333335	
max_production	500	line_infrastructure	0.0	-7.0	
max_production	500	line_nutrition	0.0	-2.0	
max_production	500	line_health	0.0	-2.0	
max_production	500	line_demography	0.0	-1.0	
max_production	500	line_logistics	0.0	-1.0	
max_production	500	line_ecology	3.6666666666666665	-1.3333333333333335	
max_production	500	line_security	0.0	-5.0	
max_production	600	population	135.24468169270241	-3154.775557850901	within
max_production	600	growth_pct	0.10161883694976837	-0.17072798000379308	within
max_production	600	life_expectancy	23.01092076046912	-3.5250988684848217	within
max_production	600	infant_mortality	287.4284345131293	63.95879797743024	within
max_production	600	child_mortality_1_4	253.13538791457768	39.161412830213976	below low
max_production	600	maternal_per_100k	1832.9938900203535	662.5570890924973	below low
max_production	600	tfr	5.563167085967362	0.5130646364981928	within
max_production	600	cbr	45.5824712714705	4.271189687552891	within
max_production	600	cdr	44.567017107743744	5.971318149303762	below low
max_production	600	food_per_worker	4.832950729630748	-0.8527266546846608	
max_production	600	food_security	0.98	0.0	
max_production	600	food_share	52.001548586913	0.0	within
max_production	600	defense_share	2.425649152575606	0.0	within
max_production	600	diet	0.7463295799675782	-0.11174725080746839	
max_production	600	health	0.9699999999999999	0.0	
max_production	600	labor_efficiency	0.9247630746271754	-0.03196484125242949	
max_production	600	cap_production	0.6568787053835256	-0.05993863873973215	
max_production	600	craft_output	0.25863163038510356	-0.1697683696148965	
max_production	600	tool_quality	0.31836195369032355	0.009961953690324155	
max_production	600	cap_infrastructure	0.6272894428565966	-0.08870655641877379	
max_production	600	housing_ratio	1.1091123749576768	0.00017094578102239133	
max_production	600	construction_rate	0.121195793647759	-0.30720420635224105	
max_production	600	cap_logistics	0.28392307369595016	-0.16087464853626116	
max_production	600	trade_capacity	0.11921885082655988	-0.22128112299272507	
max_production	600	ecology	0.6179206053486743	0.0	
max_production	600	ground_health	0.9527614008672934	0.22830937378049443	
max_production	600	cap_institutions	0.6394140798036477	-0.11113051941309982	
max_production	600	legitimacy	0.8597995422957908	-0.054582855458551016	
max_production	600	state_capacity	0.03680056391219314	-0.29569938583116884	
max_production	600	cap_security	0.5076343397795026	-0.14628755561973483	
max_production	600	warfare_readiness	0.10480034950529422	-0.2878996276668378	
max_production	600	cap_culture	0.6711233339506735	-0.18471368533330235	
max_production	600	cohesion	0.8142423142461652	-0.04600465204869131	
max_production	600	known	140.33333333333334	-809.6666666666666	
max_production	600	per_century	3.0	-15.0	
max_production	600	per_50	5.2631578947368425	-14.035087719298247	below low
max_production	600	education	0.7425364812125997	-0.09220860527608032	
max_production	600	art_found	510.6666666666667	-49.333333333333314	
max_production	600	art_studied	510.6666666666667	-49.333333333333314	
max_production	600	art_bonus	0.17992	-0.10567999999999997	
max_production	600	allure	0.6092246667901348	-0.0369427370666604	
max_production	600	line_knowledge	0.0	-2.0	
max_production	600	line_institutions	0.0	0.0	
max_production	600	line_culture	0.0	-2.0	
max_production	600	line_labor	0.0	-1.0	
max_production	600	line_production	3.0	-1.0	
max_production	600	line_infrastructure	0.0	-2.0	
max_production	600	line_nutrition	0.0	0.0	
max_production	600	line_health	0.0	-1.0	
max_production	600	line_demography	0.0	0.0	
max_production	600	line_logistics	0.0	-2.0	
max_production	600	line_ecology	0.0	-2.0	
max_production	600	line_security	0.0	-2.0	
max_infrastructure	100	population	92.91222944723945	-43.87138311522678	within
max_infrastructure	100	growth_pct	-0.007037855111691194	-0.5822706097515636	within
max_infrastructure	100	life_expectancy	21.042516904581362	-4.435907665072477	within
max_infrastructure	100	infant_mortality	308.9913065342877	68.89719460018648	within
max_infrastructure	100	child_mortality_1_4	273.6933987180271	48.797181096589526	below low
max_infrastructure	100	maternal_per_100k	1847.151128057924	439.06874601256527	within
max_infrastructure	100	tfr	5.577678320247268	-0.17700625662153158	within
max_infrastructure	100	cbr	45.76403322197333	0.36696267982618735	within
max_infrastructure	100	cdr	45.83441529320543	6.134078906347291	within
max_infrastructure	100	food_per_worker	4.130082388412735	-1.4413426026071	
max_infrastructure	100	food_security	0.9242720332598325	-0.055727966740167445	
max_infrastructure	100	food_share	60.00232288037168	0.0	within
max_infrastructure	100	defense_share	2.0213221209000527	0.0	within
max_infrastructure	100	diet	0.7057629751310498	-0.0963134170626283	
max_infrastructure	100	health	0.9699999999999999	0.0	
max_infrastructure	100	labor_efficiency	0.9185247454827801	-0.010423741449898771	
max_infrastructure	100	cap_production	0.6221485797599513	-0.026406690401136967	
max_infrastructure	100	craft_output	0.039073242226191046	-0.07419880651512321	
max_infrastructure	100	tool_quality	0.06719374391349597	-0.058810405052401565	
max_infrastructure	100	cap_infrastructure	0.6162520720464623	-0.01438386559618654	
max_infrastructure	100	housing_ratio	1.12	0.02328829342716432	
max_infrastructure	100	construction_rate	0.17325554348170055	0.02520951851495934	
max_infrastructure	100	cap_logistics	0.24949238593064446	-0.03819470941697553	
max_infrastructure	100	trade_capacity	0.010113831176322639	-0.1254654946813909	
max_infrastructure	100	ecology	0.17906000584580598	0.0	
max_infrastructure	100	ground_health	0.9928340329665085	0.01681919270807175	
max_infrastructure	100	cap_institutions	0.5994862840806542	-0.03497870279761606	
max_infrastructure	100	legitimacy	0.8187659181040662	-0.03191170399046894	
max_infrastructure	100	state_capacity	0.02025391920151434	-0.09100012890075941	
max_infrastructure	100	cap_security	0.456538245535667	-0.04472296620130711	
max_infrastructure	100	warfare_readiness	0.030644292399655368	-0.09774429638399061	
max_infrastructure	100	cap_culture	0.6336773262829783	-0.1591120173189805	
max_infrastructure	100	cohesion	0.7763566462982934	-0.03151740889262811	
max_infrastructure	100	known	71.0	-224.33333333333331	
max_infrastructure	100	per_century	25.333333333333332	-115.33333333333333	
max_infrastructure	100	per_50	3.1073446327683616	-48.58757062146893	below low
max_infrastructure	100	education	0.7078265165134067	-0.03254771459885786	
max_infrastructure	100	art_found	350.6666666666667	-50.66666666666663	
max_infrastructure	100	art_studied	78.33333333333333	24.999999999999993	
max_infrastructure	100	art_bonus	0.10919999999999973	-0.05760000000000014	
max_infrastructure	100	allure	0.6017354652564791	-0.03182240345397802	
max_infrastructure	100	line_knowledge	4.0	-5.333333333333334	
max_infrastructure	100	line_institutions	1.0	-9.333333333333334	
max_infrastructure	100	line_culture	1.0	-13.666666666666666	
max_infrastructure	100	line_labor	8.0	-5.0	
max_infrastructure	100	line_production	0.6666666666666666	-13.333333333333334	
max_infrastructure	100	line_infrastructure	6.666666666666667	-3.333333333333333	
max_infrastructure	100	line_nutrition	0.0	-15.0	
max_infrastructure	100	line_health	0.0	-12.333333333333334	
max_infrastructure	100	line_demography	0.0	-12.0	
max_infrastructure	100	line_logistics	3.0	-8.0	
max_infrastructure	100	line_ecology	0.0	-10.666666666666666	
max_infrastructure	100	line_security	1.0	-7.333333333333334	
max_infrastructure	200	population	95.25209068357844	-233.46215730145002	within
max_infrastructure	200	growth_pct	0.03408356568697831	-0.8949398350682831	within
max_infrastructure	200	life_expectancy	21.896037193028942	-5.049132245965282	within
max_infrastructure	200	infant_mortality	298.68849003240825	77.3154437154652	within
max_infrastructure	200	child_mortality_1_4	264.2551895381763	55.15419699495422	below low
max_infrastructure	200	maternal_per_100k	1832.9938900203633	533.3214156699987	within
max_infrastructure	200	tfr	5.559008200186117	-0.3304444533092328	within
max_infrastructure	200	cbr	45.67624360240225	-0.5913186249625753	within
max_infrastructure	200	cdr	45.33547433259843	8.153958393784073	within
max_infrastructure	200	food_per_worker	4.4764799332299114	-1.4940397217048957	
max_infrastructure	200	food_security	0.949883614255827	-0.03011638574417297	
max_infrastructure	200	food_share	58.002322880371565	0.0	within
max_infrastructure	200	defense_share	2.122394096397761	0.0	within
max_infrastructure	200	diet	0.7212734571738383	-0.1693372342487236	
max_infrastructure	200	health	0.9699999999999999	0.0	
max_infrastructure	200	labor_efficiency	0.9203555485427904	-0.011273947240758586	
max_infrastructure	200	cap_production	0.6263494029295891	-0.03538626230127084	
max_infrastructure	200	craft_output	0.0738935215075486	-0.1414629752236392	
max_infrastructure	200	tool_quality	0.09364745236698706	-0.09316835539293895	
max_infrastructure	200	cap_infrastructure	0.6244263556003148	-0.0351693631231329	
max_infrastructure	200	housing_ratio	1.12	0.02435174981810362	
max_infrastructure	200	construction_rate	0.206400513284503	-0.0074866105163255425	
max_infrastructure	200	cap_logistics	0.26148747004568135	-0.0715963119595599	
max_infrastructure	200	trade_capacity	0.051802973979432294	-0.15195808969631203	
max_infrastructure	200	ecology	0.2865472717805586	0.0	
max_infrastructure	200	ground_health	0.9876689251080695	0.11560902391067762	
max_infrastructure	200	cap_institutions	0.6172716574808236	-0.06320167122501252	
max_infrastructure	200	legitimacy	0.8355644493163257	-0.043810764455385676	
max_infrastructure	200	state_capacity	0.03276598882234518	-0.15384830311551767	
max_infrastructure	200	cap_security	0.4706422477855963	-0.07852702496840641	
max_infrastructure	200	warfare_readiness	0.04340751243791461	-0.1764220951548913	
max_infrastructure	200	cap_culture	0.6476687621785042	-0.17035867648699687	
max_infrastructure	200	cohesion	0.7893071412488472	-0.03500122873274458	
max_infrastructure	200	known	100.66666666666667	-451.6666666666667	
max_infrastructure	200	per_century	8.666666666666666	-96.66666666666666	
max_infrastructure	200	per_50	2.3255813953488373	-42.63565891472869	below low
max_infrastructure	200	education	0.7225440166946745	-0.0463296149378527	
max_infrastructure	200	art_found	451.6666666666667	-94.66666666666669	
max_infrastructure	200	art_studied	168.0	3.666666666666657	
max_infrastructure	200	art_bonus	0.1261	-0.07190000000000005	
max_infrastructure	200	allure	0.6045337524357008	-0.034071735297399375	
max_infrastructure	200	line_knowledge	0.0	-10.0	
max_infrastructure	200	line_institutions	0.0	-8.333333333333334	
max_infrastructure	200	line_culture	0.0	-7.0	
max_infrastructure	200	line_labor	0.0	-6.0	
max_infrastructure	200	line_production	1.0	-16.333333333333332	
max_infrastructure	200	line_infrastructure	6.666666666666667	1.333333333333334	
max_infrastructure	200	line_nutrition	0.0	-20.0	
max_infrastructure	200	line_health	0.0	-4.666666666666667	
max_infrastructure	200	line_demography	0.0	-3.0	
max_infrastructure	200	line_logistics	0.0	-8.0	
max_infrastructure	200	line_ecology	1.0	-8.666666666666666	
max_infrastructure	200	line_security	0.0	-6.0	
max_infrastructure	300	population	101.36876643082519	-742.5259415665976	within
max_infrastructure	300	growth_pct	0.0774522740132122	-0.8751357596201123	within
max_infrastructure	300	life_expectancy	22.453929598002233	-4.626541159183162	within
max_infrastructure	300	infant_mortality	291.74766394557804	71.97174245936796	within
max_infrastructure	300	child_mortality_1_4	257.8804802827529	49.80590560082325	below low
max_infrastructure	300	maternal_per_100k	1832.9938900203504	552.877938430327	below low
max_infrastructure	300	tfr	5.51883291405927	-0.35435200727770244	within
max_infrastructure	300	cbr	45.28704986069181	-0.8549965313277639	within
max_infrastructure	300	cdr	44.51292507107121	7.678025354622129	within
max_infrastructure	300	food_per_worker	4.716970944355591	-1.1749574819532143	
max_infrastructure	300	food_security	0.9553311675644595	-0.024668832435540522	
max_infrastructure	300	food_share	56.00232288037221	0.0	within
max_infrastructure	300	defense_share	2.223466071895432	0.0	within
max_infrastructure	300	diet	0.7355165580689215	-0.1861859844798286	
max_infrastructure	300	health	0.9699999999999999	0.0	
max_infrastructure	300	labor_efficiency	0.9198868047861651	-0.01729794469300283	
max_infrastructure	300	cap_production	0.6237641639011043	-0.051842649914630945	
max_infrastructure	300	craft_output	0.08503543165837552	-0.1827147633499503	
max_infrastructure	300	tool_quality	0.09399070552962419	-0.13046370936275134	
max_infrastructure	300	cap_infrastructure	0.6694907553053174	-0.005050260344643953	
max_infrastructure	300	housing_ratio	1.12	0.01947782680464938	
max_infrastructure	300	construction_rate	0.27365182875932575	-0.0026047251922077796	
max_infrastructure	300	cap_logistics	0.2969114987353426	-0.07483457808561805	
max_infrastructure	300	trade_capacity	0.051818402837720025	-0.1788942537900699	
max_infrastructure	300	ecology	0.39516064478294677	0.0	
max_infrastructure	300	ground_health	0.9800865168655619	0.1922384139298502	
max_infrastructure	300	cap_institutions	0.6304743363784612	-0.07038517299262637	
max_infrastructure	300	legitimacy	0.8453210036658582	-0.04456944556133613	
max_infrastructure	300	state_capacity	0.048202861411771464	-0.1775029279913399	
max_infrastructure	300	cap_security	0.4811157467139733	-0.09297248981270012	
max_infrastructure	300	warfare_readiness	0.04345638811691713	-0.2061834832830305	
max_infrastructure	300	cap_culture	0.6585014431696496	-0.17069854278771135	
max_infrastructure	300	cohesion	0.7996181097096535	-0.03408812165839736	
max_infrastructure	300	known	139.0	-544.6666666666666	
max_infrastructure	300	per_century	12.0	-33.0	
max_infrastructure	300	per_50	4.219409282700422	-14.345991561181435	below low
max_infrastructure	300	education	0.7297097554508984	-0.059412303120963794	
max_infrastructure	300	art_found	476.6666666666667	-83.33333333333331	
max_infrastructure	300	art_studied	269.6666666666667	-195.0	
max_infrastructure	300	art_bonus	0.13923	-0.08307000000000003	
max_infrastructure	300	allure	0.6067002886339299	-0.034139708557542225	
max_infrastructure	300	line_knowledge	0.0	-3.6666666666666665	
max_infrastructure	300	line_institutions	0.0	-3.6666666666666665	
max_infrastructure	300	line_culture	0.0	-3.0	
max_infrastructure	300	line_labor	0.0	-1.0	
max_infrastructure	300	line_production	0.0	-4.0	
max_infrastructure	300	line_infrastructure	5.0	-4.333333333333334	
max_infrastructure	300	line_nutrition	0.0	-5.0	
max_infrastructure	300	line_health	0.0	-3.0	
max_infrastructure	300	line_demography	0.0	0.0	
max_infrastructure	300	line_logistics	7.0	0.666666666666667	
max_infrastructure	300	line_ecology	0.0	-3.0	
max_infrastructure	300	line_security	0.0	-3.0	
max_infrastructure	400	population	110.75637344287948	-1524.4527187826363	within
max_infrastructure	400	growth_pct	0.09142769182339065	-0.47780043382587384	within
max_infrastructure	400	life_expectancy	23.351718196595893	-3.3383195228525935	within
max_infrastructure	400	infant_mortality	281.34743338597247	59.27437331859204	within
max_infrastructure	400	child_mortality_1_4	248.23151097045502	36.358105689379954	below low
max_infrastructure	400	maternal_per_100k	1832.993890020386	626.7179270660101	below low
max_infrastructure	400	tfr	5.519945385308561	0.12486736965079892	within
max_infrastructure	400	cbr	45.226604166883725	1.4975790265544546	within
max_infrastructure	400	cdr	44.31290671859205	6.22222203944834	within
max_infrastructure	400	food_per_worker	4.821438512526012	-1.0646957750613293	
max_infrastructure	400	food_security	0.9742736483623476	-0.005726351637601601	
max_infrastructure	400	food_share	54.66821525358139	0.0	within
max_infrastructure	400	defense_share	2.2908865185785827	0.0	within
max_infrastructure	400	diet	0.7390195985468587	-0.17369286283426666	
max_infrastructure	400	health	0.9699999999999999	0.0	
max_infrastructure	400	labor_efficiency	0.9209039264411424	-0.025724186467367405	
max_infrastructure	400	cap_production	0.6243926538468891	-0.07384746949982135	
max_infrastructure	400	craft_output	0.09500739263146364	-0.24316418877321483	
max_infrastructure	400	tool_quality	0.10328733463994051	-0.1901083050737012	
max_infrastructure	400	cap_infrastructure	0.6797405402611081	-0.006742728744701165	
max_infrastructure	400	housing_ratio	1.12	0.02100980737353475	
max_infrastructure	400	construction_rate	0.2967832413736066	-0.023490225196475756	
max_infrastructure	400	cap_logistics	0.31294487650425035	-0.08757538013721677	
max_infrastructure	400	trade_capacity	0.06429604288167141	-0.20259630494767733	
max_infrastructure	400	ecology	0.4730930032484955	0.0	
max_infrastructure	400	ground_health	0.9691235881671402	0.22724789109450416	
max_infrastructure	400	cap_institutions	0.6372817885695743	-0.08353721860201668	
max_infrastructure	400	legitimacy	0.8534526036442497	-0.046539262835966655	
max_infrastructure	400	state_capacity	0.05212734962596629	-0.21462311452414026	
max_infrastructure	400	cap_security	0.4893442180572216	-0.10798889681980739	
max_infrastructure	400	warfare_readiness	0.04984564602412287	-0.2365972983908121	
max_infrastructure	400	cap_culture	0.6665182377886626	-0.174460334590256	
max_infrastructure	400	cohesion	0.8080614145129568	-0.03677004441814846	
max_infrastructure	400	known	162.66666666666666	-638.3333333333334	
max_infrastructure	400	per_century	6.666666666666667	-44.333333333333336	
max_infrastructure	400	per_50	2.5641025641025643	-11.538461538461538	below low
max_infrastructure	400	education	0.7316220502295954	-0.07272878479164213	
max_infrastructure	400	art_found	482.6666666666667	-77.33333333333331	
max_infrastructure	400	art_studied	387.3333333333333	-172.66666666666669	
max_infrastructure	400	art_bonus	0.15244666666666665	-0.09725333333333336	
max_infrastructure	400	allure	0.6083036475577325	-0.034892066918051245	
max_infrastructure	400	line_knowledge	0.6666666666666666	-8.333333333333334	
max_infrastructure	400	line_institutions	0.0	-4.0	
max_infrastructure	400	line_culture	0.3333333333333333	-5.666666666666667	
max_infrastructure	400	line_labor	0.0	-5.0	
max_infrastructure	400	line_production	0.3333333333333333	-4.666666666666667	
max_infrastructure	400	line_infrastructure	5.333333333333333	-2.666666666666667	
max_infrastructure	400	line_nutrition	0.0	-5.0	
max_infrastructure	400	line_health	0.0	-1.0	
max_infrastructure	400	line_demography	0.0	0.0	
max_infrastructure	400	line_logistics	0.0	-4.0	
max_infrastructure	400	line_ecology	0.0	0.0	
max_infrastructure	400	line_security	0.0	-4.0	
max_infrastructure	500	population	129.90202179853918	-2336.2469178787715	within
max_infrastructure	500	growth_pct	0.16811608371469777	-0.19712816856115217	within
max_infrastructure	500	life_expectancy	23.79563186333773	-2.7903559174452326	within
max_infrastructure	500	infant_mortality	275.9969556942912	52.75936512825291	within
max_infrastructure	500	child_mortality_1_4	243.3817900244218	30.136871251059375	below low
max_infrastructure	500	maternal_per_100k	1832.9938900203633	645.2447101209041	below low
max_infrastructure	500	tfr	5.5188173282980335	0.3562031421107079	within
max_infrastructure	500	cbr	45.115938157023926	3.0001901028511497	within
max_infrastructure	500	cdr	43.43717560844371	4.95715388610251	within
max_infrastructure	500	food_per_worker	5.327530798201217	-0.7206511651818346	
max_infrastructure	500	food_security	0.98	0.0	
max_infrastructure	500	food_share	53.33488192024718	0.0	within
max_infrastructure	500	defense_share	2.3582678355770943	0.0	within
max_infrastructure	500	diet	0.7415811146021335	-0.13733756376427841	
max_infrastructure	500	health	0.9699999999999999	0.0	
max_infrastructure	500	labor_efficiency	0.9202252532685816	-0.031377500373618306	
max_infrastructure	500	cap_production	0.6223867987331272	-0.08814710137311521	
max_infrastructure	500	craft_output	0.09564655489672486	-0.27782099862503074	
max_infrastructure	500	tool_quality	0.11005874869785244	-0.1983412447396748	
max_infrastructure	500	cap_infrastructure	0.683155432454226	-0.020090734564287116	
max_infrastructure	500	housing_ratio	1.12	0.022153643848949356	
max_infrastructure	500	construction_rate	0.30674307238648085	-0.07842676351234235	
max_infrastructure	500	cap_logistics	0.3292103259593677	-0.1041846697204778	
max_infrastructure	500	trade_capacity	0.06852185864890416	-0.2497441037260379	
max_infrastructure	500	ecology	0.5455106349604961	0.0	
max_infrastructure	500	ground_health	0.9999999999999982	0.27385019901986596	
max_infrastructure	500	cap_institutions	0.6433762782726693	-0.096696013767827	
max_infrastructure	500	legitimacy	0.8613359219762596	-0.04654074461557589	
max_infrastructure	500	state_capacity	0.05536771865802962	-0.26061683376049094	
max_infrastructure	500	cap_security	0.49613067204580047	-0.12866019253905886	
max_infrastructure	500	warfare_readiness	0.051517210764004805	-0.2847953080702338	
max_infrastructure	500	cap_culture	0.6740061958011095	-0.17326380044131517	
max_infrastructure	500	cohesion	0.8160805008744889	-0.03592109370264096	
max_infrastructure	500	known	182.33333333333334	-711.6666666666666	
max_infrastructure	500	per_century	3.3333333333333335	-38.666666666666664	
max_infrastructure	500	per_50	3.1746031746031744	-19.04761904761905	below low
max_infrastructure	500	education	0.7376895534861142	-0.08606058979661757	
max_infrastructure	500	art_found	484.3333333333333	-75.66666666666669	
max_infrastructure	500	art_studied	484.3333333333333	-75.66666666666669	
max_infrastructure	500	art_bonus	0.16343166666666667	-0.10824833333333331	
max_infrastructure	500	allure	0.609801239160222	-0.0346527600882629	
max_infrastructure	500	line_knowledge	0.0	-6.333333333333333	
max_infrastructure	500	line_institutions	0.0	-3.0	
max_infrastructure	500	line_culture	0.0	-3.0	
max_infrastructure	500	line_labor	0.0	-1.6666666666666667	
max_infrastructure	500	line_production	0.0	-5.0	
max_infrastructure	500	line_infrastructure	3.3333333333333335	-3.6666666666666665	
max_infrastructure	500	line_nutrition	0.0	-2.0	
max_infrastructure	500	line_health	0.0	-2.0	
max_infrastructure	500	line_demography	0.0	-1.0	
max_infrastructure	500	line_logistics	0.0	-1.0	
max_infrastructure	500	line_ecology	0.0	-5.0	
max_infrastructure	500	line_security	0.0	-5.0	
max_infrastructure	600	population	154.26862186401567	-3135.7516176795875	within
max_infrastructure	600	growth_pct	0.1732717637810429	-0.09907505317251855	within
max_infrastructure	600	life_expectancy	23.822902542389002	-2.7131170865649388	within
max_infrastructure	600	infant_mortality	275.7186471362655	52.249010600566436	within
max_infrastructure	600	child_mortality_1_4	243.11808614192435	29.14411105756065	below low
max_infrastructure	600	maternal_per_100k	1832.9938900203433	662.5570890924871	below low
max_infrastructure	600	tfr	5.521259938289067	0.4711574888198973	within
max_infrastructure	600	cbr	45.12537636527359	3.8140947813559762	within
max_infrastructure	600	cdr	43.39523831869892	4.79953936025894	within
max_infrastructure	600	food_per_worker	5.132720395011771	-0.5529569893036381	
max_infrastructure	600	food_security	0.98	0.0	
max_infrastructure	600	food_share	52.001548586913	0.0	within
max_infrastructure	600	defense_share	2.425649152575606	0.0	within
max_infrastructure	600	diet	0.739917818332299	-0.11815901244274762	
max_infrastructure	600	health	0.9699999999999999	0.0	
max_infrastructure	600	labor_efficiency	0.9185032488481936	-0.03822466703141136	
max_infrastructure	600	cap_production	0.626229743936229	-0.09058760018702872	
max_infrastructure	600	craft_output	0.09881366209227312	-0.32958633790772696	
max_infrastructure	600	tool_quality	0.1306096365314892	-0.1777903634685102	
max_infrastructure	600	cap_infrastructure	0.6996846868308279	-0.016311312444542536	
max_infrastructure	600	housing_ratio	1.100715324713086	-0.008226104463568307	
max_infrastructure	600	construction_rate	0.3614363371225213	-0.06696366287747874	
max_infrastructure	600	cap_logistics	0.34477936797852776	-0.10001835425368355	
max_infrastructure	600	trade_capacity	0.07911086442652827	-0.26138910939275667	
max_infrastructure	600	ecology	0.6179206053486743	0.0	
max_infrastructure	600	ground_health	0.9998945529323503	0.2754425258455513	
max_infrastructure	600	cap_institutions	0.6497921430417763	-0.1007524561749712	
max_infrastructure	600	legitimacy	0.865431286276798	-0.04895111147754383	
max_infrastructure	600	state_capacity	0.058832879815825245	-0.27366706992753675	
max_infrastructure	600	cap_security	0.503779703359541	-0.15014219203969636	
max_infrastructure	600	warfare_readiness	0.05984556249285939	-0.3328544146792726	
max_infrastructure	600	cap_culture	0.6778419831207622	-0.17799503616321366	
max_infrastructure	600	cohesion	0.8181879776712496	-0.04205898862360691	
max_infrastructure	600	known	204.33333333333334	-745.6666666666666	
max_infrastructure	600	per_century	8.666666666666666	-9.333333333333334	
max_infrastructure	600	per_50	2.3391812865497075	-16.959064327485383	below low
max_infrastructure	600	education	0.7433334152065013	-0.09141167128217875	
max_infrastructure	600	art_found	484.6666666666667	-75.33333333333331	
max_infrastructure	600	art_studied	484.6666666666667	-75.33333333333331	
max_infrastructure	600	art_bonus	0.17264	-0.11295999999999998	
max_infrastructure	600	allure	0.6105683966241524	-0.035599007232642754	
max_infrastructure	600	line_knowledge	0.0	-2.0	
max_infrastructure	600	line_institutions	0.0	0.0	
max_infrastructure	600	line_culture	0.0	-2.0	
max_infrastructure	600	line_labor	0.0	-1.0	
max_infrastructure	600	line_production	3.0	-1.0	
max_infrastructure	600	line_infrastructure	5.333333333333333	3.333333333333333	
max_infrastructure	600	line_nutrition	0.0	0.0	
max_infrastructure	600	line_health	0.0	-1.0	
max_infrastructure	600	line_demography	0.0	0.0	
max_infrastructure	600	line_logistics	0.3333333333333333	-1.6666666666666667	
max_infrastructure	600	line_ecology	0.0	-2.0	
max_infrastructure	600	line_security	0.0	-2.0	
max_nutrition	100	population	114.96067355448962	-21.822939007976615	within
max_nutrition	100	growth_pct	0.20463832246437885	-0.3705944321754936	within
max_nutrition	100	life_expectancy	23.708776462372242	-1.769648107281597	within
max_nutrition	100	infant_mortality	274.9324597471446	34.83834781304341	within
max_nutrition	100	child_mortality_1_4	243.08430023600326	18.1880826145657	within
max_nutrition	100	maternal_per_100k	1832.9938900203633	424.9115079750045	within
max_nutrition	100	tfr	5.584072950896498	-0.17061162597230162	within
max_nutrition	100	cbr	45.55588736659602	0.15881682444887701	within
max_nutrition	100	cdr	43.51337314219203	3.81303675533389	within
max_nutrition	100	food_per_worker	6.660575394170746	1.0891504031509118	
max_nutrition	100	food_security	0.98	0.0	
max_nutrition	100	food_share	45.00174216027876	-15.00058072009292	ABOVE HIGH
max_nutrition	100	defense_share	2.779391284396326	0.7580691634962733	within
max_nutrition	100	diet	0.8864981650358233	0.08442177284214525	
max_nutrition	100	health	0.9699999999999999	0.0	
max_nutrition	100	labor_efficiency	0.9255588869063983	-0.003389600026280526	
max_nutrition	100	cap_production	0.6179797733757737	-0.03057549678531457	
max_nutrition	100	craft_output	0.04474589281701028	-0.06852615592430397	
max_nutrition	100	tool_quality	0.06047734904223267	-0.06552679992366486	
max_nutrition	100	cap_infrastructure	0.5830588839529142	-0.04757705368973464	
max_nutrition	100	housing_ratio	1.12	0.02328829342716432	
max_nutrition	100	construction_rate	0.054911307165934294	-0.09313471780080693	
max_nutrition	100	cap_logistics	0.271840695187714	-0.015846400159906016	
max_nutrition	100	trade_capacity	0.009231235460683085	-0.12634809039703046	
max_nutrition	100	ecology	0.8351091894501215	0.6560491836043155	
max_nutrition	100	ground_health	0.9912156607258522	0.015200820467415443	
max_nutrition	100	cap_institutions	0.656660678914771	0.022195692036500736	
max_nutrition	100	legitimacy	0.870697930895946	0.020020308801410924	
max_nutrition	100	state_capacity	0.03739994725687979	-0.07385410084539396	
max_nutrition	100	cap_security	0.5155222504243333	0.014261038687359173	
max_nutrition	100	warfare_readiness	0.04224782579431252	-0.08614076298933346	
max_nutrition	100	cap_culture	0.6755941890527645	-0.11719515454919438	
max_nutrition	100	cohesion	0.8358984737092167	0.02802441851829518	
max_nutrition	100	known	83.0	-212.33333333333331	
max_nutrition	100	per_century	18.0	-122.66666666666666	
max_nutrition	100	per_50	6.779661016949152	-44.91525423728814	below low
max_nutrition	100	education	0.7015319086971933	-0.03884232241507124	
max_nutrition	100	art_found	381.0	-20.333333333333314	
max_nutrition	100	art_studied	130.0	76.66666666666666	
max_nutrition	100	art_bonus	0.10919999999999973	-0.05760000000000014	
max_nutrition	100	allure	0.6101188378105529	-0.02343903089990429	
max_nutrition	100	line_knowledge	1.0	-8.333333333333334	
max_nutrition	100	line_institutions	0.0	-10.333333333333334	
max_nutrition	100	line_culture	0.0	-14.666666666666666	
max_nutrition	100	line_labor	0.0	-13.0	
max_nutrition	100	line_production	1.0	-13.0	
max_nutrition	100	line_infrastructure	2.0	-8.0	
max_nutrition	100	line_nutrition	13.0	-2.0	
max_nutrition	100	line_health	0.0	-12.333333333333334	
max_nutrition	100	line_demography	1.0	-11.0	
max_nutrition	100	line_logistics	0.0	-11.0	
max_nutrition	100	line_ecology	0.0	-10.666666666666666	
max_nutrition	100	line_security	0.0	-8.333333333333334	
max_nutrition	200	population	141.79620122088528	-186.91804676414318	within
max_nutrition	200	growth_pct	0.21112291749631287	-0.7179004832589486	within
max_nutrition	200	life_expectancy	23.778593339179707	-3.1665760998145167	within
max_nutrition	200	infant_mortality	273.89286598160356	52.5198196646605	within
max_nutrition	200	child_mortality_1_4	242.1329870326788	33.031994489456736	within
max_nutrition	200	maternal_per_100k	1832.9938900203624	533.3214156699978	within
max_nutrition	200	tfr	5.584486963341882	-0.30496569015346786	within
max_nutrition	200	cbr	45.568658071988686	-0.698904155376141	within
max_nutrition	200	cdr	43.4616065367832	6.280090597968844	within
max_nutrition	200	food_per_worker	7.094907481628495	1.1243878266936882	
max_nutrition	200	food_security	0.98	0.0	
max_nutrition	200	food_share	43.501742160278674	-14.500580720092891	ABOVE HIGH
max_nutrition	200	defense_share	2.855195266019608	0.7328011696218466	within
max_nutrition	200	diet	0.909263645439513	0.018652954016951107	
max_nutrition	200	health	0.9699999999999999	0.0	
max_nutrition	200	labor_efficiency	0.9212788294755295	-0.010350666308019507	
max_nutrition	200	cap_production	0.61725865122816	-0.04447701400269988	
max_nutrition	200	craft_output	0.050582419175516785	-0.16477407755567103	
max_nutrition	200	tool_quality	0.0605018263644467	-0.1263139813954793	
max_nutrition	200	cap_infrastructure	0.6162429816212827	-0.04335273710216503	
max_nutrition	200	housing_ratio	1.08634197296346	-0.009306277218436465	
max_nutrition	200	construction_rate	0.05983020887471161	-0.15405691492611695	
max_nutrition	200	cap_logistics	0.2827352394044572	-0.05034854260078403	
max_nutrition	200	trade_capacity	0.021111959621351373	-0.18264910405439294	
max_nutrition	200	ecology	0.8290167285420048	0.5424694567614462	
max_nutrition	200	ground_health	0.9816865460707103	0.10962664487331841	
max_nutrition	200	cap_institutions	0.6637368777650551	-0.016736450940781022	
max_nutrition	200	legitimacy	0.8739293725989072	-0.005445841172804111	
max_nutrition	200	state_capacity	0.04637364450285538	-0.14024064743500747	
max_nutrition	200	cap_security	0.5209104600951399	-0.028258812658862875	
max_nutrition	200	warfare_readiness	0.04225163127534084	-0.17757797631746505	
max_nutrition	200	cap_culture	0.6804536392367891	-0.13757379942871195	
max_nutrition	200	cohesion	0.8371869943754703	0.012878624393878546	
max_nutrition	200	known	111.0	-441.33333333333337	
max_nutrition	200	per_century	13.0	-92.33333333333333	
max_nutrition	200	per_50	2.3255813953488373	-42.63565891472869	below low
max_nutrition	200	education	0.7023612047520639	-0.06651242688046333	
max_nutrition	200	art_found	494.3333333333333	-52.00000000000006	
max_nutrition	200	art_studied	296.6666666666667	132.33333333333334	
max_nutrition	200	art_bonus	0.1287	-0.06930000000000003	
max_nutrition	200	allure	0.6110907278473579	-0.027514759885742368	
max_nutrition	200	line_knowledge	0.0	-10.0	
max_nutrition	200	line_institutions	2.0	-6.333333333333334	
max_nutrition	200	line_culture	0.0	-7.0	
max_nutrition	200	line_labor	0.0	-6.0	
max_nutrition	200	line_production	1.0	-16.333333333333332	
max_nutrition	200	line_infrastructure	1.0	-4.333333333333333	
max_nutrition	200	line_nutrition	9.0	-11.0	
max_nutrition	200	line_health	0.0	-4.666666666666667	
max_nutrition	200	line_demography	0.0	-3.0	
max_nutrition	200	line_logistics	0.0	-8.0	
max_nutrition	200	line_ecology	0.0	-9.666666666666666	
max_nutrition	200	line_security	0.0	-6.0	
max_nutrition	300	population	175.8247354297881	-668.0699725676346	within
max_nutrition	300	growth_pct	0.21652506432077168	-0.7360629693125528	within
max_nutrition	300	life_expectancy	23.8183795110335	-3.262091246151897	within
max_nutrition	300	infant_mortality	273.2911284917983	53.51520700558822	within
max_nutrition	300	child_mortality_1_4	241.553927487236	33.47935280530635	below low
max_nutrition	300	maternal_per_100k	1832.993890020369	552.8779384303457	below low
max_nutrition	300	tfr	5.584090220114333	-0.28909470122263947	within
max_nutrition	300	cbr	45.554240482570144	-0.587805909449429	within
max_nutrition	300	cdr	43.39343617046914	6.558536454020057	within
max_nutrition	300	food_per_worker	7.143373681349936	1.2514452550411308	
max_nutrition	300	food_security	0.98	0.0	
max_nutrition	300	food_share	42.00174216027916	-14.000580720093055	ABOVE HIGH
max_nutrition	300	defense_share	2.9309992476428604	0.7075331757474284	within
max_nutrition	300	diet	0.9311735385569934	0.009470996008243304	
max_nutrition	300	health	0.9699999999999999	0.0	
max_nutrition	300	labor_efficiency	0.9215435574230958	-0.015641192056072173	
max_nutrition	300	cap_production	0.6166911323093368	-0.058915681506398476	
max_nutrition	300	craft_output	0.050604241612763064	-0.21714595339556275	
max_nutrition	300	tool_quality	0.06051122425248501	-0.16394319063989052	
max_nutrition	300	cap_infrastructure	0.6162442426188691	-0.058296773031092264	
max_nutrition	300	housing_ratio	1.08709063559046	-0.013431537604890798	
max_nutrition	300	construction_rate	0.059833570105446356	-0.21642298384608719	
max_nutrition	300	cap_logistics	0.288812453586658	-0.08293362323430264	
max_nutrition	300	trade_capacity	0.023302901385772113	-0.2074097552420178	
max_nutrition	300	ecology	0.8229778586846735	0.4278172139017268	
max_nutrition	300	ground_health	0.9748817004524238	0.1870335975167121	
max_nutrition	300	cap_institutions	0.6707775028684768	-0.030082006502610725	
max_nutrition	300	legitimacy	0.8780131124163995	-0.011877336810794836	
max_nutrition	300	state_capacity	0.054472096146926115	-0.17123369325618526	
max_nutrition	300	cap_security	0.5268868190057492	-0.047201417520924216	
max_nutrition	300	warfare_readiness	0.042257405855947894	-0.20738246554399972	
max_nutrition	300	cap_culture	0.6851431980125787	-0.14405678794478227	
max_nutrition	300	cohesion	0.8426638852700817	0.008957653902030849	
max_nutrition	300	known	127.0	-556.6666666666666	
max_nutrition	300	per_century	14.0	-31.0	
max_nutrition	300	per_50	2.5316455696202533	-16.033755274261605	below low
max_nutrition	300	education	0.703109501683976	-0.08601255688788623	
max_nutrition	300	art_found	512.3333333333334	-47.66666666666663	
max_nutrition	300	art_studied	504.6666666666667	40.0	
max_nutrition	300	art_bonus	0.134316	-0.08798400000000003	
max_nutrition	300	allure	0.6120286396025157	-0.028811357588956366	
max_nutrition	300	line_knowledge	6.0	2.3333333333333335	
max_nutrition	300	line_institutions	2.0	-1.6666666666666665	
max_nutrition	300	line_culture	0.0	-3.0	
max_nutrition	300	line_labor	0.0	-1.0	
max_nutrition	300	line_production	0.0	-4.0	
max_nutrition	300	line_infrastructure	0.0	-9.333333333333334	
max_nutrition	300	line_nutrition	5.0	0.0	
max_nutrition	300	line_health	0.0	-3.0	
max_nutrition	300	line_demography	0.0	0.0	
max_nutrition	300	line_logistics	1.0	-5.333333333333333	
max_nutrition	300	line_ecology	0.0	-3.0	
max_nutrition	300	line_security	0.0	-3.0	
max_nutrition	400	population	222.81186346598852	-1412.3972287595273	within
max_nutrition	400	growth_pct	0.2472316662065266	-0.3219964594427379	within
max_nutrition	400	life_expectancy	24.06591815654203	-2.6241195629064578	within
max_nutrition	400	infant_mortality	266.4488452979252	44.37578523054475	within
max_nutrition	400	child_mortality_1_4	238.05361479405008	26.18020951297501	below low
max_nutrition	400	maternal_per_100k	1788.1918447756188	581.9158818212429	below low
max_nutrition	400	tfr	5.566385802868943	0.17130778721118123	within
max_nutrition	400	cbr	45.34714727984848	1.6181221395192082	within
max_nutrition	400	cdr	42.88101361324541	4.790328934101694	within
max_nutrition	400	food_per_worker	7.274364430507123	1.388230142919781	
max_nutrition	400	food_security	0.98	5.0737192225369654e-14	
max_nutrition	400	food_share	41.00116144018604	-13.667053813395349	ABOVE HIGH
max_nutrition	400	defense_share	2.9815645826552237	0.690678064076641	within
max_nutrition	400	diet	0.9657291546150271	0.05301669323390168	
max_nutrition	400	health	0.9699999999999999	0.0	
max_nutrition	400	labor_efficiency	0.9229227367674704	-0.023705376141039403	
max_nutrition	400	cap_production	0.6160402627525725	-0.08219986059413797	
max_nutrition	400	craft_output	0.06981509884231772	-0.2683564825623607	
max_nutrition	400	tool_quality	0.06232777633145934	-0.23106786338218235	
max_nutrition	400	cap_infrastructure	0.6191447476958059	-0.0673385213100034	
max_nutrition	400	housing_ratio	1.099706810439378	0.0007166178129125456	
max_nutrition	400	construction_rate	0.06730325200350523	-0.25297021456657715	
max_nutrition	400	cap_logistics	0.293328623782815	-0.10719163285865213	
max_nutrition	400	trade_capacity	0.08246726065028168	-0.18442508717906705	
max_nutrition	400	ecology	0.8186449594863056	0.34555195623781004	
max_nutrition	400	ground_health	0.9545830530745324	0.21270735600189639	
max_nutrition	400	cap_institutions	0.6834557976957644	-0.03736320947582661	
max_nutrition	400	legitimacy	0.8849705896009658	-0.015021276879250589	
max_nutrition	400	state_capacity	0.07946410930842568	-0.18728635484168088	
max_nutrition	400	cap_security	0.5317916973709699	-0.06554141750605913	
max_nutrition	400	warfare_readiness	0.042289390879440565	-0.2441535535354944	
max_nutrition	400	cap_culture	0.6948877855005301	-0.1460907868783885	
max_nutrition	400	cohesion	0.8507095992971941	0.005878140366088913	
max_nutrition	400	known	173.66666666666666	-627.3333333333334	
max_nutrition	400	per_century	26.333333333333332	-24.666666666666668	
max_nutrition	400	per_50	1.7094017094017095	-12.393162393162392	below low
max_nutrition	400	education	0.7158871984576901	-0.08846363656354739	
max_nutrition	400	art_found	514.6666666666666	-45.33333333333337	
max_nutrition	400	art_studied	514.6666666666666	-45.33333333333337	
max_nutrition	400	art_bonus	0.15441833333333332	-0.09528166666666668	
max_nutrition	400	allure	0.613977557100106	-0.029218157375677678	
max_nutrition	400	line_knowledge	1.0	-8.0	
max_nutrition	400	line_institutions	0.0	-4.0	
max_nutrition	400	line_culture	1.0	-5.0	
max_nutrition	400	line_labor	7.0	2.0	
max_nutrition	400	line_production	1.0	-4.0	
max_nutrition	400	line_infrastructure	4.0	-4.0	
max_nutrition	400	line_nutrition	5.333333333333333	0.33333333333333304	
max_nutrition	400	line_health	0.0	-1.0	
max_nutrition	400	line_demography	0.0	0.0	
max_nutrition	400	line_logistics	5.0	1.0	
max_nutrition	400	line_ecology	2.0	2.0	
max_nutrition	400	line_security	0.0	-4.0	
max_nutrition	500	population	287.17450495635734	-2178.9744347209535	within
max_nutrition	500	growth_pct	0.25544263248960714	-0.10980161978624281	within
max_nutrition	500	life_expectancy	24.095958100099377	-2.490029680683584	within
max_nutrition	500	infant_mortality	265.7558526496868	42.518262083648494	within
max_nutrition	500	child_mortality_1_4	237.62147835532667	24.376559581964244	below low
max_nutrition	500	maternal_per_100k	1788.008463461455	600.2592835619957	below low
max_nutrition	500	tfr	5.56620639365416	0.40359220746683455	within
max_nutrition	500	cbr	45.34973468257807	3.2339866284052903	within
max_nutrition	500	cdr	42.80201894829744	4.321997225956238	within
max_nutrition	500	food_per_worker	7.3237543590908105	1.2755723957077585	
max_nutrition	500	food_security	0.98	0.0	
max_nutrition	500	food_share	40.00116144018539	-13.333720480061785	above high (allowed)
max_nutrition	500	defense_share	3.0321005704041064	0.6738327348270121	within
max_nutrition	500	diet	0.9845427426630317	0.10562406429661975	
max_nutrition	500	health	0.9699999999999999	0.0	
max_nutrition	500	labor_efficiency	0.9253220645933808	-0.026280689048819084	
max_nutrition	500	cap_production	0.6182538449100327	-0.09228005519620974	
max_nutrition	500	craft_output	0.08802380307627126	-0.2854437504454843	
max_nutrition	500	tool_quality	0.0640050431087295	-0.2443949503287977	
max_nutrition	500	cap_infrastructure	0.6217136604760061	-0.0815325065425071	
max_nutrition	500	housing_ratio	1.1016607232067535	0.0038143670557027054	
max_nutrition	500	construction_rate	0.07908261209267498	-0.3060872238061482	
max_nutrition	500	cap_logistics	0.30408771025487763	-0.1293072854249679	
max_nutrition	500	trade_capacity	0.13202002877361585	-0.18624593360132619	
max_nutrition	500	ecology	0.814618669401776	0.26910803444127984	
max_nutrition	500	ground_health	0.9341650030009627	0.20801520202083046	
max_nutrition	500	cap_institutions	0.688754390968415	-0.05131790107208134	
max_nutrition	500	legitimacy	0.8878877422383447	-0.019988924353490867	
max_nutrition	500	state_capacity	0.08791073406751336	-0.2280738183510072	
max_nutrition	500	cap_security	0.536500904790347	-0.08828995979451237	
max_nutrition	500	warfare_readiness	0.04229361896141334	-0.29401889987282526	
max_nutrition	500	cap_culture	0.6996357211659635	-0.1476342750764612	
max_nutrition	500	cohesion	0.8552789552935883	0.003277360716458455	
max_nutrition	500	known	189.0	-705.0	
max_nutrition	500	per_century	3.3333333333333335	-38.666666666666664	
max_nutrition	500	per_50	1.5873015873015872	-20.634920634920636	below low
max_nutrition	500	education	0.7183258206339961	-0.10542432264873569	
max_nutrition	500	art_found	514.6666666666666	-45.33333333333337	
max_nutrition	500	art_studied	514.6666666666666	-45.33333333333337	
max_nutrition	500	art_bonus	0.16315000000000002	-0.10852999999999996	
max_nutrition	500	allure	0.6149271442331927	-0.029526855015292175	
max_nutrition	500	line_knowledge	0.6666666666666666	-5.666666666666666	
max_nutrition	500	line_institutions	0.0	-3.0	
max_nutrition	500	line_culture	0.0	-3.0	
max_nutrition	500	line_labor	0.0	-1.6666666666666667	
max_nutrition	500	line_production	0.0	-5.0	
max_nutrition	500	line_infrastructure	0.0	-7.0	
max_nutrition	500	line_nutrition	2.6666666666666665	0.6666666666666665	
max_nutrition	500	line_health	0.0	-2.0	
max_nutrition	500	line_demography	0.0	-1.0	
max_nutrition	500	line_logistics	0.0	-1.0	
max_nutrition	500	line_ecology	0.0	-5.0	
max_nutrition	500	line_security	0.0	-5.0	
max_nutrition	600	population	371.51907294782353	-2918.5011665957795	within
max_nutrition	600	growth_pct	0.2584367967288337	-0.01391002022472776	within
max_nutrition	600	life_expectancy	24.10763335288901	-2.4283862760649306	within
max_nutrition	600	infant_mortality	265.58051877836164	42.1108822426626	within
max_nutrition	600	child_mortality_1_4	237.4530724037883	23.479097319424596	below low
max_nutrition	600	maternal_per_100k	1788.001636937629	617.5648360097728	below low
max_nutrition	600	tfr	5.567836964035666	0.5177345145664969	within
max_nutrition	600	cbr	45.3613628542633	4.050081270345686	within
max_nutrition	600	cdr	42.783904787047796	4.188205828607813	within
max_nutrition	600	food_per_worker	6.826272895381924	1.1405955110665147	
max_nutrition	600	food_security	0.98	0.0	
max_nutrition	600	food_share	39.00116144018476	-13.000387146728244	above high (allowed)
max_nutrition	600	defense_share	3.082636558152991	0.656987405577385	within
max_nutrition	600	diet	0.9838777600551046	0.12580092928005804	
max_nutrition	600	health	0.9699999999999999	0.0	
max_nutrition	600	labor_efficiency	0.9264675404760679	-0.030260375403536988	
max_nutrition	600	cap_production	0.6183164507469069	-0.09850089337635082	
max_nutrition	600	craft_output	0.08802575893628545	-0.3403742410637146	
max_nutrition	600	tool_quality	0.06400916377178033	-0.24439083622821905	
max_nutrition	600	cap_infrastructure	0.6217138248389983	-0.0942821744363721	
max_nutrition	600	housing_ratio	1.1055912987040157	-0.003350130472638657	
max_nutrition	600	construction_rate	0.0790834713277717	-0.34931652867222834	
max_nutrition	600	cap_logistics	0.30640751184353593	-0.13839021038867538	
max_nutrition	600	trade_capacity	0.13459066560018063	-0.2059093082191043	
max_nutrition	600	ecology	0.8105928052733841	0.19267219992470974	
max_nutrition	600	ground_health	0.9175757498410082	0.1931237227542092	
max_nutrition	600	cap_institutions	0.692144603717579	-0.05839999549916852	
max_nutrition	600	legitimacy	0.8904586006832297	-0.02392379707111214	
max_nutrition	600	state_capacity	0.08791287649830715	-0.24458707324505485	
max_nutrition	600	cap_security	0.540461191463723	-0.11346070393551444	
max_nutrition	600	warfare_readiness	0.04229597672435759	-0.3504040004477744	
max_nutrition	600	cap_culture	0.7027883879594984	-0.15304863132447744	
max_nutrition	600	cohesion	0.8589355260677746	-0.0013114402270819614	
max_nutrition	600	known	192.0	-758.0	
max_nutrition	600	per_century	0.6666666666666666	-17.333333333333332	
max_nutrition	600	per_50	1.1695906432748537	-18.128654970760234	below low
max_nutrition	600	education	0.7196359037327911	-0.115109182755889	
max_nutrition	600	art_found	514.6666666666666	-45.33333333333337	
max_nutrition	600	art_studied	514.6666666666666	-45.33333333333337	
max_nutrition	600	art_bonus	0.16821999999999995	-0.11738000000000001	
max_nutrition	600	allure	0.6155576775918997	-0.030609726264895443	
max_nutrition	600	line_knowledge	0.0	-2.0	
max_nutrition	600	line_institutions	0.0	0.0	
max_nutrition	600	line_culture	0.0	-2.0	
max_nutrition	600	line_labor	0.0	-1.0	
max_nutrition	600	line_production	0.0	-4.0	
max_nutrition	600	line_infrastructure	0.0	-2.0	
max_nutrition	600	line_nutrition	0.6666666666666666	0.6666666666666666	
max_nutrition	600	line_health	0.0	-1.0	
max_nutrition	600	line_demography	0.0	0.0	
max_nutrition	600	line_logistics	0.0	-2.0	
max_nutrition	600	line_ecology	0.0	-2.0	
max_nutrition	600	line_security	0.0	-2.0	
max_health	100	population	96.73087457524532	-40.05273798722091	within
max_health	100	growth_pct	0.07144750739183081	-0.5037852472480416	within
max_health	100	life_expectancy	23.984477552686513	-1.4939470169673257	within
max_health	100	infant_mortality	275.15450318367135	35.06039124957016	within
max_health	100	child_mortality_1_4	241.27802770544267	16.38181008400511	within
max_health	100	maternal_per_100k	1987.3682109036702	579.2858288583113	below low
max_health	100	tfr	5.355787332388097	-0.3988972444807031	within
max_health	100	cbr	43.86548769781482	-1.5315828443323198	within
max_health	100	cdr	43.15134609669163	3.4510097098334924	within
max_health	100	food_per_worker	3.8201733492355756	-1.751251641784259	
max_health	100	food_security	0.9607839609740738	-0.019216039025926168	
max_health	100	food_share	67.20260162601629	7.20027874564461	within
max_health	100	defense_share	1.6574489224218414	-0.3638731984782113	below low
max_health	100	diet	0.7217818209230851	-0.08029457127059303	
max_health	100	health	0.9699999999999999	0.0	
max_health	100	labor_efficiency	0.9190950672571937	-0.009853419675485142	
max_health	100	cap_production	0.619073153635575	-0.029482116525513247	
max_health	100	craft_output	0.02128449959790638	-0.09198754914340788	
max_health	100	tool_quality	0.0611387728944264	-0.06486537607147114	
max_health	100	cap_infrastructure	0.5847092552747402	-0.045926682367908644	
max_health	100	housing_ratio	1.12	0.02328829342716432	
max_health	100	construction_rate	0.058969838905962337	-0.08907618606077888	
max_health	100	cap_logistics	0.2082830302240969	-0.0794040651235231	
max_health	100	trade_capacity	0.0	-0.13557932585771354	
max_health	100	ecology	0.04	-0.13906000584580597	
max_health	100	ground_health	0.9876915285555387	0.01167668829710189	
max_health	100	cap_institutions	0.5755604657087482	-0.05890452116952205	
max_health	100	legitimacy	0.8101523869957693	-0.04052523509876582	
max_health	100	state_capacity	0.012947680664357523	-0.09830636743791624	
max_health	100	cap_security	0.4263110695416883	-0.07495014219528584	
max_health	100	warfare_readiness	0.02797373834683307	-0.1004148504368129	
max_health	100	cap_culture	0.6261969125642175	-0.16659243103774135	
max_health	100	cohesion	0.7632954281761645	-0.04457862701475701	
max_health	100	known	72.0	-223.33333333333331	
max_health	100	per_century	22.0	-118.66666666666666	
max_health	100	per_50	4.237288135593221	-47.45762711864407	below low
max_health	100	education	0.6987963656933865	-0.04157786541887798	
max_health	100	art_found	375.0	-26.333333333333314	
max_health	100	art_studied	62.333333333333336	9.0	
max_health	100	art_bonus	0.10919999999999973	-0.05760000000000014	
max_health	100	allure	0.6002393825113675	-0.033318486199089614	
max_health	100	line_knowledge	0.0	-9.333333333333334	
max_health	100	line_institutions	0.0	-10.333333333333334	
max_health	100	line_culture	0.0	-14.666666666666666	
max_health	100	line_labor	0.0	-13.0	
max_health	100	line_production	3.0	-11.0	
max_health	100	line_infrastructure	3.0	-7.0	
max_health	100	line_nutrition	0.0	-15.0	
max_health	100	line_health	10.0	-2.333333333333334	
max_health	100	line_demography	3.0	-9.0	
max_health	100	line_logistics	2.0	-9.0	
max_health	100	line_ecology	1.0	-9.666666666666666	
max_health	100	line_security	0.0	-8.333333333333334	
max_health	200	population	113.62164982527958	-215.0925981597489	within
max_health	200	growth_pct	0.17748025650504337	-0.7515431442502181	within
max_health	200	life_expectancy	25.06653263901163	-1.8786367999825941	within
max_health	200	infant_mortality	262.4994275225932	41.12638120565012	within
max_health	200	child_mortality_1_4	230.5831542350261	21.48216169180401	within
max_health	200	maternal_per_100k	1943.9455436819223	644.2730693315577	below low
max_health	200	tfr	5.3495520588738765	-0.5399005946214732	within
max_health	200	cbr	43.62685587799741	-2.64070634936742	within
max_health	200	cdr	41.85478709951547	4.673271160701113	within
max_health	200	food_per_worker	4.458243469020048	-1.512276185914759	
max_health	200	food_security	0.98	0.0	
max_health	200	food_share	64.96260162601615	6.960278745644587	within
max_health	200	defense_share	1.770649534979275	-0.3517445614184862	below low
max_health	200	diet	0.738793622138553	-0.15181706928400884	
max_health	200	health	0.9699999999999999	0.0	
max_health	200	labor_efficiency	0.9217253156642379	-0.009904180119311157	
max_health	200	cap_production	0.6216661102050018	-0.04006955502585807	
max_health	200	craft_output	0.030432738722982484	-0.18492375800820532	
max_health	200	tool_quality	0.06119235720062934	-0.12562345055929666	
max_health	200	cap_infrastructure	0.5859109075490029	-0.07368481117444481	
max_health	200	housing_ratio	1.12	0.02435174981810362	
max_health	200	construction_rate	0.05959767239040913	-0.15428945141041941	
max_health	200	cap_logistics	0.21455433880530297	-0.11852944319993827	
max_health	200	trade_capacity	0.0	-0.20376106367574431	
max_health	200	ecology	0.04	-0.2465472717805586	
max_health	200	ground_health	0.9999999999999929	0.12794009880260104	
max_health	200	cap_institutions	0.585150154141543	-0.09532317456429307	
max_health	200	legitimacy	0.8227324856489365	-0.05664272812277482	
max_health	200	state_capacity	0.012999998696441849	-0.173614293241421	
max_health	200	cap_security	0.43568128530691647	-0.11348798744708627	
max_health	200	warfare_readiness	0.027987921541187455	-0.19184168605161844	
max_health	200	cap_culture	0.6381087887767646	-0.17991864988873651	
max_health	200	cohesion	0.7761918978658713	-0.048116472115720454	
max_health	200	known	91.0	-461.33333333333337	
max_health	200	per_century	5.0	-100.33333333333333	
max_health	200	per_50	1.1627906976744187	-43.798449612403104	below low
max_health	200	education	0.6988011998795511	-0.07007243175297606	
max_health	200	art_found	485.0	-61.33333333333337	
max_health	200	art_studied	147.66666666666666	-16.666666666666686	
max_health	200	art_bonus	0.123825	-0.07417500000000003	
max_health	200	allure	0.6026217577553529	-0.03598372997774735	
max_health	200	line_knowledge	0.0	-10.0	
max_health	200	line_institutions	0.0	-8.333333333333334	
max_health	200	line_culture	0.0	-7.0	
max_health	200	line_labor	0.0	-6.0	
max_health	200	line_production	0.0	-17.333333333333332	
max_health	200	line_infrastructure	1.0	-4.333333333333333	
max_health	200	line_nutrition	0.0	-20.0	
max_health	200	line_health	4.0	-0.666666666666667	
max_health	200	line_demography	0.0	-3.0	
max_health	200	line_logistics	0.0	-8.0	
max_health	200	line_ecology	0.0	-9.666666666666666	
max_health	200	line_security	0.0	-6.0	
max_health	300	population	142.2932312078183	-701.6014767896045	within
max_health	300	growth_pct	0.24593964007471047	-0.706648393558614	within
max_health	300	life_expectancy	25.597615453053397	-1.4828553041319985	within
max_health	300	infant_mortality	255.38549811831706	35.60957663210698	within
max_health	300	child_mortality_1_4	225.15865043108522	17.084075749155573	within
max_health	300	maternal_per_100k	1897.5432456837113	617.427294093688	below low
max_health	300	tfr	5.372013707344351	-0.5011712139926212	within
max_health	300	cbr	43.64152943265282	-2.500516959366756	within
max_health	300	cdr	41.188235520077626	4.353335803628546	within
max_health	300	food_per_worker	4.452101364413569	-1.4398270618952358	
max_health	300	food_security	0.9799543864984953	-4.561350150467103e-05	
max_health	300	food_share	62.72260162601689	6.720278745644677	within
max_health	300	defense_share	1.883850147536666	-0.339615924358766	below low
max_health	300	diet	0.7395717098278155	-0.18213083272093455	
max_health	300	health	0.9699999999999999	0.0	
max_health	300	labor_efficiency	0.9194636032732894	-0.017721146205878613	
max_health	300	cap_production	0.6230153574983478	-0.052591456317387486	
max_health	300	craft_output	0.04478014944699957	-0.22297004556132624	
max_health	300	tool_quality	0.06186849660967412	-0.1625859182827014	
max_health	300	cap_infrastructure	0.5865844266309108	-0.08795658901905057	
max_health	300	housing_ratio	1.0928745320124498	-0.007647641182900955	
max_health	300	construction_rate	0.060971261358809446	-0.21528529259272408	
max_health	300	cap_logistics	0.22063130730055613	-0.15111476952040453	
max_health	300	trade_capacity	0.0	-0.23071265662778992	
max_health	300	ecology	0.04108389381491924	-0.35407675096802754	
max_health	300	ground_health	0.9999999892453401	0.21215188630962833	
max_health	300	cap_institutions	0.592118537584426	-0.10874097178666153	
max_health	300	legitimacy	0.8266010191452651	-0.06328943008192922	
max_health	300	state_capacity	0.012999999999980338	-0.21270578940313103	
max_health	300	cap_security	0.4426266102173984	-0.131461626309275	
max_health	300	warfare_readiness	0.028003984877884202	-0.22163588652206342	
max_health	300	cap_culture	0.639182565341381	-0.19001742061598004	
max_health	300	cohesion	0.7772443109927094	-0.05646192037534148	
max_health	300	known	112.0	-571.6666666666666	
max_health	300	per_century	8.0	-37.0	
max_health	300	per_50	0.0	-18.565400843881857	below low
max_health	300	education	0.6995828562635064	-0.08953920230835588	
max_health	300	art_found	508.0	-52.0	
max_health	300	art_studied	252.0	-212.66666666666669	
max_health	300	art_bonus	0.1337895	-0.08851050000000002	
max_health	300	allure	0.6028365130682762	-0.038003484123195874	
max_health	300	line_knowledge	0.0	-3.6666666666666665	
max_health	300	line_institutions	0.0	-3.6666666666666665	
max_health	300	line_culture	0.0	-3.0	
max_health	300	line_labor	0.0	-1.0	
max_health	300	line_production	3.0	-1.0	
max_health	300	line_infrastructure	1.0	-8.333333333333334	
max_health	300	line_nutrition	0.0	-5.0	
max_health	300	line_health	3.0	0.0	
max_health	300	line_demography	0.0	0.0	
max_health	300	line_logistics	0.0	-6.333333333333333	
max_health	300	line_ecology	1.0	-2.0	
max_health	300	line_security	0.0	-3.0	
max_health	400	population	195.17078672821017	-1440.0383054973056	within
max_health	400	growth_pct	0.34069222682605965	-0.22853589882320485	within
max_health	400	life_expectancy	26.155527050654275	-0.534510668794212	within
max_health	400	infant_mortality	248.41522859542582	26.34216852804539	within
max_health	400	child_mortality_1_4	219.4367375947261	7.5633323136510455	within
max_health	400	maternal_per_100k	1851.2128763754806	644.9369134211047	below low
max_health	400	tfr	5.382369221583862	-0.01270879407389991	within
max_health	400	cbr	43.58018828852209	-0.1488368518071823	within
max_health	400	cdr	40.18722931718606	2.096544638042346	within
max_health	400	food_per_worker	4.585344580995604	-1.300789706591738	
max_health	400	food_security	0.9799999999999552	5.995204332975845e-15	
max_health	400	food_share	61.22840108401116	6.5601858304297735	within
max_health	400	defense_share	1.9593610478217949	-0.33152547075678784	below low
max_health	400	diet	0.7758455779059551	-0.1368668834751703	
max_health	400	health	0.9699999999999999	0.0	
max_health	400	labor_efficiency	0.9159425892403514	-0.030685523668158354	
max_health	400	cap_production	0.6195443182244497	-0.07869580512226082	
max_health	400	craft_output	0.05122556768905737	-0.28694601371562106	
max_health	400	tool_quality	0.06255546451257903	-0.23084017520106265	
max_health	400	cap_infrastructure	0.6186122903154353	-0.06787097869037395	
max_health	400	housing_ratio	1.0898570530023204	-0.00913313962414497	
max_health	400	construction_rate	0.061029392069913445	-0.25924407450016895	
max_health	400	cap_logistics	0.22556492020842578	-0.17495533643304134	
max_health	400	trade_capacity	-0.001273538358217003	-0.26816588618756576	
max_health	400	ecology	0.11552572522017455	-0.35756727802832095	
max_health	400	ground_health	0.9907974523769135	0.24892175530427751	
max_health	400	cap_institutions	0.6033421485200884	-0.11747685865150259	
max_health	400	legitimacy	0.8313242645052269	-0.06866760197498945	
max_health	400	state_capacity	0.04033382558575111	-0.22641663856435545	
max_health	400	cap_security	0.4485032686263728	-0.1488298462506562	
max_health	400	warfare_readiness	0.028039409402141034	-0.2584035350127939	
max_health	400	cap_culture	0.64542487734168	-0.19555369503723863	
max_health	400	cohesion	0.7840143745971356	-0.060817084333969595	
max_health	400	known	145.33333333333334	-655.6666666666666	
max_health	400	per_century	24.0	-27.0	
max_health	400	per_50	2.1367521367521367	-11.965811965811966	below low
max_health	400	education	0.7021409310048661	-0.10220990401637142	
max_health	400	art_found	512.3333333333334	-47.66666666666663	
max_health	400	art_studied	399.6666666666667	-160.33333333333331	
max_health	400	art_bonus	0.141336	-0.10836400000000002	
max_health	400	allure	0.6040849754683361	-0.03911073900744766	
max_health	400	line_knowledge	7.0	-2.0	
max_health	400	line_institutions	4.0	0.0	
max_health	400	line_culture	0.0	-6.0	
max_health	400	line_labor	0.0	-5.0	
max_health	400	line_production	1.3333333333333333	-3.666666666666667	
max_health	400	line_infrastructure	1.0	-7.0	
max_health	400	line_nutrition	7.0	2.0	
max_health	400	line_health	2.6666666666666665	1.6666666666666665	
max_health	400	line_demography	0.0	0.0	
max_health	400	line_logistics	0.0	-4.0	
max_health	400	line_ecology	1.0	1.0	
max_health	400	line_security	0.0	-4.0	
max_health	500	population	289.66904123697606	-2176.4798984403346	within
max_health	500	growth_pct	0.40733125918060625	0.04208700690475631	within
max_health	500	life_expectancy	26.238331325474444	-0.34765645530851685	within
max_health	500	infant_mortality	246.23515433345446	22.997563767416153	within
max_health	500	child_mortality_1_4	218.5598117113899	5.314892938027469	within
max_health	500	maternal_per_100k	1795.1276882866957	607.3785083872365	below low
max_health	500	tfr	5.431357066294251	0.2687428801069256	within
max_health	500	cbr	43.894179389439785	1.7784313352670083	within
max_health	500	cdr	39.843077078829566	1.363055356488367	within
max_health	500	food_per_worker	4.65083868488292	-1.3973432785001316	
max_health	500	food_security	0.98	0.0	
max_health	500	food_share	59.735067750676855	6.4001858304296775	within
max_health	500	defense_share	2.0348281228601284	-0.3234397127169659	within
max_health	500	diet	0.7967155331110728	-0.08220314525533912	
max_health	500	health	0.9699999999999999	0.0	
max_health	500	labor_efficiency	0.9159526332122008	-0.035650120429999155	
max_health	500	cap_production	0.6188048740097268	-0.09172902609651556	
max_health	500	craft_output	0.0583061644704586	-0.315161389051297	
max_health	500	tool_quality	0.07329421402359486	-0.23510577941393235	
max_health	500	cap_infrastructure	0.6186125138556463	-0.08463365316286686	
max_health	500	housing_ratio	1.0944600321177937	-0.0033863240332570044	
max_health	500	construction_rate	0.06103063253138188	-0.32413920336744134	
max_health	500	cap_logistics	0.23114870353278008	-0.20224629214706544	
max_health	500	trade_capacity	0.004458891368468263	-0.31380707100647376	
max_health	500	ecology	0.19661563173854493	-0.3488950032219512	
max_health	500	ground_health	0.951944615309409	0.22579481432927673	
max_health	500	cap_institutions	0.6168561031267541	-0.1232161889137422	
max_health	500	legitimacy	0.8389297222624199	-0.06894694432941562	
max_health	500	state_capacity	0.062211155306874856	-0.2537733971116457	
max_health	500	cap_security	0.45539163438171154	-0.1693992302031478	
max_health	500	warfare_readiness	0.02807699765925471	-0.3082355211749839	
max_health	500	cap_culture	0.6530145646567221	-0.19425543158570258	
max_health	500	cohesion	0.7915773479828085	-0.06042424659432133	
max_health	500	known	165.0	-729.0	
max_health	500	per_century	9.0	-33.0	
max_health	500	per_50	0.0	-22.222222222222225	below low
max_health	500	education	0.7045710143820654	-0.1191791289006664	
max_health	500	art_found	513.0	-47.0	
max_health	500	art_studied	513.0	-47.0	
max_health	500	art_bonus	0.148447	-0.12323299999999998	
max_health	500	allure	0.6056029129313444	-0.038851086317140515	
max_health	500	line_knowledge	0.0	-6.333333333333333	
max_health	500	line_institutions	5.0	2.0	
max_health	500	line_culture	3.0	0.0	
max_health	500	line_labor	0.0	-1.6666666666666667	
max_health	500	line_production	0.0	-5.0	
max_health	500	line_infrastructure	0.0	-7.0	
max_health	500	line_nutrition	0.0	-2.0	
max_health	500	line_health	1.0	-1.0	
max_health	500	line_demography	0.0	-1.0	
max_health	500	line_logistics	0.0	-1.0	
max_health	500	line_ecology	0.0	-5.0	
max_health	500	line_security	0.0	-5.0	
max_health	600	population	440.8570238335254	-2849.1632157100776	within
max_health	600	growth_pct	0.4223503900875632	0.15000357313400176	within
max_health	600	life_expectancy	26.27932373009661	-0.25669589885733046	within
max_health	600	infant_mortality	245.73943240177516	22.269795866076123	within
max_health	600	child_mortality_1_4	218.09311003404238	4.119134949678681	within
max_health	600	maternal_per_100k	1786.9384390803032	616.501638152447	below low
max_health	600	tfr	5.444720445397571	0.3946179959284013	within
max_health	600	cbr	44.0034564213889	2.692174837471285	within
max_health	600	cdr	39.80437417561557	1.208675217175589	within
max_health	600	food_per_worker	4.317188803119202	-1.3684885811962069	
max_health	600	food_security	0.98	0.0	
max_health	600	food_share	58.24173441734257	6.240185830429567	within
max_health	600	defense_share	2.1102951978984614	-0.31535395467714444	within
max_health	600	diet	0.8048783136610744	-0.053198517113972166	
max_health	600	health	0.9699999999999999	0.0	
max_health	600	labor_efficiency	0.9158733726441352	-0.040854543235469776	
max_health	600	cap_production	0.6187112365061004	-0.09810610761715732	
max_health	600	craft_output	0.05835450935840499	-0.3700454906415951	
max_health	600	tool_quality	0.07337695259436879	-0.23502304740563063	
max_health	600	cap_infrastructure	0.6186128078870649	-0.09738319138830553	
max_health	600	housing_ratio	1.0874347398948616	-0.02150668928179278	
max_health	600	construction_rate	0.061032266039249446	-0.3673677339607506	
max_health	600	cap_logistics	0.2348548840643644	-0.20994283816784692	
max_health	600	trade_capacity	0.0044738966528048785	-0.33602607716648003	
max_health	600	ecology	0.2777147737881386	-0.34020583156053574	
max_health	600	ground_health	0.908248753138019	0.18379672605122	
max_health	600	cap_institutions	0.6320288148446913	-0.11851578437205623	
max_health	600	legitimacy	0.8480687967903942	-0.06631360096394767	
max_health	600	state_capacity	0.08262041670710517	-0.24987953303625682	
max_health	600	cap_security	0.4619456613546067	-0.1919762340446307	
max_health	600	warfare_readiness	0.028126982160244906	-0.3645729950118871	
max_health	600	cap_culture	0.661378816947917	-0.19445820233605882	
max_health	600	cohesion	0.798163125088287	-0.06208384120656951	
max_health	600	known	182.0	-768.0	
max_health	600	per_century	17.0	-1.0	
max_health	600	per_50	1.7543859649122806	-17.54385964912281	below low
max_health	600	education	0.7066262001017817	-0.1281188863868984	
max_health	600	art_found	513.0	-47.0	
max_health	600	art_studied	513.0	-47.0	
max_health	600	art_bonus	0.157742	-0.12785799999999997	
max_health	600	allure	0.6072757633895834	-0.03889164046721172	
max_health	600	line_knowledge	6.0	4.0	
max_health	600	line_institutions	4.0	4.0	
max_health	600	line_culture	4.0	2.0	
max_health	600	line_labor	0.0	-1.0	
max_health	600	line_production	0.0	-4.0	
max_health	600	line_infrastructure	0.0	-2.0	
max_health	600	line_nutrition	0.0	0.0	
max_health	600	line_health	3.0	2.0	
max_health	600	line_demography	0.0	0.0	
max_health	600	line_logistics	0.0	-2.0	
max_health	600	line_ecology	0.0	-2.0	
max_health	600	line_security	0.0	-2.0	
max_demography	100	population	121.84018370675955	-14.943428855706685	within
max_demography	100	growth_pct	0.4575743356394139	-0.11765841900045854	within
max_demography	100	life_expectancy	23.485666870114255	-1.9927576995395846	within
max_demography	100	infant_mortality	261.59376733598543	21.49965540188424	within
max_demography	100	child_mortality_1_4	244.89651502805168	20.000297406614123	within
max_demography	100	maternal_per_100k	1386.3896165626345	-21.692765482724326	within
max_demography	100	tfr	5.95344252750315	0.19875795063435042	within
max_demography	100	cbr	47.23912495530907	1.8420544131619323	within
max_demography	100	cdr	42.693544476476255	2.993208089618115	within
max_demography	100	food_per_worker	4.299948303460467	-1.2714766875593675	
max_demography	100	food_security	0.98	0.0	
max_demography	100	food_share	64.80250871080142	4.80018583042974	within
max_demography	100	defense_share	1.7787399885812454	-0.24258213231880732	below low
max_demography	100	diet	0.7279044490627903	-0.07417194313088782	
max_demography	100	health	0.9699999999999999	0.0	
max_demography	100	labor_efficiency	0.912669767355048	-0.01627871957763083	
max_demography	100	cap_production	0.61268853559379	-0.035866734567298275	
max_demography	100	craft_output	0.008348757471999937	-0.10492329126931432	
max_demography	100	tool_quality	0.052393320664921	-0.07361082830097654	
max_demography	100	cap_infrastructure	0.5462897035721748	-0.08434623407047404	
max_demography	100	housing_ratio	1.12	0.02328829342716432	
max_demography	100	construction_rate	0.025199180460988246	-0.12284684450575296	
max_demography	100	cap_logistics	0.21050297821509165	-0.07718411713252835	
max_demography	100	trade_capacity	0.008556453698894864	-0.1270228721588187	
max_demography	100	ecology	0.04	-0.13906000584580597	
max_demography	100	ground_health	0.9999996491958667	0.023984808937429936	
max_demography	100	cap_institutions	0.5825247696833986	-0.05194021719487163	
max_demography	100	legitimacy	0.8204017480822593	-0.030275874012275827	
max_demography	100	state_capacity	0.016444119354190826	-0.09480992874808293	
max_demography	100	cap_security	0.4328373881198588	-0.06842382361711535	
max_demography	100	warfare_readiness	0.02800644636862756	-0.10038214241501842	
max_demography	100	cap_culture	0.6354828688968901	-0.15730647470506876	
max_demography	100	cohesion	0.7748927756074163	-0.03298127958350516	
max_demography	100	known	62.0	-233.33333333333331	
max_demography	100	per_century	22.0	-118.66666666666666	
max_demography	100	per_50	5.932203389830509	-45.76271186440678	below low
max_demography	100	education	0.6991194366283272	-0.04125479448393732	
max_demography	100	art_found	399.3333333333333	-2.0	
max_demography	100	art_studied	79.33333333333333	25.999999999999993	
max_demography	100	art_bonus	0.10919999999999973	-0.05760000000000014	
max_demography	100	allure	0.6020965737791208	-0.031461294931336314	
max_demography	100	line_knowledge	1.0	-8.333333333333334	
max_demography	100	line_institutions	2.0	-8.333333333333334	
max_demography	100	line_culture	1.0	-13.666666666666666	
max_demography	100	line_labor	0.0	-13.0	
max_demography	100	line_production	0.0	-14.0	
max_demography	100	line_infrastructure	2.0	-8.0	
max_demography	100	line_nutrition	3.0	-12.0	
max_demography	100	line_health	0.0	-12.333333333333334	
max_demography	100	line_demography	12.0	0.0	
max_demography	100	line_logistics	1.0	-10.0	
max_demography	100	line_ecology	0.0	-10.666666666666666	
max_demography	100	line_security	0.0	-8.333333333333334	
max_demography	200	population	226.19603987228516	-102.51820811274331	within
max_demography	200	growth_pct	0.6320995268280782	-0.2969238739271832	within
max_demography	200	life_expectancy	23.52885614595407	-3.4163132930401545	within
max_demography	200	infant_mortality	259.45865085227643	38.085604535333374	within
max_demography	200	child_mortality_1_4	244.48153355005078	35.38054100682871	within
max_demography	200	maternal_per_100k	1332.399340573775	32.7268662234103	within
max_demography	200	tfr	6.030544739649247	0.1410920861538969	within
max_demography	200	cbr	48.22530819521851	1.9577459678536826	ABOVE HIGH
max_demography	200	cdr	41.9758149106155	4.79429897180114	within
max_demography	200	food_per_worker	4.3975647613	-1.5729548936348072	
max_demography	200	food_security	0.9799136058915895	-8.639410841049244e-05	
max_demography	200	food_share	62.6425087108013	4.640185830429736	within
max_demography	200	defense_share	1.8878977221187707	-0.2344963742789905	below low
max_demography	200	diet	0.736651364027436	-0.15395932739512586	
max_demography	200	health	0.9699999999999999	0.0	
max_demography	200	labor_efficiency	0.9095281993809351	-0.022101296402613935	
max_demography	200	cap_production	0.612923805432648	-0.0488118597982119	
max_demography	200	craft_output	0.008357816140476156	-0.20699868059071166	
max_demography	200	tool_quality	0.0524428840437511	-0.1343729237161749	
max_demography	200	cap_infrastructure	0.5467915500546247	-0.11280416866882303	
max_demography	200	housing_ratio	1.0906101090428786	-0.005038141139017904	
max_demography	200	construction_rate	0.027374181165463213	-0.18651294263536533	
max_demography	200	cap_logistics	0.21532079586296468	-0.11776298614227657	
max_demography	200	trade_capacity	0.011710454632005006	-0.1920506090437393	
max_demography	200	ecology	0.042819504219160254	-0.24372776756139836	
max_demography	200	ground_health	0.9855207449626442	0.11346084376525234	
max_demography	200	cap_institutions	0.591831760223212	-0.08864156848262406	
max_demography	200	legitimacy	0.8246280824103985	-0.05474713136131282	
max_demography	200	state_capacity	0.028302670668176738	-0.15831162126968612	
max_demography	200	cap_security	0.44001282654493074	-0.109156446209072	
max_demography	200	warfare_readiness	0.02803298970294672	-0.1917966178898592	
max_demography	200	cap_culture	0.6409285220945399	-0.17709891657096122	
max_demography	200	cohesion	0.7784749682849271	-0.04583340169666461	
max_demography	200	known	77.0	-475.33333333333337	
max_demography	200	per_century	8.0	-97.33333333333333	
max_demography	200	per_50	0.0	-44.96124031007752	below low
max_demography	200	education	0.7002151667697395	-0.0686584648627877	
max_demography	200	art_found	520.3333333333334	-26.0	
max_demography	200	art_studied	218.66666666666666	54.333333333333314	
max_demography	200	art_bonus	0.12285	-0.07515000000000004	
max_demography	200	allure	0.603185704418908	-0.035419783314192266	
max_demography	200	line_knowledge	0.0	-10.0	
max_demography	200	line_institutions	0.0	-8.333333333333334	
max_demography	200	line_culture	0.0	-7.0	
max_demography	200	line_labor	0.0	-6.0	
max_demography	200	line_production	0.0	-17.333333333333332	
max_demography	200	line_infrastructure	0.0	-5.333333333333333	
max_demography	200	line_nutrition	0.0	-20.0	
max_demography	200	line_health	5.0	0.33333333333333304	
max_demography	200	line_demography	3.0	0.0	
max_demography	200	line_logistics	0.0	-8.0	
max_demography	200	line_ecology	0.0	-9.666666666666666	
max_demography	200	line_security	0.0	-6.0	
max_demography	300	population	441.5358520078483	-402.35885598957447	within
max_demography	300	growth_pct	0.6849974955377647	-0.26759053809555977	within
max_demography	300	life_expectancy	23.53205482158566	-3.548415935599735	within
max_demography	300	infant_mortality	257.99729974801085	38.221378261800766	within
max_demography	300	child_mortality_1_4	244.37352247637136	36.298947794441716	below low
max_demography	300	maternal_per_100k	1279.3053290892242	-0.810622500799127	within
max_demography	300	tfr	6.0875605376920205	0.21437561635504832	within
max_demography	300	cbr	48.528929613653695	2.386883221634122	ABOVE HIGH
max_demography	300	cdr	41.76782517750858	4.932925461059497	within
max_demography	300	food_per_worker	4.326030554487652	-1.5658978718211536	
max_demography	300	food_security	0.9795780519139042	-0.00042194808609574697	
max_demography	300	food_share	60.48250871080199	4.480185830429775	within
max_demography	300	defense_share	1.9970554556562548	-0.22641061623917724	below low
max_demography	300	diet	0.7561500731466032	-0.16555246940214685	
max_demography	300	health	0.9699999999999999	0.0	
max_demography	300	labor_efficiency	0.9098786365777954	-0.027306112901372526	
max_demography	300	cap_production	0.6125613783631847	-0.06304543545255059	
max_demography	300	craft_output	0.008360181943323148	-0.25939001306500264	
max_demography	300	tool_quality	0.05246684077374005	-0.17198757411863547	
max_demography	300	cap_infrastructure	0.5467916033474057	-0.12774941230255565	
max_demography	300	housing_ratio	1.0881567204276241	-0.012365452767726604	
max_demography	300	construction_rate	0.027374463041347608	-0.24888209091018593	
max_demography	300	cap_logistics	0.2199911269745174	-0.15175494984644328	
max_demography	300	trade_capacity	0.011722613031692098	-0.21899004359609783	
max_demography	300	ecology	0.15054927730170883	-0.24461136748123793	
max_demography	300	ground_health	0.9244470907730671	0.13659898783735536	
max_demography	300	cap_institutions	0.5990269371832356	-0.10183257218785191	
max_demography	300	legitimacy	0.8293503866745153	-0.060540062552678964	
max_demography	300	state_capacity	0.0283161194953403	-0.19738966990777107	
max_demography	300	cap_security	0.447629535011246	-0.12645870151542737	
max_demography	300	warfare_readiness	0.028048394049560933	-0.22159147735038667	
max_demography	300	cap_culture	0.6463889054132163	-0.18281108054414474	
max_demography	300	cohesion	0.7842665974086422	-0.049439633959408646	
max_demography	300	known	83.0	-600.6666666666666	
max_demography	300	per_century	0.0	-45.0	
max_demography	300	per_50	0.0	-18.565400843881857	below low
max_demography	300	education	0.7002164094413694	-0.08890564913049281	
max_demography	300	art_found	539.0	-21.0	
max_demography	300	art_studied	498.6666666666667	34.0	
max_demography	300	art_bonus	0.1287	-0.09360000000000002	
max_demography	300	allure	0.6042777810826432	-0.03656221610882893	
max_demography	300	line_knowledge	0.0	-3.6666666666666665	
max_demography	300	line_institutions	0.0	-3.6666666666666665	
max_demography	300	line_culture	0.0	-3.0	
max_demography	300	line_labor	0.0	-1.0	
max_demography	300	line_production	0.0	-4.0	
max_demography	300	line_infrastructure	0.0	-9.333333333333334	
max_demography	300	line_nutrition	0.0	-5.0	
max_demography	300	line_health	0.0	-3.0	
max_demography	300	line_demography	0.0	0.0	
max_demography	300	line_logistics	0.0	-6.333333333333333	
max_demography	300	line_ecology	0.0	-3.0	
max_demography	300	line_security	0.0	-3.0	
max_demography	400	population	926.1187214609023	-709.0903707646136	within
max_demography	400	growth_pct	0.7613950051543675	0.19216687950510303	within
max_demography	400	life_expectancy	23.828806549093382	-2.8612311703551043	within
max_demography	400	infant_mortality	252.07320121061164	30.000141143231218	within
max_demography	400	child_mortality_1_4	241.24812956670516	29.374724285630094	below low
max_demography	400	maternal_per_100k	1144.978870859396	-61.29709209497992	within
max_demography	400	tfr	6.114968162262596	0.7198901466048344	within
max_demography	400	cbr	48.586863075021995	4.857837934692725	ABOVE HIGH
max_demography	400	cdr	41.09138164862147	3.000696969477758	within
max_demography	400	food_per_worker	4.169635116433788	-1.7164991711535533	
max_demography	400	food_security	0.9799596455241036	-4.0354475845605364e-05	
max_demography	400	food_share	59.0416724738679	4.373457220286511	within
max_demography	400	defense_share	2.0698695380740575	-0.22101698050452523	within
max_demography	400	diet	0.7848612711290995	-0.12785119025202585	
max_demography	400	health	0.9699999999999999	0.0	
max_demography	400	labor_efficiency	0.9093574175645976	-0.03727069534391214	
max_demography	400	cap_production	0.6118671305352814	-0.08637299281142907	
max_demography	400	craft_output	0.010424647526302547	-0.3277469338783759	
max_demography	400	tool_quality	0.054853092643950004	-0.2385425470696917	
max_demography	400	cap_infrastructure	0.5788964367074657	-0.10758683229834354	
max_demography	400	housing_ratio	1.0848055257766112	-0.0141846668498542	
max_demography	400	construction_rate	0.027956870597031586	-0.2923165959730508	
max_demography	400	cap_logistics	0.226099146855367	-0.17442110978610012	
max_demography	400	trade_capacity	0.01633250567971987	-0.25055984214962884	
max_demography	400	ecology	0.2347029258509129	-0.2383900773975826	
max_demography	400	ground_health	0.8426641612710584	0.10078846419842236	
max_demography	400	cap_institutions	0.6247181989910996	-0.09610080818049138	
max_demography	400	legitimacy	0.8436479321469781	-0.056343934333238255	
max_demography	400	state_capacity	0.0810553807297978	-0.18569508342030877	
max_demography	400	cap_security	0.4569883697388415	-0.1403447451381875	
max_demography	400	warfare_readiness	0.031311980756612144	-0.25513096365832283	
max_demography	400	cap_culture	0.6642921925172512	-0.17668637986166735	
max_demography	400	cohesion	0.7979988206035937	-0.0468326383275115	
max_demography	400	known	124.0	-677.0	
max_demography	400	per_century	8.0	-43.0	
max_demography	400	per_50	1.2820512820512822	-12.82051282051282	below low
max_demography	400	education	0.7054994872918865	-0.098851347729351	
max_demography	400	art_found	539.3333333333334	-20.66666666666663	
max_demography	400	art_studied	539.3333333333334	-20.66666666666663	
max_demography	400	art_bonus	0.140985	-0.108715	
max_demography	400	allure	0.6078584385034502	-0.03533727597233349	
max_demography	400	line_knowledge	1.0	-8.0	
max_demography	400	line_institutions	0.0	-4.0	
max_demography	400	line_culture	0.0	-6.0	
max_demography	400	line_labor	6.0	1.0	
max_demography	400	line_production	0.0	-5.0	
max_demography	400	line_infrastructure	0.0	-8.0	
max_demography	400	line_nutrition	0.0	-5.0	
max_demography	400	line_health	0.0	-1.0	
max_demography	400	line_demography	1.0	1.0	
max_demography	400	line_logistics	0.0	-4.0	
max_demography	400	line_ecology	0.0	0.0	
max_demography	400	line_security	0.0	-4.0	
max_demography	500	population	1490.8351860162104	-975.3137536611005	within
max_demography	500	growth_pct	0.36239810987367765	-0.0028461424021722914	within
max_demography	500	life_expectancy	23.23915903174543	-3.346828749037531	within
max_demography	500	infant_mortality	258.40079112061363	35.163200554575326	within
max_demography	500	child_mortality_1_4	247.15510943752597	33.91019066416354	below low
max_demography	500	maternal_per_100k	1141.1922204518305	-46.55695944762874	within
max_demography	500	tfr	5.664101239209642	0.5014870530223163	within
max_demography	500	cbr	46.336338511244854	4.220590457072078	ABOVE HIGH
max_demography	500	cdr	42.72873885534815	4.248717133006949	within
max_demography	500	food_per_worker	4.153513674772314	-1.8946682886107382	
max_demography	500	food_security	0.9796462206199626	-0.00035377938003733345	
max_demography	500	food_share	57.601672473866984	4.266790553619806	within
max_demography	500	defense_share	2.1426413604324503	-0.21562647514464395	within
max_demography	500	diet	0.756112703006128	-0.12280597536028393	
max_demography	500	health	0.9699999999999999	0.0	
max_demography	500	labor_efficiency	0.9141409803373085	-0.03746177330489142	
max_demography	500	cap_production	0.6172885068260334	-0.09324539328020898	
max_demography	500	craft_output	0.035665511237516	-0.3378020422842396	
max_demography	500	tool_quality	0.05488107261413192	-0.2535189208233953	
max_demography	500	cap_infrastructure	0.5795907603773794	-0.12365540664113372	
max_demography	500	housing_ratio	1.085407417159027	-0.01243893899202364	
max_demography	500	construction_rate	0.029387602733039853	-0.35578223316578333	
max_demography	500	cap_logistics	0.23261598332050126	-0.20077901235934426	
max_demography	500	trade_capacity	0.01634648919988935	-0.3019194731750527	
max_demography	500	ecology	0.31291394962513386	-0.23259668533536226	
max_demography	500	ground_health	0.7845005420741963	0.05835074109406402	
max_demography	500	cap_institutions	0.6361761306850859	-0.10389616135541035	
max_demography	500	legitimacy	0.849444348901193	-0.0584323176906425	
max_demography	500	state_capacity	0.09314350718961939	-0.2228410452289012	
max_demography	500	cap_security	0.466104271583122	-0.15868659300173732	
max_demography	500	warfare_readiness	0.03133370764133741	-0.30497881119290116	
max_demography	500	cap_culture	0.6713869776158093	-0.17588301862661537	
max_demography	500	cohesion	0.80519367833642	-0.0468079162407099	
max_demography	500	known	139.33333333333334	-754.6666666666666	
max_demography	500	per_century	3.0	-39.0	
max_demography	500	per_50	1.5873015873015872	-20.634920634920636	below low
max_demography	500	education	0.7076014811733858	-0.11614866210934593	
max_demography	500	art_found	539.3333333333334	-20.66666666666663	
max_demography	500	art_studied	539.3333333333334	-20.66666666666663	
max_demography	500	art_bonus	0.153855	-0.11782499999999999	
max_demography	500	allure	0.609277395523162	-0.03517660372532294	
max_demography	500	line_knowledge	0.0	-6.333333333333333	
max_demography	500	line_institutions	1.0	-2.0	
max_demography	500	line_culture	1.0	-2.0	
max_demography	500	line_labor	0.0	-1.6666666666666667	
max_demography	500	line_production	0.0	-5.0	
max_demography	500	line_infrastructure	0.0	-7.0	
max_demography	500	line_nutrition	0.0	-2.0	
max_demography	500	line_health	0.0	-2.0	
max_demography	500	line_demography	1.0	0.0	
max_demography	500	line_logistics	0.0	-1.0	
max_demography	500	line_ecology	0.0	-5.0	
max_demography	500	line_security	0.0	-5.0	
max_demography	600	population	1972.2956728078104	-1317.7245667357927	within
max_demography	600	growth_pct	0.2562250565502892	-0.016121760403272234	within
max_demography	600	life_expectancy	23.35957332750503	-3.1764463014489124	within
max_demography	600	infant_mortality	255.65566121959796	32.18602468389892	within
max_demography	600	child_mortality_1_4	245.41550996606793	31.44153488170423	below low
max_demography	600	maternal_per_100k	1121.886885548631	-48.54991537922524	within
max_demography	600	tfr	5.51410812105502	0.46400567158585027	within
max_demography	600	cbr	45.1602343337514	3.848952749833785	within
max_demography	600	cdr	42.60474625001847	4.00904729157849	within
max_demography	600	food_per_worker	3.889147796935889	-1.7965295873795197	
max_demography	600	food_security	0.9784338169916481	-0.0015661830083518735	
max_demography	600	food_share	56.161672473866055	4.160123886953052	within
max_demography	600	defense_share	2.2154131827908428	-0.2102359697847631	within
max_demography	600	diet	0.7495203936896052	-0.10855643708544138	
max_demography	600	health	0.9699999999999999	0.0	
max_demography	600	labor_efficiency	0.9155946595917798	-0.04113325628782516	
max_demography	600	cap_production	0.6169021486219297	-0.09991519550132799	
max_demography	600	craft_output	0.05307309176522986	-0.3753269082347702	
max_demography	600	tool_quality	0.0627656394328204	-0.245634360567179	
max_demography	600	cap_infrastructure	0.6198496500373595	-0.09614634923801091	
max_demography	600	housing_ratio	1.1011861700777803	-0.00775525909887409	
max_demography	600	construction_rate	0.06873392870478569	-0.3596660712952144	
max_demography	600	cap_logistics	0.23762274159986693	-0.20717498063234438	
max_demography	600	trade_capacity	0.05845570741042122	-0.2820442664088637	
max_demography	600	ecology	0.39111671761869987	-0.22680388772997445	
max_demography	600	ground_health	0.7604286123982719	0.03597658531147285	
max_demography	600	cap_institutions	0.6466306038127559	-0.1039139954039916	
max_demography	600	legitimacy	0.8534114846201875	-0.06097091313415437	
max_demography	600	state_capacity	0.11217699770477409	-0.22032295203858793	
max_demography	600	cap_security	0.47272510221174313	-0.18119679318749426	
max_demography	600	warfare_readiness	0.03135378334920142	-0.3613461938229306	
max_demography	600	cap_culture	0.6757811538518576	-0.18005586543211827	
max_demography	600	cohesion	0.8113653076473163	-0.04888165864754024	
max_demography	600	known	169.0	-781.0	
max_demography	600	per_century	12.0	-6.0	
max_demography	600	per_50	0.0	-19.29824561403509	below low
max_demography	600	education	0.7182454223128025	-0.11649966417587754	
max_demography	600	art_found	539.3333333333334	-20.66666666666663	
max_demography	600	art_studied	539.3333333333334	-20.66666666666663	
max_demography	600	art_bonus	0.16652999999999998	-0.11906999999999998	
max_demography	600	allure	0.6101562307703715	-0.03601117308642365	
max_demography	600	line_knowledge	2.0	0.0	
max_demography	600	line_institutions	3.0	3.0	
max_demography	600	line_culture	1.0	-1.0	
max_demography	600	line_labor	2.0	1.0	
max_demography	600	line_production	0.0	-4.0	
max_demography	600	line_infrastructure	2.0	0.0	
max_demography	600	line_nutrition	2.0	2.0	
max_demography	600	line_health	0.0	-1.0	
max_demography	600	line_demography	0.0	0.0	
max_demography	600	line_logistics	0.0	-2.0	
max_demography	600	line_ecology	0.0	-2.0	
max_demography	600	line_security	0.0	-2.0	
max_logistics	100	population	90.34204766081405	-46.441564901652185	within
max_logistics	100	growth_pct	-0.019854681960470206	-0.5950874366003427	within
max_logistics	100	life_expectancy	20.613824543071672	-4.864600026582167	below low
max_logistics	100	infant_mortality	316.7849102190519	76.69079828495069	within
max_logistics	100	child_mortality_1_4	279.98873766998696	55.0925200485494	below low
max_logistics	100	maternal_per_100k	1847.1578816969911	439.0754996516323	within
max_logistics	100	tfr	5.684343608128121	-0.07034096874067863	within
max_logistics	100	cbr	46.56288007931704	1.165809537169899	within
max_logistics	100	cdr	46.76144561524722	7.061109228389078	below low
max_logistics	100	food_per_worker	4.213738575212865	-1.3576864158069695	
max_logistics	100	food_security	0.9322373729836414	-0.04776262701635858	
max_logistics	100	food_share	60.00232288037168	0.0	within
max_logistics	100	defense_share	2.0213221209000527	0.0	within
max_logistics	100	diet	0.7107616227046876	-0.09131476948899053	
max_logistics	100	health	0.9615151340484682	-0.00848486595153164	
max_logistics	100	labor_efficiency	0.9170750479755143	-0.011873438957164528	
max_logistics	100	cap_production	0.6210204736409857	-0.0275347965201026	
max_logistics	100	craft_output	0.015019264487348425	-0.09825278425396583	
max_logistics	100	tool_quality	0.06297085104054873	-0.06303329792534881	
max_logistics	100	cap_infrastructure	0.548157412478749	-0.08247852516389975	
max_logistics	100	housing_ratio	1.12	0.02328829342716432	
max_logistics	100	construction_rate	0.04531895821527221	-0.102727066751469	
max_logistics	100	cap_logistics	0.2844197779806257	-0.0032673173669943156	
max_logistics	100	trade_capacity	0.11828004625643695	-0.017299279601276585	
max_logistics	100	ecology	0.17906000584580598	0.0	
max_logistics	100	ground_health	0.9893704677280302	0.0133556274695934	
max_logistics	100	cap_institutions	0.5998795529068449	-0.03458543397142533	
max_logistics	100	legitimacy	0.8199772838425523	-0.030700338251982817	
max_logistics	100	state_capacity	0.021424834741655813	-0.08982921336061794	
max_logistics	100	cap_security	0.45665977215710335	-0.04460143957987078	
max_logistics	100	warfare_readiness	0.028026079784241095	-0.10036250899940488	
max_logistics	100	cap_culture	0.6363499340653682	-0.15643940953659063	
max_logistics	100	cohesion	0.7789743305076584	-0.028899724683263073	
max_logistics	100	known	60.0	-235.33333333333331	
max_logistics	100	per_century	24.0	-116.66666666666666	
max_logistics	100	per_50	5.084745762711864	-46.610169491525426	below low
max_logistics	100	education	0.7156092090256377	-0.024765022086626787	
max_logistics	100	art_found	362.3333333333333	-39.0	
max_logistics	100	art_studied	84.0	30.666666666666664	
max_logistics	100	art_bonus	0.10919999999999973	-0.05760000000000014	
max_logistics	100	allure	0.6022699868127733	-0.031287881897683834	
max_logistics	100	line_knowledge	4.0	-5.333333333333334	
max_logistics	100	line_institutions	1.0	-9.333333333333334	
max_logistics	100	line_culture	0.0	-14.666666666666666	
max_logistics	100	line_labor	0.0	-13.0	
max_logistics	100	line_production	5.0	-9.0	
max_logistics	100	line_infrastructure	0.0	-10.0	
max_logistics	100	line_nutrition	2.0	-13.0	
max_logistics	100	line_health	0.0	-12.333333333333334	
max_logistics	100	line_demography	0.0	-12.0	
max_logistics	100	line_logistics	11.0	0.0	
max_logistics	100	line_ecology	1.0	-9.666666666666666	
max_logistics	100	line_security	0.0	-8.333333333333334	
max_logistics	200	population	92.76758361136301	-235.94666437366544	within
max_logistics	200	growth_pct	0.026038685878530348	-0.9029847148767312	within
max_logistics	200	life_expectancy	21.090789320724266	-5.854380118269958	within
max_logistics	200	infant_mortality	311.8033868697449	90.43034055280182	within
max_logistics	200	child_mortality_1_4	275.3729066031182	66.27191405989615	below low
max_logistics	200	maternal_per_100k	1832.9938900203624	533.3214156699978	within
max_logistics	200	tfr	5.679870115527922	-0.2095825379674281	within
max_logistics	200	cbr	46.690734082678546	0.4231718553137185	within
max_logistics	200	cdr	46.430384830509844	9.248868891695487	below low
max_logistics	200	food_per_worker	4.585282443474699	-1.3852372114601081	
max_logistics	200	food_security	0.9593986454878177	-0.020601354512182257	
max_logistics	200	food_share	58.002322880371565	0.0	within
max_logistics	200	defense_share	2.122394096397761	0.0	within
max_logistics	200	diet	0.7236672984481923	-0.16694339297436955	
max_logistics	200	health	0.966049197020677	-0.0039508029793228205	
max_logistics	200	labor_efficiency	0.9223192188651707	-0.00931027691837838	
max_logistics	200	cap_production	0.6237769022993886	-0.03795876293147127	
max_logistics	200	craft_output	0.0543745867675694	-0.1609819099636184	
max_logistics	200	tool_quality	0.06730819095933889	-0.11950761680058712	
max_logistics	200	cap_infrastructure	0.5537366754020406	-0.10585904332140705	
max_logistics	200	housing_ratio	1.12	0.02435174981810362	
max_logistics	200	construction_rate	0.06981955650432199	-0.14406756729650655	
max_logistics	200	cap_logistics	0.30940549663415134	-0.023678285371089902	
max_logistics	200	trade_capacity	0.16817373120925838	-0.03558733246648593	
max_logistics	200	ecology	0.2865472717805586	0.0	
max_logistics	200	ground_health	0.9815187600352006	0.1094588588378087	
max_logistics	200	cap_institutions	0.6124005189648628	-0.0680728097409733	
max_logistics	200	legitimacy	0.8333700555454988	-0.04600515822621254	
max_logistics	200	state_capacity	0.03423769708478001	-0.15237659485308286	
max_logistics	200	cap_security	0.4670042172999382	-0.08216505545406455	
max_logistics	200	warfare_readiness	0.02804550362399601	-0.19178410396880988	
max_logistics	200	cap_culture	0.648028449147954	-0.1699989895175471	
max_logistics	200	cohesion	0.7922555639505902	-0.03205280603100158	
max_logistics	200	known	83.0	-469.33333333333337	
max_logistics	200	per_century	3.0	-102.33333333333333	
max_logistics	200	per_50	1.1627906976744187	-43.798449612403104	below low
max_logistics	200	education	0.7307841261272463	-0.038089505505280896	
max_logistics	200	art_found	470.3333333333333	-76.00000000000006	
max_logistics	200	art_studied	175.33333333333334	11.0	
max_logistics	200	art_bonus	0.119925	-0.07807500000000003	
max_logistics	200	allure	0.6046056898295907	-0.03399979790350949	
max_logistics	200	line_knowledge	1.0	-9.0	
max_logistics	200	line_institutions	0.0	-8.333333333333334	
max_logistics	200	line_culture	0.0	-7.0	
max_logistics	200	line_labor	0.0	-6.0	
max_logistics	200	line_production	0.0	-17.333333333333332	
max_logistics	200	line_infrastructure	0.0	-5.333333333333333	
max_logistics	200	line_nutrition	0.0	-20.0	
max_logistics	200	line_health	0.0	-4.666666666666667	
max_logistics	200	line_demography	0.0	-3.0	
max_logistics	200	line_logistics	2.0	-6.0	
max_logistics	200	line_ecology	0.0	-9.666666666666666	
max_logistics	200	line_security	0.0	-6.0	
max_logistics	300	population	96.41127906629816	-747.4834289311245	within
max_logistics	300	growth_pct	0.03144234195645949	-0.921145691676865	within
max_logistics	300	life_expectancy	22.146371342644738	-4.934099414540658	within
max_logistics	300	infant_mortality	299.2847571447692	79.5088356585591	within
max_logistics	300	child_mortality_1_4	263.6986714575232	55.62409677559353	below low
max_logistics	300	maternal_per_100k	1832.9938900203495	552.8779384303261	below low
max_logistics	300	tfr	5.608541206933379	-0.2646437144035936	within
max_logistics	300	cbr	46.12022167514484	-0.02182471687473253	within
max_logistics	300	cdr	45.805854158284795	8.970954441835715	below low
max_logistics	300	food_per_worker	5.057285082214061	-0.8346433440947445	
max_logistics	300	food_security	0.9799870762432533	-1.292375674666335e-05	
max_logistics	300	food_share	56.00232288037221	0.0	within
max_logistics	300	defense_share	2.223466071895432	0.0	within
max_logistics	300	diet	0.7257799877139077	-0.19592255483484233	
max_logistics	300	health	0.9699999999999999	0.0	
max_logistics	300	labor_efficiency	0.9267915754121048	-0.010393174067063193	
max_logistics	300	cap_production	0.6234223005289196	-0.052184513286815726	
max_logistics	300	craft_output	0.06590814757966047	-0.20184204742866535	
max_logistics	300	tool_quality	0.06732906129770475	-0.15712535359467078	
max_logistics	300	cap_infrastructure	0.6234967381034875	-0.05104427754647389	
max_logistics	300	housing_ratio	1.12	0.01947782680464938	
max_logistics	300	construction_rate	0.09527209949279851	-0.180984454458735	
max_logistics	300	cap_logistics	0.3318945559304153	-0.03985152089054539	
max_logistics	300	trade_capacity	0.19595459812926172	-0.0347580584985282	
max_logistics	300	ecology	0.39516064478294677	0.0	
max_logistics	300	ground_health	0.9999999999999979	0.21215189706428617	
max_logistics	300	cap_institutions	0.6265793849882012	-0.07428012438288634	
max_logistics	300	legitimacy	0.8472517091729698	-0.04263874005422452	
max_logistics	300	state_capacity	0.05704587366653437	-0.168659915736577	
max_logistics	300	cap_security	0.4775639194599834	-0.09652431706669001	
max_logistics	300	warfare_readiness	0.028057646682299656	-0.22158222471764796	
max_logistics	300	cap_culture	0.662535877948207	-0.166664108009154	
max_logistics	300	cohesion	0.8075687466883927	-0.02613748467965815	
max_logistics	300	known	109.0	-574.6666666666666	
max_logistics	300	per_century	7.0	-38.0	
max_logistics	300	per_50	3.79746835443038	-14.767932489451477	below low
max_logistics	300	education	0.7361756409386867	-0.052946417633175535	
max_logistics	300	art_found	496.0	-64.0	
max_logistics	300	art_studied	271.0	-193.66666666666669	
max_logistics	300	art_bonus	0.142389	-0.07991100000000004	
max_logistics	300	allure	0.6075071755896414	-0.03333282160183071	
max_logistics	300	line_knowledge	1.6666666666666667	-1.9999999999999998	
max_logistics	300	line_institutions	0.3333333333333333	-3.333333333333333	
max_logistics	300	line_culture	0.0	-3.0	
max_logistics	300	line_labor	0.0	-1.0	
max_logistics	300	line_production	0.0	-4.0	
max_logistics	300	line_infrastructure	0.0	-9.333333333333334	
max_logistics	300	line_nutrition	0.0	-5.0	
max_logistics	300	line_health	0.0	-3.0	
max_logistics	300	line_demography	0.0	0.0	
max_logistics	300	line_logistics	5.0	-1.333333333333333	
max_logistics	300	line_ecology	0.0	-3.0	
max_logistics	300	line_security	0.0	-3.0	
max_logistics	400	population	100.27246878361127	-1534.9366234419047	within
max_logistics	400	growth_pct	0.052168367733703334	-0.5170597579155611	within
max_logistics	400	life_expectancy	22.503400517373382	-4.186637202075104	within
max_logistics	400	infant_mortality	294.4055606535939	72.33250058621348	within
max_logistics	400	child_mortality_1_4	259.3055759763353	47.432170695260254	below low
max_logistics	400	maternal_per_100k	1832.9938900203763	626.7179270660004	below low
max_logistics	400	tfr	5.6008652054129415	0.2057871897551795	within
max_logistics	400	cbr	45.886691995468574	2.157666855139304	within
max_logistics	400	cdr	45.36517397226953	7.274489293125818	below low
max_logistics	400	food_per_worker	5.184535804550313	-0.7015984830370288	
max_logistics	400	food_security	0.9799999999999868	3.752553823233029e-14	
max_logistics	400	food_share	54.66821525358139	0.0	within
max_logistics	400	defense_share	2.2908865185785827	0.0	within
max_logistics	400	diet	0.7375000544801368	-0.1752124069009886	
max_logistics	400	health	0.9699999999999999	0.0	
max_logistics	400	labor_efficiency	0.9267266062715677	-0.019901506636942123	
max_logistics	400	cap_production	0.6255322071610264	-0.07270791618568406	
max_logistics	400	craft_output	0.07546971688751332	-0.26270186451716515	
max_logistics	400	tool_quality	0.08508434787352366	-0.20831129184011804	
max_logistics	400	cap_infrastructure	0.6294972303661771	-0.05698603863963214	
max_logistics	400	housing_ratio	1.12	0.02100980737353475	
max_logistics	400	construction_rate	0.11134783456900482	-0.20892563200107755	
max_logistics	400	cap_logistics	0.34514932080844307	-0.05537093583302405	
max_logistics	400	trade_capacity	0.2060079656325546	-0.06088438219679412	
max_logistics	400	ecology	0.4730930032484955	0.0	
max_logistics	400	ground_health	0.9999999999999981	0.2581243029273621	
max_logistics	400	cap_institutions	0.6366995886079291	-0.0841194185636619	
max_logistics	400	legitimacy	0.854014883115556	-0.045976983364660384	
max_logistics	400	state_capacity	0.06776034948916958	-0.19899011466093697	
max_logistics	400	cap_security	0.4862422419859475	-0.1110908728910815	
max_logistics	400	warfare_readiness	0.038410131707541297	-0.24803281270739366	
max_logistics	400	cap_culture	0.6695727432218074	-0.17140582915711122	
max_logistics	400	cohesion	0.813518339016308	-0.03131311991479724	
max_logistics	400	known	150.0	-651.0	
max_logistics	400	per_century	29.666666666666668	-21.333333333333332	
max_logistics	400	per_50	3.418803418803419	-10.683760683760683	below low
max_logistics	400	education	0.741097032046694	-0.06325380297454353	
max_logistics	400	art_found	502.0	-58.0	
max_logistics	400	art_studied	380.3333333333333	-179.66666666666669	
max_logistics	400	art_bonus	0.15132	-0.09838	
max_logistics	400	allure	0.6089145486443615	-0.03428116583142227	
max_logistics	400	line_knowledge	0.3333333333333333	-8.666666666666666	
max_logistics	400	line_institutions	0.0	-4.0	
max_logistics	400	line_culture	1.0	-5.0	
max_logistics	400	line_labor	5.0	0.0	
max_logistics	400	line_production	6.0	1.0	
max_logistics	400	line_infrastructure	10.333333333333334	2.333333333333334	
max_logistics	400	line_nutrition	2.0	-3.0	
max_logistics	400	line_health	0.0	-1.0	
max_logistics	400	line_demography	0.0	0.0	
max_logistics	400	line_logistics	4.0	0.0	
max_logistics	400	line_ecology	1.0	1.0	
max_logistics	400	line_security	0.0	-4.0	
max_logistics	500	population	109.1146115772441	-2357.034328100067	within
max_logistics	500	growth_pct	0.09295417228939822	-0.2722900799864517	within
max_logistics	500	life_expectancy	22.806111639771004	-3.7798761410119575	within
max_logistics	500	infant_mortality	290.016414879998	66.77882431395972	within
max_logistics	500	child_mortality_1_4	255.55773489788066	42.312816124518235	below low
max_logistics	500	maternal_per_100k	1832.9938900203713	645.244710120912	below low
max_logistics	500	tfr	5.583464486880126	0.42085030069280016	within
max_logistics	500	cbr	45.75738805916833	3.6416400049955513	within
max_logistics	500	cdr	44.82844516731337	6.34842344497217	below low
max_logistics	500	food_per_worker	5.3733216316747345	-0.6748603317083175	
max_logistics	500	food_security	0.98	0.0	
max_logistics	500	food_share	53.33488192024718	0.0	within
max_logistics	500	defense_share	2.3582678355770943	0.0	within
max_logistics	500	diet	0.7413263241022333	-0.1375923542641786	
max_logistics	500	health	0.9699999999999999	0.0	
max_logistics	500	labor_efficiency	0.9255918066007864	-0.02601094704141349	
max_logistics	500	cap_production	0.6244319020875189	-0.08610199801872354	
max_logistics	500	craft_output	0.07790000413574028	-0.2955675493860153	
max_logistics	500	tool_quality	0.08927270123398989	-0.21912729220353733	
max_logistics	500	cap_infrastructure	0.63119260992708	-0.07205355709143313	
max_logistics	500	housing_ratio	1.12	0.022153643848949356	
max_logistics	500	construction_rate	0.11979659686589655	-0.26537323903292664	
max_logistics	500	cap_logistics	0.37117962189420256	-0.06221537378564296	
max_logistics	500	trade_capacity	0.2114043719228581	-0.10686159045208393	
max_logistics	500	ecology	0.5455106349604961	0.0	
max_logistics	500	ground_health	0.9999999999999982	0.27385019901986596	
max_logistics	500	cap_institutions	0.6445876566445131	-0.09548463539598318	
max_logistics	500	legitimacy	0.8583505353859188	-0.04952613120591676	
max_logistics	500	state_capacity	0.0803754620337814	-0.23560909038473918	
max_logistics	500	cap_security	0.49520764973801795	-0.12958321484684138	
max_logistics	500	warfare_readiness	0.04684362893783949	-0.2894688898963991	
max_logistics	500	cap_culture	0.6737922977832659	-0.17347769845915884	
max_logistics	500	cohesion	0.818552409298979	-0.033449185278150884	
max_logistics	500	known	172.66666666666666	-721.3333333333334	
max_logistics	500	per_century	8.0	-34.0	
max_logistics	500	per_50	1.0582010582010581	-21.164021164021168	below low
max_logistics	500	education	0.7487280919185483	-0.0750220513641835	
max_logistics	500	art_found	504.3333333333333	-55.666666666666686	
max_logistics	500	art_studied	491.6666666666667	-68.33333333333331	
max_logistics	500	art_bonus	0.15554500000000002	-0.11613499999999996	
max_logistics	500	allure	0.6097584595566532	-0.0346955396918317	
max_logistics	500	line_knowledge	4.666666666666667	-1.666666666666666	
max_logistics	500	line_institutions	0.0	-3.0	
max_logistics	500	line_culture	0.0	-3.0	
max_logistics	500	line_labor	0.0	-1.6666666666666667	
max_logistics	500	line_production	0.6666666666666666	-4.333333333333333	
max_logistics	500	line_infrastructure	1.3333333333333333	-5.666666666666667	
max_logistics	500	line_nutrition	0.0	-2.0	
max_logistics	500	line_health	0.0	-2.0	
max_logistics	500	line_demography	0.0	-1.0	
max_logistics	500	line_logistics	1.3333333333333333	0.33333333333333326	
max_logistics	500	line_ecology	0.0	-5.0	
max_logistics	500	line_security	0.0	-5.0	
max_logistics	600	population	120.18851135859944	-3169.8317281850036	within
max_logistics	600	growth_pct	0.0979579370802508	-0.17438887987331064	within
max_logistics	600	life_expectancy	22.806136562871473	-3.7298830660824684	within
max_logistics	600	infant_mortality	290.0162381327772	66.54660159707814	within
max_logistics	600	child_mortality_1_4	255.55757617441216	41.58360109004846	below low
max_logistics	600	maternal_per_100k	1832.9938900203797	662.5570890925235	below low
max_logistics	600	tfr	5.58967877755162	0.5395763280824504	within
max_logistics	600	cbr	45.802774931407875	4.4914933474902625	within
max_logistics	600	cdr	44.82387053171826	6.228171573278281	below low
max_logistics	600	food_per_worker	5.165511201371245	-0.5201661829441635	
max_logistics	600	food_security	0.98	0.0	
max_logistics	600	food_share	52.001548586913	0.0	within
max_logistics	600	defense_share	2.425649152575606	0.0	within
max_logistics	600	diet	0.739399579510336	-0.11867725126471063	
max_logistics	600	health	0.9699999999999999	0.0	
max_logistics	600	labor_efficiency	0.9255873235175675	-0.031140592362037478	
max_logistics	600	cap_production	0.6249233263898031	-0.09189401773345462	
max_logistics	600	craft_output	0.08292412917475335	-0.3454758708252467	
max_logistics	600	tool_quality	0.09930916300243288	-0.20909083699756653	
max_logistics	600	cap_infrastructure	0.6318573374704224	-0.084138661804948	
max_logistics	600	housing_ratio	1.12	0.011058570823345715	
max_logistics	600	construction_rate	0.12221689928202824	-0.30618310071797183	
max_logistics	600	cap_logistics	0.3815829456554205	-0.06321477657679081	
max_logistics	600	trade_capacity	0.2162548889481604	-0.12424508487112454	
max_logistics	600	ecology	0.6179206053486743	0.0	
max_logistics	600	ground_health	0.9999999999999982	0.2755479729131992	
max_logistics	600	cap_institutions	0.6505854494681181	-0.0999591497486294	
max_logistics	600	legitimacy	0.862074870095706	-0.05230752765863578	
max_logistics	600	state_capacity	0.085979513756356	-0.24652043598700601	
max_logistics	600	cap_security	0.5024382191158572	-0.15148367628338022	
max_logistics	600	warfare_readiness	0.05291202165433077	-0.3397879555178012	
max_logistics	600	cap_culture	0.6774306646098931	-0.17840635467408272	
max_logistics	600	cohesion	0.8231073271477262	-0.037139639147130366	
max_logistics	600	known	180.33333333333334	-769.6666666666666	
max_logistics	600	per_century	6.333333333333333	-11.666666666666668	
max_logistics	600	per_50	0.5847953216374269	-18.713450292397663	below low
max_logistics	600	education	0.7527062821215118	-0.08203880436716826	
max_logistics	600	art_found	504.6666666666667	-55.333333333333314	
max_logistics	600	art_studied	504.6666666666667	-55.333333333333314	
max_logistics	600	art_bonus	0.15836166666666665	-0.12723833333333331	
max_logistics	600	allure	0.6104861329219786	-0.035681270934816545	
max_logistics	600	line_knowledge	1.6666666666666667	-0.33333333333333326	
max_logistics	600	line_institutions	0.0	0.0	
max_logistics	600	line_culture	0.0	-2.0	
max_logistics	600	line_labor	0.0	-1.0	
max_logistics	600	line_production	1.0	-3.0	
max_logistics	600	line_infrastructure	2.0	0.0	
max_logistics	600	line_nutrition	0.0	0.0	
max_logistics	600	line_health	0.0	-1.0	
max_logistics	600	line_demography	0.0	0.0	
max_logistics	600	line_logistics	1.6666666666666667	-0.33333333333333326	
max_logistics	600	line_ecology	0.0	-2.0	
max_logistics	600	line_security	0.0	-2.0	
max_ecology	100	population	96.0155221463004	-40.76809041616583	within
max_ecology	100	growth_pct	0.02633544952514999	-0.5488973051147225	within
max_ecology	100	life_expectancy	22.454998173866258	-3.023426395787581	within
max_ecology	100	infant_mortality	293.4295051592204	53.33539322511922	within
max_ecology	100	child_mortality_1_4	258.9759816604529	34.079764039015316	below low
max_ecology	100	maternal_per_100k	1847.1392371459926	439.0568551006338	within
max_ecology	100	tfr	5.573189751627079	-0.181494825241721	within
max_ecology	100	cbr	45.750297431893216	0.3532268897460753	within
max_ecology	100	cdr	45.48698141233175	5.786645025473611	within
max_ecology	100	food_per_worker	5.426896900125403	-0.14452809089443175	
max_ecology	100	food_security	0.98	0.0	
max_ecology	100	food_share	60.00232288037168	0.0	within
max_ecology	100	defense_share	2.0213221209000527	0.0	within
max_ecology	100	diet	0.7200750605887255	-0.0820013316049526	
max_ecology	100	health	0.9699999999999999	0.0	
max_ecology	100	labor_efficiency	0.9227242200230162	-0.006224266909662601	
max_ecology	100	cap_production	0.6203666193434468	-0.028188650817641436	
max_ecology	100	craft_output	0.0044272011397118215	-0.10884484760160244	
max_ecology	100	tool_quality	0.05210028690899817	-0.07390386205689936	
max_ecology	100	cap_infrastructure	0.549694923751671	-0.08094101389097785	
max_ecology	100	housing_ratio	1.12	0.02328829342716432	
max_ecology	100	construction_rate	0.034304783904674084	-0.11374124106206712	
max_ecology	100	cap_logistics	0.2246653247400606	-0.0630217706075594	
max_ecology	100	trade_capacity	0.001594047881569728	-0.13398527797614382	
max_ecology	100	ecology	0.17906000584580598	0.0	
max_ecology	100	ground_health	0.9999890417678309	0.02397420150939411	
max_ecology	100	cap_institutions	0.6127551113560094	-0.02170987552226089	
max_ecology	100	legitimacy	0.8393656629612734	-0.011311959133261773	
max_ecology	100	state_capacity	0.04210589634232877	-0.06914815175994499	
max_ecology	100	cap_security	0.4566971885555429	-0.04456402318143121	
max_ecology	100	warfare_readiness	0.02802534560950361	-0.10036324317414237	
max_ecology	100	cap_culture	0.6504921090697664	-0.14229723453219245	
max_ecology	100	cohesion	0.794546160503843	-0.013327894687078512	
max_ecology	100	known	78.0	-217.33333333333331	
max_ecology	100	per_century	35.0	-105.66666666666666	
max_ecology	100	per_50	5.084745762711864	-46.610169491525426	below low
max_ecology	100	education	0.7014905848220311	-0.03888364629023344	
max_ecology	100	art_found	372.0	-29.333333333333314	
max_ecology	100	art_studied	82.0	28.666666666666664	
max_ecology	100	art_bonus	0.10919999999999973	-0.05760000000000014	
max_ecology	100	allure	0.6050984218138239	-0.028459446896633267	
max_ecology	100	line_knowledge	3.0	-6.333333333333334	
max_ecology	100	line_institutions	5.0	-5.333333333333334	
max_ecology	100	line_culture	6.0	-8.666666666666666	
max_ecology	100	line_labor	0.0	-13.0	
max_ecology	100	line_production	3.0	-11.0	
max_ecology	100	line_infrastructure	4.0	-6.0	
max_ecology	100	line_nutrition	2.0	-13.0	
max_ecology	100	line_health	0.0	-12.333333333333334	
max_ecology	100	line_demography	0.0	-12.0	
max_ecology	100	line_logistics	0.0	-11.0	
max_ecology	100	line_ecology	12.0	1.333333333333334	
max_ecology	100	line_security	0.0	-8.333333333333334	
max_ecology	200	population	104.03045474688135	-224.68379323814713	within
max_ecology	200	growth_pct	0.09579121199193204	-0.8332321887633294	within
max_ecology	200	life_expectancy	22.982714469217466	-3.9624549697767577	within
max_ecology	200	infant_mortality	285.68091196734827	64.3078656504052	within
max_ecology	200	child_mortality_1_4	252.4019959790247	43.30100343580261	below low
max_ecology	200	maternal_per_100k	1832.9938900203676	533.321415670003	within
max_ecology	200	tfr	5.565629153651592	-0.32382349984375747	within
max_ecology	200	cbr	45.585894372110225	-0.6816678552546023	within
max_ecology	200	cdr	44.62862357312384	7.447107634309482	within
max_ecology	200	food_per_worker	5.9736986312730735	0.0031789763382663594	
max_ecology	200	food_security	0.98	0.0	
max_ecology	200	food_share	58.002322880371565	0.0	within
max_ecology	200	defense_share	2.122394096397761	0.0	within
max_ecology	200	diet	0.728135567264962	-0.1624751241575999	
max_ecology	200	health	0.9699999999999999	0.0	
max_ecology	200	labor_efficiency	0.92346599650309	-0.008163499280459008	
max_ecology	200	cap_production	0.6209233103558566	-0.04081235487500334	
max_ecology	200	craft_output	0.02985186668312843	-0.1855046300480594	
max_ecology	200	tool_quality	0.060369874683367575	-0.12644593307655844	
max_ecology	200	cap_infrastructure	0.5888130709879044	-0.07078264773554332	
max_ecology	200	housing_ratio	1.12	0.02435174981810362	
max_ecology	200	construction_rate	0.06672363321209797	-0.14716349058873057	
max_ecology	200	cap_logistics	0.22911094501770632	-0.10397283698753493	
max_ecology	200	trade_capacity	0.007562863396849963	-0.19619820027889434	
max_ecology	200	ecology	0.2865472717805586	0.0	
max_ecology	200	ground_health	0.998440855160656	0.1263809539632641	
max_ecology	200	cap_institutions	0.620663854632807	-0.059809474073029056	
max_ecology	200	legitimacy	0.8449427958386108	-0.03443241793310059	
max_ecology	200	state_capacity	0.04556489220845336	-0.1410493997294095	
max_ecology	200	cap_security	0.46578502426550467	-0.08338424848849807	
max_ecology	200	warfare_readiness	0.028041520753811527	-0.19178808683899437	
max_ecology	200	cap_culture	0.6589373011556446	-0.15909013750985646	
max_ecology	200	cohesion	0.8017145513957487	-0.022593818585843084	
max_ecology	200	known	112.0	-440.33333333333337	
max_ecology	200	per_century	22.0	-83.33333333333333	
max_ecology	200	per_50	2.3255813953488373	-42.63565891472869	below low
max_ecology	200	education	0.701810196040061	-0.06706343559246619	
max_ecology	200	art_found	483.3333333333333	-63.00000000000006	
max_ecology	200	art_studied	176.66666666666666	12.333333333333314	
max_ecology	200	art_bonus	0.127725	-0.07027500000000003	
max_ecology	200	allure	0.6067874602311288	-0.03181802750197138	
max_ecology	200	line_knowledge	0.0	-10.0	
max_ecology	200	line_institutions	0.0	-8.333333333333334	
max_ecology	200	line_culture	0.0	-7.0	
max_ecology	200	line_labor	0.0	-6.0	
max_ecology	200	line_production	9.0	-8.333333333333332	
max_ecology	200	line_infrastructure	2.0	-3.333333333333333	
max_ecology	200	line_nutrition	3.0	-17.0	
max_ecology	200	line_health	0.0	-4.666666666666667	
max_ecology	200	line_demography	0.0	-3.0	
max_ecology	200	line_logistics	0.0	-8.0	
max_ecology	200	line_ecology	7.0	-2.666666666666666	
max_ecology	200	line_security	1.0	-5.0	
max_ecology	300	population	115.82193073702729	-728.0727772603955	within
max_ecology	300	growth_pct	0.10979965137190018	-0.8427883822614243	within
max_ecology	300	life_expectancy	23.000866605678237	-4.079604151507159	within
max_ecology	300	infant_mortality	285.41050480172436	65.63458331551428	within
max_ecology	300	child_mortality_1_4	252.17280857822638	44.09823389629673	below low
max_ecology	300	maternal_per_100k	1832.9938900203658	552.8779384303425	below low
max_ecology	300	tfr	5.571487629116002	-0.30169729222096997	within
max_ecology	300	cbr	45.64424154142915	-0.4978048505904198	within
max_ecology	300	cdr	44.547122628883635	7.712222912434555	within
max_ecology	300	food_per_worker	6.214535628051873	0.3226072017430681	
max_ecology	300	food_security	0.98	0.0	
max_ecology	300	food_share	56.00232288037221	0.0	within
max_ecology	300	defense_share	2.223466071895432	0.0	within
max_ecology	300	diet	0.73316718213706	-0.18853536041169006	
max_ecology	300	health	0.9699999999999999	0.0	
max_ecology	300	labor_efficiency	0.9245949736888798	-0.012589775790288193	
max_ecology	300	cap_production	0.6209968529852041	-0.05460996083053116	
max_ecology	300	craft_output	0.03603094807486711	-0.2317192469334587	
max_ecology	300	tool_quality	0.060448451645039834	-0.16400596324733568	
max_ecology	300	cap_infrastructure	0.5893207193735671	-0.08522029627639427	
max_ecology	300	housing_ratio	1.12	0.01947782680464938	
max_ecology	300	construction_rate	0.06783472622446532	-0.20842182772706822	
max_ecology	300	cap_logistics	0.2337657030206595	-0.13798037380030118	
max_ecology	300	trade_capacity	0.0077004568160863466	-0.22301219981170356	
max_ecology	300	ecology	0.39516064478294677	0.0	
max_ecology	300	ground_health	0.9920765050212439	0.20422840208553217	
max_ecology	300	cap_institutions	0.6274106185946098	-0.07344889077647776	
max_ecology	300	legitimacy	0.8498344999287344	-0.0400559492984599	
max_ecology	300	state_capacity	0.04556499999929058	-0.18014078940382078	
max_ecology	300	cap_security	0.4734801964211533	-0.1006080401055201	
max_ecology	300	warfare_readiness	0.028049248903377136	-0.22159062249657047	
max_ecology	300	cap_culture	0.6641497046462407	-0.16505028131112032	
max_ecology	300	cohesion	0.8078646889586917	-0.02584154240935921	
max_ecology	300	known	120.0	-563.6666666666666	
max_ecology	300	per_century	3.0	-42.0	
max_ecology	300	per_50	1.2658227848101267	-17.29957805907173	below low
max_ecology	300	education	0.7018102059999345	-0.08731185257192775	
max_ecology	300	art_found	507.6666666666667	-52.333333333333314	
max_ecology	300	art_studied	285.6666666666667	-179.0	
max_ecology	300	art_bonus	0.134316	-0.08798400000000003	
max_ecology	300	allure	0.6078299409292481	-0.033010056262223975	
max_ecology	300	line_knowledge	0.0	-3.6666666666666665	
max_ecology	300	line_institutions	0.0	-3.6666666666666665	
max_ecology	300	line_culture	0.0	-3.0	
max_ecology	300	line_labor	0.0	-1.0	
max_ecology	300	line_production	0.0	-4.0	
max_ecology	300	line_infrastructure	0.0	-9.333333333333334	
max_ecology	300	line_nutrition	0.0	-5.0	
max_ecology	300	line_health	0.0	-3.0	
max_ecology	300	line_demography	0.0	0.0	
max_ecology	300	line_logistics	0.0	-6.333333333333333	
max_ecology	300	line_ecology	3.0	0.0	
max_ecology	300	line_security	0.0	-3.0	
max_ecology	400	population	132.09164312999073	-1503.1174490955252	within
max_ecology	400	growth_pct	0.14198076985796337	-0.42724735579130113	within
max_ecology	400	life_expectancy	23.34196362770382	-3.3480740917446674	within
max_ecology	400	infant_mortality	281.0800819460314	59.00702187865096	within
max_ecology	400	child_mortality_1_4	248.23970406070524	36.36629877963017	below low
max_ecology	400	maternal_per_100k	1832.9938900203763	626.7179270660004	below low
max_ecology	400	tfr	5.566658765174899	0.17158074951713687	within
max_ecology	400	cbr	45.523533117665266	1.7945079773359964	within
max_ecology	400	cdr	44.105327107706934	6.014642428563221	within
max_ecology	400	food_per_worker	6.361363073315082	0.4752287857277402	
max_ecology	400	food_security	0.98	5.0737192225369654e-14	
max_ecology	400	food_share	54.66821525358139	0.0	within
max_ecology	400	defense_share	2.2908865185785827	0.0	within
max_ecology	400	diet	0.7384223384985146	-0.1742901228826108	
max_ecology	400	health	0.9699999999999999	0.0	
max_ecology	400	labor_efficiency	0.9237278130832415	-0.02290029982526831	
max_ecology	400	cap_production	0.6187622669686385	-0.07947785637807203	
max_ecology	400	craft_output	0.061221410490908214	-0.2769501709137702	
max_ecology	400	tool_quality	0.060464132747107845	-0.23293150696653384	
max_ecology	400	cap_infrastructure	0.623809905794626	-0.06267336321118322	
max_ecology	400	housing_ratio	1.12	0.02100980737353475	
max_ecology	400	construction_rate	0.0767390922870231	-0.2435343742830593	
max_ecology	400	cap_logistics	0.2403711398825733	-0.16014911675889382	
max_ecology	400	trade_capacity	0.046163968865085614	-0.22072837896426312	
max_ecology	400	ecology	0.4730930032484955	0.0	
max_ecology	400	ground_health	0.97766252976586	0.23578683269322398	
max_ecology	400	cap_institutions	0.6382799178276206	-0.08253908934397036	
max_ecology	400	legitimacy	0.854217025087954	-0.04577484139226229	
max_ecology	400	state_capacity	0.07249019029723866	-0.1942602738528679	
max_ecology	400	cap_security	0.47916470419834695	-0.11816841067868206	
max_ecology	400	warfare_readiness	0.028058818327944626	-0.25838412608699035	
max_ecology	400	cap_culture	0.6710465975727918	-0.16993197480612676	
max_ecology	400	cohesion	0.8143672359937838	-0.030464222937321428	
max_ecology	400	known	139.0	-662.0	
max_ecology	400	per_century	4.333333333333333	-46.666666666666664	
max_ecology	400	per_50	3.8461538461538463	-10.256410256410255	below low
max_ecology	400	education	0.7140086698151628	-0.09034216520607474	
max_ecology	400	art_found	513.3333333333334	-46.66666666666663	
max_ecology	400	art_studied	412.6666666666667	-147.33333333333331	
max_ecology	400	art_bonus	0.15132	-0.09838	
max_ecology	400	allure	0.6092093195145584	-0.03398639496122535	
max_ecology	400	line_knowledge	0.0	-9.0	
max_ecology	400	line_institutions	0.3333333333333333	-3.6666666666666665	
max_ecology	400	line_culture	0.0	-6.0	
max_ecology	400	line_labor	0.0	-5.0	
max_ecology	400	line_production	0.0	-5.0	
max_ecology	400	line_infrastructure	1.0	-7.0	
max_ecology	400	line_nutrition	0.0	-5.0	
max_ecology	400	line_health	0.0	-1.0	
max_ecology	400	line_demography	0.0	0.0	
max_ecology	400	line_logistics	0.0	-4.0	
max_ecology	400	line_ecology	3.0	3.0	
max_ecology	400	line_security	0.0	-4.0	
max_ecology	500	population	153.34994741513543	-2312.7989922621755	within
max_ecology	500	growth_pct	0.151059195383881	-0.21418505689196896	within
max_ecology	500	life_expectancy	23.344524956582664	-3.2414628242002976	within
max_ecology	500	infant_mortality	281.0474861724144	57.809895606376074	within
max_ecology	500	child_mortality_1_4	248.211312788738	34.966394015375585	below low
max_ecology	500	maternal_per_100k	1832.9938900203526	645.2447101208934	below low
max_ecology	500	tfr	5.56968833340126	0.4070741472139341	within
max_ecology	500	cbr	45.556814829181945	3.441066775009169	within
max_ecology	500	cdr	44.04807877311882	5.568057050777618	within
max_ecology	500	food_per_worker	6.639978175470308	0.5917962120872557	
max_ecology	500	food_security	0.98	0.0	
max_ecology	500	food_share	53.33488192024718	0.0	within
max_ecology	500	defense_share	2.3582678355770943	0.0	within
max_ecology	500	diet	0.7454965804344026	-0.13342209793200932	
max_ecology	500	health	0.9699999999999999	0.0	
max_ecology	500	labor_efficiency	0.9183604062367509	-0.03324234740544907	
max_ecology	500	cap_production	0.6166320143669258	-0.09390188573931657	
max_ecology	500	craft_output	0.06667484773495382	-0.3067927057868018	
max_ecology	500	tool_quality	0.06060028582025484	-0.24779970761727238	
max_ecology	500	cap_infrastructure	0.6238141574895809	-0.07943200952893226	
max_ecology	500	housing_ratio	1.0934646665093781	-0.004381689641672626	
max_ecology	500	construction_rate	0.07674113076050937	-0.30842870513831383	
max_ecology	500	cap_logistics	0.25038231397818816	-0.18301268170165735	
max_ecology	500	trade_capacity	0.04955510854450324	-0.2687108538304388	
max_ecology	500	ecology	0.5455106349604961	0.0	
max_ecology	500	ground_health	0.9609132845895795	0.2347634836094472	
max_ecology	500	cap_institutions	0.6516660654874328	-0.08840622655306352	
max_ecology	500	legitimacy	0.8605636298203678	-0.0473130367714677	
max_ecology	500	state_capacity	0.09656736941314803	-0.21941718300537255	
max_ecology	500	cap_security	0.4843015539025006	-0.1404893106823587	
max_ecology	500	warfare_readiness	0.028091841944720166	-0.30822067688951843	
max_ecology	500	cap_culture	0.6752810074013218	-0.17198898884110292	
max_ecology	500	cohesion	0.817019175359163	-0.034982419217966854	
max_ecology	500	known	166.66666666666666	-727.3333333333334	
max_ecology	500	per_century	12.666666666666666	-29.333333333333336	
max_ecology	500	per_50	4.761904761904762	-17.460317460317462	below low
max_ecology	500	education	0.7166445252308296	-0.10710561805190222	
max_ecology	500	art_found	515.0	-45.0	
max_ecology	500	art_studied	512.6666666666666	-47.33333333333337	
max_ecology	500	art_bonus	0.15672799999999998	-0.114952	
max_ecology	500	allure	0.6100562014802643	-0.034397797768220606	
max_ecology	500	line_knowledge	0.0	-6.333333333333333	
max_ecology	500	line_institutions	1.0	-2.0	
max_ecology	500	line_culture	1.0	-2.0	
max_ecology	500	line_labor	0.0	-1.6666666666666667	
max_ecology	500	line_production	2.0	-3.0	
max_ecology	500	line_infrastructure	0.0	-7.0	
max_ecology	500	line_nutrition	1.0	-1.0	
max_ecology	500	line_health	0.0	-2.0	
max_ecology	500	line_demography	1.0	0.0	
max_ecology	500	line_logistics	1.6666666666666667	0.6666666666666667	
max_ecology	500	line_ecology	5.0	0.0	
max_ecology	500	line_security	0.0	-5.0	
max_ecology	600	population	182.38901261230373	-3107.6312269312994	within
max_ecology	600	growth_pct	0.18014422918158543	-0.09220258777197601	within
max_ecology	600	life_expectancy	23.53346328854316	-3.0025563404107807	within
max_ecology	600	infant_mortality	278.7511519765712	55.28151544087214	within
max_ecology	600	child_mortality_1_4	246.01253641623657	32.03856133187287	below low
max_ecology	600	maternal_per_100k	1832.9938900203642	662.557089092508	below low
max_ecology	600	tfr	5.577226178665103	0.5271237291959334	within
max_ecology	600	cbr	45.568564844485934	4.257283260568322	within
max_ecology	600	cdr	43.769956860935736	5.174257902495754	within
max_ecology	600	food_per_worker	6.34615409484548	0.6604767105300713	
max_ecology	600	food_security	0.98	0.0	
max_ecology	600	food_share	52.001548586913	0.0	within
max_ecology	600	defense_share	2.425649152575606	0.0	within
max_ecology	600	diet	0.7551025700130486	-0.102974260761998	
max_ecology	600	health	0.9699999999999999	0.0	
max_ecology	600	labor_efficiency	0.919159769906616	-0.037568145972988964	
max_ecology	600	cap_production	0.6150894952580249	-0.10172784886523278	
max_ecology	600	craft_output	0.06789293661064588	-0.3605070633893542	
max_ecology	600	tool_quality	0.06190038945142967	-0.24649961054856973	
max_ecology	600	cap_infrastructure	0.6238146790920172	-0.09218132018335323	
max_ecology	600	housing_ratio	1.1035284910823928	-0.005412938094261577	
max_ecology	600	construction_rate	0.07674157298525934	-0.3516584270147407	
max_ecology	600	cap_logistics	0.2540843185150686	-0.19071340371714274	
max_ecology	600	trade_capacity	0.052826496695336296	-0.28767347712394864	
max_ecology	600	ecology	0.6179206053486743	0.0	
max_ecology	600	ground_health	0.9482949669080982	0.2238429398212992	
max_ecology	600	cap_institutions	0.6571343031246801	-0.09341029609206741	
max_ecology	600	legitimacy	0.8646113543313948	-0.049771043422947026	
max_ecology	600	state_capacity	0.0986604332735631	-0.2338395164697989	
max_ecology	600	cap_security	0.4897242872978003	-0.16419760810143708	
max_ecology	600	warfare_readiness	0.02810535974620129	-0.3645946174259307	
max_ecology	600	cap_culture	0.6823051643285153	-0.17353185495546053	
max_ecology	600	cohesion	0.8230526406753285	-0.03719432561952807	
max_ecology	600	known	185.33333333333334	-764.6666666666666	
max_ecology	600	per_century	9.333333333333334	-8.666666666666666	
max_ecology	600	per_50	4.093567251461988	-15.204678362573102	below low
max_ecology	600	education	0.7170086059164674	-0.11773648057221264	
max_ecology	600	art_found	515.3333333333334	-44.66666666666663	
max_ecology	600	art_studied	515.3333333333334	-44.66666666666663	
max_ecology	600	art_bonus	0.17679999999999998	-0.10879999999999998	
max_ecology	600	allure	0.611461032865703	-0.034706370991092195	
max_ecology	600	line_knowledge	5.0	3.0	
max_ecology	600	line_institutions	0.0	0.0	
max_ecology	600	line_culture	0.0	-2.0	
max_ecology	600	line_labor	0.0	-1.0	
max_ecology	600	line_production	1.0	-3.0	
max_ecology	600	line_infrastructure	0.0	-2.0	
max_ecology	600	line_nutrition	0.0	0.0	
max_ecology	600	line_health	0.0	-1.0	
max_ecology	600	line_demography	0.0	0.0	
max_ecology	600	line_logistics	0.0	-2.0	
max_ecology	600	line_ecology	3.3333333333333335	1.3333333333333335	
max_ecology	600	line_security	0.0	-2.0	
max_security	100	population	91.31087331474747	-45.47273924771876	within
max_security	100	growth_pct	-0.01487963989009744	-0.5901123945299699	within
max_security	100	life_expectancy	20.606671914707363	-4.8717526549464765	below low
max_security	100	infant_mortality	316.8348392935848	76.74072735948363	within
max_security	100	child_mortality_1_4	280.03290204532544	55.136684423887885	below low
max_security	100	maternal_per_100k	1847.1544039729163	439.07202192755744	within
max_security	100	tfr	5.670904541221129	-0.08378003564767056	within
max_security	100	cbr	46.52482664582211	1.1277561036749688	within
max_security	100	cdr	46.67363432815295	6.97329794129481	below low
max_security	100	food_per_worker	4.234124025404459	-1.3373009656153751	
max_security	100	food_security	0.93442555170635	-0.04557444829364998	
max_security	100	food_share	60.00232288037168	0.0	within
max_security	100	defense_share	2.0213221209000527	0.0	within
max_security	100	diet	0.7162813856959582	-0.08579500649771987	
max_security	100	health	0.9617616712337016	-0.008238328766298264	
max_security	100	labor_efficiency	0.912505079412493	-0.016443407520185804	
max_security	100	cap_production	0.616572117413185	-0.03198315274790331	
max_security	100	craft_output	0.04692010416819522	-0.06635194457311905	
max_security	100	tool_quality	0.0650560113635015	-0.060948137602396035	
max_security	100	cap_infrastructure	0.5857477296702408	-0.044888207972408	
max_security	100	housing_ratio	1.12	0.02328829342716432	
max_security	100	construction_rate	0.06060165067921106	-0.08744437428753016	
max_security	100	cap_logistics	0.22940720973624038	-0.05827988561137962	
max_security	100	trade_capacity	0.01136478211929297	-0.12421454373842057	
max_security	100	ecology	0.17906000584580598	0.0	
max_security	100	ground_health	0.9865583397461813	0.010543499487744579	
max_security	100	cap_institutions	0.5980078072011905	-0.03645717967707973	
max_security	100	legitimacy	0.8234927214360611	-0.02718490065847401	
max_security	100	state_capacity	0.0	-0.11125404810227375	
max_security	100	cap_security	0.5174171709370887	0.01615595920011459	
max_security	100	warfare_readiness	0.18362944093432543	0.05524085215067945	
max_security	100	cap_culture	0.633410221533386	-0.15937912206857285	
max_security	100	cohesion	0.7758153841417572	-0.03205867104916427	
max_security	100	known	70.0	-225.33333333333331	
max_security	100	per_century	26.0	-114.66666666666666	
max_security	100	per_50	5.084745762711864	-46.610169491525426	below low
max_security	100	education	0.6976	-0.04277423111226453	
max_security	100	art_found	372.6666666666667	-28.66666666666663	
max_security	100	art_studied	81.0	27.666666666666664	
max_security	100	art_bonus	0.10919999999999973	-0.05760000000000014	
max_security	100	allure	0.6016820443064855	-0.03187582440397163	
max_security	100	line_knowledge	4.0	-5.333333333333334	
max_security	100	line_institutions	0.0	-10.333333333333334	
max_security	100	line_culture	4.0	-10.666666666666666	
max_security	100	line_labor	7.0	-6.0	
max_security	100	line_production	0.0	-14.0	
max_security	100	line_infrastructure	3.0	-7.0	
max_security	100	line_nutrition	0.0	-15.0	
max_security	100	line_health	0.0	-12.333333333333334	
max_security	100	line_demography	0.0	-12.0	
max_security	100	line_logistics	0.0	-11.0	
max_security	100	line_ecology	0.0	-10.666666666666666	
max_security	100	line_security	8.0	-0.3333333333333339	
max_security	200	population	93.40003283837304	-235.31421514665544	within
max_security	200	growth_pct	0.02139486170532982	-0.9076285390499317	within
max_security	200	life_expectancy	21.214617539559246	-5.730551899434978	within
max_security	200	infant_mortality	310.1223035499964	88.74925723305333	within
max_security	200	child_mortality_1_4	273.8116795984212	64.71068705519914	below low
max_security	200	maternal_per_100k	1832.9938900203897	533.3214156700251	within
max_security	200	tfr	5.6591321591288875	-0.2303204943664623	within
max_security	200	cbr	46.517466514513124	0.24990428714829704	within
max_security	200	cdr	46.30354287541686	9.122026936602502	below low
max_security	200	food_per_worker	4.594265675926915	-1.3762539790078918	
max_security	200	food_security	0.9567179692969425	-0.023282030703057455	
max_security	200	food_share	58.002322880371565	0.0	within
max_security	200	defense_share	2.122394096397761	0.0	within
max_security	200	diet	0.7319105164820426	-0.15870017494051925	
max_security	200	health	0.9655104803517293	-0.004489519648270601	
max_security	200	labor_efficiency	0.9213235418318094	-0.01030595395173961	
max_security	200	cap_production	0.6273796729710642	-0.03435599225979569	
max_security	200	craft_output	0.07139981447934296	-0.14395668225184485	
max_security	200	tool_quality	0.08604809204626744	-0.10076771571365857	
max_security	200	cap_infrastructure	0.5871239831188042	-0.07247173560464348	
max_security	200	housing_ratio	1.12	0.02435174981810362	
max_security	200	construction_rate	0.0629179686138223	-0.15096915518700627	
max_security	200	cap_logistics	0.2361663624245831	-0.09691741958065814	
max_security	200	trade_capacity	0.018151963707499743	-0.18560909996824457	
max_security	200	ecology	0.2865472717805586	0.0	
max_security	200	ground_health	0.9806859069463044	0.10862600574891257	
max_security	200	cap_institutions	0.6126199033784516	-0.06785342532738448	
max_security	200	legitimacy	0.8383394753738354	-0.041035738397876	
max_security	200	state_capacity	0.012999772695027537	-0.17361451924283533	
max_security	200	cap_security	0.5530076761618944	0.003838403407891655	
max_security	200	warfare_readiness	0.2503328835613771	0.03050327596857122	
max_security	200	cap_culture	0.6484204134534508	-0.1696070252120503	
max_security	200	cohesion	0.789601316426365	-0.03470705355522674	
max_security	200	known	101.0	-451.33333333333337	
max_security	200	per_century	7.0	-98.33333333333333	
max_security	200	per_50	2.3255813953488373	-42.63565891472869	below low
max_security	200	education	0.7021962369377351	-0.06667739469479206	
max_security	200	art_found	478.0	-68.33333333333337	
max_security	200	art_studied	168.33333333333334	4.0	
max_security	200	art_bonus	0.12480000000000001	-0.07320000000000003	
max_security	200	allure	0.6046840826906902	-0.033921405042410036	
max_security	200	line_knowledge	0.0	-10.0	
max_security	200	line_institutions	0.0	-8.333333333333334	
max_security	200	line_culture	1.0	-6.0	
max_security	200	line_labor	0.0	-6.0	
max_security	200	line_production	0.0	-17.333333333333332	
max_security	200	line_infrastructure	1.0	-4.333333333333333	
max_security	200	line_nutrition	0.0	-20.0	
max_security	200	line_health	0.0	-4.666666666666667	
max_security	200	line_demography	0.0	-3.0	
max_security	200	line_logistics	0.0	-8.0	
max_security	200	line_ecology	0.0	-9.666666666666666	
max_security	200	line_security	5.0	-1.0	
max_security	300	population	97.27249609719144	-746.6222119002314	within
max_security	300	growth_pct	0.0558171709980441	-0.8967708626352804	within
max_security	300	life_expectancy	22.331352805830253	-4.749117951355142	within
max_security	300	infant_mortality	297.052235092234	77.27631360602393	within
max_security	300	child_mortality_1_4	261.58629368916144	53.51171900723179	below low
max_security	300	maternal_per_100k	1832.9938900203445	552.8779384303211	below low
max_security	300	tfr	5.606916042468353	-0.26626887886861894	within
max_security	300	cbr	46.10213179230983	-0.03991459970974631	within
max_security	300	cdr	45.54415211568187	8.709252399232788	below low
max_security	300	food_per_worker	5.099612134568051	-0.7923162917407538	
max_security	300	food_security	0.9799959471453938	-4.052854606140244e-06	
max_security	300	food_share	56.00232288037221	0.0	within
max_security	300	defense_share	2.223466071895432	0.0	within
max_security	300	diet	0.7339174101665509	-0.18778513238219918	
max_security	300	health	0.9699999999999999	0.0	
max_security	300	labor_efficiency	0.9252247651214299	-0.01195998435773804	
max_security	300	cap_production	0.6286718951352536	-0.04693491868048172	
max_security	300	craft_output	0.08189712295013539	-0.1858530720581904	
max_security	300	tool_quality	0.0861387477380144	-0.1383156671543611	
max_security	300	cap_infrastructure	0.6224388008762204	-0.052102214773740996	
max_security	300	housing_ratio	1.12	0.01947782680464938	
max_security	300	construction_rate	0.07039242229260335	-0.2058641316589302	
max_security	300	cap_logistics	0.24884157556747652	-0.12290450125348415	
max_security	300	trade_capacity	0.016806118592523737	-0.21390653803526619	
max_security	300	ecology	0.39516064478294677	0.0	
max_security	300	ground_health	0.9999999999753514	0.21215189703963966	
max_security	300	cap_institutions	0.6300529688521083	-0.07080654051897928	
max_security	300	legitimacy	0.8541638813595291	-0.03572656786766515	
max_security	300	state_capacity	0.04857319403495456	-0.17713259536815681	
max_security	300	cap_security	0.5760942682651143	0.0020060317384409387	
max_security	300	warfare_readiness	0.27933595808099004	0.029696086681042427	
max_security	300	cap_culture	0.6630635117497873	-0.16613647420757371	
max_security	300	cohesion	0.8068320335096254	-0.026874197858425486	
max_security	300	known	130.0	-553.6666666666666	
max_security	300	per_century	19.0	-26.0	
max_security	300	per_50	2.5316455696202533	-16.033755274261605	below low
max_security	300	education	0.7062589709644249	-0.08286308760743732	
max_security	300	art_found	501.0	-59.0	
max_security	300	art_studied	262.6666666666667	-202.0	
max_security	300	art_bonus	0.13572	-0.08658000000000002	
max_security	300	allure	0.6076127023499575	-0.033227294841514654	
max_security	300	line_knowledge	6.0	2.3333333333333335	
max_security	300	line_institutions	0.0	-3.6666666666666665	
max_security	300	line_culture	1.0	-2.0	
max_security	300	line_labor	0.0	-1.0	
max_security	300	line_production	1.0	-3.0	
max_security	300	line_infrastructure	1.0	-8.333333333333334	
max_security	300	line_nutrition	2.0	-3.0	
max_security	300	line_health	0.0	-3.0	
max_security	300	line_demography	3.0	3.0	
max_security	300	line_logistics	3.0	-3.333333333333333	
max_security	300	line_ecology	0.0	-3.0	
max_security	300	line_security	2.0	-1.0	
max_security	400	population	102.15651383528659	-1533.0525783902292	within
max_security	400	growth_pct	0.0505523384297879	-0.5186757872194766	within
max_security	400	life_expectancy	22.34743363844882	-4.342604080999667	within
max_security	400	infant_mortality	296.98960580598595	74.91654573860552	within
max_security	400	child_mortality_1_4	261.526969597524	49.65356431644892	below low
max_security	400	maternal_per_100k	1832.993890020363	626.7179270659872	below low
max_security	400	tfr	5.605518316884985	0.2104403012272229	within
max_security	400	cbr	45.9978957110495	2.2688705707202317	within
max_security	400	cdr	45.49252695713312	7.4018422779894095	below low
max_security	400	food_per_worker	5.210037971345948	-0.6760963162413933	
max_security	400	food_security	0.9799999999999877	3.8413716652030416e-14	
max_security	400	food_share	54.66821525358139	0.0	within
max_security	400	defense_share	2.2908865185785827	0.0	within
max_security	400	diet	0.7367633133847248	-0.1759491479964006	
max_security	400	health	0.9699999999999999	0.0	
max_security	400	labor_efficiency	0.925602612971174	-0.021025499937335823	
max_security	400	cap_production	0.6288779176874754	-0.06936220565923512	
max_security	400	craft_output	0.08629246608192985	-0.2518791153227486	
max_security	400	tool_quality	0.0925401129189594	-0.20085552679468227	
max_security	400	cap_infrastructure	0.6224791280215208	-0.06400414098428842	
max_security	400	housing_ratio	1.12	0.02100980737353475	
max_security	400	construction_rate	0.0704754713382769	-0.24979799523180546	
max_security	400	cap_logistics	0.2526311952202894	-0.14788906142117775	
max_security	400	trade_capacity	0.018014381195995407	-0.24887796663335332	
max_security	400	ecology	0.4730930032484955	0.0	
max_security	400	ground_health	0.9999999999999981	0.2581243029273621	
max_security	400	cap_institutions	0.6402443136376704	-0.08057469353392055	
max_security	400	legitimacy	0.8603823185149201	-0.039609547965296255	
max_security	400	state_capacity	0.06120460561104354	-0.20554585853906301	
max_security	400	cap_security	0.5833558052988627	-0.013977309578166341	
max_security	400	warfare_readiness	0.2863171032126943	-0.00012584120224062856	
max_security	400	cap_culture	0.668433890389102	-0.17254468198981665	
max_security	400	cohesion	0.8122613249392505	-0.03257013399185471	
max_security	400	known	143.0	-658.0	
max_security	400	per_century	9.0	-42.0	
max_security	400	per_50	2.5641025641025643	-11.538461538461538	below low
max_security	400	education	0.707975076623076	-0.09637575839816148	
max_security	400	art_found	506.0	-54.0	
max_security	400	art_studied	366.3333333333333	-193.66666666666669	
max_security	400	art_bonus	0.141336	-0.10836400000000002	
max_security	400	allure	0.6086867780778203	-0.034508936397963375	
max_security	400	line_knowledge	1.0	-8.0	
max_security	400	line_institutions	1.0	-3.0	
max_security	400	line_culture	1.0	-5.0	
max_security	400	line_labor	0.0	-5.0	
max_security	400	line_production	2.0	-3.0	
max_security	400	line_infrastructure	0.0	-8.0	
max_security	400	line_nutrition	0.0	-5.0	
max_security	400	line_health	0.0	-1.0	
max_security	400	line_demography	0.0	0.0	
max_security	400	line_logistics	2.0	-2.0	
max_security	400	line_ecology	0.0	0.0	
max_security	400	line_security	2.0	-2.0	
max_security	500	population	108.06730770714167	-2358.0816319701694	within
max_security	500	growth_pct	0.057272347761228026	-0.3079719045146219	within
max_security	500	life_expectancy	22.347811729012847	-4.238176051770115	within
max_security	500	infant_mortality	296.988160867487	73.7505703014487	within
max_security	500	child_mortality_1_4	261.52560087246786	48.280682099105434	below low
max_security	500	maternal_per_100k	1832.9938900203942	645.244710120935	below low
max_security	500	tfr	5.611799070790572	0.44918488460324646	within
max_security	500	cbr	46.045018497996615	3.929270443823839	within
max_security	500	cdr	45.47249807283392	6.992476350492723	below low
max_security	500	food_per_worker	5.4085706756801555	-0.6396112877028965	
max_security	500	food_security	0.98	0.0	
max_security	500	food_share	53.33488192024718	0.0	within
max_security	500	defense_share	2.3582678355770943	0.0	within
max_security	500	diet	0.7400966037895822	-0.1388220745768297	
max_security	500	health	0.9699999999999999	0.0	
max_security	500	labor_efficiency	0.926380384486562	-0.025222369155637914	
max_security	500	cap_production	0.6344862819407245	-0.07604761816551786	
max_security	500	craft_output	0.12319266476755436	-0.25027488875420123	
max_security	500	tool_quality	0.1290593125812699	-0.17934068085625732	
max_security	500	cap_infrastructure	0.6274257554804826	-0.07582041153803054	
max_security	500	housing_ratio	1.12	0.022153643848949356	
max_security	500	construction_rate	0.09795622129194116	-0.28721361460688205	
max_security	500	cap_logistics	0.2699131258568886	-0.16348186982295693	
max_security	500	trade_capacity	0.06361956948098109	-0.25464639289396096	
max_security	500	ecology	0.5455106349604961	0.0	
max_security	500	ground_health	0.9999999999999982	0.27385019901986596	
max_security	500	cap_institutions	0.6465831038240809	-0.09348918821641539	
max_security	500	legitimacy	0.8647803158373928	-0.043096350754442736	
max_security	500	state_capacity	0.06760754257901005	-0.24837700983951053	
max_security	500	cap_security	0.6041597363540641	-0.02063112823079527	
max_security	500	warfare_readiness	0.3338231166508248	-0.002489402183413758	
max_security	500	cap_culture	0.6736808167995063	-0.1735891794429184	
max_security	500	cohesion	0.8168897615247431	-0.03511183305238674	
max_security	500	known	169.33333333333334	-724.6666666666666	
max_security	500	per_century	20.666666666666668	-21.333333333333332	
max_security	500	per_50	4.761904761904762	-17.460317460317462	below low
max_security	500	education	0.7210785887124816	-0.10267155457025012	
max_security	500	art_found	508.0	-52.0	
max_security	500	art_studied	480.0	-80.0	
max_security	500	art_bonus	0.15582666666666667	-0.11585333333333331	
max_security	500	allure	0.6097361633599011	-0.03471783588858379	
max_security	500	line_knowledge	1.6666666666666667	-4.666666666666666	
max_security	500	line_institutions	0.0	-3.0	
max_security	500	line_culture	0.0	-3.0	
max_security	500	line_labor	0.0	-1.6666666666666667	
max_security	500	line_production	5.666666666666667	0.666666666666667	
max_security	500	line_infrastructure	5.0	-2.0	
max_security	500	line_nutrition	0.0	-2.0	
max_security	500	line_health	0.0	-2.0	
max_security	500	line_demography	0.0	-1.0	
max_security	500	line_logistics	6.0	5.0	
max_security	500	line_ecology	0.0	-5.0	
max_security	500	line_security	2.3333333333333335	-2.6666666666666665	
max_security	600	population	116.76716687203191	-3173.2530726715713	within
max_security	600	growth_pct	0.09121019397441514	-0.1811366229791463	within
max_security	600	life_expectancy	22.52416649498511	-4.011853133968831	within
max_security	600	infant_mortality	294.29898262296473	70.82934608726569	within
max_security	600	child_mortality_1_4	259.2064043769115	45.232429292547806	below low
max_security	600	maternal_per_100k	1832.993890020364	662.5570890925078	below low
max_security	600	tfr	5.6317765037394745	0.5816740542703052	within
max_security	600	cbr	46.12879408899126	4.817512505073651	ABOVE HIGH
max_security	600	cdr	45.21726663710513	6.621567678665151	below low
max_security	600	food_per_worker	5.2265021247460846	-0.45917525956932437	
max_security	600	food_security	0.98	0.0	
max_security	600	food_share	52.001548586913	0.0	within
max_security	600	defense_share	2.425649152575606	0.0	within
max_security	600	diet	0.7381373338254665	-0.11993949694958006	
max_security	600	health	0.9699999999999999	0.0	
max_security	600	labor_efficiency	0.9241092466873161	-0.03261866919228884	
max_security	600	cap_production	0.63430718423583	-0.08251015988742771	
max_security	600	craft_output	0.13330544220835927	-0.2950945577916408	
max_security	600	tool_quality	0.13843714977177166	-0.16996285022822774	
max_security	600	cap_infrastructure	0.6329985871865441	-0.08299741208882627	
max_security	600	housing_ratio	1.12	0.011058570823345715	
max_security	600	construction_rate	0.11366735664673737	-0.3147326433532627	
max_security	600	cap_logistics	0.29088771385421314	-0.15391000837799818	
max_security	600	trade_capacity	0.08104502770056514	-0.2594549461187198	
max_security	600	ecology	0.6179206053486743	0.0	
max_security	600	ground_health	0.9999999999999982	0.2755479729131992	
max_security	600	cap_institutions	0.6542543640512015	-0.09629023516554602	
max_security	600	legitimacy	0.8700601427031764	-0.04432225505116538	
max_security	600	state_capacity	0.07757329931048655	-0.25492665043287543	
max_security	600	cap_security	0.6262055376429757	-0.02771635775626169	
max_security	600	warfare_readiness	0.3940522291693971	0.0013522519972650748	
max_security	600	cap_culture	0.6789299189832171	-0.17690710030075874	
max_security	600	cohesion	0.8221720223550694	-0.038074943939787165	
max_security	600	known	205.66666666666666	-744.3333333333334	
max_security	600	per_century	23.333333333333332	5.333333333333332	
max_security	600	per_50	1.7543859649122806	-17.54385964912281	below low
max_security	600	education	0.7295173908441765	-0.10522769564450352	
max_security	600	art_found	509.0	-51.0	
max_security	600	art_studied	509.0	-51.0	
max_security	600	art_bonus	0.16033333333333333	-0.12526666666666664	
max_security	600	allure	0.6107859837966433	-0.03538142006015188	
max_security	600	line_knowledge	7.666666666666667	5.666666666666667	
max_security	600	line_institutions	1.6666666666666667	1.6666666666666667	
max_security	600	line_culture	0.0	-2.0	
max_security	600	line_labor	0.0	-1.0	
max_security	600	line_production	5.0	1.0	
max_security	600	line_infrastructure	3.6666666666666665	1.6666666666666665	
max_security	600	line_nutrition	0.0	0.0	
max_security	600	line_health	0.0	-1.0	
max_security	600	line_demography	0.3333333333333333	0.3333333333333333	
max_security	600	line_logistics	3.0	1.0	
max_security	600	line_ecology	0.0	-2.0	
max_security	600	line_security	2.0	0.0	
lead_knowledge	100	population	110.48619901276147	-26.297413549704757	within
lead_knowledge	100	growth_pct	0.26126805083102056	-0.3139647038088519	within
lead_knowledge	100	life_expectancy	24.583366534771528	-0.895058034882311	within
lead_knowledge	100	infant_mortality	261.1657492618171	21.071637327715905	within
lead_knowledge	100	child_mortality_1_4	234.3215546788213	9.425337057383729	within
lead_knowledge	100	maternal_per_100k	1803.167490465373	395.0851084200142	within
lead_knowledge	100	tfr	5.56042798568743	-0.19425659118136984	within
lead_knowledge	100	cbr	44.95641414416065	-0.44065639798649414	within
lead_knowledge	100	cdr	42.35086682176761	2.65053043490947	within
lead_knowledge	100	food_per_worker	4.911196200942133	-0.660228790077702	
lead_knowledge	100	food_security	0.98	0.0	
lead_knowledge	100	food_share	60.00232288037168	0.0	within
lead_knowledge	100	defense_share	2.0213221209000527	0.0	within
lead_knowledge	100	diet	0.7337348379958808	-0.0683415541977973	
lead_knowledge	100	health	0.9699999999999999	0.0	
lead_knowledge	100	labor_efficiency	0.9331219049163973	0.004173417983718508	
lead_knowledge	100	cap_production	0.6418910634401931	-0.006664206720895183	
lead_knowledge	100	craft_output	0.09468027201976494	-0.018591776721549325	
lead_knowledge	100	tool_quality	0.0805836139683195	-0.04542053499757803	
lead_knowledge	100	cap_infrastructure	0.6058246011942104	-0.02481133644843836	
lead_knowledge	100	housing_ratio	1.12	0.02328829342716432	
lead_knowledge	100	construction_rate	0.10065420977022636	-0.04739181519651485	
lead_knowledge	100	cap_logistics	0.28018259014629693	-0.007504505201323064	
lead_knowledge	100	trade_capacity	0.08493735351596239	-0.05064197234175115	
lead_knowledge	100	ecology	0.17906000584580598	0.0	
lead_knowledge	100	ground_health	0.9999986805787376	0.023983840320300875	
lead_knowledge	100	cap_institutions	0.6178166252083953	-0.016648361669874934	
lead_knowledge	100	legitimacy	0.8394764630870276	-0.01120115900750751	
lead_knowledge	100	state_capacity	0.08035768679061123	-0.030896361311662526	
lead_knowledge	100	cap_security	0.48476567972868506	-0.01649553200828907	
lead_knowledge	100	warfare_readiness	0.09849315806282821	-0.029895430720817767	
lead_knowledge	100	cap_culture	0.7779940154728848	-0.014795328129074026	
lead_knowledge	100	cohesion	0.8003582864322648	-0.007515768758656671	
lead_knowledge	100	known	188.66666666666666	-106.66666666666666	
lead_knowledge	100	per_century	81.0	-59.66666666666666	
lead_knowledge	100	per_50	20.90395480225989	-30.790960451977398	below low
lead_knowledge	100	education	0.730928650868958	-0.00944558024330655	
lead_knowledge	100	art_found	372.6666666666667	-28.66666666666663	
lead_knowledge	100	art_studied	50.0	-3.3333333333333357	
lead_knowledge	100	art_bonus	0.19331999999999985	0.026519999999999988	
lead_knowledge	100	allure	0.6305988030514016	-0.002959065659055571	
lead_knowledge	100	line_knowledge	8.0	-1.333333333333334	
lead_knowledge	100	line_institutions	4.666666666666667	-5.666666666666667	
lead_knowledge	100	line_culture	7.666666666666667	-6.999999999999999	
lead_knowledge	100	line_labor	8.666666666666666	-4.333333333333334	
lead_knowledge	100	line_production	7.333333333333333	-6.666666666666667	
lead_knowledge	100	line_infrastructure	7.0	-3.0	
lead_knowledge	100	line_nutrition	8.333333333333334	-6.666666666666666	
lead_knowledge	100	line_health	6.333333333333333	-6.000000000000001	
lead_knowledge	100	line_demography	7.0	-5.0	
lead_knowledge	100	line_logistics	4.333333333333333	-6.666666666666667	
lead_knowledge	100	line_ecology	6.0	-4.666666666666666	
lead_knowledge	100	line_security	5.666666666666667	-2.666666666666667	
lead_knowledge	200	population	182.86907623325735	-145.84517175177112	within
lead_knowledge	200	growth_pct	0.5962699096743259	-0.33275349108093555	within
lead_knowledge	200	life_expectancy	25.195930215018844	-1.7492392239753798	within
lead_knowledge	200	infant_mortality	244.3079392410865	22.93489292414344	within
lead_knowledge	200	child_mortality_1_4	227.28380076572418	18.182808222502103	within
lead_knowledge	200	maternal_per_100k	1434.4664839783482	134.79400962798354	within
lead_knowledge	200	tfr	5.775077642049034	-0.11437501144631579	within
lead_knowledge	200	cbr	45.85989763533822	-0.407664592026606	within
lead_knowledge	200	cdr	39.958551271916185	2.7770353331018285	within
lead_knowledge	200	food_per_worker	5.612386472132946	-0.35813318280186124	
lead_knowledge	200	food_security	0.98	0.0	
lead_knowledge	200	food_share	58.002322880371565	0.0	within
lead_knowledge	200	defense_share	2.122394096397761	0.0	within
lead_knowledge	200	diet	0.8077087113756395	-0.0829019800469224	
lead_knowledge	200	health	0.9699999999999999	0.0	
lead_knowledge	200	labor_efficiency	0.9238941536342867	-0.007735342149262303	
lead_knowledge	200	cap_production	0.6392776867965163	-0.022457978434343606	
lead_knowledge	200	craft_output	0.12699664915771022	-0.08835984757347759	
lead_knowledge	200	tool_quality	0.0932143004271047	-0.09360150733282131	
lead_knowledge	200	cap_infrastructure	0.6424886662754625	-0.01710705244798516	
lead_knowledge	200	housing_ratio	1.0913903185580576	-0.0042579316238389175	
lead_knowledge	200	construction_rate	0.15864420793898026	-0.05524291586184829	
lead_knowledge	200	cap_logistics	0.30384957476805363	-0.029234207237187615	
lead_knowledge	200	trade_capacity	0.15954487043389673	-0.044216193241847584	
lead_knowledge	200	ecology	0.2865472717805586	0.0	
lead_knowledge	200	ground_health	0.9540918908489568	0.082031989651565	
lead_knowledge	200	cap_institutions	0.6440075448850611	-0.03646578382077503	
lead_knowledge	200	legitimacy	0.8564592050008777	-0.022916008770833662	
lead_knowledge	200	state_capacity	0.11783117305621599	-0.06878311888164687	
lead_knowledge	200	cap_security	0.5106517583062387	-0.03851751444776408	
lead_knowledge	200	warfare_readiness	0.12917155635088864	-0.09065805124191725	
lead_knowledge	200	cap_culture	0.8001638916599164	-0.01786354700558468	
lead_knowledge	200	cohesion	0.8116420463828993	-0.012666323598692464	
lead_knowledge	200	known	380.0	-172.33333333333337	
lead_knowledge	200	per_century	101.0	-4.333333333333329	
lead_knowledge	200	per_50	18.21705426356589	-26.744186046511633	below low
lead_knowledge	200	education	0.7454258537833668	-0.02344777784916041	
lead_knowledge	200	art_found	493.3333333333333	-53.00000000000006	
lead_knowledge	200	art_studied	123.66666666666667	-40.66666666666667	
lead_knowledge	200	art_bonus	0.21888586956521738	0.020885869565217346	
lead_knowledge	200	allure	0.6350327783319832	-0.00357270940111698	
lead_knowledge	200	line_knowledge	6.0	-4.0	
lead_knowledge	200	line_institutions	9.0	0.6666666666666661	
lead_knowledge	200	line_culture	13.666666666666666	6.666666666666666	
lead_knowledge	200	line_labor	8.666666666666666	2.666666666666666	
lead_knowledge	200	line_production	6.0	-11.333333333333332	
lead_knowledge	200	line_infrastructure	8.666666666666666	3.333333333333333	
lead_knowledge	200	line_nutrition	9.0	-11.0	
lead_knowledge	200	line_health	10.333333333333334	5.666666666666667	
lead_knowledge	200	line_demography	7.666666666666667	4.666666666666667	
lead_knowledge	200	line_logistics	7.0	-1.0	
lead_knowledge	200	line_ecology	7.666666666666667	-1.9999999999999991	
lead_knowledge	200	line_security	7.333333333333333	1.333333333333333	
lead_knowledge	300	population	392.1985817042824	-451.69612629314037	within
lead_knowledge	300	growth_pct	0.7910230825511677	-0.16156495108215674	within
lead_knowledge	300	life_expectancy	26.210741169694575	-0.86972958749082	within
lead_knowledge	300	infant_mortality	230.82521127141226	11.049289785202177	within
lead_knowledge	300	child_mortality_1_4	216.01384233945998	7.939267657530337	within
lead_knowledge	300	maternal_per_100k	1387.6500471414274	107.5340955514041	within
lead_knowledge	300	tfr	5.858252445316438	-0.014932476020534047	within
lead_knowledge	300	cbr	46.433922369850755	0.29187597783118235	within
lead_knowledge	300	cdr	38.65520218711358	1.820302470664501	within
lead_knowledge	300	food_per_worker	5.770503730730016	-0.12142469557878943	
lead_knowledge	300	food_security	0.98	0.0	
lead_knowledge	300	food_share	56.00232288037221	0.0	within
lead_knowledge	300	defense_share	2.223466071895432	0.0	within
lead_knowledge	300	diet	0.8681303804338029	-0.0535721621149472	
lead_knowledge	300	health	0.9699999999999999	0.0	
lead_knowledge	300	labor_efficiency	0.9291056426523623	-0.008079106826805682	
lead_knowledge	300	cap_production	0.6499059858403017	-0.025700827975433604	
lead_knowledge	300	craft_output	0.18054224638071448	-0.08720794862761133	
lead_knowledge	300	tool_quality	0.11984034224737743	-0.1046140726449981	
lead_knowledge	300	cap_infrastructure	0.6531628858033222	-0.021378129846639227	
lead_knowledge	300	housing_ratio	1.098654550621757	-0.0018676225735936303	
lead_knowledge	300	construction_rate	0.19450355093146687	-0.08175300302006666	
lead_knowledge	300	cap_logistics	0.324816752717011	-0.04692932410394968	
lead_knowledge	300	trade_capacity	0.17950869883985976	-0.05120395778793016	
lead_knowledge	300	ecology	0.39516064478294677	0.0	
lead_knowledge	300	ground_health	0.8710384226617739	0.08319031972606217	
lead_knowledge	300	cap_institutions	0.6743237726455894	-0.026535736725498138	
lead_knowledge	300	legitimacy	0.8740315353068411	-0.015858913920353213	
lead_knowledge	300	state_capacity	0.17151052728962798	-0.05419526211348338	
lead_knowledge	300	cap_security	0.5443177726704874	-0.02977046385618598	
lead_knowledge	300	warfare_readiness	0.18780279978300132	-0.06183707161694629	
lead_knowledge	300	cap_culture	0.8168370074691694	-0.012362978488191567	
lead_knowledge	300	cohesion	0.8240708962098083	-0.009635335158242553	
lead_knowledge	300	known	559.3333333333334	-124.33333333333326	
lead_knowledge	300	per_century	87.0	42.0	
lead_knowledge	300	per_50	28.69198312236287	10.126582278481013	within
lead_knowledge	300	education	0.7575675837339452	-0.03155447483791707	
lead_knowledge	300	art_found	514.0	-46.0	
lead_knowledge	300	art_studied	278.0	-186.66666666666669	
lead_knowledge	300	art_bonus	0.2516311956521739	0.029331195652173875	
lead_knowledge	300	allure	0.6383674014938339	-0.002472595697638247	
lead_knowledge	300	line_knowledge	3.0	-0.6666666666666665	
lead_knowledge	300	line_institutions	3.0	-0.6666666666666665	
lead_knowledge	300	line_culture	8.333333333333334	5.333333333333334	
lead_knowledge	300	line_labor	4.666666666666667	3.666666666666667	
lead_knowledge	300	line_production	12.333333333333334	8.333333333333334	
lead_knowledge	300	line_infrastructure	4.0	-5.333333333333334	
lead_knowledge	300	line_nutrition	17.666666666666668	12.666666666666668	
lead_knowledge	300	line_health	5.666666666666667	2.666666666666667	
lead_knowledge	300	line_demography	3.6666666666666665	3.6666666666666665	
lead_knowledge	300	line_logistics	7.666666666666667	1.333333333333334	
lead_knowledge	300	line_ecology	10.333333333333334	7.333333333333334	
lead_knowledge	300	line_security	6.666666666666667	3.666666666666667	
lead_knowledge	400	population	916.3970862165864	-718.8120060089294	within
lead_knowledge	400	growth_pct	0.8676972482683842	0.29846912261911973	within
lead_knowledge	400	life_expectancy	27.00627237406704	0.3162346546185546	within
lead_knowledge	400	infant_mortality	221.26175729691673	-0.8113027704636977	within
lead_knowledge	400	child_mortality_1_4	208.5414071062058	-3.3319981748692555	within
lead_knowledge	400	maternal_per_100k	1325.44167344348	119.16571048910419	within
lead_knowledge	400	tfr	5.809151176610297	0.414073160952535	within
lead_knowledge	400	cbr	45.80071308697589	2.0716879466466196	within
lead_knowledge	400	cdr	37.29306826935386	-0.7976164097898533	within
lead_knowledge	400	food_per_worker	5.790249671526904	-0.09588461606043808	
lead_knowledge	400	food_security	0.9799999999999885	3.930189507173054e-14	
lead_knowledge	400	food_share	54.66821525358139	0.0	within
lead_knowledge	400	defense_share	2.2908865185785827	0.0	within
lead_knowledge	400	diet	0.9100054559055004	-0.0027070054756249684	
lead_knowledge	400	health	0.9699999999999999	0.0	
lead_knowledge	400	labor_efficiency	0.9347913675183145	-0.011836745390195302	
lead_knowledge	400	cap_production	0.6680602980991107	-0.030179825247599767	
lead_knowledge	400	craft_output	0.28552306900707164	-0.05264851239760682	
lead_knowledge	400	tool_quality	0.17811848324757262	-0.11527715646606906	
lead_knowledge	400	cap_infrastructure	0.6664961849919453	-0.019987084013863954	
lead_knowledge	400	housing_ratio	1.094700027628891	-0.004290164997574397	
lead_knowledge	400	construction_rate	0.2501838950242221	-0.07008957154586026	
lead_knowledge	400	cap_logistics	0.36366733125281686	-0.03685292538865026	
lead_knowledge	400	trade_capacity	0.22746058870487082	-0.03943175912447791	
lead_knowledge	400	ecology	0.4730930032484955	0.0	
lead_knowledge	400	ground_health	0.7903390702647733	0.04846337319213734	
lead_knowledge	400	cap_institutions	0.7013523375495795	-0.01946666962201149	
lead_knowledge	400	legitimacy	0.8873229808110784	-0.01266888566913793	
lead_knowledge	400	state_capacity	0.2331228289054036	-0.03362763524470297	
lead_knowledge	400	cap_security	0.566283603300738	-0.03104951157629099	
lead_knowledge	400	warfare_readiness	0.2291599815117981	-0.057282962903136864	
lead_knowledge	400	cap_culture	0.8298158499658509	-0.011162722413067705	
lead_knowledge	400	cohesion	0.8331436605620456	-0.011687798369059643	
lead_knowledge	400	known	751.3333333333334	-49.66666666666663	
lead_knowledge	400	per_century	109.66666666666667	58.66666666666667	
lead_knowledge	400	per_50	40.598290598290596	26.495726495726494	within
lead_knowledge	400	education	0.7908219457749567	-0.013528889246280817	
lead_knowledge	400	art_found	514.3333333333334	-45.66666666666663	
lead_knowledge	400	art_studied	514.3333333333334	-45.66666666666663	
lead_knowledge	400	art_bonus	0.28815886956521736	0.03845886956521735	
lead_knowledge	400	allure	0.6409631699931703	-0.002232544482613452	
lead_knowledge	400	line_knowledge	9.0	0.0	
lead_knowledge	400	line_institutions	10.0	6.0	
lead_knowledge	400	line_culture	11.333333333333334	5.333333333333334	
lead_knowledge	400	line_labor	7.0	2.0	
lead_knowledge	400	line_production	16.666666666666668	11.666666666666668	
lead_knowledge	400	line_infrastructure	14.666666666666666	6.666666666666666	
lead_knowledge	400	line_nutrition	10.0	5.0	
lead_knowledge	400	line_health	3.6666666666666665	2.6666666666666665	
lead_knowledge	400	line_demography	2.0	2.0	
lead_knowledge	400	line_logistics	13.666666666666666	9.666666666666666	
lead_knowledge	400	line_ecology	7.333333333333333	7.333333333333333	
lead_knowledge	400	line_security	4.333333333333333	0.33333333333333304	
lead_knowledge	500	population	2078.1208908763415	-388.0280488009694	within
lead_knowledge	500	growth_pct	0.7627308341108993	0.3974865818350493	within
lead_knowledge	500	life_expectancy	26.611287456406817	0.025299675623855933	within
lead_knowledge	500	infant_mortality	225.1173342406736	1.8797436746353071	within
lead_knowledge	500	child_mortality_1_4	212.48783741045804	-0.7570813629043869	within
lead_knowledge	500	maternal_per_100k	1301.1468058425014	113.39762594304216	within
lead_knowledge	500	tfr	5.649819180124322	0.487204993936996	within
lead_knowledge	500	cbr	45.60154188195446	3.4857938277816842	within
lead_knowledge	500	cdr	38.09616488728398	-0.383856835057216	within
lead_knowledge	500	food_per_worker	5.741714304513131	-0.3064676588699209	
lead_knowledge	500	food_security	0.98	0.0	
lead_knowledge	500	food_share	53.33488192024718	0.0	within
lead_knowledge	500	defense_share	2.3582678355770943	0.0	within
lead_knowledge	500	diet	0.866417758914245	-0.012500919452166914	
lead_knowledge	500	health	0.9699999999999999	0.0	
lead_knowledge	500	labor_efficiency	0.9405410934852106	-0.011061660156989284	
lead_knowledge	500	cap_production	0.6895695695448735	-0.020964330561368927	
lead_knowledge	500	craft_output	0.32755618010454934	-0.04591137341720625	
lead_knowledge	500	tool_quality	0.2567757280051664	-0.051624265432360816	
lead_knowledge	500	cap_infrastructure	0.6897618370529043	-0.013484329965608888	
lead_knowledge	500	housing_ratio	1.0915107335819902	-0.006335622569060506	
lead_knowledge	500	construction_rate	0.3393046956521739	-0.04586514024664928	
lead_knowledge	500	cap_logistics	0.4029846109370859	-0.030410384742759644	
lead_knowledge	500	trade_capacity	0.28972737440642127	-0.028538587968520768	
lead_knowledge	500	ecology	0.5455106349604961	0.0	
lead_knowledge	500	ground_health	0.735645630462186	0.009495829482053741	
lead_knowledge	500	cap_institutions	0.7232460935268653	-0.016826198513630986	
lead_knowledge	500	legitimacy	0.8966323573753098	-0.01124430921652575	
lead_knowledge	500	state_capacity	0.2869031192755799	-0.029081433142940705	
lead_knowledge	500	cap_security	0.5965248643908642	-0.028266000193995167	
lead_knowledge	500	warfare_readiness	0.2791294079901301	-0.05718311084410849	
lead_knowledge	500	cap_culture	0.8388537177400667	-0.008416278502358043	
lead_knowledge	500	cohesion	0.8417159067267489	-0.010285687850380976	
lead_knowledge	500	known	894.0	0.0	
lead_knowledge	500	per_century	53.0	11.0	
lead_knowledge	500	per_50	24.867724867724863	2.6455026455026385	below low
lead_knowledge	500	education	0.8087103692117221	-0.015039774071009648	
lead_knowledge	500	art_found	514.3333333333334	-45.66666666666663	
lead_knowledge	500	art_studied	514.3333333333334	-45.66666666666663	
lead_knowledge	500	art_bonus	0.3171568695652174	0.045476869565217404	
lead_knowledge	500	allure	0.6427707435480133	-0.0016832557004715643	
lead_knowledge	500	line_knowledge	6.333333333333333	0.0	
lead_knowledge	500	line_institutions	3.0	0.0	
lead_knowledge	500	line_culture	3.0	0.0	
lead_knowledge	500	line_labor	1.6666666666666667	0.0	
lead_knowledge	500	line_production	5.0	0.0	
lead_knowledge	500	line_infrastructure	16.666666666666668	9.666666666666668	
lead_knowledge	500	line_nutrition	2.0	0.0	
lead_knowledge	500	line_health	2.6666666666666665	0.6666666666666665	
lead_knowledge	500	line_demography	1.0	0.0	
lead_knowledge	500	line_logistics	1.0	0.0	
lead_knowledge	500	line_ecology	5.0	0.0	
lead_knowledge	500	line_security	5.666666666666667	0.666666666666667	
lead_knowledge	600	population	2932.295904546732	-357.7243349968712	within
lead_knowledge	600	growth_pct	0.2790325323769327	0.0066857154233712635	within
lead_knowledge	600	life_expectancy	26.2991175563123	-0.23690207264164087	within
lead_knowledge	600	infant_mortality	227.7337489345529	4.264112398853854	within
lead_knowledge	600	child_mortality_1_4	215.46029337376265	1.4863182893989517	within
lead_knowledge	600	maternal_per_100k	1284.6641663161488	114.22736538829258	within
lead_knowledge	600	tfr	5.1168722115943455	0.06676976212517616	within
lead_knowledge	600	cbr	41.879124625867405	0.5678430419497928	within
lead_knowledge	600	cdr	39.09719118051649	0.5014922220765072	within
lead_knowledge	600	food_per_worker	5.363576571015025	-0.3221008133003842	
lead_knowledge	600	food_security	0.9799547978514084	-4.520214859160543e-05	
lead_knowledge	600	food_share	52.001548586913	0.0	within
lead_knowledge	600	defense_share	2.425649152575606	0.0	within
lead_knowledge	600	diet	0.8368139326888967	-0.021262898086149895	
lead_knowledge	600	health	0.9699999999999999	0.0	
lead_knowledge	600	labor_efficiency	0.9495963555022154	-0.00713156037738949	
lead_knowledge	600	cap_production	0.6974056849085728	-0.019411659214684907	
lead_knowledge	600	craft_output	0.3566895652173913	-0.07171043478260875	
lead_knowledge	600	tool_quality	0.2567765217391297	-0.051623478260869715	
lead_knowledge	600	cap_infrastructure	0.6972488261959979	-0.01874717307937246	
lead_knowledge	600	housing_ratio	1.1127774757361122	0.0038360465594577953	
lead_knowledge	600	construction_rate	0.3566895652173913	-0.07171043478260875	
lead_knowledge	600	cap_logistics	0.4148606929370015	-0.029937029295209805	
lead_knowledge	600	trade_capacity	0.31005095455159487	-0.03044901926769006	
lead_knowledge	600	ecology	0.6179206053486743	0.0	
lead_knowledge	600	ground_health	0.7262635314668486	0.0018115043800496222	
lead_knowledge	600	cap_institutions	0.7353632229805128	-0.015181376236234723	
lead_knowledge	600	legitimacy	0.9047641392509451	-0.009618258503396704	
lead_knowledge	600	state_capacity	0.30178304111383564	-0.030716908629526363	
lead_knowledge	600	cap_security	0.6271156664620259	-0.026806228937211518	
lead_knowledge	600	warfare_readiness	0.3313842553795208	-0.06131572179261119	
lead_knowledge	600	cap_culture	0.8493138246605229	-0.006523194623452966	
lead_knowledge	600	cohesion	0.8528696411358938	-0.007377325158962722	
lead_knowledge	600	known	950.0	0.0	
lead_knowledge	600	per_century	18.666666666666668	0.6666666666666679	
lead_knowledge	600	per_50	20.467836257309944	1.169590643274855	below low
lead_knowledge	600	education	0.8163692542163098	-0.018375832272370274	
lead_knowledge	600	art_found	514.3333333333334	-45.66666666666663	
lead_knowledge	600	art_studied	514.3333333333334	-45.66666666666663	
lead_knowledge	600	art_bonus	0.3334069565217391	0.04780695652173911	
lead_knowledge	600	allure	0.6448627649321046	-0.001304638924690571	
lead_knowledge	600	line_knowledge	2.0	0.0	
lead_knowledge	600	line_institutions	0.0	0.0	
lead_knowledge	600	line_culture	2.0	0.0	
lead_knowledge	600	line_labor	1.0	0.0	
lead_knowledge	600	line_production	4.0	0.0	
lead_knowledge	600	line_infrastructure	2.0	0.0	
lead_knowledge	600	line_nutrition	0.6666666666666666	0.6666666666666666	
lead_knowledge	600	line_health	1.0	0.0	
lead_knowledge	600	line_demography	0.0	0.0	
lead_knowledge	600	line_logistics	2.0	0.0	
lead_knowledge	600	line_ecology	2.0	0.0	
lead_knowledge	600	line_security	2.0	0.0	
lead_institutions	100	population	113.08557497473925	-23.698037587726986	within
lead_institutions	100	growth_pct	0.28140019631380425	-0.2938325583260682	within
lead_institutions	100	life_expectancy	24.631110442270383	-0.8473141273834557	within
lead_institutions	100	infant_mortality	259.3649066109524	19.27079467685121	within
lead_institutions	100	child_mortality_1_4	233.7536595574223	8.857441935984752	within
lead_institutions	100	maternal_per_100k	1797.6832605748307	389.60087852947186	within
lead_institutions	100	tfr	5.560945462652701	-0.19373911421609868	within
lead_institutions	100	cbr	44.96026100123947	-0.4368095409076673	within
lead_institutions	100	cdr	42.15483021667027	2.4544938298121295	within
lead_institutions	100	food_per_worker	4.869469618573806	-0.7019553724460286	
lead_institutions	100	food_security	0.98	0.0	
lead_institutions	100	food_share	60.00232288037168	0.0	within
lead_institutions	100	defense_share	2.0213221209000527	0.0	within
lead_institutions	100	diet	0.7354201445320734	-0.06665624766160472	
lead_institutions	100	health	0.9699999999999999	0.0	
lead_institutions	100	labor_efficiency	0.9348809765229329	0.005932489590254053	
lead_institutions	100	cap_production	0.6379369272829811	-0.010618342878107145	
lead_institutions	100	craft_output	0.0846328520696668	-0.028639196671647466	
lead_institutions	100	tool_quality	0.07839435091043646	-0.047609798055461075	
lead_institutions	100	cap_infrastructure	0.5932039618051218	-0.037431975837527	
lead_institutions	100	housing_ratio	1.12	0.02328829342716432	
lead_institutions	100	construction_rate	0.0888853850080007	-0.05916063995874052	
lead_institutions	100	cap_logistics	0.26533912140271804	-0.022347973944901955	
lead_institutions	100	trade_capacity	0.05886021833470043	-0.07671910752301311	
lead_institutions	100	ecology	0.17906000584580598	0.0	
lead_institutions	100	ground_health	0.9999999952224544	0.023985154964017652	
lead_institutions	100	cap_institutions	0.6454479540772181	0.010982967198947868	
lead_institutions	100	legitimacy	0.8563665021118564	0.005688880017321263	
lead_institutions	100	state_capacity	0.1274195671609382	0.016165519058664438	
lead_institutions	100	cap_security	0.4901124774525159	-0.011148734284458228	
lead_institutions	100	warfare_readiness	0.09878989073390276	-0.029598698049743216	
lead_institutions	100	cap_culture	0.7861619722177379	-0.006627371384220981	
lead_institutions	100	cohesion	0.8093523717559049	0.0014783165649834284	
lead_institutions	100	known	191.0	-104.33333333333331	
lead_institutions	100	per_century	80.66666666666667	-59.999999999999986	
lead_institutions	100	per_50	22.88135593220339	-28.813559322033896	below low
lead_institutions	100	education	0.7274476523086154	-0.012926578803649114	
lead_institutions	100	art_found	377.3333333333333	-24.0	
lead_institutions	100	art_studied	49.666666666666664	-3.6666666666666714	
lead_institutions	100	art_bonus	0.13887913043478248	-0.027920869565217388	
lead_institutions	100	allure	0.6322323943215417	-0.001325474388915504	
lead_institutions	100	line_knowledge	5.333333333333333	-4.000000000000001	
lead_institutions	100	line_institutions	10.0	-0.3333333333333339	
lead_institutions	100	line_culture	8.0	-6.666666666666666	
lead_institutions	100	line_labor	8.0	-5.0	
lead_institutions	100	line_production	5.666666666666667	-8.333333333333332	
lead_institutions	100	line_infrastructure	6.666666666666667	-3.333333333333333	
lead_institutions	100	line_nutrition	8.333333333333334	-6.666666666666666	
lead_institutions	100	line_health	6.0	-6.333333333333334	
lead_institutions	100	line_demography	7.333333333333333	-4.666666666666667	
lead_institutions	100	line_logistics	4.666666666666667	-6.333333333333333	
lead_institutions	100	line_ecology	5.333333333333333	-5.333333333333333	
lead_institutions	100	line_security	5.333333333333333	-3.000000000000001	
lead_institutions	200	population	194.02723350693955	-134.6870144780889	within
lead_institutions	200	growth_pct	0.6223104710491109	-0.3067129297061506	within
lead_institutions	200	life_expectancy	25.192915185055984	-1.75225425393824	within
lead_institutions	200	infant_mortality	244.77708998777703	23.40404367083397	within
lead_institutions	200	child_mortality_1_4	227.32524087986886	18.22424833664678	within
lead_institutions	200	maternal_per_100k	1425.7992962256342	126.12682187526957	within
lead_institutions	200	tfr	5.801082998207647	-0.08836965528770246	within
lead_institutions	200	cbr	46.13093381064303	-0.13662841672179837	within
lead_institutions	200	cdr	39.97651572329026	2.7949997844759054	within
lead_institutions	200	food_per_worker	5.559029707137726	-0.41148994779708126	
lead_institutions	200	food_security	0.98	0.0	
lead_institutions	200	food_share	58.002322880371565	0.0	within
lead_institutions	200	defense_share	2.122394096397761	0.0	within
lead_institutions	200	diet	0.8175284999620785	-0.07308219146048334	
lead_institutions	200	health	0.9699999999999999	0.0	
lead_institutions	200	labor_efficiency	0.9259583382433457	-0.005671157540203309	
lead_institutions	200	cap_production	0.6366593609942428	-0.02507630423661711	
lead_institutions	200	craft_output	0.1160205730077516	-0.0993359237234362	
lead_institutions	200	tool_quality	0.08813846907817162	-0.09867733868175439	
lead_institutions	200	cap_infrastructure	0.6188182212471544	-0.040777497476293334	
lead_institutions	200	housing_ratio	1.0924819718475471	-0.0031662783343493484	
lead_institutions	200	construction_rate	0.14463730183356305	-0.0692498219672655	
lead_institutions	200	cap_logistics	0.2891336392467754	-0.04395014275846587	
lead_institutions	200	trade_capacity	0.09209671675607901	-0.1116643469196653	
lead_institutions	200	ecology	0.2865472717805586	0.0	
lead_institutions	200	ground_health	0.9456244712841032	0.07356457008671136	
lead_institutions	200	cap_institutions	0.6644486004890933	-0.016024728216742834	
lead_institutions	200	legitimacy	0.8678868493205222	-0.01148836445118917	
lead_institutions	200	state_capacity	0.1549511844655996	-0.03166310747226325	
lead_institutions	200	cap_security	0.5088447143060674	-0.040324558447935366	
lead_institutions	200	warfare_readiness	0.1187529531510972	-0.1010766544417087	
lead_institutions	200	cap_culture	0.7988302016739867	-0.019197236991514433	
lead_institutions	200	cohesion	0.8157910581331902	-0.008517311848401543	
lead_institutions	200	known	356.6666666666667	-195.66666666666669	
lead_institutions	200	per_century	73.33333333333333	-32.0	
lead_institutions	200	per_50	19.767441860465116	-25.193798449612405	below low
lead_institutions	200	education	0.7381500474629806	-0.03072358416954657	
lead_institutions	200	art_found	494.3333333333333	-52.00000000000006	
lead_institutions	200	art_studied	133.0	-31.333333333333343	
lead_institutions	200	art_bonus	0.15586434782608694	-0.0421356521739131	
lead_institutions	200	allure	0.6347660403347973	-0.0038394473983028865	
lead_institutions	200	line_knowledge	3.6666666666666665	-6.333333333333334	
lead_institutions	200	line_institutions	3.0	-5.333333333333334	
lead_institutions	200	line_culture	9.333333333333334	2.333333333333334	
lead_institutions	200	line_labor	5.333333333333333	-0.666666666666667	
lead_institutions	200	line_production	6.333333333333333	-11.0	
lead_institutions	200	line_infrastructure	3.6666666666666665	-1.6666666666666665	
lead_institutions	200	line_nutrition	9.0	-11.0	
lead_institutions	200	line_health	8.0	3.333333333333333	
lead_institutions	200	line_demography	8.0	5.0	
lead_institutions	200	line_logistics	3.0	-5.0	
lead_institutions	200	line_ecology	8.0	-1.666666666666666	
lead_institutions	200	line_security	6.0	0.0	
lead_institutions	300	population	404.93552999474485	-438.9591780026779	within
lead_institutions	300	growth_pct	0.7620335172856244	-0.19055451634770004	within
lead_institutions	300	life_expectancy	25.76792123404249	-1.3125495231429056	within
lead_institutions	300	infant_mortality	236.5482237348041	16.77230224859403	within
lead_institutions	300	child_mortality_1_4	221.07469680733985	13.0001221254102	within
lead_institutions	300	maternal_per_100k	1390.9190064365303	110.80305484650694	within
lead_institutions	300	tfr	5.880567154670596	0.0073822333336242	within
lead_institutions	300	cbr	46.65441411599816	0.5123677239785849	within
lead_institutions	300	cdr	39.15298221691853	2.318082500469451	within
lead_institutions	300	food_per_worker	5.780022304095329	-0.11190612221347607	
lead_institutions	300	food_security	0.98	0.0	
lead_institutions	300	food_share	56.00232288037221	0.0	within
lead_institutions	300	defense_share	2.223466071895432	0.0	within
lead_institutions	300	diet	0.8644534869774404	-0.05724905557130966	
lead_institutions	300	health	0.9699999999999999	0.0	
lead_institutions	300	labor_efficiency	0.9308305569339069	-0.006354192545261039	
lead_institutions	300	cap_production	0.6500035665094834	-0.025603247306251853	
lead_institutions	300	craft_output	0.16929772273424196	-0.09845247227408385	
lead_institutions	300	tool_quality	0.11362737330068873	-0.1108270415916868	
lead_institutions	300	cap_infrastructure	0.6506699692499319	-0.02387104640002946	
lead_institutions	300	housing_ratio	1.0898809927093267	-0.010641180486024027	
lead_institutions	300	construction_rate	0.1799243986753145	-0.09633215527621902	
lead_institutions	300	cap_logistics	0.32082229882552166	-0.05092377799543901	
lead_institutions	300	trade_capacity	0.11244162635375106	-0.11827103027403886	
lead_institutions	300	ecology	0.39516064478294677	0.0	
lead_institutions	300	ground_health	0.8668945346815207	0.07904643174580894	
lead_institutions	300	cap_institutions	0.6913449505993183	-0.00951455877176921	
lead_institutions	300	legitimacy	0.8834288272757135	-0.0064616219514808115	
lead_institutions	300	state_capacity	0.20568100707003142	-0.020024782333079943	
lead_institutions	300	cap_security	0.5421102638917771	-0.03197797263489632	
lead_institutions	300	warfare_readiness	0.1785097203015591	-0.07113015109838852	
lead_institutions	300	cap_culture	0.8173088856779392	-0.011891100279421751	
lead_institutions	300	cohesion	0.8295959796297337	-0.004110251738317139	
lead_institutions	300	known	546.0	-137.66666666666663	
lead_institutions	300	per_century	96.66666666666667	51.66666666666667	
lead_institutions	300	per_50	27.848101265822788	9.28270042194093	within
lead_institutions	300	education	0.7515671387174563	-0.037554919854405955	
lead_institutions	300	art_found	513.0	-47.0	
lead_institutions	300	art_studied	296.3333333333333	-168.33333333333337	
lead_institutions	300	art_bonus	0.17909413043478262	-0.04320586956521741	
lead_institutions	300	allure	0.6384617771355878	-0.0023782200558842836	
lead_institutions	300	line_knowledge	6.0	2.3333333333333335	
lead_institutions	300	line_institutions	3.6666666666666665	0.0	
lead_institutions	300	line_culture	10.0	7.0	
lead_institutions	300	line_labor	4.666666666666667	3.666666666666667	
lead_institutions	300	line_production	14.0	10.0	
lead_institutions	300	line_infrastructure	6.0	-3.333333333333334	
lead_institutions	300	line_nutrition	16.0	11.0	
lead_institutions	300	line_health	6.0	3.0	
lead_institutions	300	line_demography	6.333333333333333	6.333333333333333	
lead_institutions	300	line_logistics	8.666666666666666	2.333333333333333	
lead_institutions	300	line_ecology	7.666666666666667	4.666666666666667	
lead_institutions	300	line_security	7.666666666666667	4.666666666666667	
lead_institutions	400	population	938.1974123815007	-697.0116798440151	within
lead_institutions	400	growth_pct	0.8623726443809524	0.2931445187316879	within
lead_institutions	400	life_expectancy	26.977434643043566	0.28739692359507885	within
lead_institutions	400	infant_mortality	221.64041183017517	-0.4326482372052567	within
lead_institutions	400	child_mortality_1_4	208.89190040441846	-2.981504876656601	within
lead_institutions	400	maternal_per_100k	1326.5502363784901	120.2742734241142	within
lead_institutions	400	tfr	5.817083266626542	0.4220052509687804	within
lead_institutions	400	cbr	45.86751921167049	2.1384940713412206	within
lead_institutions	400	cdr	37.41027882430603	-0.6804058548376801	within
lead_institutions	400	food_per_worker	5.784574288375727	-0.10155999921161474	
lead_institutions	400	food_security	0.9799999999999897	4.04121180963557e-14	
lead_institutions	400	food_share	54.66821525358139	0.0	within
lead_institutions	400	defense_share	2.2908865185785827	0.0	within
lead_institutions	400	diet	0.9079121989233808	-0.004800262457744564	
lead_institutions	400	health	0.9699999999999999	0.0	
lead_institutions	400	labor_efficiency	0.9346507998156611	-0.011977313092848663	
lead_institutions	400	cap_production	0.6629547164231123	-0.03528540692359816	
lead_institutions	400	craft_output	0.25658427700972547	-0.08158730439495299	
lead_institutions	400	tool_quality	0.15526049653298146	-0.13813514318066022	
lead_institutions	400	cap_infrastructure	0.6646551408215514	-0.021828128184257833	
lead_institutions	400	housing_ratio	1.0914573037001114	-0.007532888926353953	
lead_institutions	400	construction_rate	0.2402185728661864	-0.08005489370389599	
lead_institutions	400	cap_logistics	0.35716559479468496	-0.04335466184678216	
lead_institutions	400	trade_capacity	0.1655590460050472	-0.10133330182430153	
lead_institutions	400	ecology	0.4730930032484955	0.0	
lead_institutions	400	ground_health	0.7895425244685633	0.047666827395927314	
lead_institutions	400	cap_institutions	0.7059129468556954	-0.014906060315895586	
lead_institutions	400	legitimacy	0.8911305706477178	-0.008861295832498506	
lead_institutions	400	state_capacity	0.2345614913891437	-0.03218897276096286	
lead_institutions	400	cap_security	0.5658649387337166	-0.03146817614331243	
lead_institutions	400	warfare_readiness	0.2290231768351618	-0.05741976757977316	
lead_institutions	400	cap_culture	0.8231079846723022	-0.017870587706616425	
lead_institutions	400	cohesion	0.8343304207656335	-0.010501038165471765	
lead_institutions	400	known	719.3333333333334	-81.66666666666663	
lead_institutions	400	per_century	98.66666666666667	47.66666666666667	
lead_institutions	400	per_50	37.17948717948718	23.07692307692308	within
lead_institutions	400	education	0.7782014547789204	-0.026149380242317055	
lead_institutions	400	art_found	513.0	-47.0	
lead_institutions	400	art_studied	513.0	-47.0	
lead_institutions	400	art_bonus	0.20342850724637676	-0.046271492753623245	
lead_institutions	400	allure	0.6396215969344605	-0.0035741175413231963	
lead_institutions	400	line_knowledge	9.333333333333334	0.3333333333333339	
lead_institutions	400	line_institutions	3.3333333333333335	-0.6666666666666665	
lead_institutions	400	line_culture	8.666666666666666	2.666666666666666	
lead_institutions	400	line_labor	7.333333333333333	2.333333333333333	
lead_institutions	400	line_production	12.666666666666666	7.666666666666666	
lead_institutions	400	line_infrastructure	15.333333333333334	7.333333333333334	
lead_institutions	400	line_nutrition	11.0	6.0	
lead_institutions	400	line_health	4.0	3.0	
lead_institutions	400	line_demography	2.0	2.0	
lead_institutions	400	line_logistics	12.666666666666666	8.666666666666666	
lead_institutions	400	line_ecology	8.666666666666666	8.666666666666666	
lead_institutions	400	line_security	3.6666666666666665	-0.3333333333333335	
lead_institutions	500	population	2115.2633665315893	-350.88557314572154	within
lead_institutions	500	growth_pct	0.7487569135603112	0.3835126612844612	within
lead_institutions	500	life_expectancy	26.574160823217216	-0.011826957565745033	within
lead_institutions	500	infant_mortality	225.55334568735202	2.315755121313714	within
lead_institutions	500	child_mortality_1_4	212.90655857257389	-0.3383602007885429	within
lead_institutions	500	maternal_per_100k	1298.896624671127	111.14744477166778	within
lead_institutions	500	tfr	5.630863521991979	0.46824933580465355	within
lead_institutions	500	cbr	45.56237940619466	3.446631352021882	within
lead_institutions	500	cdr	38.19058465777385	-0.28943706456735185	within
lead_institutions	500	food_per_worker	5.768509298715958	-0.2796726646670944	
lead_institutions	500	food_security	0.98	0.0	
lead_institutions	500	food_share	53.33488192024718	0.0	within
lead_institutions	500	defense_share	2.3582678355770943	0.0	within
lead_institutions	500	diet	0.8634630723212071	-0.015455606045204795	
lead_institutions	500	health	0.9699999999999999	0.0	
lead_institutions	500	labor_efficiency	0.9440994481527222	-0.007503305489477752	
lead_institutions	500	cap_production	0.6900113499700257	-0.020522550136216733	
lead_institutions	500	craft_output	0.3119428639481842	-0.06152468957357138	
lead_institutions	500	tool_quality	0.2567743442348172	-0.05162564920271001	
lead_institutions	500	cap_infrastructure	0.6844776566943138	-0.01876851032419935	
lead_institutions	500	housing_ratio	1.1025811665756584	0.0047348104246076606	
lead_institutions	500	construction_rate	0.31348155896372515	-0.07168827693509805	
lead_institutions	500	cap_logistics	0.39829573056005857	-0.03509926511978695	
lead_institutions	500	trade_capacity	0.2650341237490961	-0.05323183862584596	
lead_institutions	500	ecology	0.5455106349604961	0.0	
lead_institutions	500	ground_health	0.7344626642778431	0.00831286329771086	
lead_institutions	500	cap_institutions	0.7326437570136878	-0.007428535026808514	
lead_institutions	500	legitimacy	0.9027831563760879	-0.005093510215747665	
lead_institutions	500	state_capacity	0.30294774751588566	-0.013036804902634924	
lead_institutions	500	cap_security	0.5980618731949149	-0.026728991389944445	
lead_institutions	500	warfare_readiness	0.27859624632067403	-0.05771627251356454	
lead_institutions	500	cap_culture	0.8348679823671331	-0.012402013875291606	
lead_institutions	500	cohesion	0.8471971996872144	-0.004804394889915464	
lead_institutions	500	known	889.3333333333334	-4.666666666666629	
lead_institutions	500	per_century	62.0	20.0	
lead_institutions	500	per_50	32.27513227513227	10.052910052910047	within
lead_institutions	500	education	0.8052135332577414	-0.018536610024990408	
lead_institutions	500	art_found	513.0	-47.0	
lead_institutions	500	art_studied	513.0	-47.0	
lead_institutions	500	art_bonus	0.2259366956521739	-0.045743304347826086	
lead_institutions	500	allure	0.6419735964734267	-0.0024804027750582325	
lead_institutions	500	line_knowledge	12.333333333333334	6.000000000000001	
lead_institutions	500	line_institutions	3.0	0.0	
lead_institutions	500	line_culture	3.3333333333333335	0.3333333333333335	
lead_institutions	500	line_labor	2.0	0.33333333333333326	
lead_institutions	500	line_production	6.333333333333333	1.333333333333333	
lead_institutions	500	line_infrastructure	16.666666666666668	9.666666666666668	
lead_institutions	500	line_nutrition	2.6666666666666665	0.6666666666666665	
lead_institutions	500	line_health	3.0	1.0	
lead_institutions	500	line_demography	1.0	0.0	
lead_institutions	500	line_logistics	1.6666666666666667	0.6666666666666667	
lead_institutions	500	line_ecology	5.0	0.0	
lead_institutions	500	line_security	5.0	0.0	
lead_institutions	600	population	2967.91599401818	-322.10424552542327	within
lead_institutions	600	growth_pct	0.277660534944868	0.0053137179913065324	within
lead_institutions	600	life_expectancy	26.308347576173333	-0.22767205278060842	within
lead_institutions	600	infant_mortality	227.7572241251388	4.287587589439767	within
lead_institutions	600	child_mortality_1_4	215.48289811557788	1.5089230312141808	within
lead_institutions	600	maternal_per_100k	1282.4811918515343	112.04439092367807	within
lead_institutions	600	tfr	5.113952273135364	0.06384982366619507	within
lead_institutions	600	cbr	41.84726794129588	0.5359863573782704	within
lead_institutions	600	cdr	39.07895000190381	0.48325104346383085	within
lead_institutions	600	food_per_worker	5.388279688419498	-0.2973976958959108	
lead_institutions	600	food_security	0.9799593394360228	-4.066056397722395e-05	
lead_institutions	600	food_share	52.001548586913	0.0	within
lead_institutions	600	defense_share	2.425649152575606	0.0	within
lead_institutions	600	diet	0.834784541766253	-0.023292289008793543	
lead_institutions	600	health	0.9699999999999999	0.0	
lead_institutions	600	labor_efficiency	0.9499428622325619	-0.006785053647043071	
lead_institutions	600	cap_production	0.6980641314583097	-0.018753212664948005	
lead_institutions	600	craft_output	0.3566895652173913	-0.07171043478260875	
lead_institutions	600	tool_quality	0.2567765217391292	-0.051623478260870215	
lead_institutions	600	cap_infrastructure	0.697554133577074	-0.018441865698296422	
lead_institutions	600	housing_ratio	1.1041712562594068	-0.004770172917247573	
lead_institutions	600	construction_rate	0.3566895652173913	-0.07171043478260875	
lead_institutions	600	cap_logistics	0.40982847875717915	-0.03496924347503216	
lead_institutions	600	trade_capacity	0.28614681364195277	-0.05435316017733216	
lead_institutions	600	ecology	0.6179206053486743	0.0	
lead_institutions	600	ground_health	0.7257722490332347	0.0013202219464356624	
lead_institutions	600	cap_institutions	0.744845418587695	-0.005699180629052503	
lead_institutions	600	legitimacy	0.9101981085319211	-0.004184289222420756	
lead_institutions	600	state_capacity	0.31955956754253706	-0.01294038220082494	
lead_institutions	600	cap_security	0.6258617124708685	-0.02806018292836887	
lead_institutions	600	warfare_readiness	0.3269649327316857	-0.06573504444044631	
lead_institutions	600	cap_culture	0.8435384580933002	-0.012298561190675628	
lead_institutions	600	cohesion	0.8556773961552374	-0.004569570139619117	
lead_institutions	600	known	950.0	0.0	
lead_institutions	600	per_century	19.0	1.0	
lead_institutions	600	per_50	21.05263157894737	1.7543859649122808	below low
lead_institutions	600	education	0.8157346865775496	-0.019010399911130516	
lead_institutions	600	art_found	513.0	-47.0	
lead_institutions	600	art_studied	513.0	-47.0	
lead_institutions	600	art_bonus	0.23779304347826083	-0.047806956521739136	
lead_institutions	600	allure	0.64370769161866	-0.0024597122381351255	
lead_institutions	600	line_knowledge	2.0	0.0	
lead_institutions	600	line_institutions	0.0	0.0	
lead_institutions	600	line_culture	2.0	0.0	
lead_institutions	600	line_labor	1.0	0.0	
lead_institutions	600	line_production	4.0	0.0	
lead_institutions	600	line_infrastructure	2.0	0.0	
lead_institutions	600	line_nutrition	1.0	1.0	
lead_institutions	600	line_health	1.0	0.0	
lead_institutions	600	line_demography	0.0	0.0	
lead_institutions	600	line_logistics	2.0	0.0	
lead_institutions	600	line_ecology	2.0	0.0	
lead_institutions	600	line_security	2.0	0.0	
lead_culture	100	population	113.24357594682213	-23.540036615644098	within
lead_culture	100	growth_pct	0.27603969557568053	-0.2991930590641919	within
lead_culture	100	life_expectancy	24.757839290985334	-0.720585278668505	within
lead_culture	100	infant_mortality	257.9088726416964	17.814760707595212	within
lead_culture	100	child_mortality_1_4	231.68357168445527	6.787354063017716	within
lead_culture	100	maternal_per_100k	1806.055653329696	397.9732712843372	within
lead_culture	100	tfr	5.554028317219438	-0.20065625964936196	within
lead_culture	100	cbr	44.868136961704955	-0.5289335804421853	within
lead_culture	100	cdr	42.115910297831334	2.415573910973194	within
lead_culture	100	food_per_worker	4.829783028863575	-0.74164196215626	
lead_culture	100	food_security	0.98	0.0	
lead_culture	100	food_share	60.00232288037168	0.0	within
lead_culture	100	defense_share	2.0213221209000527	0.0	within
lead_culture	100	diet	0.7390142842325349	-0.0630621079611432	
lead_culture	100	health	0.9699999999999999	0.0	
lead_culture	100	labor_efficiency	0.9321388579402395	0.0031903710075606995	
lead_culture	100	cap_production	0.6379403152093376	-0.010614954951750688	
lead_culture	100	craft_output	0.1030008316589291	-0.010271217082385153	
lead_culture	100	tool_quality	0.07701075383470342	-0.04899339513119412	
lead_culture	100	cap_infrastructure	0.6049606942015021	-0.02567524344114669	
lead_culture	100	housing_ratio	1.12	0.02328829342716432	
lead_culture	100	construction_rate	0.09037092666710751	-0.0576750982996337	
lead_culture	100	cap_logistics	0.2580041427152396	-0.02968295263238041	
lead_culture	100	trade_capacity	0.08070033019697767	-0.05487899566073587	
lead_culture	100	ecology	0.17906000584580598	0.0	
lead_culture	100	ground_health	0.9999999999999525	0.023985159741515716	
lead_culture	100	cap_institutions	0.6285513922111009	-0.005913594667169342	
lead_culture	100	legitimacy	0.8515184767192422	0.0008408546247070658	
lead_culture	100	state_capacity	0.07179223993532047	-0.039461808166953286	
lead_culture	100	cap_security	0.48651367984668986	-0.014747531890284271	
lead_culture	100	warfare_readiness	0.09726269858991088	-0.0311258901937351	
lead_culture	100	cap_culture	0.7878153104947799	-0.004974033107178921	
lead_culture	100	cohesion	0.8081322137909505	0.0002581586000289793	
lead_culture	100	known	201.0	-94.33333333333331	
lead_culture	100	per_century	78.33333333333333	-62.33333333333333	
lead_culture	100	per_50	26.271186440677965	-25.423728813559322	within
lead_culture	100	education	0.7238082156142069	-0.016566015498057585	
lead_culture	100	art_found	382.3333333333333	-19.0	
lead_culture	100	art_studied	52.0	-1.3333333333333357	
lead_culture	100	art_bonus	0.13748034782608695	-0.029319652173912913	
lead_culture	100	allure	0.6325630620656267	-0.000994806644830426	
lead_culture	100	line_knowledge	7.0	-2.333333333333334	
lead_culture	100	line_institutions	9.333333333333334	-1.0	
lead_culture	100	line_culture	10.0	-4.666666666666666	
lead_culture	100	line_labor	9.0	-4.0	
lead_culture	100	line_production	3.0	-11.0	
lead_culture	100	line_infrastructure	5.333333333333333	-4.666666666666667	
lead_culture	100	line_nutrition	8.0	-7.0	
lead_culture	100	line_health	5.333333333333333	-7.000000000000001	
lead_culture	100	line_demography	6.666666666666667	-5.333333333333333	
lead_culture	100	line_logistics	5.0	-6.0	
lead_culture	100	line_ecology	4.0	-6.666666666666666	
lead_culture	100	line_security	5.666666666666667	-2.666666666666667	
lead_culture	200	population	184.74479249818066	-143.9694554868478	within
lead_culture	200	growth_pct	0.5835063750410393	-0.34551702571422216	within
lead_culture	200	life_expectancy	25.154369583579903	-1.7907998554143205	within
lead_culture	200	infant_mortality	245.02992952655458	23.65688320961152	within
lead_culture	200	child_mortality_1_4	227.7905939529405	18.68960140971842	within
lead_culture	200	maternal_per_100k	1456.395150247415	156.7226758970503	within
lead_culture	200	tfr	5.766650929393545	-0.12280172410180512	within
lead_culture	200	cbr	45.78980481668924	-0.4777574106755864	within
lead_culture	200	cdr	40.01242545257572	2.8309095137613625	within
lead_culture	200	food_per_worker	5.455301487802728	-0.5152181671320788	
lead_culture	200	food_security	0.98	0.0	
lead_culture	200	food_share	58.002322880371565	0.0	within
lead_culture	200	defense_share	2.122394096397761	0.0	within
lead_culture	200	diet	0.7932814752117444	-0.09732921621081747	
lead_culture	200	health	0.9699999999999999	0.0	
lead_culture	200	labor_efficiency	0.9238505280871498	-0.007778967696399186	
lead_culture	200	cap_production	0.6351102669449383	-0.026625398285921587	
lead_culture	200	craft_output	0.12039101027806454	-0.09496548645312328	
lead_culture	200	tool_quality	0.0847970946280354	-0.1020187131318906	
lead_culture	200	cap_infrastructure	0.6167647160190971	-0.042831002704350585	
lead_culture	200	housing_ratio	1.0908360125481016	-0.0048122376337949024	
lead_culture	200	construction_rate	0.13669267215657302	-0.07719445164425554	
lead_culture	200	cap_logistics	0.29410119000581886	-0.03898259199942239	
lead_culture	200	trade_capacity	0.09217663698520728	-0.11158442669053703	
lead_culture	200	ecology	0.2865472717805586	0.0	
lead_culture	200	ground_health	0.9699418224008101	0.09788192120341821	
lead_culture	200	cap_institutions	0.6495643856409618	-0.03090894306487435	
lead_culture	200	legitimacy	0.865025028500431	-0.014350185271280402	
lead_culture	200	state_capacity	0.0983822697245212	-0.08823202221334166	
lead_culture	200	cap_security	0.5090749652287162	-0.04009430752528653	
lead_culture	200	warfare_readiness	0.12834212130694944	-0.09148748628585646	
lead_culture	200	cap_culture	0.7998129781279891	-0.018214460537511967	
lead_culture	200	cohesion	0.8137676044382928	-0.010540765543298969	
lead_culture	200	known	359.6666666666667	-192.66666666666669	
lead_culture	200	per_century	81.66666666666667	-23.666666666666657	
lead_culture	200	per_50	16.666666666666668	-28.294573643410853	below low
lead_culture	200	education	0.7346615314293636	-0.034212100203163565	
lead_culture	200	art_found	506.3333333333333	-40.00000000000006	
lead_culture	200	art_studied	126.66666666666667	-37.66666666666667	
lead_culture	200	art_bonus	0.15444891304347827	-0.04355108695652177	
lead_culture	200	allure	0.6349625956255979	-0.003642892107502349	
lead_culture	200	line_knowledge	5.333333333333333	-4.666666666666667	
lead_culture	200	line_institutions	5.666666666666667	-2.666666666666667	
lead_culture	200	line_culture	3.0	-4.0	
lead_culture	200	line_labor	9.0	3.0	
lead_culture	200	line_production	8.0	-9.333333333333332	
lead_culture	200	line_infrastructure	4.666666666666667	-0.6666666666666661	
lead_culture	200	line_nutrition	8.666666666666666	-11.333333333333334	
lead_culture	200	line_health	8.333333333333334	3.666666666666667	
lead_culture	200	line_demography	8.0	5.0	
lead_culture	200	line_logistics	3.6666666666666665	-4.333333333333334	
lead_culture	200	line_ecology	10.0	0.3333333333333339	
lead_culture	200	line_security	7.333333333333333	1.333333333333333	
lead_culture	300	population	381.3488568048976	-462.54585119252516	within
lead_culture	300	growth_pct	0.7513638984351978	-0.20122413519812665	within
lead_culture	300	life_expectancy	25.439192839254627	-1.6412779179307684	within
lead_culture	300	infant_mortality	240.9001140687417	21.124192582531606	within
lead_culture	300	child_mortality_1_4	224.9055048423082	16.830930160378557	within
lead_culture	300	maternal_per_100k	1389.4977053577386	109.38175376771528	within
lead_culture	300	tfr	5.90916594800986	0.035981026672887495	within
lead_culture	300	cbr	46.9347644566422	0.7927180646226262	within
lead_culture	300	cdr	39.535411897669825	2.700512181220745	within
lead_culture	300	food_per_worker	5.7598543328257605	-0.13207409348304466	
lead_culture	300	food_security	0.98	0.0	
lead_culture	300	food_share	56.00232288037221	0.0	within
lead_culture	300	defense_share	2.223466071895432	0.0	within
lead_culture	300	diet	0.8657316811612827	-0.05597086138746732	
lead_culture	300	health	0.9699999999999999	0.0	
lead_culture	300	labor_efficiency	0.9292644468153507	-0.007920302663817269	
lead_culture	300	cap_production	0.6482565183633747	-0.027350295452360562	
lead_culture	300	craft_output	0.17872442268203068	-0.08902577232629513	
lead_culture	300	tool_quality	0.11669895109547974	-0.10775546379689578	
lead_culture	300	cap_infrastructure	0.6506492914122514	-0.02389172423771002	
lead_culture	300	housing_ratio	1.0926225576099529	-0.007899615585397868	
lead_culture	300	construction_rate	0.1850059738063107	-0.09125058014522283	
lead_culture	300	cap_logistics	0.3186101493985188	-0.053135927422441886	
lead_culture	300	trade_capacity	0.10607941992101007	-0.12463323670677985	
lead_culture	300	ecology	0.39516064478294677	0.0	
lead_culture	300	ground_health	0.8733054447886027	0.085457341852891	
lead_culture	300	cap_institutions	0.6789259274137588	-0.02193358195732875	
lead_culture	300	legitimacy	0.8813685202302571	-0.008521928996937156	
lead_culture	300	state_capacity	0.15524410841206263	-0.07046168099104874	
lead_culture	300	cap_security	0.5386055888925552	-0.035482647634118236	
lead_culture	300	warfare_readiness	0.17283638773611	-0.07680348366383763	
lead_culture	300	cap_culture	0.8172555115063589	-0.011944474451002107	
lead_culture	300	cohesion	0.8274896878201045	-0.006216543547946429	
lead_culture	300	known	550.0	-133.66666666666663	
lead_culture	300	per_century	80.33333333333333	35.33333333333333	
lead_culture	300	per_50	25.316455696202535	6.751054852320678	within
lead_culture	300	education	0.7530747612935661	-0.03604729727829614	
lead_culture	300	art_found	530.6666666666666	-29.33333333333337	
lead_culture	300	art_studied	278.3333333333333	-186.33333333333337	
lead_culture	300	art_bonus	0.1788693260869565	-0.04343067391304353	
lead_culture	300	allure	0.6384511023012718	-0.0023888948902003326	
lead_culture	300	line_knowledge	5.666666666666667	2.0000000000000004	
lead_culture	300	line_institutions	6.0	2.3333333333333335	
lead_culture	300	line_culture	4.666666666666667	1.666666666666667	
lead_culture	300	line_labor	3.3333333333333335	2.3333333333333335	
lead_culture	300	line_production	9.666666666666666	5.666666666666666	
lead_culture	300	line_infrastructure	4.333333333333333	-5.000000000000001	
lead_culture	300	line_nutrition	13.666666666666666	8.666666666666666	
lead_culture	300	line_health	7.0	4.0	
lead_culture	300	line_demography	4.666666666666667	4.666666666666667	
lead_culture	300	line_logistics	10.333333333333334	4.000000000000001	
lead_culture	300	line_ecology	6.0	3.0	
lead_culture	300	line_security	5.0	2.0	
lead_culture	400	population	876.4835061478876	-758.7255860776282	within
lead_culture	400	growth_pct	0.8574161930454682	0.28818806739620373	within
lead_culture	400	life_expectancy	26.885012276108057	0.1949745566595702	within
lead_culture	400	infant_mortality	222.59307912117242	0.520019053791998	within
lead_culture	400	child_mortality_1_4	209.71975573171224	-2.153649549362825	within
lead_culture	400	maternal_per_100k	1331.1584849601948	124.88252200581883	within
lead_culture	400	tfr	5.817892102060547	0.42281408640278517	within
lead_culture	400	cbr	45.893967280793966	2.164942140464696	within
lead_culture	400	cdr	37.48370182455602	-0.6069828545876916	within
lead_culture	400	food_per_worker	5.588730866593962	-0.2974034209933798	
lead_culture	400	food_security	0.9799999999999732	2.398081733190338e-14	
lead_culture	400	food_share	54.66821525358139	0.0	within
lead_culture	400	defense_share	2.2908865185785827	0.0	within
lead_culture	400	diet	0.9117438458267367	-0.0009686155543886521	
lead_culture	400	health	0.9699999999999999	0.0	
lead_culture	400	labor_efficiency	0.9342502243964222	-0.012377888512087543	
lead_culture	400	cap_production	0.6632636911779385	-0.034976432168772	
lead_culture	400	craft_output	0.25795315526601054	-0.08021842613866792	
lead_culture	400	tool_quality	0.1627286489932126	-0.1306669907204291	
lead_culture	400	cap_infrastructure	0.6629940476656961	-0.02348922134011311	
lead_culture	400	housing_ratio	1.0939633589615883	-0.005026833664877106	
lead_culture	400	construction_rate	0.2366206593627642	-0.08365280720731819	
lead_culture	400	cap_logistics	0.3560579360359315	-0.04446232060553562	
lead_culture	400	trade_capacity	0.20315274228119937	-0.06373960554814936	
lead_culture	400	ecology	0.4730930032484955	0.0	
lead_culture	400	ground_health	0.7960120346542098	0.05413633758157377	
lead_culture	400	cap_institutions	0.6970244800722979	-0.023794527099293084	
lead_culture	400	legitimacy	0.8899355437075118	-0.010056322772704518	
lead_culture	400	state_capacity	0.19767274282867822	-0.06907772132142834	
lead_culture	400	cap_security	0.563934878910438	-0.03339823596659097	
lead_culture	400	warfare_readiness	0.22795337057604406	-0.05848957383889089	
lead_culture	400	cap_culture	0.8240789225382134	-0.016899649840705244	
lead_culture	400	cohesion	0.8333681082774674	-0.011463350653637794	
lead_culture	400	known	719.3333333333334	-81.66666666666663	
lead_culture	400	per_century	89.66666666666667	38.66666666666667	
lead_culture	400	per_50	33.333333333333336	19.230769230769234	within
lead_culture	400	education	0.7721147339447932	-0.03223610107644426	
lead_culture	400	art_found	531.6666666666666	-28.33333333333337	
lead_culture	400	art_studied	531.6666666666666	-28.33333333333337	
lead_culture	400	art_bonus	0.20422226086956521	-0.04547773913043479	
lead_culture	400	allure	0.6398157845076428	-0.00337992996814096	
lead_culture	400	line_knowledge	8.666666666666666	-0.3333333333333339	
lead_culture	400	line_institutions	4.333333333333333	0.33333333333333304	
lead_culture	400	line_culture	6.0	0.0	
lead_culture	400	line_labor	7.333333333333333	2.333333333333333	
lead_culture	400	line_production	10.333333333333334	5.333333333333334	
lead_culture	400	line_infrastructure	11.333333333333334	3.333333333333334	
lead_culture	400	line_nutrition	6.333333333333333	1.333333333333333	
lead_culture	400	line_health	4.0	3.0	
lead_culture	400	line_demography	3.0	3.0	
lead_culture	400	line_logistics	15.666666666666666	11.666666666666666	
lead_culture	400	line_ecology	9.0	9.0	
lead_culture	400	line_security	3.6666666666666665	-0.3333333333333335	
lead_culture	500	population	2036.3894983931004	-429.7594412842104	within
lead_culture	500	growth_pct	0.8108896042654375	0.4456453519895876	within
lead_culture	500	life_expectancy	26.640027682861344	0.05403990207838305	within
lead_culture	500	infant_mortality	224.82124848333117	1.583657917292868	within
lead_culture	500	child_mortality_1_4	212.19796164559523	-1.0469571277672003	within
lead_culture	500	maternal_per_100k	1302.2277734387071	114.47859353924787	within
lead_culture	500	tfr	5.708859386863491	0.5462452006761653	within
lead_culture	500	cbr	45.87076407025071	3.7550160160779313	within
lead_culture	500	cdr	37.902699561419446	-0.5773221609217529	within
lead_culture	500	food_per_worker	5.72796803292263	-0.32021393046042235	
lead_culture	500	food_security	0.98	0.0	
lead_culture	500	food_share	53.33488192024718	0.0	within
lead_culture	500	defense_share	2.3582678355770943	0.0	within
lead_culture	500	diet	0.8709360972623283	-0.007982581104083564	
lead_culture	500	health	0.9699999999999999	0.0	
lead_culture	500	labor_efficiency	0.9411770469506866	-0.010425706691513326	
lead_culture	500	cap_production	0.6874955197523412	-0.023038380353901156	
lead_culture	500	craft_output	0.3153619147014997	-0.05810563882025588	
lead_culture	500	tool_quality	0.2567746112359245	-0.05162538220160273	
lead_culture	500	cap_infrastructure	0.6838576151902015	-0.019388551828311673	
lead_culture	500	housing_ratio	1.09802121083192	0.00017485468086930744	
lead_culture	500	construction_rate	0.31340122775925394	-0.07176860813956926	
lead_culture	500	cap_logistics	0.3978484181186766	-0.03554657756116891	
lead_culture	500	trade_capacity	0.26287075507312524	-0.055395207301816796	
lead_culture	500	ecology	0.5455106349604961	0.0	
lead_culture	500	ground_health	0.7376952967891212	0.011545495808988893	
lead_culture	500	cap_institutions	0.7209282334816361	-0.019144058558860144	
lead_culture	500	legitimacy	0.8998107409315882	-0.00806592566024733	
lead_culture	500	state_capacity	0.2613950020981038	-0.05458955032041679	
lead_culture	500	cap_security	0.5956166000142055	-0.029174264570653863	
lead_culture	500	warfare_readiness	0.2809221490668865	-0.055390369767352066	
lead_culture	500	cap_culture	0.8335849954384479	-0.013685000803976832	
lead_culture	500	cohesion	0.843853973853191	-0.00814762072393882	
lead_culture	500	known	886.0	-8.0	
lead_culture	500	per_century	63.0	21.0	
lead_culture	500	per_50	38.62433862433863	16.402116402116402	within
lead_culture	500	education	0.8017023717708524	-0.02204777151187942	
lead_culture	500	art_found	531.6666666666666	-28.33333333333337	
lead_culture	500	art_studied	531.6666666666666	-28.33333333333337	
lead_culture	500	art_bonus	0.22580347826086955	-0.04587652173913043	
lead_culture	500	allure	0.6417169990876895	-0.0027370001607953665	
lead_culture	500	line_knowledge	10.666666666666666	4.333333333333333	
lead_culture	500	line_institutions	3.6666666666666665	0.6666666666666665	
lead_culture	500	line_culture	3.0	0.0	
lead_culture	500	line_labor	2.0	0.33333333333333326	
lead_culture	500	line_production	6.333333333333333	1.333333333333333	
lead_culture	500	line_infrastructure	17.666666666666668	10.666666666666668	
lead_culture	500	line_nutrition	2.6666666666666665	0.6666666666666665	
lead_culture	500	line_health	3.0	1.0	
lead_culture	500	line_demography	1.0	0.0	
lead_culture	500	line_logistics	1.6666666666666667	0.6666666666666667	
lead_culture	500	line_ecology	5.0	0.0	
lead_culture	500	line_security	6.333333333333333	1.333333333333333	
lead_culture	600	population	2928.4085471576304	-361.6116923859727	within
lead_culture	600	growth_pct	0.28616946220325623	0.013822645249694787	within
lead_culture	600	life_expectancy	26.309753381012886	-0.2262662479410551	within
lead_culture	600	infant_mortality	227.59763926320036	4.128002727501325	within
lead_culture	600	child_mortality_1_4	215.3292236780956	1.3552485937318863	within
lead_culture	600	maternal_per_100k	1284.8977975187336	114.46099659087736	within
lead_culture	600	tfr	5.1221064367404106	0.07200398727124124	within
lead_culture	600	cbr	41.93257576974867	0.6212941858310543	within
lead_culture	600	cdr	39.07981997005987	0.48412101161989085	within
lead_culture	600	food_per_worker	5.355888680480862	-0.32978870383454684	
lead_culture	600	food_security	0.9799545999654082	-4.540003459174713e-05	
lead_culture	600	food_share	52.001548586913	0.0	within
lead_culture	600	defense_share	2.425649152575606	0.0	within
lead_culture	600	diet	0.8399535334744739	-0.018123297300572716	
lead_culture	600	health	0.9699999999999999	0.0	
lead_culture	600	labor_efficiency	0.9467724862853871	-0.009955429594217802	
lead_culture	600	cap_production	0.6961502845837094	-0.020667059539548283	
lead_culture	600	craft_output	0.3566895652173913	-0.07171043478260875	
lead_culture	600	tool_quality	0.25677652173912935	-0.05162347826087005	
lead_culture	600	cap_infrastructure	0.6982852989214923	-0.017710700353878117	
lead_culture	600	housing_ratio	1.094866123801989	-0.014075305374665392	
lead_culture	600	construction_rate	0.3566895652173913	-0.07171043478260875	
lead_culture	600	cap_logistics	0.4098074352203836	-0.034990287011827714	
lead_culture	600	trade_capacity	0.283334619551461	-0.05716535426782393	
lead_culture	600	ecology	0.6179206053486743	0.0	
lead_culture	600	ground_health	0.726589107021497	0.0021370799346980274	
lead_culture	600	cap_institutions	0.7335299613651189	-0.0170146378516286	
lead_culture	600	legitimacy	0.9074269947213441	-0.006955403032997687	
lead_culture	600	state_capacity	0.2772765213910031	-0.05522342835235888	
lead_culture	600	cap_security	0.6241060343924368	-0.02981586100680056	
lead_culture	600	warfare_readiness	0.3302792788918131	-0.06242069828031893	
lead_culture	600	cap_culture	0.8418880196252511	-0.013948999658724759	
lead_culture	600	cohesion	0.8518173229481851	-0.0084296433466714	
lead_culture	600	known	950.0	0.0	
lead_culture	600	per_century	19.0	1.0	
lead_culture	600	per_50	21.05263157894737	1.7543859649122808	below low
lead_culture	600	education	0.8119374055314811	-0.022807680957198984	
lead_culture	600	art_found	531.6666666666666	-28.33333333333337	
lead_culture	600	art_studied	531.6666666666666	-28.33333333333337	
lead_culture	600	art_bonus	0.23779304347826083	-0.047806956521739136	
lead_culture	600	allure	0.6433776039250502	-0.002789799931744996	
lead_culture	600	line_knowledge	2.0	0.0	
lead_culture	600	line_institutions	0.0	0.0	
lead_culture	600	line_culture	2.0	0.0	
lead_culture	600	line_labor	1.0	0.0	
lead_culture	600	line_production	4.0	0.0	
lead_culture	600	line_infrastructure	2.0	0.0	
lead_culture	600	line_nutrition	1.0	1.0	
lead_culture	600	line_health	1.0	0.0	
lead_culture	600	line_demography	0.0	0.0	
lead_culture	600	line_logistics	2.0	0.0	
lead_culture	600	line_ecology	2.0	0.0	
lead_culture	600	line_security	2.0	0.0	
lead_labor	100	population	116.66548396287267	-20.11812859959356	within
lead_labor	100	growth_pct	0.3012503461882643	-0.27398240845160815	within
lead_labor	100	life_expectancy	24.42031776816519	-1.0581068014886483	within
lead_labor	100	infant_mortality	262.47882559744227	22.384713663341074	within
lead_labor	100	child_mortality_1_4	236.4165981048768	11.520380483439254	within
lead_labor	100	maternal_per_100k	1778.0210266499992	369.93864460464033	within
lead_labor	100	tfr	5.6058986017911225	-0.14878597507767743	within
lead_labor	100	cbr	45.274060457645	-0.12301008450214113	within
lead_labor	100	cdr	42.27181746031906	2.571481073460923	within
lead_labor	100	food_per_worker	5.322004359607602	-0.24942063141223247	
lead_labor	100	food_security	0.98	0.0	
lead_labor	100	food_share	56.41522749078424	-3.5870953895874393	within
lead_labor	100	defense_share	2.2025995295622054	0.1812774086621527	within
lead_labor	100	diet	0.7523074549612093	-0.04976893723246878	
lead_labor	100	health	0.9699999999999999	0.0	
lead_labor	100	labor_efficiency	0.9381478956876892	0.009199408755010352	
lead_labor	100	cap_production	0.6469144769335885	-0.0016407932274997705	
lead_labor	100	craft_output	0.07123189760107881	-0.042040151140235446	
lead_labor	100	tool_quality	0.08133861853465006	-0.04466553043124748	
lead_labor	100	cap_infrastructure	0.6090649516808813	-0.02157098596176754	
lead_labor	100	housing_ratio	1.12	0.02328829342716432	
lead_labor	100	construction_rate	0.11219968200695622	-0.03584634295978499	
lead_labor	100	cap_logistics	0.2740431502283216	-0.013643945119298395	
lead_labor	100	trade_capacity	0.07481002729741537	-0.06076929856029817	
lead_labor	100	ecology	0.3745687231521891	0.1955087173063831	
lead_labor	100	ground_health	0.9992800931132834	0.023265252854846596	
lead_labor	100	cap_institutions	0.6261555590120947	-0.0083094278661755	
lead_labor	100	legitimacy	0.8495274890737222	-0.0011501330208129046	
lead_labor	100	state_capacity	0.05548601140682661	-0.055768036695447144	
lead_labor	100	cap_security	0.4960005426455371	-0.00526066909143702	
lead_labor	100	warfare_readiness	0.09404099328437406	-0.034347595499271924	
lead_labor	100	cap_culture	0.7827664154003089	-0.010022928201649961	
lead_labor	100	cohesion	0.8118850337661107	0.0040109785751891724	
lead_labor	100	known	194.33333333333334	-100.99999999999997	
lead_labor	100	per_century	74.66666666666667	-65.99999999999999	
lead_labor	100	per_50	18.361581920903955	-33.33333333333333	below low
lead_labor	100	education	0.7208927638991701	-0.019481467213094406	
lead_labor	100	art_found	382.3333333333333	-19.0	
lead_labor	100	art_studied	56.333333333333336	3.0	
lead_labor	100	art_bonus	0.1375802608695652	-0.029219739130434658	
lead_labor	100	allure	0.6315532830633158	-0.0020045856471413437	
lead_labor	100	line_knowledge	4.666666666666667	-4.666666666666667	
lead_labor	100	line_institutions	5.333333333333333	-5.000000000000001	
lead_labor	100	line_culture	8.0	-6.666666666666666	
lead_labor	100	line_labor	5.0	-8.0	
lead_labor	100	line_production	6.0	-8.0	
lead_labor	100	line_infrastructure	5.666666666666667	-4.333333333333333	
lead_labor	100	line_nutrition	9.333333333333334	-5.666666666666666	
lead_labor	100	line_health	7.0	-5.333333333333334	
lead_labor	100	line_demography	6.666666666666667	-5.333333333333333	
lead_labor	100	line_logistics	5.0	-6.0	
lead_labor	100	line_ecology	5.333333333333333	-5.333333333333333	
lead_labor	100	line_security	6.666666666666667	-1.666666666666667	
lead_labor	200	population	204.63017809043706	-124.08406989459141	within
lead_labor	200	growth_pct	0.6518176537270678	-0.27720574702819367	within
lead_labor	200	life_expectancy	25.321147170357705	-1.6240222686365193	within
lead_labor	200	infant_mortality	242.87001615974637	21.49696984280331	within
lead_labor	200	child_mortality_1_4	225.86921488452302	16.76822234130094	within
lead_labor	200	maternal_per_100k	1414.0095889517163	114.33711460135169	within
lead_labor	200	tfr	5.840294175162815	-0.04915847833253473	within
lead_labor	200	cbr	46.348652962814185	0.08109073544935796	within
lead_labor	200	cdr	39.908248352445035	2.7267324136306783	within
lead_labor	200	food_per_worker	5.8773944023361695	-0.09312525259863769	
lead_labor	200	food_security	0.98	0.0	
lead_labor	200	food_share	54.53479270817544	-3.4675301721961276	within
lead_labor	200	defense_share	2.297629158698638	0.1752350623008767	within
lead_labor	200	diet	0.8252206304151644	-0.06539006100739753	
lead_labor	200	health	0.9699999999999999	0.0	
lead_labor	200	labor_efficiency	0.9281239886859902	-0.003505507097558813	
lead_labor	200	cap_production	0.6430672250337207	-0.018668440197139202	
lead_labor	200	craft_output	0.12181414830170793	-0.09354234842947988	
lead_labor	200	tool_quality	0.08817584558505265	-0.09863996217487336	
lead_labor	200	cap_infrastructure	0.6430628873722448	-0.01653283135120287	
lead_labor	200	housing_ratio	1.086977214703353	-0.008671035478543532	
lead_labor	200	construction_rate	0.16239849023832736	-0.05148863356250119	
lead_labor	200	cap_logistics	0.29834551035146534	-0.03473827165377591	
lead_labor	200	trade_capacity	0.09314926594491008	-0.11061179773083424	
lead_labor	200	ecology	0.47584393754459153	0.18929666576403292	
lead_labor	200	ground_health	0.9446261781890258	0.07256627699163398	
lead_labor	200	cap_institutions	0.6525965498439245	-0.027876778861911644	
lead_labor	200	legitimacy	0.8662016728682406	-0.013173540903470782	
lead_labor	200	state_capacity	0.09362078340042569	-0.09299350853743717	
lead_labor	200	cap_security	0.5223289441936655	-0.026840328560337245	
lead_labor	200	warfare_readiness	0.13022563087022898	-0.08960397672257692	
lead_labor	200	cap_culture	0.7988738711191005	-0.01915356754640063	
lead_labor	200	cohesion	0.8193815960221902	-0.004926773959401554	
lead_labor	200	known	376.0	-176.33333333333337	
lead_labor	200	per_century	98.33333333333333	-7.0	
lead_labor	200	per_50	20.930232558139533	-24.031007751937988	below low
lead_labor	200	education	0.7327689246631216	-0.0361047069694056	
lead_labor	200	art_found	505.6666666666667	-40.666666666666686	
lead_labor	200	art_studied	148.33333333333334	-16.0	
lead_labor	200	art_bonus	0.1556978260869565	-0.04230217391304353	
lead_labor	200	allure	0.63477477422382	-0.0038307135092802147	
lead_labor	200	line_knowledge	6.333333333333333	-3.666666666666667	
lead_labor	200	line_institutions	7.333333333333333	-1.0000000000000009	
lead_labor	200	line_culture	10.666666666666666	3.666666666666666	
lead_labor	200	line_labor	3.3333333333333335	-2.6666666666666665	
lead_labor	200	line_production	8.0	-9.333333333333332	
lead_labor	200	line_infrastructure	7.333333333333333	2.0	
lead_labor	200	line_nutrition	10.666666666666666	-9.333333333333334	
lead_labor	200	line_health	10.333333333333334	5.666666666666667	
lead_labor	200	line_demography	9.333333333333334	6.333333333333334	
lead_labor	200	line_logistics	10.0	2.0	
lead_labor	200	line_ecology	8.666666666666666	-1.0	
lead_labor	200	line_security	6.333333333333333	0.33333333333333304	
lead_labor	300	population	445.9166878032738	-397.97802019414894	within
lead_labor	300	growth_pct	0.8030781449681538	-0.14950988866517068	within
lead_labor	300	life_expectancy	26.24291560837183	-0.8375551488135642	within
lead_labor	300	infant_mortality	230.53613172032468	10.760210234114595	within
lead_labor	300	child_mortality_1_4	215.77328537359418	7.69871069166453	within
lead_labor	300	maternal_per_100k	1383.1267493983032	103.0107978082799	within
lead_labor	300	tfr	5.8666097013349265	-0.00657522000204569	within
lead_labor	300	cbr	46.4706941562284	0.32864776420882436	within
lead_labor	300	cdr	38.576955115023345	1.7420553985742657	within
lead_labor	300	food_per_worker	5.973701644306945	0.08177321799813964	
lead_labor	300	food_security	0.98	0.0	
lead_labor	300	food_share	52.654357925567346	-3.3479649548048656	within
lead_labor	300	defense_share	2.3926587878350345	0.1691927159396025	within
lead_labor	300	diet	0.8767017689690729	-0.045000773579677134	
lead_labor	300	health	0.9699999999999999	0.0	
lead_labor	300	labor_efficiency	0.9341415150925488	-0.0030432343866191314	
lead_labor	300	cap_production	0.6546364363730629	-0.020970377442672383	
lead_labor	300	craft_output	0.1891416181605947	-0.07860857684773112	
lead_labor	300	tool_quality	0.11642921935488455	-0.10802519553749097	
lead_labor	300	cap_infrastructure	0.6515820573958572	-0.02295895825410421	
lead_labor	300	housing_ratio	1.0923309416677403	-0.008191231527610476	
lead_labor	300	construction_rate	0.1921687698939488	-0.08408778405758474	
lead_labor	300	cap_logistics	0.333299812252463	-0.038446264568497646	
lead_labor	300	trade_capacity	0.11255000778961445	-0.11816264883817547	
lead_labor	300	ecology	0.5779644168104741	0.1828037720275273	
lead_labor	300	ground_health	0.8633247829258691	0.07547667999015739	
lead_labor	300	cap_institutions	0.6865102906436381	-0.014349218727449431	
lead_labor	300	legitimacy	0.8841089177205778	-0.005781531506616533	
lead_labor	300	state_capacity	0.16534388296760752	-0.06036190643550385	
lead_labor	300	cap_security	0.5558484432444986	-0.018239793282174843	
lead_labor	300	warfare_readiness	0.1887305780659034	-0.06090929333404421	
lead_labor	300	cap_culture	0.8168340119978165	-0.01236597395954453	
lead_labor	300	cohesion	0.8338849594371744	0.0001787280691235571	
lead_labor	300	known	557.3333333333334	-126.33333333333326	
lead_labor	300	per_century	85.66666666666667	40.66666666666667	
lead_labor	300	per_50	26.58227848101266	8.016877637130804	within
lead_labor	300	education	0.7488875759954619	-0.04023448257640039	
lead_labor	300	art_found	526.3333333333334	-33.66666666666663	
lead_labor	300	art_studied	336.6666666666667	-128.0	
lead_labor	300	art_bonus	0.17946880434782608	-0.04283119565217394	
lead_labor	300	allure	0.6383668023995632	-0.0024731947919088837	
lead_labor	300	line_knowledge	5.333333333333333	1.6666666666666665	
lead_labor	300	line_institutions	6.666666666666667	3.0000000000000004	
lead_labor	300	line_culture	5.666666666666667	2.666666666666667	
lead_labor	300	line_labor	3.0	2.0	
lead_labor	300	line_production	12.333333333333334	8.333333333333334	
lead_labor	300	line_infrastructure	6.0	-3.333333333333334	
lead_labor	300	line_nutrition	14.666666666666666	9.666666666666666	
lead_labor	300	line_health	5.666666666666667	2.666666666666667	
lead_labor	300	line_demography	3.3333333333333335	3.3333333333333335	
lead_labor	300	line_logistics	5.333333333333333	-1.0	
lead_labor	300	line_ecology	11.0	8.0	
lead_labor	300	line_security	6.666666666666667	3.666666666666667	
lead_labor	400	population	1047.9271007701057	-587.2819914554102	within
lead_labor	400	growth_pct	0.8730934903413701	0.30386536469210557	within
lead_labor	400	life_expectancy	27.028030739973545	0.3379930205250581	within
lead_labor	400	infant_mortality	221.2331571525798	-0.8399029148006321	within
lead_labor	400	child_mortality_1_4	208.5234359224237	-3.3499693586513786	within
lead_labor	400	maternal_per_100k	1322.0865966486226	115.81063369424669	within
lead_labor	400	tfr	5.819888701268002	0.4248106856102396	within
lead_labor	400	cbr	45.85314355007366	2.1241184097443906	within
lead_labor	400	cdr	37.2944266085831	-0.7962580705606115	within
lead_labor	400	food_per_worker	5.972212311532933	0.08607802394559094	
lead_labor	400	food_security	0.9799999999999559	6.661338147750939e-15	
lead_labor	400	food_share	51.40000673298684	-3.2682085205945484	within
lead_labor	400	defense_share	2.4560486643360404	0.1651621457574577	within
lead_labor	400	diet	0.9095872842224417	-0.0031251771586836563	
lead_labor	400	health	0.9699999999999999	0.0	
lead_labor	400	labor_efficiency	0.9402145621047686	-0.006413550803741175	
lead_labor	400	cap_production	0.6802401643141477	-0.017999959032562796	
lead_labor	400	craft_output	0.2815910488546907	-0.05658053254998774	
lead_labor	400	tool_quality	0.21748409069330524	-0.07591154902033645	
lead_labor	400	cap_infrastructure	0.6667468872405772	-0.01973638176523207	
lead_labor	400	housing_ratio	1.0903001737467404	-0.008690018879724981	
lead_labor	400	construction_rate	0.24815849990336247	-0.0721149666667199	
lead_labor	400	cap_logistics	0.3667681787110751	-0.03375207793039203	
lead_labor	400	trade_capacity	0.19008543933817268	-0.07680690849117605	
lead_labor	400	ecology	0.6512377759978036	0.17814477274930812	
lead_labor	400	ground_health	0.7890469571636932	0.04717126009105721	
lead_labor	400	cap_institutions	0.7066519732353304	-0.01416703393626062	
lead_labor	400	legitimacy	0.8942750398182048	-0.005716826662011565	
lead_labor	400	state_capacity	0.21039102944896845	-0.056359434701138106	
lead_labor	400	cap_security	0.5794884858500954	-0.017844629026933623	
lead_labor	400	warfare_readiness	0.23325586256411335	-0.053187081850821605	
lead_labor	400	cap_culture	0.8265730900279161	-0.014405482351002474	
lead_labor	400	cohesion	0.8412676715633638	-0.0035637873677414333	
lead_labor	400	known	762.6666666666666	-38.33333333333337	
lead_labor	400	per_century	111.66666666666667	60.66666666666667	
lead_labor	400	per_50	47.008547008547005	32.9059829059829	within
lead_labor	400	education	0.7827206343752442	-0.021630200645993303	
lead_labor	400	art_found	526.6666666666666	-33.33333333333337	
lead_labor	400	art_studied	526.6666666666666	-33.33333333333337	
lead_labor	400	art_bonus	0.20472737681159417	-0.044972623188405836	
lead_labor	400	allure	0.6403146180055833	-0.002881096470200406	
lead_labor	400	line_knowledge	8.333333333333334	-0.6666666666666661	
lead_labor	400	line_institutions	4.0	0.0	
lead_labor	400	line_culture	10.333333333333334	4.333333333333334	
lead_labor	400	line_labor	5.0	0.0	
lead_labor	400	line_production	24.333333333333332	19.333333333333332	
lead_labor	400	line_infrastructure	15.0	7.0	
lead_labor	400	line_nutrition	11.0	6.0	
lead_labor	400	line_health	3.3333333333333335	2.3333333333333335	
lead_labor	400	line_demography	1.6666666666666667	1.6666666666666667	
lead_labor	400	line_logistics	18.0	14.0	
lead_labor	400	line_ecology	5.333333333333333	5.333333333333333	
lead_labor	400	line_security	5.333333333333333	1.333333333333333	
lead_labor	500	population	2175.525576334035	-290.62336334327574	within
lead_labor	500	growth_pct	0.5901420316911654	0.22489777941531547	within
lead_labor	500	life_expectancy	26.47054941604003	-0.11543836474293201	within
lead_labor	500	infant_mortality	226.58330118262782	3.345710616589514	within
lead_labor	500	child_mortality_1_4	213.9047257831003	0.6598070097378752	within
lead_labor	500	maternal_per_100k	1295.4395970501917	107.6904171507324	within
lead_labor	500	tfr	5.442977145097312	0.2803629589099863	within
lead_labor	500	cbr	44.48774767107938	2.3719996169066064	within
lead_labor	500	cdr	38.64750504486266	0.1674833225214627	within
lead_labor	500	food_per_worker	5.923581227748035	-0.12460073563501695	
lead_labor	500	food_security	0.98	0.0	
lead_labor	500	food_share	50.14638354458023	-3.1884983756669456	within
lead_labor	500	defense_share	2.5194017504270327	0.16113391484993844	within
lead_labor	500	diet	0.8689779740697142	-0.009940704296697689	
lead_labor	500	health	0.9699999999999999	0.0	
lead_labor	500	labor_efficiency	0.9485435860215091	-0.003059167620690806	
lead_labor	500	cap_production	0.6991738944592192	-0.01136000564702322	
lead_labor	500	craft_output	0.32392695696811735	-0.04954059655363824	
lead_labor	500	tool_quality	0.25747881602674116	-0.050921177410786056	
lead_labor	500	cap_infrastructure	0.6869949446344696	-0.01625122238404353	
lead_labor	500	housing_ratio	1.092821393134952	-0.005024963016098782	
lead_labor	500	construction_rate	0.32269063419258825	-0.062479201706234944	
lead_labor	500	cap_logistics	0.40677806506257225	-0.02661693061727327	
lead_labor	500	trade_capacity	0.26405282981215367	-0.05421313256278837	
lead_labor	500	ecology	0.7193260927710735	0.1738154578105774	
lead_labor	500	ground_health	0.742319521256895	0.016169720276762778	
lead_labor	500	cap_institutions	0.7311353594811646	-0.0089369325593317	
lead_labor	500	legitimacy	0.9048402610114875	-0.0030364055803480117	
lead_labor	500	state_capacity	0.26916610101513944	-0.046818451403381145	
lead_labor	500	cap_security	0.608718469868701	-0.01607239471615829	
lead_labor	500	warfare_readiness	0.2793589272392804	-0.056953591594958164	
lead_labor	500	cap_culture	0.8357948742180913	-0.011475122024333428	
lead_labor	500	cohesion	0.8518461997332966	-0.00015539484383331192	
lead_labor	500	known	894.0	0.0	
lead_labor	500	per_century	53.666666666666664	11.666666666666664	
lead_labor	500	per_50	30.15873015873016	7.936507936507937	within
lead_labor	500	education	0.8039240461781759	-0.01982609710455585	
lead_labor	500	art_found	526.6666666666666	-33.33333333333337	
lead_labor	500	art_studied	526.6666666666666	-33.33333333333337	
lead_labor	500	art_bonus	0.22620313043478257	-0.045476869565217404	
lead_labor	500	allure	0.6421589748436183	-0.002295024404866619	
lead_labor	500	line_knowledge	10.0	3.666666666666667	
lead_labor	500	line_institutions	3.3333333333333335	0.3333333333333335	
lead_labor	500	line_culture	3.0	0.0	
lead_labor	500	line_labor	1.0	-0.6666666666666667	
lead_labor	500	line_production	5.0	0.0	
lead_labor	500	line_infrastructure	14.666666666666666	7.666666666666666	
lead_labor	500	line_nutrition	2.0	0.0	
lead_labor	500	line_health	2.6666666666666665	0.6666666666666665	
lead_labor	500	line_demography	1.0	0.0	
lead_labor	500	line_logistics	1.0	0.0	
lead_labor	500	line_ecology	5.0	0.0	
lead_labor	500	line_security	5.0	0.0	
lead_labor	600	population	2952.0226889138407	-337.9975506297624	within
lead_labor	600	growth_pct	0.2697418938563123	-0.0026049230972491344	within
lead_labor	600	life_expectancy	26.327954477513234	-0.20806515144070659	within
lead_labor	600	infant_mortality	227.6544726730408	4.184836137341762	within
lead_labor	600	child_mortality_1_4	215.38441324180891	1.4104381574452134	within
lead_labor	600	maternal_per_100k	1279.8518148774897	109.41501394963348	within
lead_labor	600	tfr	5.104681044622566	0.054578595153397025	within
lead_labor	600	cbr	41.74974466737401	0.43846308345639784	within
lead_labor	600	cdr	39.06002297653891	0.4643240180989281	within
lead_labor	600	food_per_worker	5.527233819442832	-0.15844356487257727	
lead_labor	600	food_security	0.9799162716504276	-8.372834957237618e-05	
lead_labor	600	food_share	48.892760356173646	-3.108788230739357	within
lead_labor	600	defense_share	2.5827548365180246	0.15710568394241875	within
lead_labor	600	diet	0.8448803158930697	-0.013196514881976928	
lead_labor	600	health	0.9699999999999999	0.0	
lead_labor	600	labor_efficiency	0.9528608334519341	-0.003867082427670865	
lead_labor	600	cap_production	0.7061364942280317	-0.010680849895225997	
lead_labor	600	craft_output	0.3566895652173913	-0.07171043478260875	
lead_labor	600	tool_quality	0.25747956521739057	-0.050920434782608825	
lead_labor	600	cap_infrastructure	0.6973412263615314	-0.01865477291383899	
lead_labor	600	housing_ratio	1.0929277528623356	-0.016013676314318825	
lead_labor	600	construction_rate	0.3566895652173913	-0.07171043478260875	
lead_labor	600	cap_logistics	0.41735349668562494	-0.027444225546586376	
lead_labor	600	trade_capacity	0.2829670877254648	-0.057532886093820124	
lead_labor	600	ecology	0.7874072062338716	0.1694866008851973	
lead_labor	600	ground_health	0.7361926546964518	0.011740627609652776	
lead_labor	600	cap_institutions	0.7416462119443715	-0.008898387272376018	
lead_labor	600	legitimacy	0.9111385898153372	-0.0032438079390045838	
lead_labor	600	state_capacity	0.28397264631465174	-0.048527303428710256	
lead_labor	600	cap_security	0.6347157073563943	-0.01920618804284313	
lead_labor	600	warfare_readiness	0.3269651379972461	-0.06573483917488593	
lead_labor	600	cap_culture	0.8430778471968882	-0.012759172087087656	
lead_labor	600	cohesion	0.8587018824401703	-0.0015450838546862133	
lead_labor	600	known	950.0	0.0	
lead_labor	600	per_century	18.333333333333332	0.33333333333333215	
lead_labor	600	per_50	19.883040935672515	0.5847953216374258	below low
lead_labor	600	education	0.8124467140197131	-0.02229837246896693	
lead_labor	600	art_found	526.6666666666666	-33.33333333333337	
lead_labor	600	art_studied	526.6666666666666	-33.33333333333337	
lead_labor	600	art_bonus	0.23779304347826083	-0.047806956521739136	
lead_labor	600	allure	0.6436155694393776	-0.0025518344174175756	
lead_labor	600	line_knowledge	2.0	0.0	
lead_labor	600	line_institutions	0.0	0.0	
lead_labor	600	line_culture	2.0	0.0	
lead_labor	600	line_labor	1.0	0.0	
lead_labor	600	line_production	4.0	0.0	
lead_labor	600	line_infrastructure	2.0	0.0	
lead_labor	600	line_nutrition	0.3333333333333333	0.3333333333333333	
lead_labor	600	line_health	1.0	0.0	
lead_labor	600	line_demography	0.0	0.0	
lead_labor	600	line_logistics	2.0	0.0	
lead_labor	600	line_ecology	2.0	0.0	
lead_labor	600	line_security	2.0	0.0	
lead_production	100	population	112.95036823211332	-23.833244330352912	within
lead_production	100	growth_pct	0.2877683964475297	-0.28746435819234273	within
lead_production	100	life_expectancy	24.819867307089666	-0.6585572625641731	within
lead_production	100	infant_mortality	256.06139415110255	15.967282217001355	within
lead_production	100	child_mortality_1_4	231.16310147283352	6.26688385139596	within
lead_production	100	maternal_per_100k	1793.1035256116677	385.02114356630887	within
lead_production	100	tfr	5.549429845937148	-0.20525473093165214	within
lead_production	100	cbr	44.810799874497626	-0.5862706676495151	within
lead_production	100	cdr	41.942199211349475	2.241862824491335	within
lead_production	100	food_per_worker	4.841558523714088	-0.7298664673057464	
lead_production	100	food_security	0.98	0.0	
lead_production	100	food_share	60.00232288037168	0.0	within
lead_production	100	defense_share	2.0213221209000527	0.0	within
lead_production	100	diet	0.7435202237121868	-0.058556168481491255	
lead_production	100	health	0.9699999999999999	0.0	
lead_production	100	labor_efficiency	0.9316998809677765	0.0027513940350976096	
lead_production	100	cap_production	0.6494226419442662	0.0008673717831779726	
lead_production	100	craft_output	0.19669951412973904	0.08342746538842478	
lead_production	100	tool_quality	0.18172851605871518	0.05572436709281764	
lead_production	100	cap_infrastructure	0.6332452148087482	0.0026092771660993774	
lead_production	100	housing_ratio	1.12	0.02328829342716432	
lead_production	100	construction_rate	0.1339413713466686	-0.014104653620072627	
lead_production	100	cap_logistics	0.2804474079098877	-0.0072396874377322895	
lead_production	100	trade_capacity	0.08324329019319122	-0.052336035664522315	
lead_production	100	ecology	0.17906000584580598	0.0	
lead_production	100	ground_health	0.999993657334886	0.02397881707644922	
lead_production	100	cap_institutions	0.6122647029247282	-0.02220028395354201	
lead_production	100	legitimacy	0.8401185146869867	-0.010559107407548396	
lead_production	100	state_capacity	0.051145384119155084	-0.06010866398311867	
lead_production	100	cap_security	0.4909121588524892	-0.010349052884484955	
lead_production	100	warfare_readiness	0.12991890991143296	0.0015303211277869766	
lead_production	100	cap_culture	0.7724578535529604	-0.02033149004899848	
lead_production	100	cohesion	0.7991090006855024	-0.00876505450541909	
lead_production	100	known	206.33333333333334	-88.99999999999997	
lead_production	100	per_century	84.33333333333333	-56.33333333333333	
lead_production	100	per_50	20.056497175141242	-31.638418079096045	below low
lead_production	100	education	0.737165110559359	-0.0032091205529055644	
lead_production	100	art_found	392.3333333333333	-9.0	
lead_production	100	art_studied	47.666666666666664	-5.666666666666671	
lead_production	100	art_bonus	0.13987826086956484	-0.026921739130435024	
lead_production	100	allure	0.6294915706957667	-0.004066298014690495	
lead_production	100	line_knowledge	5.666666666666667	-3.666666666666667	
lead_production	100	line_institutions	5.333333333333333	-5.000000000000001	
lead_production	100	line_culture	7.666666666666667	-6.999999999999999	
lead_production	100	line_labor	9.0	-4.0	
lead_production	100	line_production	14.0	0.0	
lead_production	100	line_infrastructure	5.0	-5.0	
lead_production	100	line_nutrition	8.0	-7.0	
lead_production	100	line_health	5.666666666666667	-6.666666666666667	
lead_production	100	line_demography	7.0	-5.0	
lead_production	100	line_logistics	4.333333333333333	-6.666666666666667	
lead_production	100	line_ecology	5.666666666666667	-4.999999999999999	
lead_production	100	line_security	7.0	-1.333333333333334	
lead_production	200	population	195.06908121887633	-133.64516676615213	within
lead_production	200	growth_pct	0.6174238451359967	-0.3115995556192648	within
lead_production	200	life_expectancy	25.186365899066292	-1.758803539927932	within
lead_production	200	infant_mortality	244.69223027882842	23.319183961885358	within
lead_production	200	child_mortality_1_4	227.30251394499692	18.20152140177484	within
lead_production	200	maternal_per_100k	1425.2517966228424	125.57932227247784	within
lead_production	200	tfr	5.788068023294078	-0.10138463020127197	within
lead_production	200	cbr	46.11902319881466	-0.14853902855016798	within
lead_production	200	cdr	40.011924321820636	2.8304083830062794	within
lead_production	200	food_per_worker	5.473840659592461	-0.4966789953423465	
lead_production	200	food_security	0.98	0.0	
lead_production	200	food_share	58.002322880371565	0.0	within
lead_production	200	defense_share	2.122394096397761	0.0	within
lead_production	200	diet	0.817061334912065	-0.07354935651049688	
lead_production	200	health	0.9699999999999999	0.0	
lead_production	200	labor_efficiency	0.9224056944656925	-0.009223801317856495	
lead_production	200	cap_production	0.6494528877341229	-0.012282777496737007	
lead_production	200	craft_output	0.21988263017339169	0.004526133442203872	
lead_production	200	tool_quality	0.19550811377737853	0.008692306017452522	
lead_production	200	cap_infrastructure	0.6437565460161873	-0.01583917270726043	
lead_production	200	housing_ratio	1.0876002799134767	-0.008047970268419746	
lead_production	200	construction_rate	0.17518071446118577	-0.03870640933964278	
lead_production	200	cap_logistics	0.30746388793774065	-0.025619894067500593	
lead_production	200	trade_capacity	0.11960131326898038	-0.08415975040676393	
lead_production	200	ecology	0.2865472717805586	0.0	
lead_production	200	ground_health	0.947912616667275	0.07585271546988315	
lead_production	200	cap_institutions	0.6328670386765883	-0.047606290029247766	
lead_production	200	legitimacy	0.8542028261977682	-0.025172387573943134	
lead_production	200	state_capacity	0.07521175712988536	-0.1114025348079775	
lead_production	200	cap_security	0.5197606294631681	-0.02940864329083459	
lead_production	200	warfare_readiness	0.17379993687502285	-0.04602967071778305	
lead_production	200	cap_culture	0.7888522081911731	-0.029175230474328018	
lead_production	200	cohesion	0.8069846239357578	-0.017323746045833976	
lead_production	200	known	378.3333333333333	-174.00000000000006	
lead_production	200	per_century	82.33333333333333	-23.0	
lead_production	200	per_50	21.705426356589147	-23.255813953488374	below low
lead_production	200	education	0.7501885404407359	-0.018685091191791292	
lead_production	200	art_found	513.3333333333334	-33.0	
lead_production	200	art_studied	128.33333333333334	-36.0	
lead_production	200	art_bonus	0.15819565217391304	-0.039804347826086994	
lead_production	200	allure	0.6327704416382346	-0.005835046094865626	
lead_production	200	line_knowledge	4.333333333333333	-5.666666666666667	
lead_production	200	line_institutions	7.666666666666667	-0.666666666666667	
lead_production	200	line_culture	11.333333333333334	4.333333333333334	
lead_production	200	line_labor	7.0	1.0	
lead_production	200	line_production	5.0	-12.333333333333332	
lead_production	200	line_infrastructure	7.0	1.666666666666667	
lead_production	200	line_nutrition	9.0	-11.0	
lead_production	200	line_health	8.333333333333334	3.666666666666667	
lead_production	200	line_demography	8.0	5.0	
lead_production	200	line_logistics	5.666666666666667	-2.333333333333333	
lead_production	200	line_ecology	4.0	-5.666666666666666	
lead_production	200	line_security	5.0	-1.0	
lead_production	300	population	398.3283977170433	-445.56631028037947	within
lead_production	300	growth_pct	0.7526652053969185	-0.19992282823640595	within
lead_production	300	life_expectancy	25.771046815104103	-1.3094239420812919	within
lead_production	300	infant_mortality	236.37153791431717	16.595616428107093	within
lead_production	300	child_mortality_1_4	220.94459564079034	12.870020958860692	within
lead_production	300	maternal_per_100k	1396.7919774042111	116.67602581418782	within
lead_production	300	tfr	5.883099040505339	0.00991411916836693	within
lead_production	300	cbr	46.61127716174007	0.4692307697204967	within
lead_production	300	cdr	39.199598026534105	2.364698310085025	within
lead_production	300	food_per_worker	5.69683433819387	-0.195094088114935	
lead_production	300	food_security	0.98	0.0	
lead_production	300	food_share	56.00232288037221	0.0	within
lead_production	300	defense_share	2.223466071895432	0.0	within
lead_production	300	diet	0.8640689461045481	-0.05763359644420196	
lead_production	300	health	0.9699999999999999	0.0	
lead_production	300	labor_efficiency	0.9286616995626423	-0.008523049916525638	
lead_production	300	cap_production	0.6674770714776027	-0.008129742338132573	
lead_production	300	craft_output	0.28726980358963755	0.019519608581311743	
lead_production	300	tool_quality	0.251325959339858	0.026871544447482493	
lead_production	300	cap_infrastructure	0.6505750496945292	-0.02396596595543221	
lead_production	300	housing_ratio	1.0850133064733438	-0.015508866722006909	
lead_production	300	construction_rate	0.1909388697477672	-0.08531768420376634	
lead_production	300	cap_logistics	0.3335983153493241	-0.038147761471636565	
lead_production	300	trade_capacity	0.13176850576759666	-0.09894415086019326	
lead_production	300	ecology	0.39516064478294677	0.0	
lead_production	300	ground_health	0.866365179882585	0.07851707694687327	
lead_production	300	cap_institutions	0.6749294477328912	-0.025930061638196333	
lead_production	300	legitimacy	0.8762092140705099	-0.013681235156684401	
lead_production	300	state_capacity	0.16238306118898105	-0.06332272821413032	
lead_production	300	cap_security	0.544977239772148	-0.029110996754525442	
lead_production	300	warfare_readiness	0.2050801332196873	-0.04455973818026032	
lead_production	300	cap_culture	0.8085102847266205	-0.020689701230740543	
lead_production	300	cohesion	0.8224859846887166	-0.0112202466793343	
lead_production	300	known	555.3333333333334	-128.33333333333326	
lead_production	300	per_century	86.0	41.0	
lead_production	300	per_50	25.316455696202535	6.751054852320678	within
lead_production	300	education	0.7730446894266544	-0.016077369145207854	
lead_production	300	art_found	536.3333333333334	-23.66666666666663	
lead_production	300	art_studied	286.3333333333333	-178.33333333333337	
lead_production	300	art_bonus	0.17849465217391303	-0.043805347826087	
lead_production	300	allure	0.6367020569453241	-0.0041379402461479975	
lead_production	300	line_knowledge	7.666666666666667	4.0	
lead_production	300	line_institutions	5.0	1.3333333333333335	
lead_production	300	line_culture	7.666666666666667	4.666666666666667	
lead_production	300	line_labor	3.0	2.0	
lead_production	300	line_production	4.666666666666667	0.666666666666667	
lead_production	300	line_infrastructure	5.0	-4.333333333333334	
lead_production	300	line_nutrition	15.666666666666666	10.666666666666666	
lead_production	300	line_health	7.666666666666667	4.666666666666667	
lead_production	300	line_demography	6.333333333333333	6.333333333333333	
lead_production	300	line_logistics	4.0	-2.333333333333333	
lead_production	300	line_ecology	11.333333333333334	8.333333333333334	
lead_production	300	line_security	8.0	5.0	
lead_production	400	population	930.6761847537981	-704.5329074717177	within
lead_production	400	growth_pct	0.868574326113114	0.2993462004638495	within
lead_production	400	life_expectancy	27.028124421613956	0.33808670216546943	within
lead_production	400	infant_mortality	221.12908066069664	-0.9439794066837806	within
lead_production	400	child_mortality_1_4	208.42673462160565	-3.4466706594694188	within
lead_production	400	maternal_per_100k	1324.7698938331866	118.49393087881072	within
lead_production	400	tfr	5.804871415226128	0.4097933995683656	within
lead_production	400	cbr	45.76443674496833	2.0354116046390587	within
lead_production	400	cdr	37.24848417146981	-0.8422005076739012	within
lead_production	400	food_per_worker	5.761889110502502	-0.1242451770848394	
lead_production	400	food_security	0.9799999999999868	3.752553823233029e-14	
lead_production	400	food_share	54.66821525358139	0.0	within
lead_production	400	defense_share	2.2908865185785827	0.0	within
lead_production	400	diet	0.9089692396338798	-0.0037432217472456175	
lead_production	400	health	0.9699999999999999	0.0	
lead_production	400	labor_efficiency	0.9348808987519638	-0.011747214156546004	
lead_production	400	cap_production	0.687046514063533	-0.011193609283177475	
lead_production	400	craft_output	0.336908497069287	-0.0012630843353914623	
lead_production	400	tool_quality	0.33110112519834534	0.03770548548470365	
lead_production	400	cap_infrastructure	0.6634540167654189	-0.02302925224039032	
lead_production	400	housing_ratio	1.0995135484667975	0.0005233558403321403	
lead_production	400	construction_rate	0.242678550417141	-0.07759491615294137	
lead_production	400	cap_logistics	0.36785984355886875	-0.03266041308259837	
lead_production	400	trade_capacity	0.19290343783390365	-0.07398890999544508	
lead_production	400	ecology	0.4730930032484955	0.0	
lead_production	400	ground_health	0.7902247085866453	0.04834901151400928	
lead_production	400	cap_institutions	0.6936606846904584	-0.02715832248113259	
lead_production	400	legitimacy	0.8862215001986239	-0.01377036628159245	
lead_production	400	state_capacity	0.20150602334050202	-0.06524444080960454	
lead_production	400	cap_security	0.5704702387592896	-0.02686287611773941	
lead_production	400	warfare_readiness	0.25231251646247815	-0.0341304279524568	
lead_production	400	cap_culture	0.8177050984801255	-0.023273473898793084	
lead_production	400	cohesion	0.8307980007359145	-0.014033458195190751	
lead_production	400	known	742.6666666666666	-58.33333333333337	
lead_production	400	per_century	98.33333333333333	47.33333333333333	
lead_production	400	per_50	39.31623931623932	25.213675213675216	within
lead_production	400	education	0.7896406375647644	-0.014710197456473062	
lead_production	400	art_found	537.0	-23.0	
lead_production	400	art_studied	537.0	-23.0	
lead_production	400	art_bonus	0.20415010144927534	-0.045549898550724666	
lead_production	400	allure	0.6385410196960252	-0.00465469477975855	
lead_production	400	line_knowledge	9.333333333333334	0.3333333333333339	
lead_production	400	line_institutions	7.0	3.0	
lead_production	400	line_culture	9.666666666666666	3.666666666666666	
lead_production	400	line_labor	7.333333333333333	2.333333333333333	
lead_production	400	line_production	5.0	0.0	
lead_production	400	line_infrastructure	11.0	3.0	
lead_production	400	line_nutrition	10.333333333333334	5.333333333333334	
lead_production	400	line_health	4.0	3.0	
lead_production	400	line_demography	2.6666666666666665	2.6666666666666665	
lead_production	400	line_logistics	18.333333333333332	14.333333333333332	
lead_production	400	line_ecology	9.333333333333334	9.333333333333334	
lead_production	400	line_security	4.333333333333333	0.33333333333333304	
lead_production	500	population	2095.929537576989	-370.219402100322	within
lead_production	500	growth_pct	0.7460837018817094	0.3808394496058594	within
lead_production	500	life_expectancy	26.576998189071986	-0.00898959171097502	within
lead_production	500	infant_mortality	225.4728717072998	2.2352811412614813	within
lead_production	500	child_mortality_1_4	212.83902217427305	-0.4058965990893739	within
lead_production	500	maternal_per_100k	1299.576998599094	111.82781869963469	within
lead_production	500	tfr	5.625007845931424	0.4623936597440981	within
lead_production	500	cbr	45.5761697831742	3.4604217290014248	within
lead_production	500	cdr	38.22814479350945	-0.2518769288317486	within
lead_production	500	food_per_worker	5.729734733318956	-0.3184472300640957	
lead_production	500	food_security	0.98	0.0	
lead_production	500	food_share	53.33488192024718	0.0	within
lead_production	500	defense_share	2.3582678355770943	0.0	within
lead_production	500	diet	0.8654985695441866	-0.01342010882222533	
lead_production	500	health	0.9699999999999999	0.0	
lead_production	500	labor_efficiency	0.9407281190784255	-0.010874634563774466	
lead_production	500	cap_production	0.7014085931105281	-0.009125306995714344	
lead_production	500	craft_output	0.3840335758502773	0.010566022328521718	
lead_production	500	tool_quality	0.34957678288102584	0.04117678944349862	
lead_production	500	cap_infrastructure	0.6860901612064564	-0.017156005812056785	
lead_production	500	housing_ratio	1.0910026084106852	-0.006843747740365558	
lead_production	500	construction_rate	0.3237818255660037	-0.06138801033281949	
lead_production	500	cap_logistics	0.40802529620987427	-0.025369699469971252	
lead_production	500	trade_capacity	0.28008633595863497	-0.038179626416307066	
lead_production	500	ecology	0.5455106349604961	0.0	
lead_production	500	ground_health	0.7351612081274855	0.009011407147353268	
lead_production	500	cap_institutions	0.7175095071160199	-0.022562784924476387	
lead_production	500	legitimacy	0.8963180197851132	-0.011558646806722361	
lead_production	500	state_capacity	0.26054357321335875	-0.05544097920516183	
lead_production	500	cap_security	0.6009029048270315	-0.02388795975782787	
lead_production	500	warfare_readiness	0.2998775481382379	-0.03643497069600066	
lead_production	500	cap_culture	0.8267450577605359	-0.020524938481888855	
lead_production	500	cohesion	0.8397668768767463	-0.012234717700383535	
lead_production	500	known	889.6666666666666	-4.333333333333371	
lead_production	500	per_century	64.0	22.0	
lead_production	500	per_50	30.15873015873016	7.936507936507937	within
lead_production	500	education	0.8102202848042092	-0.013529858478522616	
lead_production	500	art_found	537.0	-23.0	
lead_production	500	art_studied	537.0	-23.0	
lead_production	500	art_bonus	0.22580347826086955	-0.04587652173913043	
lead_production	500	allure	0.6403490115521072	-0.004104987696377682	
lead_production	500	line_knowledge	13.666666666666666	7.333333333333333	
lead_production	500	line_institutions	3.0	0.0	
lead_production	500	line_culture	3.3333333333333335	0.3333333333333335	
lead_production	500	line_labor	2.0	0.33333333333333326	
lead_production	500	line_production	5.0	0.0	
lead_production	500	line_infrastructure	18.0	11.0	
lead_production	500	line_nutrition	2.0	0.0	
lead_production	500	line_health	3.0	1.0	
lead_production	500	line_demography	1.0	0.0	
lead_production	500	line_logistics	1.3333333333333333	0.33333333333333326	
lead_production	500	line_ecology	5.0	0.0	
lead_production	500	line_security	6.666666666666667	1.666666666666667	
lead_production	600	population	2938.812217675082	-351.208021868521	within
lead_production	600	growth_pct	0.27760890312923764	0.005262086175676195	within
lead_production	600	life_expectancy	26.324508637644026	-0.2115109913099147	within
lead_production	600	infant_mortality	227.559558646073	4.089922110373948	within
lead_production	600	child_mortality_1_4	215.30431632225864	1.3303412378949417	within
lead_production	600	maternal_per_100k	1282.5143671321332	112.07756620427699	within
lead_production	600	tfr	5.111649730039292	0.06154728057012271	within
lead_production	600	cbr	41.828051288859534	0.5167697049419218	within
lead_production	600	cdr	39.060241225088795	0.46454226664881304	within
lead_production	600	food_per_worker	5.357456594045863	-0.32822079026954576	
lead_production	600	food_security	0.9799514103634076	-4.8589636592377694e-05	
lead_production	600	food_share	52.001548586913	0.0	within
lead_production	600	defense_share	2.425649152575606	0.0	within
lead_production	600	diet	0.8366854473069946	-0.021391383468052028	
lead_production	600	health	0.9699999999999999	0.0	
lead_production	600	labor_efficiency	0.9463410371365505	-0.01038687874305444	
lead_production	600	cap_production	0.7091749469676479	-0.00764239715560977	
lead_production	600	craft_output	0.4381323587723948	0.009732358772394756	
lead_production	600	tool_quality	0.34957826086956456	0.041178260869565164	
lead_production	600	cap_infrastructure	0.6972488115193566	-0.018747187756013806	
lead_production	600	housing_ratio	1.0932029407085413	-0.0157384884681131	
lead_production	600	construction_rate	0.3566895652173913	-0.07171043478260875	
lead_production	600	cap_logistics	0.4207641105785578	-0.02403361165365353	
lead_production	600	trade_capacity	0.3050294664700764	-0.035470507349208535	
lead_production	600	ecology	0.6179206053486743	0.0	
lead_production	600	ground_health	0.7262048887187703	0.001752861631971303	
lead_production	600	cap_institutions	0.7300219113818928	-0.02052268783485478	
lead_production	600	legitimacy	0.9037211661345097	-0.010661231619832123	
lead_production	600	state_capacity	0.2786491414687147	-0.05385080827464728	
lead_production	600	cap_security	0.6286758126845785	-0.02524608271465889	
lead_production	600	warfare_readiness	0.34852492558781073	-0.04417505158432128	
lead_production	600	cap_culture	0.8350298473000827	-0.020807171983893147	
lead_production	600	cohesion	0.8480799862730262	-0.012166980021830365	
lead_production	600	known	950.0	0.0	
lead_production	600	per_century	19.0	1.0	
lead_production	600	per_50	21.05263157894737	1.7543859649122808	below low
lead_production	600	education	0.8224613172537435	-0.01228376923493657	
lead_production	600	art_found	537.0	-23.0	
lead_production	600	art_studied	537.0	-23.0	
lead_production	600	art_bonus	0.23779304347826083	-0.047806956521739136	
lead_production	600	allure	0.6420059694600165	-0.004161434396778629	
lead_production	600	line_knowledge	2.0	0.0	
lead_production	600	line_institutions	0.0	0.0	
lead_production	600	line_culture	2.0	0.0	
lead_production	600	line_labor	1.0	0.0	
lead_production	600	line_production	4.0	0.0	
lead_production	600	line_infrastructure	2.0	0.0	
lead_production	600	line_nutrition	1.0	1.0	
lead_production	600	line_health	1.0	0.0	
lead_production	600	line_demography	0.0	0.0	
lead_production	600	line_logistics	2.0	0.0	
lead_production	600	line_ecology	2.0	0.0	
lead_production	600	line_security	2.0	0.0	
lead_infrastructure	100	population	113.95307204105957	-22.83054052140666	within
lead_infrastructure	100	growth_pct	0.2832137120241625	-0.29201904261570993	within
lead_infrastructure	100	life_expectancy	24.865225730077128	-0.613198839576711	within
lead_infrastructure	100	infant_mortality	256.7940271361354	16.69991520203422	within
lead_infrastructure	100	child_mortality_1_4	230.67383327424304	5.77761565280548	within
lead_infrastructure	100	maternal_per_100k	1804.9226638107148	396.84028176535594	within
lead_infrastructure	100	tfr	5.5370769968580476	-0.21760758001075242	within
lead_infrastructure	100	cbr	44.73786860889308	-0.6592019332540602	within
lead_infrastructure	100	cdr	41.9144480066491	2.2141116197909625	within
lead_infrastructure	100	food_per_worker	4.734886580306727	-0.836538410713108	
lead_infrastructure	100	food_security	0.978643399804653	-0.001356600195347002	
lead_infrastructure	100	food_share	60.00232288037168	0.0	within
lead_infrastructure	100	defense_share	2.0213221209000527	0.0	within
lead_infrastructure	100	diet	0.7442059926741985	-0.05787039951947959	
lead_infrastructure	100	health	0.9699999999999999	0.0	
lead_infrastructure	100	labor_efficiency	0.9279691541373678	-0.0009793327953110387	
lead_infrastructure	100	cap_production	0.6343015250283455	-0.014253745132742801	
lead_infrastructure	100	craft_output	0.08286400954507761	-0.03040803919623665	
lead_infrastructure	100	tool_quality	0.0815166020491543	-0.04448754691674324	
lead_infrastructure	100	cap_infrastructure	0.6463944664236613	0.01575852878101247	
lead_infrastructure	100	housing_ratio	1.12	0.02328829342716432	
lead_infrastructure	100	construction_rate	0.16842111555829056	0.02037509059154935	
lead_infrastructure	100	cap_logistics	0.2802774495586254	-0.007409645788994612	
lead_infrastructure	100	trade_capacity	0.03311656604893761	-0.10246275980877592	
lead_infrastructure	100	ecology	0.17906000584580598	0.0	
lead_infrastructure	100	ground_health	0.9860965144583171	0.010081674199880375	
lead_infrastructure	100	cap_institutions	0.6136813198686467	-0.02078366700962353	
lead_infrastructure	100	legitimacy	0.8405380540980619	-0.010139567996473198	
lead_infrastructure	100	state_capacity	0.05031743655980853	-0.06093661154246522	
lead_infrastructure	100	cap_security	0.48187735904416124	-0.019383852692812897	
lead_infrastructure	100	warfare_readiness	0.08882138472707903	-0.039567204056566954	
lead_infrastructure	100	cap_culture	0.7735654458677628	-0.019223897734196083	
lead_infrastructure	100	cohesion	0.7994247012778276	-0.008449353913093871	
lead_infrastructure	100	known	194.33333333333334	-100.99999999999997	
lead_infrastructure	100	per_century	82.66666666666667	-57.999999999999986	
lead_infrastructure	100	per_50	21.46892655367232	-30.22598870056497	below low
lead_infrastructure	100	education	0.7136753829353625	-0.026698848176902046	
lead_infrastructure	100	art_found	383.3333333333333	-18.0	
lead_infrastructure	100	art_studied	50.666666666666664	-2.6666666666666714	
lead_infrastructure	100	art_bonus	0.13648121739130434	-0.030318782608695527	
lead_infrastructure	100	allure	0.6297130891544995	-0.0038447795559576337	
lead_infrastructure	100	line_knowledge	8.666666666666666	-0.6666666666666679	
lead_infrastructure	100	line_institutions	6.0	-4.333333333333334	
lead_infrastructure	100	line_culture	8.0	-6.666666666666666	
lead_infrastructure	100	line_labor	8.0	-5.0	
lead_infrastructure	100	line_production	3.6666666666666665	-10.333333333333334	
lead_infrastructure	100	line_infrastructure	7.666666666666667	-2.333333333333333	
lead_infrastructure	100	line_nutrition	7.333333333333333	-7.666666666666667	
lead_infrastructure	100	line_health	5.666666666666667	-6.666666666666667	
lead_infrastructure	100	line_demography	6.333333333333333	-5.666666666666667	
lead_infrastructure	100	line_logistics	8.666666666666666	-2.333333333333334	
lead_infrastructure	100	line_ecology	6.666666666666667	-3.999999999999999	
lead_infrastructure	100	line_security	6.0	-2.333333333333334	
lead_infrastructure	200	population	191.14542267074773	-137.56882531428073	within
lead_infrastructure	200	growth_pct	0.6042483259218079	-0.3247750748334536	within
lead_infrastructure	200	life_expectancy	25.426718103937002	-1.5184513350572217	within
lead_infrastructure	200	infant_mortality	241.80838487616316	20.4353385592201	within
lead_infrastructure	200	child_mortality_1_4	224.94411976862708	15.843127225404999	within
lead_infrastructure	200	maternal_per_100k	1433.7948930833882	134.12241873302355	within
lead_infrastructure	200	tfr	5.7506429613647425	-0.13880969213060723	within
lead_infrastructure	200	cbr	45.66015627719883	-0.6074059501659974	within
lead_infrastructure	200	cdr	39.68130698327826	2.4997910444639047	within
lead_infrastructure	200	food_per_worker	5.375111745056745	-0.5954079098780625	
lead_infrastructure	200	food_security	0.98	0.0	
lead_infrastructure	200	food_share	58.002322880371565	0.0	within
lead_infrastructure	200	defense_share	2.122394096397761	0.0	within
lead_infrastructure	200	diet	0.7759647323344986	-0.1146459590880633	
lead_infrastructure	200	health	0.9699999999999999	0.0	
lead_infrastructure	200	labor_efficiency	0.9217935912356933	-0.009835904547855767	
lead_infrastructure	200	cap_production	0.6395494776438634	-0.02218618758699653	
lead_infrastructure	200	craft_output	0.13335036266678227	-0.08200613406440554	
lead_infrastructure	200	tool_quality	0.1161756201118329	-0.07064018764809311	
lead_infrastructure	200	cap_infrastructure	0.6605188107105354	0.0009230919870877319	
lead_infrastructure	200	housing_ratio	1.0857459977975654	-0.009902252384331067	
lead_infrastructure	200	construction_rate	0.2175692174408496	0.0036820936400210336	
lead_infrastructure	200	cap_logistics	0.3040837453226935	-0.029000036682547747	
lead_infrastructure	200	trade_capacity	0.09407072936061672	-0.10969033431512759	
lead_infrastructure	200	ecology	0.2865472717805586	0.0	
lead_infrastructure	200	ground_health	0.9750400331132095	0.10298013191581767	
lead_infrastructure	200	cap_institutions	0.6405687739376072	-0.03990455476822885	
lead_infrastructure	200	legitimacy	0.8583350884537856	-0.021040125317925762	
lead_infrastructure	200	state_capacity	0.08647462119826403	-0.10013967073959883	
lead_infrastructure	200	cap_security	0.5057478388600892	-0.04342143389391351	
lead_infrastructure	200	warfare_readiness	0.13262556212111587	-0.08720404547169003	
lead_infrastructure	200	cap_culture	0.789241668307706	-0.02878577035779506	
lead_infrastructure	200	cohesion	0.8068559488714332	-0.017452421110158545	
lead_infrastructure	200	known	362.6666666666667	-189.66666666666669	
lead_infrastructure	200	per_century	85.33333333333333	-20.0	
lead_infrastructure	200	per_50	21.705426356589147	-23.255813953488374	below low
lead_infrastructure	200	education	0.7389754231931862	-0.02989820843934099	
lead_infrastructure	200	art_found	498.6666666666667	-47.666666666666686	
lead_infrastructure	200	art_studied	129.33333333333334	-35.0	
lead_infrastructure	200	art_bonus	0.15944456521739128	-0.038555434782608755	
lead_infrastructure	200	allure	0.6328483336615411	-0.0057571540715590785	
lead_infrastructure	200	line_knowledge	3.3333333333333335	-6.666666666666666	
lead_infrastructure	200	line_institutions	6.333333333333333	-2.000000000000001	
lead_infrastructure	200	line_culture	12.333333333333334	5.333333333333334	
lead_infrastructure	200	line_labor	7.666666666666667	1.666666666666667	
lead_infrastructure	200	line_production	5.666666666666667	-11.666666666666664	
lead_infrastructure	200	line_infrastructure	9.0	3.666666666666667	
lead_infrastructure	200	line_nutrition	8.333333333333334	-11.666666666666666	
lead_infrastructure	200	line_health	7.666666666666667	3.0	
lead_infrastructure	200	line_demography	8.333333333333334	5.333333333333334	
lead_infrastructure	200	line_logistics	3.0	-5.0	
lead_infrastructure	200	line_ecology	8.333333333333334	-1.3333333333333321	
lead_infrastructure	200	line_security	5.333333333333333	-0.666666666666667	
lead_infrastructure	300	population	409.9672648504367	-433.92744314698604	within
lead_infrastructure	300	growth_pct	0.7925954459227317	-0.15999258771059277	within
lead_infrastructure	300	life_expectancy	26.119115968505046	-0.9613547886803495	within
lead_infrastructure	300	infant_mortality	231.8781532864558	12.102231800245733	within
lead_infrastructure	300	child_mortality_1_4	216.96554352157295	8.890968839643307	within
lead_infrastructure	300	maternal_per_100k	1388.8114933496456	108.6955417596223	within
lead_infrastructure	300	tfr	5.87235329764149	-0.0008316236954826195	within
lead_infrastructure	300	cbr	46.50957261677201	0.3675262247524387	within
lead_infrastructure	300	cdr	38.71587424606928	1.8809745296202038	within
lead_infrastructure	300	food_per_worker	5.748321227332911	-0.1436071989758938	
lead_infrastructure	300	food_security	0.98	0.0	
lead_infrastructure	300	food_share	56.00232288037221	0.0	within
lead_infrastructure	300	defense_share	2.223466071895432	0.0	within
lead_infrastructure	300	diet	0.8667358451479267	-0.05496669740082338	
lead_infrastructure	300	health	0.9699999999999999	0.0	
lead_infrastructure	300	labor_efficiency	0.929421251113766	-0.007763498365402022	
lead_infrastructure	300	cap_production	0.6479614730168034	-0.027645340798931883	
lead_infrastructure	300	craft_output	0.1823280905410003	-0.08542210446732551	
lead_infrastructure	300	tool_quality	0.11882149059147519	-0.10563292430090034	
lead_infrastructure	300	cap_infrastructure	0.6761868633153604	0.0016458476653989917	
lead_infrastructure	300	housing_ratio	1.096727038313816	-0.003795134881534823	
lead_infrastructure	300	construction_rate	0.281851862609203	0.00559530865766944	
lead_infrastructure	300	cap_logistics	0.34665349844842197	-0.0250925783725387	
lead_infrastructure	300	trade_capacity	0.11312465670596804	-0.11758799992182188	
lead_infrastructure	300	ecology	0.39516064478294677	0.0	
lead_infrastructure	300	ground_health	0.8666475095360092	0.0787994066002975	
lead_infrastructure	300	cap_institutions	0.6747342576964556	-0.026125251674631977	
lead_infrastructure	300	legitimacy	0.8766495104541104	-0.013240938773083855	
lead_infrastructure	300	state_capacity	0.16023182654887033	-0.06547396285424104	
lead_infrastructure	300	cap_security	0.5426057671080796	-0.031482469418593784	
lead_infrastructure	300	warfare_readiness	0.18218221134214804	-0.06745766005779957	
lead_infrastructure	300	cap_culture	0.8109450034756138	-0.018254982481747173	
lead_infrastructure	300	cohesion	0.8248075835397509	-0.008898647828299966	
lead_infrastructure	300	known	562.6666666666666	-121.0	
lead_infrastructure	300	per_century	93.0	48.0	
lead_infrastructure	300	per_50	28.69198312236287	10.126582278481013	within
lead_infrastructure	300	education	0.7556923645814373	-0.03342969399042495	
lead_infrastructure	300	art_found	520.6666666666666	-39.33333333333337	
lead_infrastructure	300	art_studied	289.0	-175.66666666666669	
lead_infrastructure	300	art_bonus	0.17991841304347825	-0.04238158695652178	
lead_infrastructure	300	allure	0.6371890006951227	-0.003650996496349368	
lead_infrastructure	300	line_knowledge	7.333333333333333	3.6666666666666665	
lead_infrastructure	300	line_institutions	7.333333333333333	3.6666666666666665	
lead_infrastructure	300	line_culture	7.0	4.0	
lead_infrastructure	300	line_labor	4.666666666666667	3.666666666666667	
lead_infrastructure	300	line_production	8.666666666666666	4.666666666666666	
lead_infrastructure	300	line_infrastructure	7.0	-2.333333333333334	
lead_infrastructure	300	line_nutrition	16.333333333333332	11.333333333333332	
lead_infrastructure	300	line_health	8.333333333333334	5.333333333333334	
lead_infrastructure	300	line_demography	4.666666666666667	4.666666666666667	
lead_infrastructure	300	line_logistics	4.666666666666667	-1.666666666666666	
lead_infrastructure	300	line_ecology	8.333333333333334	5.333333333333334	
lead_infrastructure	300	line_security	8.666666666666666	5.666666666666666	
lead_infrastructure	400	population	966.0244414210437	-669.1846508044722	within
lead_infrastructure	400	growth_pct	0.877052059607634	0.3078239339583695	within
lead_infrastructure	400	life_expectancy	27.12823180736292	0.4381940879144324	within
lead_infrastructure	400	infant_mortality	220.1063803766856	-1.966679690694832	within
lead_infrastructure	400	child_mortality_1_4	207.43076101975416	-4.442644261320908	within
lead_infrastructure	400	maternal_per_100k	1325.4754002898942	119.19943733551827	within
lead_infrastructure	400	tfr	5.804014897537351	0.40893688187958865	within
lead_infrastructure	400	cbr	45.727810062936534	1.998784922607264	within
lead_infrastructure	400	cdr	37.13165470118452	-0.9590299779591902	within
lead_infrastructure	400	food_per_worker	5.720860721779464	-0.1652735658078779	
lead_infrastructure	400	food_security	0.9799999999999695	2.020605904817785e-14	
lead_infrastructure	400	food_share	54.66821525358139	0.0	within
lead_infrastructure	400	defense_share	2.2908865185785827	0.0	within
lead_infrastructure	400	diet	0.9094928595773933	-0.0032196018037320417	
lead_infrastructure	400	health	0.9699999999999999	0.0	
lead_infrastructure	400	labor_efficiency	0.9345752069730882	-0.012052905935421632	
lead_infrastructure	400	cap_production	0.6672489427442677	-0.03099118060244277	
lead_infrastructure	400	craft_output	0.25729312151849143	-0.08087845988618703	
lead_infrastructure	400	tool_quality	0.18681827328312015	-0.10657736643052154	
lead_infrastructure	400	cap_infrastructure	0.6902853683747661	0.0038020993689568128	
lead_infrastructure	400	housing_ratio	1.09639047250262	-0.0025997201238454615	
lead_infrastructure	400	construction_rate	0.32944006731898934	0.009166600748906961	
lead_infrastructure	400	cap_logistics	0.37273164725606794	-0.027788609385399177	
lead_infrastructure	400	trade_capacity	0.15735460071330526	-0.10953774711604347	
lead_infrastructure	400	ecology	0.4730930032484955	0.0	
lead_infrastructure	400	ground_health	0.7865383443300776	0.04466264725744162	
lead_infrastructure	400	cap_institutions	0.6974532147126252	-0.02336579245896575	
lead_infrastructure	400	legitimacy	0.8883269786493302	-0.01166488783088615	
lead_infrastructure	400	state_capacity	0.20738658430610232	-0.059363879844004236	
lead_infrastructure	400	cap_security	0.5659162444163787	-0.03141687046065034	
lead_infrastructure	400	warfare_readiness	0.22305584890960747	-0.06338709550532748	
lead_infrastructure	400	cap_culture	0.8207323389425766	-0.02024623343634202	
lead_infrastructure	400	cohesion	0.8320678920458947	-0.01276356688521052	
lead_infrastructure	400	known	749.0	-52.0	
lead_infrastructure	400	per_century	97.0	46.0	
lead_infrastructure	400	per_50	45.2991452991453	31.1965811965812	within
lead_infrastructure	400	education	0.7850331060101263	-0.019317729011111173	
lead_infrastructure	400	art_found	521.0	-39.0	
lead_infrastructure	400	art_studied	521.0	-39.0	
lead_infrastructure	400	art_bonus	0.20523249275362318	-0.044467507246376825	
lead_infrastructure	400	allure	0.6391464677885152	-0.004049246687268471	
lead_infrastructure	400	line_knowledge	8.0	-1.0	
lead_infrastructure	400	line_institutions	6.0	2.0	
lead_infrastructure	400	line_culture	9.0	3.0	
lead_infrastructure	400	line_labor	7.333333333333333	2.333333333333333	
lead_infrastructure	400	line_production	17.0	12.0	
lead_infrastructure	400	line_infrastructure	8.0	0.0	
lead_infrastructure	400	line_nutrition	9.333333333333334	4.333333333333334	
lead_infrastructure	400	line_health	4.0	3.0	
lead_infrastructure	400	line_demography	2.6666666666666665	2.6666666666666665	
lead_infrastructure	400	line_logistics	12.666666666666666	8.666666666666666	
lead_infrastructure	400	line_ecology	8.333333333333334	8.333333333333334	
lead_infrastructure	400	line_security	4.666666666666667	0.666666666666667	
lead_infrastructure	500	population	2138.1335466016835	-328.01539307562734	within
lead_infrastructure	500	growth_pct	0.7048473835426691	0.3396031312668191	within
lead_infrastructure	500	life_expectancy	26.640051530487003	0.05406374970404215	within
lead_infrastructure	500	infant_mortality	224.89505060802537	1.6574600419870649	within
lead_infrastructure	500	child_mortality_1_4	212.29497129740693	-0.9499474759554971	within
lead_infrastructure	500	maternal_per_100k	1295.623041292816	107.87386139335672	within
lead_infrastructure	500	tfr	5.556924776081979	0.39431058989465306	within
lead_infrastructure	500	cbr	45.17329541253728	3.057547358364502	within
lead_infrastructure	500	cdr	38.22392099144352	-0.2561007308976784	within
lead_infrastructure	500	food_per_worker	5.747595180206887	-0.30058678317616483	
lead_infrastructure	500	food_security	0.98	0.0	
lead_infrastructure	500	food_share	53.33488192024718	0.0	within
lead_infrastructure	500	defense_share	2.3582678355770943	0.0	within
lead_infrastructure	500	diet	0.8623125651236675	-0.016606113242744414	
lead_infrastructure	500	health	0.9699999999999999	0.0	
lead_infrastructure	500	labor_efficiency	0.9440433130809142	-0.0075594405612857685	
lead_infrastructure	500	cap_production	0.6896351708390073	-0.020898729267235128	
lead_infrastructure	500	craft_output	0.3106256707385073	-0.06284188278324832	
lead_infrastructure	500	tool_quality	0.2626350832683429	-0.045764910169184325	
lead_infrastructure	500	cap_infrastructure	0.7057444485774923	0.002498281558979132	
lead_infrastructure	500	housing_ratio	1.114349010726876	0.016502654575825337	
lead_infrastructure	500	construction_rate	0.38535404480749685	0.00018420890867365536	
lead_infrastructure	500	cap_logistics	0.4146757892738924	-0.018719206405953093	
lead_infrastructure	500	trade_capacity	0.25897469342522356	-0.05929126894971848	
lead_infrastructure	500	ecology	0.5455106349604961	0.0	
lead_infrastructure	500	ground_health	0.7337752064192852	0.00762540543915291	
lead_infrastructure	500	cap_institutions	0.7216006292939855	-0.018471662746510797	
lead_infrastructure	500	legitimacy	0.8986084548344874	-0.009268211757348155	
lead_infrastructure	500	state_capacity	0.26853599536577527	-0.04744855705274531	
lead_infrastructure	500	cap_security	0.5974251348145566	-0.027365729770302716	
lead_infrastructure	500	warfare_readiness	0.27947018159517417	-0.0568423372390644	
lead_infrastructure	500	cap_culture	0.8296981379847184	-0.017571858257706352	
lead_infrastructure	500	cohesion	0.8431796316640313	-0.008821962913098558	
lead_infrastructure	500	known	892.0	-2.0	
lead_infrastructure	500	per_century	50.0	8.0	
lead_infrastructure	500	per_50	29.1005291005291	6.878306878306876	within
lead_infrastructure	500	education	0.8051731621782697	-0.018576981104462043	
lead_infrastructure	500	art_found	521.0	-39.0	
lead_infrastructure	500	art_studied	521.0	-39.0	
lead_infrastructure	500	art_bonus	0.22580347826086955	-0.04587652173913043	
lead_infrastructure	500	allure	0.6409396275969437	-0.003514371651541226	
lead_infrastructure	500	line_knowledge	12.333333333333334	6.000000000000001	
lead_infrastructure	500	line_institutions	3.0	0.0	
lead_infrastructure	500	line_culture	3.3333333333333335	0.3333333333333335	
lead_infrastructure	500	line_labor	2.0	0.33333333333333326	
lead_infrastructure	500	line_production	5.0	0.0	
lead_infrastructure	500	line_infrastructure	7.0	0.0	
lead_infrastructure	500	line_nutrition	2.3333333333333335	0.3333333333333335	
lead_infrastructure	500	line_health	3.0	1.0	
lead_infrastructure	500	line_demography	1.0	0.0	
lead_infrastructure	500	line_logistics	1.0	0.0	
lead_infrastructure	500	line_ecology	5.0	0.0	
lead_infrastructure	500	line_security	5.0	0.0	
lead_infrastructure	600	population	2956.087616081945	-333.9326234616583	within
lead_infrastructure	600	growth_pct	0.2737726907955966	0.0014258738420351302	within
lead_infrastructure	600	life_expectancy	26.414219961412822	-0.1217996675411186	within
lead_infrastructure	600	infant_mortality	226.71519181986142	3.2455552841623785	within
lead_infrastructure	600	child_mortality_1_4	214.50209527490668	0.5281201905429782	within
lead_infrastructure	600	maternal_per_100k	1279.9272629606844	109.49046203282819	within
lead_infrastructure	600	tfr	5.094589305384372	0.04448685591520274	within
lead_infrastructure	600	cbr	41.67963517914973	0.3683535952321151	within
lead_infrastructure	600	cdr	38.949900813933716	0.3542018554937343	within
lead_infrastructure	600	food_per_worker	5.37437939651447	-0.31129798780093854	
lead_infrastructure	600	food_security	0.9799563082292599	-4.3691770740039715e-05	
lead_infrastructure	600	food_share	52.001548586913	0.0	within
lead_infrastructure	600	defense_share	2.425649152575606	0.0	within
lead_infrastructure	600	diet	0.8355948449973493	-0.022481985777697333	
lead_infrastructure	600	health	0.9699999999999999	0.0	
lead_infrastructure	600	labor_efficiency	0.9492614371888445	-0.0074664786907604475	
lead_infrastructure	600	cap_production	0.696971377967889	-0.01984596615536871	
lead_infrastructure	600	craft_output	0.3566895652173913	-0.07171043478260875	
lead_infrastructure	600	tool_quality	0.2626352173913036	-0.04576478260869582	
lead_infrastructure	600	cap_infrastructure	0.7212547390628631	0.0052587397874926944	
lead_infrastructure	600	housing_ratio	1.1143979793317405	0.0054565501550860596	
lead_infrastructure	600	construction_rate	0.44251652147765763	0.014116521477657573	
lead_infrastructure	600	cap_logistics	0.42603827926023863	-0.018759442971972684	
lead_infrastructure	600	trade_capacity	0.2816274225566197	-0.05887255126266522	
lead_infrastructure	600	ecology	0.6179206053486743	0.0	
lead_infrastructure	600	ground_health	0.7260811499973578	0.0016291229105588334	
lead_infrastructure	600	cap_institutions	0.7334045897826463	-0.01714000943410121	
lead_infrastructure	600	legitimacy	0.9059517406090866	-0.00843065714525526	
lead_infrastructure	600	state_capacity	0.28474214802165443	-0.04775780172170757	
lead_infrastructure	600	cap_security	0.6248618452177905	-0.02906005018144686	
lead_infrastructure	600	warfare_readiness	0.3277349169398463	-0.06496506023228571	
lead_infrastructure	600	cap_culture	0.8382925017970321	-0.017544517486943745	
lead_infrastructure	600	cohesion	0.852134625990169	-0.008112340304687549	
lead_infrastructure	600	known	950.0	0.0	
lead_infrastructure	600	per_century	19.0	1.0	
lead_infrastructure	600	per_50	21.05263157894737	1.7543859649122808	below low
lead_infrastructure	600	education	0.8147946756945922	-0.01995041079408788	
lead_infrastructure	600	art_found	521.0	-39.0	
lead_infrastructure	600	art_studied	521.0	-39.0	
lead_infrastructure	600	art_bonus	0.23779304347826083	-0.047806956521739136	
lead_infrastructure	600	allure	0.6426585003594064	-0.003508903497388749	
lead_infrastructure	600	line_knowledge	2.0	0.0	
lead_infrastructure	600	line_institutions	0.0	0.0	
lead_infrastructure	600	line_culture	2.0	0.0	
lead_infrastructure	600	line_labor	1.0	0.0	
lead_infrastructure	600	line_production	4.0	0.0	
lead_infrastructure	600	line_infrastructure	2.0	0.0	
lead_infrastructure	600	line_nutrition	1.0	1.0	
lead_infrastructure	600	line_health	1.0	0.0	
lead_infrastructure	600	line_demography	0.0	0.0	
lead_infrastructure	600	line_logistics	2.0	0.0	
lead_infrastructure	600	line_ecology	2.0	0.0	
lead_infrastructure	600	line_security	2.0	0.0	
lead_nutrition	100	population	132.90004483731045	-3.8835677251557854	within
lead_nutrition	100	growth_pct	0.4309554357549021	-0.14427731888497036	within
lead_nutrition	100	life_expectancy	25.16819228164125	-0.31023228801258895	within
lead_nutrition	100	infant_mortality	248.3717994420883	8.27768750798711	within
lead_nutrition	100	child_mortality_1_4	226.24137521336783	1.345157591930274	within
lead_nutrition	100	maternal_per_100k	1729.9618061550461	321.8794241096873	within
lead_nutrition	100	tfr	5.623067873185342	-0.13161670368345835	within
lead_nutrition	100	cbr	45.1317075696302	-0.2653629725169395	within
lead_nutrition	100	cdr	40.84801677207941	1.1476803852212711	within
lead_nutrition	100	food_per_worker	6.324139556917029	0.7527145658971941	
lead_nutrition	100	food_security	0.98	0.0	
lead_nutrition	100	food_share	52.82813210119681	-7.174190779174872	within
lead_nutrition	100	defense_share	2.383876938224357	0.3625548173243045	within
lead_nutrition	100	diet	0.8707707922641469	0.06869440007046879	
lead_nutrition	100	health	0.9699999999999999	0.0	
lead_nutrition	100	labor_efficiency	0.9330100815442269	0.004061594611548092	
lead_nutrition	100	cap_production	0.635946734426636	-0.012608535734452309	
lead_nutrition	100	craft_output	0.1008585719236152	-0.012413476817699054	
lead_nutrition	100	tool_quality	0.07862433004052931	-0.04737981892536823	
lead_nutrition	100	cap_infrastructure	0.6302831381321917	-0.00035279951045708025	
lead_nutrition	100	housing_ratio	1.1179076030472679	0.021195896474432097	
lead_nutrition	100	construction_rate	0.11230044811759347	-0.03574557684914774	
lead_nutrition	100	cap_logistics	0.2915263533342141	0.0038392579865941245	
lead_nutrition	100	trade_capacity	0.05561751920775295	-0.07996180664996058	
lead_nutrition	100	ecology	0.5700774404585714	0.3910174346127655	
lead_nutrition	100	ground_health	0.9734018472254949	-0.002612993032941824	
lead_nutrition	100	cap_institutions	0.642113480516107	0.007648493637836706	
lead_nutrition	100	legitimacy	0.8576955431972856	0.007017921102750457	
lead_nutrition	100	state_capacity	0.07973983945224372	-0.03151420865003003	
lead_nutrition	100	cap_security	0.5146455125450836	0.013384300808109484	
lead_nutrition	100	warfare_readiness	0.11015117351823707	-0.01823741526540891	
lead_nutrition	100	cap_culture	0.788958480363334	-0.0038308632386248043	
lead_nutrition	100	cohesion	0.8224720897031631	0.01459803451224162	
lead_nutrition	100	known	239.0	-56.333333333333314	
lead_nutrition	100	per_century	95.66666666666667	-44.999999999999986	
lead_nutrition	100	per_50	32.76836158192091	-18.92655367231638	within
lead_nutrition	100	education	0.7228533162235043	-0.017520914888760175	
lead_nutrition	100	art_found	396.0	-5.333333333333314	
lead_nutrition	100	art_studied	64.66666666666667	11.333333333333336	
lead_nutrition	100	art_bonus	0.13837956521739117	-0.028420434782608694	
lead_nutrition	100	allure	0.6327916960663261	-0.0007661726441310357	
lead_nutrition	100	line_knowledge	6.333333333333333	-3.000000000000001	
lead_nutrition	100	line_institutions	6.666666666666667	-3.666666666666667	
lead_nutrition	100	line_culture	9.333333333333334	-5.333333333333332	
lead_nutrition	100	line_labor	9.666666666666666	-3.333333333333334	
lead_nutrition	100	line_production	5.666666666666667	-8.333333333333332	
lead_nutrition	100	line_infrastructure	8.666666666666666	-1.333333333333334	
lead_nutrition	100	line_nutrition	11.333333333333334	-3.666666666666666	
lead_nutrition	100	line_health	8.0	-4.333333333333334	
lead_nutrition	100	line_demography	8.0	-4.0	
lead_nutrition	100	line_logistics	7.333333333333333	-3.666666666666667	
lead_nutrition	100	line_ecology	8.0	-2.666666666666666	
lead_nutrition	100	line_security	6.666666666666667	-1.666666666666667	
lead_nutrition	200	population	258.51079406178854	-70.20345392323992	within
lead_nutrition	200	growth_pct	0.739844961701149	-0.18917843905411247	within
lead_nutrition	200	life_expectancy	25.898280695652627	-1.0468887433415972	within
lead_nutrition	200	infant_mortality	234.6202295431941	13.247183226251053	within
lead_nutrition	200	child_mortality_1_4	219.00491625579886	9.903923712576784	within
lead_nutrition	200	maternal_per_100k	1406.5468377085474	106.87436335818279	within
lead_nutrition	200	tfr	5.879776975200611	-0.009675678294739143	within
lead_nutrition	200	cbr	46.5121693808916	0.24460715352677198	within
lead_nutrition	200	cdr	39.22364239430207	2.042126455487711	within
lead_nutrition	200	food_per_worker	6.734274394935613	0.763754740000806	
lead_nutrition	200	food_security	0.98	0.0	
lead_nutrition	200	food_share	51.06726253597932	-6.935060344392248	within
lead_nutrition	200	defense_share	2.472864220999514	0.350470124601753	within
lead_nutrition	200	diet	0.9150740405338018	0.02446334911123993	
lead_nutrition	200	health	0.9699999999999999	0.0	
lead_nutrition	200	labor_efficiency	0.9293026783091575	-0.0023268174743915626	
lead_nutrition	200	cap_production	0.6415481363239018	-0.020187528906958074	
lead_nutrition	200	craft_output	0.1407129266925101	-0.07464357003867772	
lead_nutrition	200	tool_quality	0.11187918408224679	-0.07493662367767923	
lead_nutrition	200	cap_infrastructure	0.645109688934764	-0.01448602978868374	
lead_nutrition	200	housing_ratio	1.0977757840126134	0.0021275338307169545	
lead_nutrition	200	construction_rate	0.16561781936366415	-0.0482693044371644	
lead_nutrition	200	cap_logistics	0.32550775288755246	-0.007576029117688787	
lead_nutrition	200	trade_capacity	0.11554248099432908	-0.08821858268141523	
lead_nutrition	200	ecology	0.6651406033086233	0.37859333152806474	
lead_nutrition	200	ground_health	0.9079026223925978	0.03584272119520593	
lead_nutrition	200	cap_institutions	0.6759276080218525	-0.004545720683983623	
lead_nutrition	200	legitimacy	0.8798346290207067	0.00045941524899539843	
lead_nutrition	200	state_capacity	0.12852129426817685	-0.05809299766968601	
lead_nutrition	200	cap_security	0.546557594874908	-0.002611677879094776	
lead_nutrition	200	warfare_readiness	0.15905104680711854	-0.06077856078568736	
lead_nutrition	200	cap_culture	0.8131402310710194	-0.004887207594481691	
lead_nutrition	200	cohesion	0.8349567410288804	0.010648371047288663	
lead_nutrition	200	known	461.0	-91.33333333333337	
lead_nutrition	200	per_century	104.0	-1.3333333333333286	
lead_nutrition	200	per_50	26.356589147286822	-18.6046511627907	within
lead_nutrition	200	education	0.7426338093233046	-0.026239822309222616	
lead_nutrition	200	art_found	525.6666666666666	-20.666666666666742	
lead_nutrition	200	art_studied	180.33333333333334	16.0	
lead_nutrition	200	art_bonus	0.1598608695652174	-0.03813913043478265	
lead_nutrition	200	allure	0.6376280462142039	-0.0009774415188963381	
lead_nutrition	200	line_knowledge	7.0	-3.0	
lead_nutrition	200	line_institutions	9.666666666666666	1.3333333333333321	
lead_nutrition	200	line_culture	12.333333333333334	5.333333333333334	
lead_nutrition	200	line_labor	5.0	-1.0	
lead_nutrition	200	line_production	7.333333333333333	-10.0	
lead_nutrition	200	line_infrastructure	8.0	2.666666666666667	
lead_nutrition	200	line_nutrition	9.0	-11.0	
lead_nutrition	200	line_health	12.0	7.333333333333333	
lead_nutrition	200	line_demography	8.0	5.0	
lead_nutrition	200	line_logistics	8.666666666666666	0.6666666666666661	
lead_nutrition	200	line_ecology	9.333333333333334	-0.33333333333333215	
lead_nutrition	200	line_security	7.666666666666667	1.666666666666667	
lead_nutrition	300	population	584.1890929612188	-259.705615036204	within
lead_nutrition	300	growth_pct	0.8293271609592257	-0.1232608726740988	within
lead_nutrition	300	life_expectancy	26.863188803809603	-0.21728195337579237	within
lead_nutrition	300	infant_mortality	223.4699277872602	3.694006301050109	within
lead_nutrition	300	child_mortality_1_4	209.3963474097459	1.321772727816267	within
lead_nutrition	300	maternal_per_100k	1384.1681321159856	104.05218052596229	within
lead_nutrition	300	tfr	5.838461722202287	-0.034723199134685245	within
lead_nutrition	300	cbr	46.1011547065087	-0.04089168551087141	within
lead_nutrition	300	cdr	37.95748931114913	1.1225895947000524	within
lead_nutrition	300	food_per_worker	6.578404605173371	0.6864761788645657	
lead_nutrition	300	food_security	0.98	0.0	
lead_nutrition	300	food_share	49.306392970762495	-6.695929909609717	within
lead_nutrition	300	defense_share	2.561851503774637	0.338385431879205	within
lead_nutrition	300	diet	0.9529204674481632	0.031217924899413108	
lead_nutrition	300	health	0.9699999999999999	0.0	
lead_nutrition	300	labor_efficiency	0.9345952295186032	-0.002589519960564779	
lead_nutrition	300	cap_production	0.6509615960179208	-0.024645217797814478	
lead_nutrition	300	craft_output	0.20085337900568445	-0.06689681600264136	
lead_nutrition	300	tool_quality	0.12015030569947628	-0.10430410919289924	
lead_nutrition	300	cap_infrastructure	0.6532168082828242	-0.021324207367137138	
lead_nutrition	300	housing_ratio	1.1001519465648604	-0.00037022663049035565	
lead_nutrition	300	construction_rate	0.19150126977889684	-0.0847552841726367	
lead_nutrition	300	cap_logistics	0.35677432937175874	-0.014971747449201933	
lead_nutrition	300	trade_capacity	0.18462961406715495	-0.046083042560634974	
lead_nutrition	300	ecology	0.760768188838	0.36560754405505325	
lead_nutrition	300	ground_health	0.8376160731915885	0.04976797025587676	
lead_nutrition	300	cap_institutions	0.7040730880757966	0.0032135787047090636	
lead_nutrition	300	legitimacy	0.8959634061547389	0.006072956927544615	
lead_nutrition	300	state_capacity	0.1785419210040483	-0.04716386839906306	
lead_nutrition	300	cap_security	0.5728989539284747	-0.0011892825981987265	
lead_nutrition	300	warfare_readiness	0.1957343465196991	-0.05390552488024852	
lead_nutrition	300	cap_culture	0.8266174531393915	-0.002582532817969496	
lead_nutrition	300	cohesion	0.8461859745138409	0.012479743145790034	
lead_nutrition	300	known	629.0	-54.66666666666663	
lead_nutrition	300	per_century	73.0	28.0	
lead_nutrition	300	per_50	37.552742616033754	18.987341772151897	within
lead_nutrition	300	education	0.7570343869777291	-0.03208767159413317	
lead_nutrition	300	art_found	538.6666666666666	-21.33333333333337	
lead_nutrition	300	art_studied	437.6666666666667	-27.0	
lead_nutrition	300	art_bonus	0.1818667173913043	-0.04043328260869572	
lead_nutrition	300	allure	0.6403234906278783	-0.0005165065635938104	
lead_nutrition	300	line_knowledge	5.666666666666667	2.0000000000000004	
lead_nutrition	300	line_institutions	6.333333333333333	2.6666666666666665	
lead_nutrition	300	line_culture	6.0	3.0	
lead_nutrition	300	line_labor	3.6666666666666665	2.6666666666666665	
lead_nutrition	300	line_production	10.666666666666666	6.666666666666666	
lead_nutrition	300	line_infrastructure	7.0	-2.333333333333334	
lead_nutrition	300	line_nutrition	5.0	0.0	
lead_nutrition	300	line_health	3.3333333333333335	0.3333333333333335	
lead_nutrition	300	line_demography	0.3333333333333333	0.3333333333333333	
lead_nutrition	300	line_logistics	9.0	2.666666666666667	
lead_nutrition	300	line_ecology	9.666666666666666	6.666666666666666	
lead_nutrition	300	line_security	6.333333333333333	3.333333333333333	
lead_nutrition	400	population	1401.6030466812153	-233.6060455443005	within
lead_nutrition	400	growth_pct	0.8902729545610258	0.32104482891176134	within
lead_nutrition	400	life_expectancy	27.07995081660575	0.38991309715726175	within
lead_nutrition	400	infant_mortality	220.08440763841477	-1.9886524289656506	within
lead_nutrition	400	child_mortality_1_4	207.6916527311208	-4.181752549954268	within
lead_nutrition	400	maternal_per_100k	1317.6251806482305	111.3492176938546	within
lead_nutrition	400	tfr	5.80993188126151	0.4148538656037477	within
lead_nutrition	400	cbr	45.817241836432366	2.088216696103096	within
lead_nutrition	400	cdr	37.096208709740374	-0.9944759694033394	within
lead_nutrition	400	food_per_worker	6.4198520416571805	0.5337177540698388	
lead_nutrition	400	food_security	0.9799999999999697	2.042810365310288e-14	
lead_nutrition	400	food_share	48.131798212392304	-6.5364170411890825	within
lead_nutrition	400	defense_share	2.621210810093498	0.3303242915149154	within
lead_nutrition	400	diet	0.9634545145138927	0.05074205313276736	
lead_nutrition	400	health	0.9699999999999999	0.0	
lead_nutrition	400	labor_efficiency	0.9405290587357836	-0.006099054172726159	
lead_nutrition	400	cap_production	0.6773202303688345	-0.020919892977875998	
lead_nutrition	400	craft_output	0.2807352154054253	-0.05743636599925317	
lead_nutrition	400	tool_quality	0.24425230374163998	-0.04914333597200171	
lead_nutrition	400	cap_infrastructure	0.670524820667949	-0.015958448337860198	
lead_nutrition	400	housing_ratio	1.1040895471452512	0.005099354518785848	
lead_nutrition	400	construction_rate	0.261208189918233	-0.05906527665184935	
lead_nutrition	400	cap_logistics	0.3860056816367594	-0.014514575004707708	
lead_nutrition	400	trade_capacity	0.22723815638697498	-0.039654191442373754	
lead_nutrition	400	ecology	0.8293825487471111	0.35628954549861563	
lead_nutrition	400	ground_health	0.7718124851034006	0.029936788030764605	
lead_nutrition	400	cap_institutions	0.7217405191287752	0.0009215119571842623	
lead_nutrition	400	legitimacy	0.9037947319741391	0.0038028654939227247	
lead_nutrition	400	state_capacity	0.22456047787626718	-0.04218998627383938	
lead_nutrition	400	cap_security	0.5949858441226142	-0.0023472707544147653	
lead_nutrition	400	warfare_readiness	0.23834808837687027	-0.04809485603806468	
lead_nutrition	400	cap_culture	0.8366105258822629	-0.004368046496655675	
lead_nutrition	400	cohesion	0.8545666239127044	0.00973516498159921	
lead_nutrition	400	known	791.6666666666666	-9.333333333333371	
lead_nutrition	400	per_century	69.0	18.0	
lead_nutrition	400	per_50	32.05128205128205	17.94871794871795	within
lead_nutrition	400	education	0.7864379512225609	-0.017912883798676615	
lead_nutrition	400	art_found	538.6666666666666	-21.33333333333337	
lead_nutrition	400	art_studied	538.6666666666666	-21.33333333333337	
lead_nutrition	400	art_bonus	0.2071807971014493	-0.04251920289855071	
lead_nutrition	400	allure	0.6423221051764525	-0.0008736092993312239	
lead_nutrition	400	line_knowledge	8.666666666666666	-0.3333333333333339	
lead_nutrition	400	line_institutions	4.0	0.0	
lead_nutrition	400	line_culture	6.666666666666667	0.666666666666667	
lead_nutrition	400	line_labor	6.0	1.0	
lead_nutrition	400	line_production	10.666666666666666	5.666666666666666	
lead_nutrition	400	line_infrastructure	13.666666666666666	5.666666666666666	
lead_nutrition	400	line_nutrition	5.333333333333333	0.33333333333333304	
lead_nutrition	400	line_health	2.0	1.0	
lead_nutrition	400	line_demography	1.0	1.0	
lead_nutrition	400	line_logistics	6.0	2.0	
lead_nutrition	400	line_ecology	1.0	1.0	
lead_nutrition	400	line_security	4.0	0.0	
lead_nutrition	500	population	2440.2055830740587	-25.94335660325214	within
lead_nutrition	500	growth_pct	0.4147549093371857	0.04951065706133573	within
lead_nutrition	500	life_expectancy	26.45213778159548	-0.13384999918748264	within
lead_nutrition	500	infant_mortality	225.85110709123055	2.6135165251922388	within
lead_nutrition	500	child_mortality_1_4	213.52772180602815	0.2828030326657256	within
lead_nutrition	500	maternal_per_100k	1299.408624795832	111.65944489637286	within
lead_nutrition	500	tfr	5.252499943601774	0.08988575741444826	within
lead_nutrition	500	cbr	42.94420154566532	0.8284534914925459	within
lead_nutrition	500	cdr	38.82005691870436	0.3400351963631607	within
lead_nutrition	500	food_per_worker	6.398953884198491	0.35077192081543895	
lead_nutrition	500	food_security	0.98	0.0	
lead_nutrition	500	food_share	46.9578851689133	-6.376996751333877	within
lead_nutrition	500	defense_share	2.68053566527697	0.32226782969987555	within
lead_nutrition	500	diet	0.9182360725934441	0.039317394227032176	
lead_nutrition	500	health	0.9699999999999999	0.0	
lead_nutrition	500	labor_efficiency	0.9485483496005491	-0.0030544040416508045	
lead_nutrition	500	cap_production	0.692097057563238	-0.018436842543004373	
lead_nutrition	500	craft_output	0.3152956317993823	-0.05817192172237329	
lead_nutrition	500	tool_quality	0.2567764350093283	-0.051623558428198935	
lead_nutrition	500	cap_infrastructure	0.6866147407160184	-0.01663142630249481	
lead_nutrition	500	housing_ratio	1.101418755351961	0.0035723992009102368	
lead_nutrition	500	construction_rate	0.3206015593836189	-0.0645682765152043	
lead_nutrition	500	cap_logistics	0.41714804105930403	-0.016246954620541487	
lead_nutrition	500	trade_capacity	0.27377587497202094	-0.0444900874029211	
lead_nutrition	500	ecology	0.842701427102094	0.2971907921415978	
lead_nutrition	500	ground_health	0.7422790762891599	0.016129275309027635	
lead_nutrition	500	cap_institutions	0.7430018156871808	0.0029295236466845287	
lead_nutrition	500	legitimacy	0.913288184154177	0.0054115175623414835	
lead_nutrition	500	state_capacity	0.2712936714527972	-0.04469088096572338	
lead_nutrition	500	cap_security	0.6222005143172308	-0.0025903502676285495	
lead_nutrition	500	warfare_readiness	0.27951914170243786	-0.056793377131800715	
lead_nutrition	500	cap_culture	0.8436650761752268	-0.0036049200671979253	
lead_nutrition	500	cohesion	0.8634579445489656	0.011456349971835755	
lead_nutrition	500	known	894.0	0.0	
lead_nutrition	500	per_century	43.333333333333336	1.3333333333333357	
lead_nutrition	500	per_50	24.33862433862434	2.1164021164021136	below low
lead_nutrition	500	education	0.803846282027524	-0.019903861255207822	
lead_nutrition	500	art_found	538.6666666666666	-21.33333333333337	
lead_nutrition	500	art_studied	538.6666666666666	-21.33333333333337	
lead_nutrition	500	art_bonus	0.22620313043478257	-0.045476869565217404	
lead_nutrition	500	allure	0.6437330152350453	-0.0007209840134395629	
lead_nutrition	500	line_knowledge	7.333333333333333	1.0	
lead_nutrition	500	line_institutions	3.0	0.0	
lead_nutrition	500	line_culture	3.0	0.0	
lead_nutrition	500	line_labor	1.0	-0.6666666666666667	
lead_nutrition	500	line_production	5.0	0.0	
lead_nutrition	500	line_infrastructure	7.666666666666667	0.666666666666667	
lead_nutrition	500	line_nutrition	2.0	0.0	
lead_nutrition	500	line_health	2.3333333333333335	0.3333333333333335	
lead_nutrition	500	line_demography	1.0	0.0	
lead_nutrition	500	line_logistics	1.0	0.0	
lead_nutrition	500	line_ecology	5.0	0.0	
lead_nutrition	500	line_security	5.0	0.0	
lead_nutrition	600	population	3256.091854935589	-33.92838460801431	within
lead_nutrition	600	growth_pct	0.26992173946072856	-0.0024250774928328833	within
lead_nutrition	600	life_expectancy	26.384481005396726	-0.15153862355721515	within
lead_nutrition	600	infant_mortality	226.2692323091936	2.799595773494559	within
lead_nutrition	600	child_mortality_1_4	214.37708903526098	0.40311395089727853	within
lead_nutrition	600	maternal_per_100k	1284.3957650415357	113.95896411367949	within
lead_nutrition	600	tfr	5.097251936623839	0.0471494871546696	within
lead_nutrition	600	cbr	41.69362996052888	0.38234837661126875	within
lead_nutrition	600	cdr	39.00212203856598	0.4064230801259967	within
lead_nutrition	600	food_per_worker	5.94224980136237	0.25657241704696077	
lead_nutrition	600	food_security	0.9799677201232853	-3.2279876714724764e-05	
lead_nutrition	600	food_share	45.78397212543428	-6.217576461478721	within
lead_nutrition	600	defense_share	2.7398605204604425	0.3142113678848366	within
lead_nutrition	600	diet	0.8956281173226528	0.0375512865476062	
lead_nutrition	600	health	0.9699999999999999	0.0	
lead_nutrition	600	labor_efficiency	0.9512115713537225	-0.005516344525882455	
lead_nutrition	600	cap_production	0.6975590277062196	-0.019258316417038124	
lead_nutrition	600	craft_output	0.3566895652173913	-0.07171043478260875	
lead_nutrition	600	tool_quality	0.25677652173912974	-0.05162347826086966	
lead_nutrition	600	cap_infrastructure	0.6972488318992203	-0.01874716737615012	
lead_nutrition	600	housing_ratio	1.0978975481318562	-0.011043881044798143	
lead_nutrition	600	construction_rate	0.3566895652173913	-0.07171043478260875	
lead_nutrition	600	cap_logistics	0.4270434025868486	-0.017754319645362726	
lead_nutrition	600	trade_capacity	0.29321160500653637	-0.04728836881274856	
lead_nutrition	600	ecology	0.8380055639021323	0.220084958553458	
lead_nutrition	600	ground_health	0.7363449186618435	0.011892891575044473	
lead_nutrition	600	cap_institutions	0.7523020521427858	0.0017574529260382388	
lead_nutrition	600	legitimacy	0.9188163212027748	0.004433923448432964	
lead_nutrition	600	state_capacity	0.2853119492469169	-0.047188000496445115	
lead_nutrition	600	cap_security	0.6469372834439908	-0.006984611955246578	
lead_nutrition	600	warfare_readiness	0.32696522120020327	-0.06573475597192874	
lead_nutrition	600	cap_culture	0.8500565115955157	-0.005780507688460168	
lead_nutrition	600	cohesion	0.8690189572611616	0.008771990966305099	
lead_nutrition	600	known	950.0	0.0	
lead_nutrition	600	per_century	18.0	0.0	
lead_nutrition	600	per_50	19.29824561403509	0.0	below low
lead_nutrition	600	education	0.8125705602617903	-0.022174526226889757	
lead_nutrition	600	art_found	538.6666666666666	-21.33333333333337	
lead_nutrition	600	art_studied	538.6666666666666	-21.33333333333337	
lead_nutrition	600	art_bonus	0.23779304347826083	-0.047806956521739136	
lead_nutrition	600	allure	0.6450113023191031	-0.001156101537692078	
lead_nutrition	600	line_knowledge	2.0	0.0	
lead_nutrition	600	line_institutions	0.0	0.0	
lead_nutrition	600	line_culture	2.0	0.0	
lead_nutrition	600	line_labor	1.0	0.0	
lead_nutrition	600	line_production	4.0	0.0	
lead_nutrition	600	line_infrastructure	2.0	0.0	
lead_nutrition	600	line_nutrition	0.0	0.0	
lead_nutrition	600	line_health	1.0	0.0	
lead_nutrition	600	line_demography	0.0	0.0	
lead_nutrition	600	line_logistics	2.0	0.0	
lead_nutrition	600	line_ecology	2.0	0.0	
lead_nutrition	600	line_security	2.0	0.0	
lead_health	100	population	115.1932182377904	-21.590394324675827	within
lead_health	100	growth_pct	0.3007150389404023	-0.27451771569947014	within
lead_health	100	life_expectancy	25.710387810135696	0.231963240481857	within
lead_health	100	infant_mortality	247.7180505721574	7.623938638056217	within
lead_health	100	child_mortality_1_4	222.69722772063506	-2.198989900802502	within
lead_health	100	maternal_per_100k	1851.342937520116	443.2605554747572	within
lead_health	100	tfr	5.455894965899849	-0.2987896109689512	within
lead_health	100	cbr	44.012238947279776	-1.3848315948673644	within
lead_health	100	cdr	41.01523240081141	1.3148960139532733	within
lead_health	100	food_per_worker	4.624038619744572	-0.9473863712752628	
lead_health	100	food_security	0.98	0.0	
lead_health	100	food_share	63.44593445437562	3.4436115740039384	within
lead_health	100	defense_share	1.847295808584387	-0.1740263123156658	below low
lead_health	100	diet	0.7397336931366255	-0.062342699057052586	
lead_health	100	health	0.9699999999999999	0.0	
lead_health	100	labor_efficiency	0.9291310654134142	0.00018257848073532923	
lead_health	100	cap_production	0.6341240039683016	-0.014431266192786674	
lead_health	100	craft_output	0.07804308814882187	-0.03522896059249239	
lead_health	100	tool_quality	0.08059123703097572	-0.04541291193492182	
lead_health	100	cap_infrastructure	0.6262121338305627	-0.004423803812086069	
lead_health	100	housing_ratio	1.12	0.02328829342716432	
lead_health	100	construction_rate	0.09797702569150528	-0.050068999275235934	
lead_health	100	cap_logistics	0.2562256010655361	-0.03146149428208389	
lead_health	100	trade_capacity	0.025153491280761234	-0.1104258345769523	
lead_health	100	ecology	0.04	-0.13906000584580597	
lead_health	100	ground_health	0.999881191538264	0.02386635127982728	
lead_health	100	cap_institutions	0.5969429604512404	-0.03752202642702984	
lead_health	100	legitimacy	0.8303585416850662	-0.020319080409468948	
lead_health	100	state_capacity	0.03735709945397781	-0.07389694864829593	
lead_health	100	cap_security	0.46853543755019583	-0.0327257741867783	
lead_health	100	warfare_readiness	0.09687107881190599	-0.03151750997173999	
lead_health	100	cap_culture	0.7639473203560444	-0.02884202324591445	
lead_health	100	cohesion	0.7877346989128898	-0.02013935627803165	
lead_health	100	known	182.0	-113.33333333333331	
lead_health	100	per_century	71.33333333333333	-69.33333333333333	
lead_health	100	per_50	16.384180790960453	-35.31073446327683	below low
lead_health	100	education	0.7103491771134841	-0.030025053998780415	
lead_health	100	art_found	375.0	-26.333333333333314	
lead_health	100	art_studied	47.333333333333336	-6.0	
lead_health	100	art_bonus	0.13708069565217393	-0.029719304347825937	
lead_health	100	allure	0.6277894635995195	-0.00576840511093768	
lead_health	100	line_knowledge	4.0	-5.333333333333334	
lead_health	100	line_institutions	3.6666666666666665	-6.666666666666668	
lead_health	100	line_culture	6.333333333333333	-8.333333333333332	
lead_health	100	line_labor	6.666666666666667	-6.333333333333333	
lead_health	100	line_production	5.0	-9.0	
lead_health	100	line_infrastructure	5.333333333333333	-4.666666666666667	
lead_health	100	line_nutrition	7.0	-8.0	
lead_health	100	line_health	9.333333333333334	-3.0	
lead_health	100	line_demography	9.0	-3.0	
lead_health	100	line_logistics	4.333333333333333	-6.666666666666667	
lead_health	100	line_ecology	4.333333333333333	-6.333333333333333	
lead_health	100	line_security	6.333333333333333	-2.000000000000001	
lead_health	200	population	208.63884450526356	-120.0754034797649	within
lead_health	200	growth_pct	0.666753434870985	-0.2622699658842764	within
lead_health	200	life_expectancy	26.590322958153518	-0.35484648084070614	within
lead_health	200	infant_mortality	228.93551983516622	7.5624735182231575	within
lead_health	200	child_mortality_1_4	212.71710454487754	3.616112001655466	within
lead_health	200	maternal_per_100k	1445.940724605102	146.2682502547375	within
lead_health	200	tfr	5.660752127734816	-0.22870052576053368	within
lead_health	200	cbr	44.918387619556086	-1.3491746078087417	within
lead_health	200	cdr	38.333542285505075	1.1520263466907181	within
lead_health	200	food_per_worker	5.1797803635734345	-0.7907392913613727	
lead_health	200	food_security	0.98	0.0	
lead_health	200	food_share	61.33115184567985	3.3288289653082828	within
lead_health	200	defense_share	1.9541684365889207	-0.16822565980884052	below low
lead_health	200	diet	0.8225295867822466	-0.06808110464031525	
lead_health	200	health	0.9699999999999999	0.0	
lead_health	200	labor_efficiency	0.9206195346897813	-0.011009961093767728	
lead_health	200	cap_production	0.6336513532132031	-0.02808431201765682	
lead_health	200	craft_output	0.11400492506345916	-0.10135157166772865	
lead_health	200	tool_quality	0.09481728644565741	-0.0919985213142686	
lead_health	200	cap_infrastructure	0.637537884009849	-0.02205783471359868	
lead_health	200	housing_ratio	1.0891729867327975	-0.006475263449098989	
lead_health	200	construction_rate	0.13597991727311473	-0.07790720652771382	
lead_health	200	cap_logistics	0.28216166010612054	-0.05092212189912071	
lead_health	200	trade_capacity	0.07740373470512939	-0.1263573289706149	
lead_health	200	ecology	0.1049772212727908	-0.1815700505077678	
lead_health	200	ground_health	0.9367312902740648	0.06467138907667291	
lead_health	200	cap_institutions	0.6184422383131548	-0.06203109039268129	
lead_health	200	legitimacy	0.8430743704619417	-0.03630084330976968	
lead_health	200	state_capacity	0.07270225494320962	-0.11391203699465324	
lead_health	200	cap_security	0.49112138047461346	-0.05804789227938928	
lead_health	200	warfare_readiness	0.12201215458835607	-0.09781745300444983	
lead_health	200	cap_culture	0.7809747613477561	-0.037052677317744975	
lead_health	200	cohesion	0.7971198508580263	-0.027188519123565458	
lead_health	200	known	348.0	-204.33333333333337	
lead_health	200	per_century	84.66666666666667	-20.666666666666657	
lead_health	200	per_50	12.4031007751938	-32.55813953488372	below low
lead_health	200	education	0.7280397526847274	-0.04083387894779977	
lead_health	200	art_found	508.0	-38.33333333333337	
lead_health	200	art_studied	125.33333333333333	-39.000000000000014	
lead_health	200	art_bonus	0.15369956521739128	-0.044300434782608755	
lead_health	200	allure	0.6311949522695511	-0.007410535463549084	
lead_health	200	line_knowledge	5.666666666666667	-4.333333333333333	
lead_health	200	line_institutions	6.666666666666667	-1.666666666666667	
lead_health	200	line_culture	13.333333333333334	6.333333333333334	
lead_health	200	line_labor	7.0	1.0	
lead_health	200	line_production	5.0	-12.333333333333332	
lead_health	200	line_infrastructure	7.666666666666667	2.333333333333334	
lead_health	200	line_nutrition	8.333333333333334	-11.666666666666666	
lead_health	200	line_health	4.0	-0.666666666666667	
lead_health	200	line_demography	6.0	3.0	
lead_health	200	line_logistics	5.666666666666667	-2.333333333333333	
lead_health	200	line_ecology	9.0	-0.6666666666666661	
lead_health	200	line_security	6.333333333333333	0.33333333333333304	
lead_health	300	population	466.6424527314002	-377.25225526602253	within
lead_health	300	growth_pct	0.8489943080112786	-0.10359372562204583	within
lead_health	300	life_expectancy	27.039063237806136	-0.04140751937925913	within
lead_health	300	infant_mortality	222.4840067230033	2.7080852367932096	within
lead_health	300	child_mortality_1_4	208.36229822596624	0.28772354403659506	within
lead_health	300	maternal_per_100k	1380.3546297470377	100.23867815701442	within
lead_health	300	tfr	5.79924391327553	-0.07394100806144266	within
lead_health	300	cbr	45.71648433057817	-0.4255620614414042	within
lead_health	300	cdr	37.38606935981522	0.551169643366137	within
lead_health	300	food_per_worker	5.360766561105227	-0.5311618652035781	
lead_health	300	food_security	0.98	0.0	
lead_health	300	food_share	59.21636923698488	3.21404635661267	within
lead_health	300	defense_share	2.061041064593414	-0.16242500730201792	within
lead_health	300	diet	0.8695911228970039	-0.05211141965174615	
lead_health	300	health	0.9699999999999999	0.0	
lead_health	300	labor_efficiency	0.9257220212420547	-0.011462728237113251	
lead_health	300	cap_production	0.6463793213455615	-0.029227492470173755	
lead_health	300	craft_output	0.16618728799580487	-0.10156290701252094	
lead_health	300	tool_quality	0.11527614592626502	-0.1091782689661105	
lead_health	300	cap_infrastructure	0.6488155840181808	-0.025725431631780538	
lead_health	300	housing_ratio	1.0907243556488646	-0.00979781754648612	
lead_health	300	construction_rate	0.17545337409260356	-0.10080317985892998	
lead_health	300	cap_logistics	0.31020109729406115	-0.061544979526899524	
lead_health	300	trade_capacity	0.10848546174616654	-0.12222719488162338	
lead_health	300	ecology	0.2196692386172042	-0.17549140616574258	
lead_health	300	ground_health	0.849435804931601	0.061587701995889255	
lead_health	300	cap_institutions	0.6591242540308423	-0.04173525534024525	
lead_health	300	legitimacy	0.8662202307404488	-0.023670218486745442	
lead_health	300	state_capacity	0.14655498891748883	-0.07915080048562254	
lead_health	300	cap_security	0.5275334462913542	-0.046554790235319166	
lead_health	300	warfare_readiness	0.18519677803493526	-0.06444309336501236	
lead_health	300	cap_culture	0.7978454232657421	-0.03135456269161885	
lead_health	300	cohesion	0.8105977638017978	-0.023108467566253066	
lead_health	300	known	533.3333333333334	-150.33333333333326	
lead_health	300	per_century	99.33333333333333	54.33333333333333	
lead_health	300	per_50	21.09704641350211	2.5316455696202524	below low
lead_health	300	education	0.7452439410432626	-0.0438781175285996	
lead_health	300	art_found	531.0	-29.0	
lead_health	300	art_studied	291.3333333333333	-173.33333333333337	
lead_health	300	art_bonus	0.17639647826086957	-0.045903521739130454	
lead_health	300	allure	0.6345690846531484	-0.006270912538323681	
lead_health	300	line_knowledge	7.0	3.3333333333333335	
lead_health	300	line_institutions	7.666666666666667	4.0	
lead_health	300	line_culture	9.666666666666666	6.666666666666666	
lead_health	300	line_labor	6.666666666666667	5.666666666666667	
lead_health	300	line_production	14.333333333333334	10.333333333333334	
lead_health	300	line_infrastructure	5.0	-4.333333333333334	
lead_health	300	line_nutrition	16.0	11.0	
lead_health	300	line_health	3.0	0.0	
lead_health	300	line_demography	6.0	6.0	
lead_health	300	line_logistics	8.0	1.666666666666667	
lead_health	300	line_ecology	7.333333333333333	4.333333333333333	
lead_health	300	line_security	8.666666666666666	5.666666666666666	
lead_health	400	population	1110.9658738303835	-524.2432183951323	within
lead_health	400	growth_pct	0.883078158719027	0.31385003306976245	within
lead_health	400	life_expectancy	27.200035801115636	0.509998081667149	within
lead_health	400	infant_mortality	219.79350723070056	-2.279552836679869	within
lead_health	400	child_mortality_1_4	207.21900966764738	-4.654395613427681	within
lead_health	400	maternal_per_100k	1312.1594305971635	105.88346764278754	within
lead_health	400	tfr	5.789143500840754	0.3940654851829919	within
lead_health	400	cbr	45.61540051003713	1.8863753697078565	within
lead_health	400	cdr	36.9622869451207	-1.128397734023011	within
lead_health	400	food_per_worker	5.325631419841335	-0.5605028677460071	
lead_health	400	food_security	0.9799999999999538	4.551914400963142e-15	
lead_health	400	food_share	57.805695433352135	3.1374801797707477	within
lead_health	400	defense_share	2.132330858651424	-0.15855565992715892	within
lead_health	400	diet	0.9047763703700461	-0.007936091011079283	
lead_health	400	health	0.9699999999999999	0.0	
lead_health	400	labor_efficiency	0.932174944027946	-0.014453168880563805	
lead_health	400	cap_production	0.6624988219478786	-0.035741301398831915	
lead_health	400	craft_output	0.25576081069381545	-0.082410770710863	
lead_health	400	tool_quality	0.156979415805956	-0.13641622390768568	
lead_health	400	cap_infrastructure	0.6619239014536956	-0.02455936755211363	
lead_health	400	housing_ratio	1.0923145074130833	-0.006675685213382021	
lead_health	400	construction_rate	0.22868429615480132	-0.09158917041528106	
lead_health	400	cap_logistics	0.3488438890621994	-0.051676367579267746	
lead_health	400	trade_capacity	0.16655518977751982	-0.10033715805182891	
lead_health	400	ecology	0.30207402170781616	-0.17101898154067935	
lead_health	400	ground_health	0.7693642172016802	0.027488520129044236	
lead_health	400	cap_institutions	0.682150939948198	-0.038668067223393	
lead_health	400	legitimacy	0.8777834185955813	-0.022208447884635052	
lead_health	400	state_capacity	0.19889909562540642	-0.06785136852470014	
lead_health	400	cap_security	0.5520384704468246	-0.04529464443020437	
lead_health	400	warfare_readiness	0.22919706699122422	-0.057245877423710734	
lead_health	400	cap_culture	0.8109384587141139	-0.030040113664804746	
lead_health	400	cohesion	0.8207343665292757	-0.024097092401829556	
lead_health	400	known	726.6666666666666	-74.33333333333337	
lead_health	400	per_century	106.33333333333333	55.33333333333333	
lead_health	400	per_50	36.75213675213676	22.649572649572654	within
lead_health	400	education	0.7785226082950282	-0.025828226726209325	
lead_health	400	art_found	531.3333333333334	-28.66666666666663	
lead_health	400	art_studied	531.3333333333334	-28.66666666666663	
lead_health	400	art_bonus	0.20357282608695648	-0.04612717391304352	
lead_health	400	allure	0.6371876917428227	-0.0060080227329609714	
lead_health	400	line_knowledge	11.333333333333334	2.333333333333334	
lead_health	400	line_institutions	6.666666666666667	2.666666666666667	
lead_health	400	line_culture	9.666666666666666	3.666666666666666	
lead_health	400	line_labor	8.0	3.0	
lead_health	400	line_production	13.333333333333334	8.333333333333334	
lead_health	400	line_infrastructure	13.333333333333334	5.333333333333334	
lead_health	400	line_nutrition	7.666666666666667	2.666666666666667	
lead_health	400	line_health	1.3333333333333333	0.33333333333333326	
lead_health	400	line_demography	2.6666666666666665	2.6666666666666665	
lead_health	400	line_logistics	17.666666666666668	13.666666666666668	
lead_health	400	line_ecology	10.666666666666666	10.666666666666666	
lead_health	400	line_security	4.0	0.0	
lead_health	500	population	2181.6333252208155	-284.5156144564953	within
lead_health	500	growth_pct	0.5068090802173112	0.14156482794146125	within
lead_health	500	life_expectancy	26.598453725838628	0.012465945055666339	within
lead_health	500	infant_mortality	225.4739911578355	2.2364005917972065	within
lead_health	500	child_mortality_1_4	212.96655374526404	-0.27836502809839203	within
lead_health	500	maternal_per_100k	1283.957536995732	96.20835709627272	within
lead_health	500	tfr	5.326646178746242	0.16403199255891643	within
lead_health	500	cbr	43.59745720808812	1.4817091539153466	within
lead_health	500	cdr	38.56892981126389	0.0889080889226932	within
lead_health	500	food_per_worker	5.5266207249966435	-0.5215612383864086	
lead_health	500	food_security	0.98	0.0	
lead_health	500	food_share	56.39584036088746	3.0609584406402846	within
lead_health	500	defense_share	2.2035792773211544	-0.15468855825593986	within
lead_health	500	diet	0.8572767729587731	-0.021641905407638773	
lead_health	500	health	0.9699999999999999	0.0	
lead_health	500	labor_efficiency	0.9416280719429243	-0.009974681699275623	
lead_health	500	cap_production	0.6897886059617794	-0.020745294144463022	
lead_health	500	craft_output	0.31043935206018447	-0.06302820146157112	
lead_health	500	tool_quality	0.25677261532648693	-0.05162737811104029	
lead_health	500	cap_infrastructure	0.6822799085454913	-0.020966258473021915	
lead_health	500	housing_ratio	1.0978254039286213	-2.0952222429482248e-05	
lead_health	500	construction_rate	0.3034180558113116	-0.0817517800875116	
lead_health	500	cap_logistics	0.3920780168261881	-0.04131697885365743	
lead_health	500	trade_capacity	0.25730350321855716	-0.060962459156384874	
lead_health	500	ecology	0.3786477954627577	-0.16686283949773845	
lead_health	500	ground_health	0.7220405201135273	-0.004109280866605003	
lead_health	500	cap_institutions	0.7081745794738966	-0.03189771256659968	
lead_health	500	legitimacy	0.8894852016675173	-0.0183914649243182	
lead_health	500	state_capacity	0.25944671223752624	-0.056537840180994337	
lead_health	500	cap_security	0.5834431794788614	-0.041347685105997956	
lead_health	500	warfare_readiness	0.27375922264002156	-0.06255329619421701	
lead_health	500	cap_culture	0.8219742731249312	-0.025295723117493507	
lead_health	500	cohesion	0.8328019553773053	-0.019199639199824592	
lead_health	500	known	887.3333333333334	-6.666666666666629	
lead_health	500	per_century	61.0	19.0	
lead_health	500	per_50	32.804232804232804	10.582010582010579	within
lead_health	500	education	0.7997432623886546	-0.02400688089407721	
lead_health	500	art_found	531.3333333333334	-28.66666666666663	
lead_health	500	art_studied	531.3333333333334	-28.66666666666663	
lead_health	500	art_bonus	0.22580347826086955	-0.04587652173913043	
lead_health	500	allure	0.6393948546249862	-0.005059144623498657	
lead_health	500	line_knowledge	12.666666666666666	6.333333333333333	
lead_health	500	line_institutions	3.3333333333333335	0.3333333333333335	
lead_health	500	line_culture	3.6666666666666665	0.6666666666666665	
lead_health	500	line_labor	2.0	0.33333333333333326	
lead_health	500	line_production	5.0	0.0	
lead_health	500	line_infrastructure	16.0	9.0	
lead_health	500	line_nutrition	2.3333333333333335	0.3333333333333335	
lead_health	500	line_health	3.0	1.0	
lead_health	500	line_demography	1.0	0.0	
lead_health	500	line_logistics	1.6666666666666667	0.6666666666666667	
lead_health	500	line_ecology	5.0	0.0	
lead_health	500	line_security	5.333333333333333	0.33333333333333304	
lead_health	600	population	2937.149873955223	-352.8703655883801	within
lead_health	600	growth_pct	0.26908336276637207	-0.003263454187189374	within
lead_health	600	life_expectancy	26.56414791660912	0.028128287655178497	within
lead_health	600	infant_mortality	225.6608610555492	2.1912245198501523	within
lead_health	600	child_mortality_1_4	213.60782086287097	-0.36615422149273513	within
lead_health	600	maternal_per_100k	1264.6799982136642	94.24319728580804	within
lead_health	600	tfr	5.066594189531527	0.01649174006235743	within
lead_health	600	cbr	41.41830097035566	0.10701938643804709	within
lead_health	600	cdr	38.735116575740875	0.13941761730089297	within
lead_health	600	food_per_worker	5.197705036150819	-0.4879723481645897	
lead_health	600	food_security	0.9799878931039591	-1.2106896040919857e-05	
lead_health	600	food_share	54.985985288422796	2.984436701509793	within
lead_health	600	defense_share	2.2748276959908846	-0.15082145658472124	within
lead_health	600	diet	0.8354871213872551	-0.02258970938779148	
lead_health	600	health	0.9699999999999999	0.0	
lead_health	600	labor_efficiency	0.9454019752691402	-0.011325940610464769	
lead_health	600	cap_production	0.6960740147783375	-0.02074332934492018	
lead_health	600	craft_output	0.3566895652173913	-0.07171043478260875	
lead_health	600	tool_quality	0.2567765217391282	-0.051623478260871214	
lead_health	600	cap_infrastructure	0.6972487881995013	-0.018747211075869075	
lead_health	600	housing_ratio	1.0976933037394951	-0.011248125437159251	
lead_health	600	construction_rate	0.3566895652173913	-0.07171043478260875	
lead_health	600	cap_logistics	0.40273342989147776	-0.042064292340733556	
lead_health	600	trade_capacity	0.2811558859685193	-0.059344087850765614	
lead_health	600	ecology	0.4552134684988856	-0.1627071368497887	
lead_health	600	ground_health	0.7160490340478171	-0.008402993038981954	
lead_health	600	cap_institutions	0.7195286124718696	-0.031015986744877933	
lead_health	600	legitimacy	0.8962692091091595	-0.0181131886451823	
lead_health	600	state_capacity	0.2770748251862772	-0.055425124557084815	
lead_health	600	cap_security	0.611259384049315	-0.04266251134992238	
lead_health	600	warfare_readiness	0.32696458913777576	-0.06573538803435625	
lead_health	600	cap_culture	0.8294770668267025	-0.026359952457273295	
lead_health	600	cohesion	0.8400140728583341	-0.02023289343652246	
lead_health	600	known	950.0	0.0	
lead_health	600	per_century	20.0	2.0	
lead_health	600	per_50	22.807017543859654	3.508771929824565	below low
lead_health	600	education	0.8118086375711512	-0.022936448917528884	
lead_health	600	art_found	531.3333333333334	-28.66666666666663	
lead_health	600	art_studied	531.3333333333334	-28.66666666666663	
lead_health	600	art_bonus	0.23779304347826083	-0.047806956521739136	
lead_health	600	allure	0.6408954133653405	-0.005271990491454659	
lead_health	600	line_knowledge	3.0	1.0	
lead_health	600	line_institutions	0.0	0.0	
lead_health	600	line_culture	2.0	0.0	
lead_health	600	line_labor	1.0	0.0	
lead_health	600	line_production	4.0	0.0	
lead_health	600	line_infrastructure	2.0	0.0	
lead_health	600	line_nutrition	1.0	1.0	
lead_health	600	line_health	1.0	0.0	
lead_health	600	line_demography	0.0	0.0	
lead_health	600	line_logistics	2.0	0.0	
lead_health	600	line_ecology	2.0	0.0	
lead_health	600	line_security	2.0	0.0	
lead_demography	100	population	138.8406153873689	2.0570028249026677	within
lead_demography	100	growth_pct	0.6001880776198565	0.02495532297998404	within
lead_demography	100	life_expectancy	24.79849696587378	-0.6799276037800581	within
lead_demography	100	infant_mortality	246.13822347720478	6.044111543103583	within
lead_demography	100	child_mortality_1_4	230.62972751014658	5.733509888709023	within
lead_demography	100	maternal_per_100k	1373.6480549712608	-34.434327074098064	within
lead_demography	100	tfr	5.899243797159794	0.14455922029099444	within
lead_demography	100	cbr	46.56166239698279	1.164591854835649	within
lead_demography	100	cdr	40.622022717024386	0.9216863301662457	within
lead_demography	100	food_per_worker	4.802856868028535	-0.7685681229913	
lead_demography	100	food_security	0.98	0.0	
lead_demography	100	food_share	62.298063929707645	2.295741049335966	within
lead_demography	100	defense_share	1.9053045793562753	-0.11601754154377741	below low
lead_demography	100	diet	0.7495533925321963	-0.05252299966148177	
lead_demography	100	health	0.9699999999999999	0.0	
lead_demography	100	labor_efficiency	0.9211348416114876	-0.00781364532119122	
lead_demography	100	cap_production	0.6322457380770407	-0.016309532084047618	
lead_demography	100	craft_output	0.07336381791592332	-0.03990823082539094	
lead_demography	100	tool_quality	0.07803256830330245	-0.04797158066259509	
lead_demography	100	cap_infrastructure	0.592133399429609	-0.03850253821303984	
lead_demography	100	housing_ratio	1.094090173090108	-0.002621533482727756	
lead_demography	100	construction_rate	0.08501992201820426	-0.06302610294853696	
lead_demography	100	cap_logistics	0.2564871337052205	-0.031199961642399465	
lead_demography	100	trade_capacity	0.07155811774094449	-0.06402120811676905	
lead_demography	100	ecology	0.05564397302501554	-0.12341603282079044	
lead_demography	100	ground_health	0.9981330082607763	0.022118168002339567	
lead_demography	100	cap_institutions	0.6009065290833923	-0.03355845779487798	
lead_demography	100	legitimacy	0.8300034697021307	-0.020674152392404443	
lead_demography	100	state_capacity	0.05612870436042	-0.05512534374185375	
lead_demography	100	cap_security	0.4705716443012217	-0.030689567435752407	
lead_demography	100	warfare_readiness	0.09754578751814465	-0.030842801265501332	
lead_demography	100	cap_culture	0.7646505917107721	-0.028138751891186753	
lead_demography	100	cohesion	0.7874285286306933	-0.020445526560228133	
lead_demography	100	known	188.33333333333334	-106.99999999999997	
lead_demography	100	per_century	85.33333333333333	-55.33333333333333	
lead_demography	100	per_50	19.491525423728813	-32.20338983050847	below low
lead_demography	100	education	0.7209608211978216	-0.01941340991444296	
lead_demography	100	art_found	393.3333333333333	-8.0	
lead_demography	100	art_studied	49.666666666666664	-3.6666666666666714	
lead_demography	100	art_bonus	0.13987826086956484	-0.026921739130435024	
lead_demography	100	allure	0.6279301183239908	-0.005627750386466346	
lead_demography	100	line_knowledge	6.0	-3.333333333333334	
lead_demography	100	line_institutions	5.333333333333333	-5.000000000000001	
lead_demography	100	line_culture	8.666666666666666	-6.0	
lead_demography	100	line_labor	7.0	-6.0	
lead_demography	100	line_production	6.333333333333333	-7.666666666666667	
lead_demography	100	line_infrastructure	7.0	-3.0	
lead_demography	100	line_nutrition	10.333333333333334	-4.666666666666666	
lead_demography	100	line_health	5.666666666666667	-6.666666666666667	
lead_demography	100	line_demography	12.0	0.0	
lead_demography	100	line_logistics	5.666666666666667	-5.333333333333333	
lead_demography	100	line_ecology	5.0	-5.666666666666666	
lead_demography	100	line_security	6.333333333333333	-2.000000000000001	
lead_demography	200	population	308.89284858445467	-19.821399400573796	within
lead_demography	200	growth_pct	0.8340291329332524	-0.09499426782200904	within
lead_demography	200	life_expectancy	25.291781275466082	-1.6533881635281418	within
lead_demography	200	infant_mortality	239.85179585053095	18.478749533587887	within
lead_demography	200	child_mortality_1_4	226.3603949433249	17.25940240010283	within
lead_demography	200	maternal_per_100k	1303.854845372812	4.182371022447342	within
lead_demography	200	tfr	6.030413358112732	0.14096070461738197	within
lead_demography	200	cbr	47.57528720344237	1.3077249760775445	ABOVE HIGH
lead_demography	200	cdr	39.38693244157846	2.205416502764102	within
lead_demography	200	food_per_worker	5.1929604025555856	-0.7775592523792216	
lead_demography	200	food_security	0.98	0.0	
lead_demography	200	food_share	60.22154219057708	2.219219310205517	within
lead_demography	200	defense_share	2.010243656525201	-0.11215043987256035	within
lead_demography	200	diet	0.8339050735616378	-0.056705617860924096	
lead_demography	200	health	0.9699999999999999	0.0	
lead_demography	200	labor_efficiency	0.92199317689888	-0.009636318884668982	
lead_demography	200	cap_production	0.6368787579969045	-0.024856907233955394	
lead_demography	200	craft_output	0.12354324618161665	-0.09181325054957117	
lead_demography	200	tool_quality	0.08228271879066452	-0.10453308896926149	
lead_demography	200	cap_infrastructure	0.6296410327807002	-0.029954685942747528	
lead_demography	200	housing_ratio	1.0876341948325992	-0.008014055349297333	
lead_demography	200	construction_rate	0.14492530119718325	-0.0689618226036453	
lead_demography	200	cap_logistics	0.2931590194283914	-0.03992476257684985	
lead_demography	200	trade_capacity	0.09161523622345306	-0.11214582745229125	
lead_demography	200	ecology	0.16539978063623173	-0.12114749114432688	
lead_demography	200	ground_health	0.8988552663805355	0.026795365183143627	
lead_demography	200	cap_institutions	0.6346946886379335	-0.045778640067902554	
lead_demography	200	legitimacy	0.8517091077081785	-0.027666106063532814	
lead_demography	200	state_capacity	0.10724264377397148	-0.07937164816389138	
lead_demography	200	cap_security	0.5037153278270597	-0.04545394492694299	
lead_demography	200	warfare_readiness	0.13564096610444193	-0.08418864148836397	
lead_demography	200	cap_culture	0.789687407122619	-0.028340031542882116	
lead_demography	200	cohesion	0.804451518448882	-0.019856851532709774	
lead_demography	200	known	400.0	-152.33333333333337	
lead_demography	200	per_century	123.66666666666667	18.333333333333343	
lead_demography	200	per_50	23.255813953488374	-21.705426356589147	below low
lead_demography	200	education	0.738470425232264	-0.030403206400263172	
lead_demography	200	art_found	529.0	-17.33333333333337	
lead_demography	200	art_studied	154.0	-10.333333333333343	
lead_demography	200	art_bonus	0.15736304347826086	-0.04063695652173918	
lead_demography	200	allure	0.6329374814245238	-0.005668006308576445	
lead_demography	200	line_knowledge	8.0	-2.0	
lead_demography	200	line_institutions	11.666666666666666	3.333333333333332	
lead_demography	200	line_culture	15.333333333333334	8.333333333333334	
lead_demography	200	line_labor	11.333333333333334	5.333333333333334	
lead_demography	200	line_production	11.666666666666666	-5.666666666666666	
lead_demography	200	line_infrastructure	10.666666666666666	5.333333333333333	
lead_demography	200	line_nutrition	13.666666666666666	-6.333333333333334	
lead_demography	200	line_health	10.333333333333334	5.666666666666667	
lead_demography	200	line_demography	3.0	0.0	
lead_demography	200	line_logistics	10.666666666666666	2.666666666666666	
lead_demography	200	line_ecology	8.333333333333334	-1.3333333333333321	
lead_demography	200	line_security	9.0	3.0	
lead_demography	300	population	768.585121033018	-75.30958696440473	within
lead_demography	300	growth_pct	0.9330023238745137	-0.0195857097588108	within
lead_demography	300	life_expectancy	26.697457302741938	-0.38301345444345714	within
lead_demography	300	infant_mortality	221.67165938163964	1.895737895429562	within
lead_demography	300	child_mortality_1_4	210.90978354717672	2.8352088652470684	within
lead_demography	300	maternal_per_100k	1260.9000318700362	-19.21591971998714	within
lead_demography	300	tfr	5.943501026940378	0.07031610560340606	within
lead_demography	300	cbr	46.78743477341893	0.6453883813993571	within
lead_demography	300	cdr	37.66404785530448	0.8291481388554018	within
lead_demography	300	food_per_worker	5.3249156197323755	-0.5670128065764297	
lead_demography	300	food_security	0.9799786999018241	-2.1300098175913718e-05	
lead_demography	300	food_share	58.14502045144732	2.142697571075111	within
lead_demography	300	defense_share	2.1151827336940867	-0.10828333820134528	within
lead_demography	300	diet	0.885184911300092	-0.03651763124865803	
lead_demography	300	health	0.9699999999999999	0.0	
lead_demography	300	labor_efficiency	0.9266601062686224	-0.010524643210545581	
lead_demography	300	cap_production	0.6490160155947745	-0.026590798220960776	
lead_demography	300	craft_output	0.20121937095372208	-0.06653082405460373	
lead_demography	300	tool_quality	0.11872898132880738	-0.10572543356356814	
lead_demography	300	cap_infrastructure	0.6530107846818108	-0.021530230968150543	
lead_demography	300	housing_ratio	1.0833134808443667	-0.01720869235098399	
lead_demography	300	construction_rate	0.18986892614221992	-0.08638762780931361	
lead_demography	300	cap_logistics	0.32755304677356817	-0.0441930300473925	
lead_demography	300	trade_capacity	0.1369286459920911	-0.09378401063569883	
lead_demography	300	ecology	0.27816623398466256	-0.11699441079828421	
lead_demography	300	ground_health	0.8022282161323826	0.014380113196670874	
lead_demography	300	cap_institutions	0.6709802049278641	-0.029879304443223398	
lead_demography	300	legitimacy	0.8723699535145021	-0.017520495712692208	
lead_demography	300	state_capacity	0.1707353236273419	-0.05497046577576947	
lead_demography	300	cap_security	0.5370461606129042	-0.03704207591376918	
lead_demography	300	warfare_readiness	0.191251032882975	-0.05838883851697263	
lead_demography	300	cap_culture	0.8059120763943141	-0.023287909563046938	
lead_demography	300	cohesion	0.8168092852341718	-0.016896946133879043	
lead_demography	300	known	613.3333333333334	-70.33333333333326	
lead_demography	300	per_century	94.0	49.0	
lead_demography	300	per_50	31.645569620253166	13.080168776371309	within
lead_demography	300	education	0.7581982267459156	-0.0309238318259466	
lead_demography	300	art_found	540.3333333333334	-19.66666666666663	
lead_demography	300	art_studied	423.6666666666667	-41.0	
lead_demography	300	art_bonus	0.18119230434782607	-0.04110769565217395	
lead_demography	300	allure	0.6361824152788628	-0.004657581912609343	
lead_demography	300	line_knowledge	7.666666666666667	4.0	
lead_demography	300	line_institutions	6.333333333333333	2.6666666666666665	
lead_demography	300	line_culture	9.666666666666666	6.666666666666666	
lead_demography	300	line_labor	4.0	3.0	
lead_demography	300	line_production	12.0	8.0	
lead_demography	300	line_infrastructure	7.0	-2.333333333333334	
lead_demography	300	line_nutrition	15.666666666666666	10.666666666666666	
lead_demography	300	line_health	3.0	0.0	
lead_demography	300	line_demography	0.0	0.0	
lead_demography	300	line_logistics	9.666666666666666	3.333333333333333	
lead_demography	300	line_ecology	12.0	9.0	
lead_demography	300	line_security	7.0	4.0	
lead_demography	400	population	1516.8636226888964	-118.34546953661948	within
lead_demography	400	growth_pct	0.5824336415463242	0.01320551589705965	within
lead_demography	400	life_expectancy	26.327267295411094	-0.362770424037393	within
lead_demography	400	infant_mortality	223.88407622581715	1.811016158436729	within
lead_demography	400	child_mortality_1_4	214.6965930970231	2.823187815948046	within
lead_demography	400	maternal_per_100k	1174.3139594060174	-31.962003548358553	within
lead_demography	400	tfr	5.4515696659039845	0.05649165024622249	within
lead_demography	400	cbr	44.19026655778322	0.4612414174539481	within
lead_demography	400	cdr	38.4233406218666	0.33265594272288723	within
lead_demography	400	food_per_worker	5.426359306098386	-0.45977498148895535	
lead_demography	400	food_security	0.9799999999998966	-5.262457136723242e-14	
lead_demography	400	food_share	56.75986870676187	2.0916534531804842	within
lead_demography	400	defense_share	2.18518274529381	-0.10570377328477276	within
lead_demography	400	diet	0.8835707139546137	-0.029141747426511655	
lead_demography	400	health	0.9699999999999999	0.0	
lead_demography	400	labor_efficiency	0.9382369204884508	-0.008391192420059035	
lead_demography	400	cap_production	0.6800203504132624	-0.01821977293344812	
lead_demography	400	craft_output	0.28094928923569545	-0.057222292168983	
lead_demography	400	tool_quality	0.24422928677178293	-0.049166352941858754	
lead_demography	400	cap_infrastructure	0.6700232473442366	-0.016460021661572677	
lead_demography	400	housing_ratio	1.0998312341867782	0.0008410415603128385	
lead_demography	400	construction_rate	0.2599621500548844	-0.060311316515198	
lead_demography	400	cap_logistics	0.36625352510162984	-0.03426673153983728	
lead_demography	400	trade_capacity	0.21950258960094018	-0.047389758228408546	
lead_demography	400	ecology	0.3590803486935215	-0.114012654554974	
lead_demography	400	ground_health	0.7447694578785603	0.0028937608059242947	
lead_demography	400	cap_institutions	0.6952730885490336	-0.025545918622557395	
lead_demography	400	legitimacy	0.8849901141660393	-0.015001752314176997	
lead_demography	400	state_capacity	0.22136131119768865	-0.04538915295241791	
lead_demography	400	cap_security	0.565635884391547	-0.03169723048548201	
lead_demography	400	warfare_readiness	0.23825047642141228	-0.04819246799352267	
lead_demography	400	cap_culture	0.8203595506181034	-0.020619021760815204	
lead_demography	400	cohesion	0.8305323107782648	-0.01429914815284039	
lead_demography	400	known	791.6666666666666	-9.333333333333371	
lead_demography	400	per_century	70.33333333333333	19.33333333333333	
lead_demography	400	per_50	32.05128205128205	17.94871794871795	within
lead_demography	400	education	0.7860929078959197	-0.01825792712531782	
lead_demography	400	art_found	540.3333333333334	-19.66666666666663	
lead_demography	400	art_studied	540.3333333333334	-19.66666666666663	
lead_demography	400	art_bonus	0.20682	-0.04288	
lead_demography	400	allure	0.6390719101236207	-0.004123804352162974	
lead_demography	400	line_knowledge	8.666666666666666	-0.3333333333333339	
lead_demography	400	line_institutions	4.0	0.0	
lead_demography	400	line_culture	7.0	1.0	
lead_demography	400	line_labor	6.0	1.0	
lead_demography	400	line_production	9.333333333333334	4.333333333333334	
lead_demography	400	line_infrastructure	15.666666666666666	7.666666666666666	
lead_demography	400	line_nutrition	5.333333333333333	0.33333333333333304	
lead_demography	400	line_health	2.0	1.0	
lead_demography	400	line_demography	0.0	0.0	
lead_demography	400	line_logistics	7.333333333333333	3.333333333333333	
lead_demography	400	line_ecology	1.0	1.0	
lead_demography	400	line_security	4.0	0.0	
lead_demography	500	population	2280.0798994667416	-186.06904021056926	within
lead_demography	500	growth_pct	0.3615840851179571	-0.0036601671578928574	within
lead_demography	500	life_expectancy	26.228950779793816	-0.3570370009891448	within
lead_demography	500	infant_mortality	225.00005252338448	1.7624619573461757	within
lead_demography	500	child_mortality_1_4	215.96440441808977	2.7194856447273423	within
lead_demography	500	maternal_per_100k	1159.9922691794297	-27.75691072002951	within
lead_demography	500	tfr	5.2036476885190615	0.04103350233173586	within
lead_demography	500	cbr	42.459579490316784	0.3438314361440078	within
lead_demography	500	cdr	38.86002400828582	0.38000228594462016	within
lead_demography	500	food_per_worker	5.581834705166803	-0.4663472582162491	
lead_demography	500	food_security	0.98	0.0	
lead_demography	500	food_share	55.37552088067404	2.040638960426861	within
lead_demography	500	defense_share	2.2551421300731342	-0.10312570550396005	within
lead_demography	500	diet	0.8516891665485744	-0.027229511817837504	
lead_demography	500	health	0.9699999999999999	0.0	
lead_demography	500	labor_efficiency	0.9438755174525433	-0.00772723618965665	
lead_demography	500	cap_production	0.6917881635348756	-0.0187457365713668	
lead_demography	500	craft_output	0.3106460145587116	-0.06282153896304399	
lead_demography	500	tool_quality	0.2567760395135124	-0.05162395392401481	
lead_demography	500	cap_infrastructure	0.686681090590271	-0.01656507642824212	
lead_demography	500	housing_ratio	1.100354313083823	0.0025079569327721707	
lead_demography	500	construction_rate	0.320983374622988	-0.06418646127583522	
lead_demography	500	cap_logistics	0.3948935776278349	-0.03850141805201063	
lead_demography	500	trade_capacity	0.2619887328759439	-0.05627722949899816	
lead_demography	500	ecology	0.43426874196173393	-0.11124189299876219	
lead_demography	500	ground_health	0.7233542229896068	-0.002795577990525433	
lead_demography	500	cap_institutions	0.7139364303540074	-0.026135861686488848	
lead_demography	500	legitimacy	0.8928022374374102	-0.015074429154425362	
lead_demography	500	state_capacity	0.2684892563654621	-0.04749529605305847	
lead_demography	500	cap_security	0.5898154474531665	-0.03497541713169283	
lead_demography	500	warfare_readiness	0.27878550189785906	-0.057527016936379516	
lead_demography	500	cap_culture	0.826969343114501	-0.02030065312792373	
lead_demography	500	cohesion	0.8384410600824271	-0.013560534494702736	
lead_demography	500	known	894.0	0.0	
lead_demography	500	per_century	44.333333333333336	2.3333333333333357	
lead_demography	500	per_50	25.925925925925924	3.703703703703699	within
lead_demography	500	education	0.8030636118477497	-0.020686531434982114	
lead_demography	500	art_found	540.3333333333334	-19.66666666666663	
lead_demography	500	art_studied	540.3333333333334	-19.66666666666663	
lead_demography	500	art_bonus	0.22620313043478257	-0.045476869565217404	
lead_demography	500	allure	0.6403938686229002	-0.004060130625584746	
lead_demography	500	line_knowledge	7.0	0.666666666666667	
lead_demography	500	line_institutions	3.0	0.0	
lead_demography	500	line_culture	3.0	0.0	
lead_demography	500	line_labor	1.6666666666666667	0.0	
lead_demography	500	line_production	5.0	0.0	
lead_demography	500	line_infrastructure	8.0	1.0	
lead_demography	500	line_nutrition	2.0	0.0	
lead_demography	500	line_health	2.6666666666666665	0.6666666666666665	
lead_demography	500	line_demography	1.0	0.0	
lead_demography	500	line_logistics	1.0	0.0	
lead_demography	500	line_ecology	5.0	0.0	
lead_demography	500	line_security	5.0	0.0	
lead_demography	600	population	3042.0818516452564	-247.93838789834672	within
lead_demography	600	growth_pct	0.2735310110615637	0.0011841941080022456	within
lead_demography	600	life_expectancy	26.16132429878721	-0.3746953301667304	within
lead_demography	600	infant_mortality	225.16539886361684	1.6957623279178051	within
lead_demography	600	child_mortality_1_4	216.79599867762454	2.8220235932608375	within
lead_demography	600	maternal_per_100k	1138.5022362602529	-31.934564667603354	within
lead_demography	600	tfr	5.098076706410013	0.047974256940843674	within
lead_demography	600	cbr	41.718033647500675	0.40675206358306326	within
lead_demography	600	cdr	38.990695973253366	0.39499701481338434	within
lead_demography	600	food_per_worker	5.24484164169209	-0.44083574262331915	
lead_demography	600	food_security	0.9799621391340478	-3.7860865952143996e-05	
lead_demography	600	food_share	53.9911730545862	1.9896244676731953	within
lead_demography	600	defense_share	2.325101514852458	-0.10054763772314779	within
lead_demography	600	diet	0.8304349763119191	-0.027641854463127502	
lead_demography	600	health	0.9699999999999999	0.0	
lead_demography	600	labor_efficiency	0.9456516542236151	-0.01107626165598985	
lead_demography	600	cap_production	0.6971287172164228	-0.019688626906834927	
lead_demography	600	craft_output	0.3566895652173913	-0.07171043478260875	
lead_demography	600	tool_quality	0.25677652173912957	-0.051623478260869826	
lead_demography	600	cap_infrastructure	0.6972488012996266	-0.018747197975743757	
lead_demography	600	housing_ratio	1.0913956079126306	-0.01754582126402382	
lead_demography	600	construction_rate	0.3566895652173913	-0.07171043478260875	
lead_demography	600	cap_logistics	0.40508728768474817	-0.03971043454746315	
lead_demography	600	trade_capacity	0.28115817450091773	-0.059341799318367194	
lead_demography	600	ecology	0.5094491807821476	-0.1084714245665267	
lead_demography	600	ground_health	0.7186428704703615	-0.00580915661643755	
lead_demography	600	cap_institutions	0.723809764439045	-0.026734834777702554	
lead_demography	600	legitimacy	0.8984862870942223	-0.015896110660119533	
lead_demography	600	state_capacity	0.28323536486703493	-0.04926458487632707	
lead_demography	600	cap_security	0.6150982440130522	-0.038823651386185154	
lead_demography	600	warfare_readiness	0.3269647890924359	-0.06573518807969608	
lead_demography	600	cap_culture	0.8331361584397347	-0.022700860844241166	
lead_demography	600	cohesion	0.8436123983498316	-0.016634567945024936	
lead_demography	600	known	950.0	0.0	
lead_demography	600	per_century	19.0	1.0	
lead_demography	600	per_50	21.05263157894737	1.7543859649122808	below low
lead_demography	600	education	0.8123781732132409	-0.02236691327543916	
lead_demography	600	art_found	540.3333333333334	-19.66666666666663	
lead_demography	600	art_studied	540.3333333333334	-19.66666666666663	
lead_demography	600	art_bonus	0.23779304347826083	-0.047806956521739136	
lead_demography	600	allure	0.6416272316879469	-0.004540172168848278	
lead_demography	600	line_knowledge	2.0	0.0	
lead_demography	600	line_institutions	0.0	0.0	
lead_demography	600	line_culture	2.0	0.0	
lead_demography	600	line_labor	1.0	0.0	
lead_demography	600	line_production	4.0	0.0	
lead_demography	600	line_infrastructure	2.0	0.0	
lead_demography	600	line_nutrition	1.0	1.0	
lead_demography	600	line_health	1.0	0.0	
lead_demography	600	line_demography	0.0	0.0	
lead_demography	600	line_logistics	2.0	0.0	
lead_demography	600	line_ecology	2.0	0.0	
lead_demography	600	line_security	2.0	0.0	
lead_logistics	100	population	110.79157747888058	-25.992035083585648	within
lead_logistics	100	growth_pct	0.26176510400826025	-0.3134676506316122	within
lead_logistics	100	life_expectancy	24.49330783599278	-0.9851167336610587	within
lead_logistics	100	infant_mortality	261.8746668785743	21.780554944473124	within
lead_logistics	100	child_mortality_1_4	235.17109852589087	10.274880904453312	within
lead_logistics	100	maternal_per_100k	1803.232949922116	395.1505678767571	within
lead_logistics	100	tfr	5.561293337986598	-0.1933912388822021	within
lead_logistics	100	cbr	44.990159214704825	-0.40691132744231595	within
lead_logistics	100	cdr	42.379683101763014	2.6793467149048737	within
lead_logistics	100	food_per_worker	4.878215863375864	-0.6932091276439705	
lead_logistics	100	food_security	0.98	0.0	
lead_logistics	100	food_share	60.00232288037168	0.0	within
lead_logistics	100	defense_share	2.0213221209000527	0.0	within
lead_logistics	100	diet	0.7422116974627944	-0.05986469473088374	
lead_logistics	100	health	0.9699999999999999	0.0	
lead_logistics	100	labor_efficiency	0.9313211840188322	0.002372697086153397	
lead_logistics	100	cap_production	0.6367144440020516	-0.0118408261590367	
lead_logistics	100	craft_output	0.054930107866820475	-0.058341940874493785	
lead_logistics	100	tool_quality	0.08170068559655401	-0.04430346336934353	
lead_logistics	100	cap_infrastructure	0.5690772866544972	-0.06155865098815161	
lead_logistics	100	housing_ratio	1.12	0.02328829342716432	
lead_logistics	100	construction_rate	0.0776811491711284	-0.07036487579561282	
lead_logistics	100	cap_logistics	0.3001711533380798	0.012484057990459818	
lead_logistics	100	trade_capacity	0.10500703231060786	-0.03057229354710568	
lead_logistics	100	ecology	0.17906000584580598	0.0	
lead_logistics	100	ground_health	0.9999941591703113	0.023979318911874548	
lead_logistics	100	cap_institutions	0.6115308446823823	-0.022934142195887963	
lead_logistics	100	legitimacy	0.8406924090525928	-0.009985213041942331	
lead_logistics	100	state_capacity	0.04346237886801966	-0.06779166923425409	
lead_logistics	100	cap_security	0.48364791382615774	-0.017613297910816395	
lead_logistics	100	warfare_readiness	0.09280153861520059	-0.03558705016844539	
lead_logistics	100	cap_culture	0.7745423859900499	-0.018246957611908976	
lead_logistics	100	cohesion	0.8000534494787179	-0.007820605712203554	
lead_logistics	100	known	192.0	-103.33333333333331	
lead_logistics	100	per_century	85.66666666666667	-54.999999999999986	
lead_logistics	100	per_50	22.88135593220339	-28.813559322033896	below low
lead_logistics	100	education	0.7182367244591585	-0.022137506653105987	
lead_logistics	100	art_found	378.6666666666667	-22.66666666666663	
lead_logistics	100	art_studied	47.333333333333336	-6.0	
lead_logistics	100	art_bonus	0.13887913043478248	-0.027920869565217388	
lead_logistics	100	allure	0.6299084771528934	-0.0036493915575637192	
lead_logistics	100	line_knowledge	7.333333333333333	-2.000000000000001	
lead_logistics	100	line_institutions	5.333333333333333	-5.000000000000001	
lead_logistics	100	line_culture	7.0	-7.666666666666666	
lead_logistics	100	line_labor	6.666666666666667	-6.333333333333333	
lead_logistics	100	line_production	8.0	-6.0	
lead_logistics	100	line_infrastructure	6.0	-4.0	
lead_logistics	100	line_nutrition	9.0	-6.0	
lead_logistics	100	line_health	5.666666666666667	-6.666666666666667	
lead_logistics	100	line_demography	6.333333333333333	-5.666666666666667	
lead_logistics	100	line_logistics	10.666666666666666	-0.3333333333333339	
lead_logistics	100	line_ecology	7.0	-3.666666666666666	
lead_logistics	100	line_security	6.666666666666667	-1.666666666666667	
lead_logistics	200	population	185.47489256060476	-143.2393554244237	within
lead_logistics	200	growth_pct	0.6175251637786427	-0.3114982369766187	within
lead_logistics	200	life_expectancy	25.1759372118723	-1.7692322271219254	within
lead_logistics	200	infant_mortality	245.28471292719652	23.911666610253462	within
lead_logistics	200	child_mortality_1_4	227.6919192507681	18.590926707546032	within
lead_logistics	200	maternal_per_100k	1430.7792663415185	131.10679199115384	within
lead_logistics	200	tfr	5.805099048016031	-0.08435360547931836	within
lead_logistics	200	cbr	46.121070123561616	-0.14649210380321165	within
lead_logistics	200	cdr	40.01376005085559	2.8322441120412307	within
lead_logistics	200	food_per_worker	5.535666355456628	-0.4348532994781795	
lead_logistics	200	food_security	0.98	0.0	
lead_logistics	200	food_share	58.002322880371565	0.0	within
lead_logistics	200	defense_share	2.122394096397761	0.0	within
lead_logistics	200	diet	0.8054963079496428	-0.08511438347291911	
lead_logistics	200	health	0.9699999999999999	0.0	
lead_logistics	200	labor_efficiency	0.9235293837376407	-0.008100112045908325	
lead_logistics	200	cap_production	0.6354529364264178	-0.026282728804442157	
lead_logistics	200	craft_output	0.11631886206562052	-0.0990376346655673	
lead_logistics	200	tool_quality	0.08921428131521103	-0.09760152644471498	
lead_logistics	200	cap_infrastructure	0.6422029707631736	-0.017392747960274124	
lead_logistics	200	housing_ratio	1.0942895702463096	-0.001358679935586915	
lead_logistics	200	construction_rate	0.15779247992524306	-0.05609464387558549	
lead_logistics	200	cap_logistics	0.32366889661036646	-0.009414885394874783	
lead_logistics	200	trade_capacity	0.17897931003048498	-0.024781753645259336	
lead_logistics	200	ecology	0.2865472717805586	0.0	
lead_logistics	200	ground_health	0.954922920238046	0.08286301904065418	
lead_logistics	200	cap_institutions	0.6341178422087506	-0.04635548649708554	
lead_logistics	200	legitimacy	0.8534007363758004	-0.025974477395910966	
lead_logistics	200	state_capacity	0.08424074747441603	-0.10237354446344683	
lead_logistics	200	cap_security	0.5075158941772512	-0.041653378576751554	
lead_logistics	200	warfare_readiness	0.12696103564415565	-0.09286857194865025	
lead_logistics	200	cap_culture	0.7883840406755601	-0.02964339798994098	
lead_logistics	200	cohesion	0.8081137181144474	-0.016194651867144305	
lead_logistics	200	known	359.0	-193.33333333333337	
lead_logistics	200	per_century	84.0	-21.33333333333333	
lead_logistics	200	per_50	16.666666666666668	-28.294573643410853	below low
lead_logistics	200	education	0.739780874174354	-0.02909275745817319	
lead_logistics	200	art_found	503.6666666666667	-42.666666666666686	
lead_logistics	200	art_studied	120.0	-44.33333333333334	
lead_logistics	200	art_bonus	0.15386608695652174	-0.0441339130434783	
lead_logistics	200	allure	0.6326768081351121	-0.005928679597988151	
lead_logistics	200	line_knowledge	5.0	-5.0	
lead_logistics	200	line_institutions	5.666666666666667	-2.666666666666667	
lead_logistics	200	line_culture	10.0	3.0	
lead_logistics	200	line_labor	9.333333333333334	3.333333333333334	
lead_logistics	200	line_production	6.333333333333333	-11.0	
lead_logistics	200	line_infrastructure	8.333333333333334	3.000000000000001	
lead_logistics	200	line_nutrition	9.666666666666666	-10.333333333333334	
lead_logistics	200	line_health	8.0	3.333333333333333	
lead_logistics	200	line_demography	6.666666666666667	3.666666666666667	
lead_logistics	200	line_logistics	2.0	-6.0	
lead_logistics	200	line_ecology	6.0	-3.666666666666666	
lead_logistics	200	line_security	7.0	1.0	
lead_logistics	300	population	392.2960706188726	-451.59863737855017	within
lead_logistics	300	growth_pct	0.7807958179515259	-0.1717922156817986	within
lead_logistics	300	life_expectancy	26.004376548007627	-1.0760942091777679	within
lead_logistics	300	infant_mortality	233.9644570903744	14.188535604164315	within
lead_logistics	300	child_mortality_1_4	218.7142884975307	10.639713815601056	within
lead_logistics	300	maternal_per_100k	1391.2167725690267	111.1008209790034	within
lead_logistics	300	tfr	5.878404413438396	0.005219492101423917	within
lead_logistics	300	cbr	46.55426196896798	0.41221557694840527	within
lead_logistics	300	cdr	38.87362083819322	2.038721121744139	within
lead_logistics	300	food_per_worker	5.677655393049068	-0.21427303325973757	
lead_logistics	300	food_security	0.98	0.0	
lead_logistics	300	food_share	56.00232288037221	0.0	within
lead_logistics	300	defense_share	2.223466071895432	0.0	within
lead_logistics	300	diet	0.8646492266809259	-0.05705331586782414	
lead_logistics	300	health	0.9699999999999999	0.0	
lead_logistics	300	labor_efficiency	0.9274897778821377	-0.009694971597030255	
lead_logistics	300	cap_production	0.6474324415742901	-0.028174372241445145	
lead_logistics	300	craft_output	0.17104707183441883	-0.09670312317390697	
lead_logistics	300	tool_quality	0.11993732361396597	-0.10451709127840955	
lead_logistics	300	cap_infrastructure	0.652139444960524	-0.022401570689437378	
lead_logistics	300	housing_ratio	1.0899371453730275	-0.010585027822323179	
lead_logistics	300	construction_rate	0.1884411391354166	-0.08781541481611693	
lead_logistics	300	cap_logistics	0.35389763638392385	-0.017848440437036817	
lead_logistics	300	trade_capacity	0.21335243573977195	-0.017360220888017974	
lead_logistics	300	ecology	0.39516064478294677	0.0	
lead_logistics	300	ground_health	0.8717108591545687	0.08386275621885697	
lead_logistics	300	cap_institutions	0.6650188009787447	-0.03584070839234288	
lead_logistics	300	legitimacy	0.8707033451757799	-0.01918710405141444	
lead_logistics	300	state_capacity	0.14175839168748117	-0.0839473977156302	
lead_logistics	300	cap_security	0.5397380581512685	-0.03435017837540488	
lead_logistics	300	warfare_readiness	0.1811288735085418	-0.06851099789140583	
lead_logistics	300	cap_culture	0.8043855103802109	-0.024814475577150108	
lead_logistics	300	cohesion	0.8199564781470254	-0.013749753221025451	
lead_logistics	300	known	537.6666666666666	-146.0	
lead_logistics	300	per_century	88.33333333333333	43.33333333333333	
lead_logistics	300	per_50	28.69198312236287	10.126582278481013	within
lead_logistics	300	education	0.7527932031232413	-0.03632885544862097	
lead_logistics	300	art_found	530.3333333333334	-29.66666666666663	
lead_logistics	300	art_studied	278.3333333333333	-186.33333333333337	
lead_logistics	300	art_bonus	0.17901919565217392	-0.04328080434782611	
lead_logistics	300	allure	0.6358771020760422	-0.004962895115429911	
lead_logistics	300	line_knowledge	6.333333333333333	2.6666666666666665	
lead_logistics	300	line_institutions	4.666666666666667	1.0000000000000004	
lead_logistics	300	line_culture	10.0	7.0	
lead_logistics	300	line_labor	6.0	5.0	
lead_logistics	300	line_production	9.666666666666666	5.666666666666666	
lead_logistics	300	line_infrastructure	4.333333333333333	-5.000000000000001	
lead_logistics	300	line_nutrition	14.333333333333334	9.333333333333334	
lead_logistics	300	line_health	7.666666666666667	4.666666666666667	
lead_logistics	300	line_demography	6.333333333333333	6.333333333333333	
lead_logistics	300	line_logistics	5.333333333333333	-1.0	
lead_logistics	300	line_ecology	7.333333333333333	4.333333333333333	
lead_logistics	300	line_security	6.333333333333333	3.333333333333333	
lead_logistics	400	population	904.2532447153654	-730.9558475101504	within
lead_logistics	400	growth_pct	0.8583951028411215	0.289166977191857	within
lead_logistics	400	life_expectancy	26.91402020882605	0.22398248937756193	within
lead_logistics	400	infant_mortality	222.3981493025196	0.3250892351391883	within
lead_logistics	400	child_mortality_1_4	209.4895519733732	-2.3838533077018553	within
lead_logistics	400	maternal_per_100k	1331.2733809837373	124.99741802936137	within
lead_logistics	400	tfr	5.816438495830589	0.4213604801728268	within
lead_logistics	400	cbr	45.868529273053035	2.139504132723765	within
lead_logistics	400	cdr	37.4490490795205	-0.6416355996232141	within
lead_logistics	400	food_per_worker	5.66810840714139	-0.21802588044595161	
lead_logistics	400	food_security	0.9799999999999703	2.1094237467877974e-14	
lead_logistics	400	food_share	54.66821525358139	0.0	within
lead_logistics	400	defense_share	2.2908865185785827	0.0	within
lead_logistics	400	diet	0.9060425534684716	-0.006669907912653761	
lead_logistics	400	health	0.9699999999999999	0.0	
lead_logistics	400	labor_efficiency	0.9344783891139586	-0.012149723794551148	
lead_logistics	400	cap_production	0.6639769276201579	-0.034263195726552564	
lead_logistics	400	craft_output	0.2503140963634712	-0.08785748504120727	
lead_logistics	400	tool_quality	0.16700085130894415	-0.12639478840469753	
lead_logistics	400	cap_infrastructure	0.6665476558410334	-0.01993561316477588	
lead_logistics	400	housing_ratio	1.0949996507775612	-0.003990541848904128	
lead_logistics	400	construction_rate	0.25076822637340623	-0.06950524019667614	
lead_logistics	400	cap_logistics	0.39079985323256067	-0.009720403408906453	
lead_logistics	400	trade_capacity	0.24764358121127342	-0.019248766618075314	
lead_logistics	400	ecology	0.4730930032484955	0.0	
lead_logistics	400	ground_health	0.7918152328761617	0.049939535803525725	
lead_logistics	400	cap_institutions	0.6961640989798189	-0.024654908191772074	
lead_logistics	400	legitimacy	0.8869217798264378	-0.013070086653778512	
lead_logistics	400	state_capacity	0.21011080487444	-0.056639659275666554	
lead_logistics	400	cap_security	0.5662182474887872	-0.031114867388241763	
lead_logistics	400	warfare_readiness	0.2266977060867207	-0.05974523832821424	
lead_logistics	400	cap_culture	0.8202516016047275	-0.020726970774191056	
lead_logistics	400	cohesion	0.8323242813652091	-0.012507177565896144	
lead_logistics	400	known	731.0	-70.0	
lead_logistics	400	per_century	95.66666666666667	44.66666666666667	
lead_logistics	400	per_50	39.743589743589745	25.641025641025642	within
lead_logistics	400	education	0.7829646981418569	-0.021386136879380624	
lead_logistics	400	art_found	531.3333333333334	-28.66666666666663	
lead_logistics	400	art_studied	531.3333333333334	-28.66666666666663	
lead_logistics	400	art_bonus	0.20357282608695648	-0.04612717391304352	
lead_logistics	400	allure	0.6390503203209456	-0.004145394154838167	
lead_logistics	400	line_knowledge	11.666666666666666	2.666666666666666	
lead_logistics	400	line_institutions	8.0	4.0	
lead_logistics	400	line_culture	9.0	3.0	
lead_logistics	400	line_labor	7.333333333333333	2.333333333333333	
lead_logistics	400	line_production	15.333333333333334	10.333333333333334	
lead_logistics	400	line_infrastructure	11.333333333333334	3.333333333333334	
lead_logistics	400	line_nutrition	8.0	3.0	
lead_logistics	400	line_health	5.0	4.0	
lead_logistics	400	line_demography	2.3333333333333335	2.3333333333333335	
lead_logistics	400	line_logistics	4.0	0.0	
lead_logistics	400	line_ecology	9.333333333333334	9.333333333333334	
lead_logistics	400	line_security	4.333333333333333	0.33333333333333304	
lead_logistics	500	population	2052.3940632238923	-413.75487645341855	within
lead_logistics	500	growth_pct	0.7714449553277861	0.4062007030519362	within
lead_logistics	500	life_expectancy	26.676154672091574	0.09016689130861266	within
lead_logistics	500	infant_mortality	224.65925582064162	1.4216652546033117	within
lead_logistics	500	child_mortality_1_4	212.04279488002695	-1.2021238933354823	within
lead_logistics	500	maternal_per_100k	1298.4110785290266	110.6618986295673	within
lead_logistics	500	tfr	5.659060628191614	0.496446442004288	within
lead_logistics	500	cbr	45.52138267271198	3.405634618539203	within
lead_logistics	500	cdr	37.93498422103966	-0.545037501301536	within
lead_logistics	500	food_per_worker	5.747435588539557	-0.3007463748434951	
lead_logistics	500	food_security	0.98	0.0	
lead_logistics	500	food_share	53.33488192024718	0.0	within
lead_logistics	500	defense_share	2.3582678355770943	0.0	within
lead_logistics	500	diet	0.8684240520008916	-0.010494626365520343	
lead_logistics	500	health	0.9699999999999999	0.0	
lead_logistics	500	labor_efficiency	0.9411327952514909	-0.010469958390709078	
lead_logistics	500	cap_production	0.6874579845380376	-0.023075915568204763	
lead_logistics	500	craft_output	0.31060691137806534	-0.06286064214369025	
lead_logistics	500	tool_quality	0.2584734240031507	-0.04992656943437651	
lead_logistics	500	cap_infrastructure	0.6844382458710926	-0.01880792114742058	
lead_logistics	500	housing_ratio	1.0996323666644434	0.0017860105133926663	
lead_logistics	500	construction_rate	0.3132927333578341	-0.07187710254098911	
lead_logistics	500	cap_logistics	0.42520502910220664	-0.008189966577638874	
lead_logistics	500	trade_capacity	0.3002814587827392	-0.017984503592202827	
lead_logistics	500	ecology	0.5455106349604961	0.0	
lead_logistics	500	ground_health	0.73648620158964	0.01033640060950769	
lead_logistics	500	cap_institutions	0.7176569542337914	-0.022415337806704905	
lead_logistics	500	legitimacy	0.89596459183941	-0.011912074752425506	
lead_logistics	500	state_capacity	0.26452925027329843	-0.05145530214522215	
lead_logistics	500	cap_security	0.5963441828390329	-0.02844668174582643	
lead_logistics	500	warfare_readiness	0.2789822806873525	-0.05733023814688609	
lead_logistics	500	cap_culture	0.8276722232869855	-0.019597772955439186	
lead_logistics	500	cohesion	0.8411183042546533	-0.010883290322476591	
lead_logistics	500	known	888.3333333333334	-5.666666666666629	
lead_logistics	500	per_century	61.333333333333336	19.333333333333336	
lead_logistics	500	per_50	31.746031746031747	9.523809523809522	within
lead_logistics	500	education	0.8074666854047191	-0.016283457878012664	
lead_logistics	500	art_found	531.3333333333334	-28.66666666666663	
lead_logistics	500	art_studied	531.3333333333334	-28.66666666666663	
lead_logistics	500	art_bonus	0.22580347826086955	-0.04587652173913043	
lead_logistics	500	allure	0.6405344446573972	-0.003919554591087726	
lead_logistics	500	line_knowledge	10.333333333333334	4.000000000000001	
lead_logistics	500	line_institutions	3.3333333333333335	0.3333333333333335	
lead_logistics	500	line_culture	3.6666666666666665	0.6666666666666665	
lead_logistics	500	line_labor	1.6666666666666667	0.0	
lead_logistics	500	line_production	8.0	3.0	
lead_logistics	500	line_infrastructure	15.0	8.0	
lead_logistics	500	line_nutrition	3.6666666666666665	1.6666666666666665	
lead_logistics	500	line_health	3.0	1.0	
lead_logistics	500	line_demography	1.0	0.0	
lead_logistics	500	line_logistics	1.0	0.0	
lead_logistics	500	line_ecology	5.0	0.0	
lead_logistics	500	line_security	5.666666666666667	0.666666666666667	
lead_logistics	600	population	2938.8806245065425	-351.1396150370606	within
lead_logistics	600	growth_pct	0.28467305514619695	0.012326238192635508	within
lead_logistics	600	life_expectancy	26.32249918264853	-0.21352044630540945	within
lead_logistics	600	infant_mortality	227.65182135166387	4.182184815964831	within
lead_logistics	600	child_mortality_1_4	215.3825669139218	1.4085918295581052	within
lead_logistics	600	maternal_per_100k	1281.6765971255725	111.23979619771626	within
lead_logistics	600	tfr	5.117899547562693	0.06779709809352408	within
lead_logistics	600	cbr	41.8945938159343	0.5833122320166879	within
lead_logistics	600	cdr	39.05672309137564	0.4610241329356555	within
lead_logistics	600	food_per_worker	5.358965360276433	-0.3267120240389758	
lead_logistics	600	food_security	0.9799535529945933	-4.644700540668012e-05	
lead_logistics	600	food_share	52.001548586913	0.0	within
lead_logistics	600	defense_share	2.425649152575606	0.0	within
lead_logistics	600	diet	0.8369373325336967	-0.021139498241349863	
lead_logistics	600	health	0.9699999999999999	0.0	
lead_logistics	600	labor_efficiency	0.9473481255436442	-0.009379790335960703	
lead_logistics	600	cap_production	0.6960719396877643	-0.020745404435493442	
lead_logistics	600	craft_output	0.3566895652173913	-0.07171043478260875	
lead_logistics	600	tool_quality	0.2584839130434739	-0.049916086956525496	
lead_logistics	600	cap_infrastructure	0.6972488102346625	-0.018747189040707934	
lead_logistics	600	housing_ratio	1.1007412701838095	-0.008200158992844875	
lead_logistics	600	construction_rate	0.3566895652173913	-0.07171043478260875	
lead_logistics	600	cap_logistics	0.4389385111023372	-0.005859211129874087	
lead_logistics	600	trade_capacity	0.32451289500198205	-0.01598707881730288	
lead_logistics	600	ecology	0.6179206053486743	0.0	
lead_logistics	600	ground_health	0.7260298018488639	0.0015777747620648874	
lead_logistics	600	cap_institutions	0.7311133222483353	-0.019431276968412292	
lead_logistics	600	legitimacy	0.9038374250357593	-0.010544972718582568	
lead_logistics	600	state_capacity	0.28437499659900894	-0.048124953144353055	
lead_logistics	600	cap_security	0.6250825362637071	-0.028839359135530263	
lead_logistics	600	warfare_readiness	0.32830403673419545	-0.06439594043793656	
lead_logistics	600	cap_culture	0.836293897212845	-0.019543122071130847	
lead_logistics	600	cohesion	0.8499167342652857	-0.01033023202957084	
lead_logistics	600	known	950.0	0.0	
lead_logistics	600	per_century	19.0	1.0	
lead_logistics	600	per_50	21.05263157894737	1.7543859649122808	below low
lead_logistics	600	education	0.8200560104349739	-0.014689076053706174	
lead_logistics	600	art_found	531.3333333333334	-28.66666666666663	
lead_logistics	600	art_studied	531.3333333333334	-28.66666666666663	
lead_logistics	600	art_bonus	0.23779304347826083	-0.047806956521739136	
lead_logistics	600	allure	0.642258779442569	-0.003908624414226125	
lead_logistics	600	line_knowledge	2.0	0.0	
lead_logistics	600	line_institutions	0.0	0.0	
lead_logistics	600	line_culture	2.0	0.0	
lead_logistics	600	line_labor	1.0	0.0	
lead_logistics	600	line_production	4.0	0.0	
lead_logistics	600	line_infrastructure	2.0	0.0	
lead_logistics	600	line_nutrition	1.0	1.0	
lead_logistics	600	line_health	1.0	0.0	
lead_logistics	600	line_demography	0.0	0.0	
lead_logistics	600	line_logistics	2.0	0.0	
lead_logistics	600	line_ecology	2.0	0.0	
lead_logistics	600	line_security	2.0	0.0	
lead_ecology	100	population	114.1697887807026	-22.613823781763628	within
lead_ecology	100	growth_pct	0.27740508508047323	-0.2978276695593992	within
lead_ecology	100	life_expectancy	24.521878294848097	-0.9565462748057421	within
lead_ecology	100	infant_mortality	260.8498397807686	20.755727846667412	within
lead_ecology	100	child_mortality_1_4	234.217659655382	9.321442033944436	within
lead_ecology	100	maternal_per_100k	1806.6773130118374	398.5949309664786	within
lead_ecology	100	tfr	5.571974512003067	-0.18271006486573338	within
lead_ecology	100	cbr	45.060099268214366	-0.33697127393277526	within
lead_ecology	100	cdr	42.294328679615276	2.593992292757136	within
lead_ecology	100	food_per_worker	5.559992262692883	-0.011432728326951747	
lead_ecology	100	food_security	0.98	0.0	
lead_ecology	100	food_share	60.00232288037168	0.0	within
lead_ecology	100	defense_share	2.0213221209000527	0.0	within
lead_ecology	100	diet	0.7549064434834581	-0.047169948710219956	
lead_ecology	100	health	0.9699999999999999	0.0	
lead_ecology	100	labor_efficiency	0.9309630340557508	0.002014547123071919	
lead_ecology	100	cap_production	0.6370307589825636	-0.01152451117852471	
lead_ecology	100	craft_output	0.05810174862519066	-0.0551703001161236	
lead_ecology	100	tool_quality	0.07828967858176468	-0.04771447038413286	
lead_ecology	100	cap_infrastructure	0.5724210197715475	-0.058214917871101335	
lead_ecology	100	housing_ratio	1.12	0.02328829342716432	
lead_ecology	100	construction_rate	0.08708064299733313	-0.06096538196940808	
lead_ecology	100	cap_logistics	0.26766565069807297	-0.020021444649547027	
lead_ecology	100	trade_capacity	0.05132330743406571	-0.08425601842364783	
lead_ecology	100	ecology	0.17906000584580598	0.0	
lead_ecology	100	ground_health	0.9905351695808923	0.014520329322455505	
lead_ecology	100	cap_institutions	0.6214743981999824	-0.01299058867828784	
lead_ecology	100	legitimacy	0.8447265516405311	-0.005951070454004004	
lead_ecology	100	state_capacity	0.07105130595399968	-0.04020274214827407	
lead_ecology	100	cap_security	0.4851295364725572	-0.016131675264416945	
lead_ecology	100	warfare_readiness	0.09305443896897714	-0.03533414981466884	
lead_ecology	100	cap_culture	0.7781520987404167	-0.014637244861542165	
lead_ecology	100	cohesion	0.8030763564747083	-0.004797698716213161	
lead_ecology	100	known	201.66666666666666	-93.66666666666666	
lead_ecology	100	per_century	91.0	-49.66666666666666	
lead_ecology	100	per_50	20.62146892655367	-31.073446327683616	below low
lead_ecology	100	education	0.7208816353540245	-0.019492595758240028	
lead_ecology	100	art_found	380.3333333333333	-21.0	
lead_ecology	100	art_studied	47.666666666666664	-5.666666666666671	
lead_ecology	100	art_bonus	0.1389790434782606	-0.02782095652173927	
lead_ecology	100	allure	0.6306304195779985	-0.0029274491324586815	
lead_ecology	100	line_knowledge	6.333333333333333	-3.000000000000001	
lead_ecology	100	line_institutions	8.0	-2.333333333333334	
lead_ecology	100	line_culture	11.0	-3.666666666666666	
lead_ecology	100	line_labor	8.0	-5.0	
lead_ecology	100	line_production	7.0	-7.0	
lead_ecology	100	line_infrastructure	7.0	-3.0	
lead_ecology	100	line_nutrition	10.0	-5.0	
lead_ecology	100	line_health	5.0	-7.333333333333334	
lead_ecology	100	line_demography	6.333333333333333	-5.666666666666667	
lead_ecology	100	line_logistics	4.666666666666667	-6.333333333333333	
lead_ecology	100	line_ecology	12.0	1.333333333333334	
lead_ecology	100	line_security	5.666666666666667	-2.666666666666667	
lead_ecology	200	population	191.21476421060166	-137.4994837744268	within
lead_ecology	200	growth_pct	0.6218012075931645	-0.307222193162097	within
lead_ecology	200	life_expectancy	25.88128181075459	-1.063887628239634	within
lead_ecology	200	infant_mortality	235.21721940085362	13.844173083910562	within
lead_ecology	200	child_mortality_1_4	219.25565785051762	10.154665307295545	within
lead_ecology	200	maternal_per_100k	1472.7898609384683	173.11738658810373	within
lead_ecology	200	tfr	5.729628879035482	-0.15982377445986806	within
lead_ecology	200	cbr	45.298998375686516	-0.9685638516783115	within
lead_ecology	200	cdr	39.14939291935762	1.9678769805432594	within
lead_ecology	200	food_per_worker	5.998870099948415	0.02835044501360784	
lead_ecology	200	food_security	0.98	0.0	
lead_ecology	200	food_share	58.002322880371565	0.0	within
lead_ecology	200	defense_share	2.122394096397761	0.0	within
lead_ecology	200	diet	0.8168494956559554	-0.07376119576660645	
lead_ecology	200	health	0.9699999999999999	0.0	
lead_ecology	200	labor_efficiency	0.923491822144785	-0.008137673638764054	
lead_ecology	200	cap_production	0.6341501195930414	-0.027585545637818565	
lead_ecology	200	craft_output	0.1206637433818129	-0.09469275334937491	
lead_ecology	200	tool_quality	0.08330903096863296	-0.10350677679129305	
lead_ecology	200	cap_infrastructure	0.642907904257203	-0.016687814466244677	
lead_ecology	200	housing_ratio	1.0962550081533051	0.0006067579714086335	
lead_ecology	200	construction_rate	0.1544237154717969	-0.05946340832903166	
lead_ecology	200	cap_logistics	0.2900242759760386	-0.043059506029202665	
lead_ecology	200	trade_capacity	0.09645601731941034	-0.10730504635633398	
lead_ecology	200	ecology	0.2865472717805586	0.0	
lead_ecology	200	ground_health	0.9320913247199648	0.06003142352257296	
lead_ecology	200	cap_institutions	0.640291813215396	-0.040181515490440134	
lead_ecology	200	legitimacy	0.8572278402524982	-0.022147373519213143	
lead_ecology	200	state_capacity	0.09347200652070405	-0.09314228541715881	
lead_ecology	200	cap_security	0.504601807325355	-0.04456746542864776	
lead_ecology	200	warfare_readiness	0.11892866370480722	-0.10090094388799868	
lead_ecology	200	cap_culture	0.7921371842801048	-0.025890254385396272	
lead_ecology	200	cohesion	0.81027168299803	-0.014036686983561752	
lead_ecology	200	known	371.0	-181.33333333333337	
lead_ecology	200	per_century	88.33333333333333	-17.0	
lead_ecology	200	per_50	17.05426356589147	-27.90697674418605	below low
lead_ecology	200	education	0.731920111117862	-0.03695352051466516	
lead_ecology	200	art_found	500.3333333333333	-46.00000000000006	
lead_ecology	200	art_studied	127.33333333333333	-37.000000000000014	
lead_ecology	200	art_bonus	0.155115	-0.042885000000000034	
lead_ecology	200	allure	0.633427436856021	-0.005178050877079232	
lead_ecology	200	line_knowledge	3.6666666666666665	-6.333333333333334	
lead_ecology	200	line_institutions	6.666666666666667	-1.666666666666667	
lead_ecology	200	line_culture	9.666666666666666	2.666666666666666	
lead_ecology	200	line_labor	7.666666666666667	1.666666666666667	
lead_ecology	200	line_production	10.0	-7.333333333333332	
lead_ecology	200	line_infrastructure	6.0	0.666666666666667	
lead_ecology	200	line_nutrition	9.333333333333334	-10.666666666666666	
lead_ecology	200	line_health	9.0	4.333333333333333	
lead_ecology	200	line_demography	8.333333333333334	5.333333333333334	
lead_ecology	200	line_logistics	4.666666666666667	-3.333333333333333	
lead_ecology	200	line_ecology	7.0	-2.666666666666666	
lead_ecology	200	line_security	6.333333333333333	0.33333333333333304	
lead_ecology	300	population	423.41144910942916	-420.4832588879936	within
lead_ecology	300	growth_pct	0.8194035132051969	-0.13318452042812756	within
lead_ecology	300	life_expectancy	26.418635863589387	-0.6618348935960086	within
lead_ecology	300	infant_mortality	228.10828998005107	8.332368493840988	within
lead_ecology	300	child_mortality_1_4	213.64324301861643	5.568668336686784	within
lead_ecology	300	maternal_per_100k	1386.6363002906091	106.52034870058583	within
lead_ecology	300	tfr	5.84862298719356	-0.02456193414341179	within
lead_ecology	300	cbr	46.29705904408265	0.15501265206307835	within
lead_ecology	300	cdr	38.24778914334893	1.4128894268998522	within
lead_ecology	300	food_per_worker	5.976133740166642	0.08420531385783647	
lead_ecology	300	food_security	0.98	0.0	
lead_ecology	300	food_share	56.00232288037221	0.0	within
lead_ecology	300	defense_share	2.223466071895432	0.0	within
lead_ecology	300	diet	0.871318496235451	-0.05038404631329907	
lead_ecology	300	health	0.9699999999999999	0.0	
lead_ecology	300	labor_efficiency	0.9281192705174922	-0.009065478961675755	
lead_ecology	300	cap_production	0.6457522369418873	-0.02985457687384796	
lead_ecology	300	craft_output	0.17015638053141302	-0.09759381447691279	
lead_ecology	300	tool_quality	0.11437857115631327	-0.11007584373606226	
lead_ecology	300	cap_infrastructure	0.6524676202867289	-0.022073395363232495	
lead_ecology	300	housing_ratio	1.0962164811212531	-0.004305692074097589	
lead_ecology	300	construction_rate	0.19155487137507346	-0.08470168257646007	
lead_ecology	300	cap_logistics	0.3189756657336654	-0.052770411087295244	
lead_ecology	300	trade_capacity	0.11205291286990164	-0.11865974375788828	
lead_ecology	300	ecology	0.39516064478294677	0.0	
lead_ecology	300	ground_health	0.8565718063322034	0.0687237033964917	
lead_ecology	300	cap_institutions	0.672959509669042	-0.027899999702045486	
lead_ecology	300	legitimacy	0.8758334359303609	-0.014057013296833398	
lead_ecology	300	state_capacity	0.15352350412876972	-0.07218228527434165	
lead_ecology	300	cap_security	0.5402923660241145	-0.033795870502558945	
lead_ecology	300	warfare_readiness	0.18541689398015795	-0.06422297741978966	
lead_ecology	300	cap_culture	0.8086775955981417	-0.020522390359219322	
lead_ecology	300	cohesion	0.8227500112253959	-0.01095622014265496	
lead_ecology	300	known	550.3333333333334	-133.33333333333326	
lead_ecology	300	per_century	93.0	48.0	
lead_ecology	300	per_50	24.05063291139241	5.485232067510552	below low
lead_ecology	300	education	0.7480923276765375	-0.04102973089532469	
lead_ecology	300	art_found	525.0	-35.0	
lead_ecology	300	art_studied	289.3333333333333	-175.33333333333337	
lead_ecology	300	art_bonus	0.17811997826086956	-0.044180021739130465	
lead_ecology	300	allure	0.6367355191196283	-0.004104478071843776	
lead_ecology	300	line_knowledge	10.333333333333334	6.666666666666668	
lead_ecology	300	line_institutions	9.666666666666666	6.0	
lead_ecology	300	line_culture	9.333333333333334	6.333333333333334	
lead_ecology	300	line_labor	6.333333333333333	5.333333333333333	
lead_ecology	300	line_production	10.0	6.0	
lead_ecology	300	line_infrastructure	4.333333333333333	-5.000000000000001	
lead_ecology	300	line_nutrition	16.666666666666668	11.666666666666668	
lead_ecology	300	line_health	6.0	3.0	
lead_ecology	300	line_demography	5.0	5.0	
lead_ecology	300	line_logistics	5.666666666666667	-0.6666666666666661	
lead_ecology	300	line_ecology	3.0	0.0	
lead_ecology	300	line_security	6.666666666666667	3.666666666666667	
lead_ecology	400	population	992.470533415568	-642.7385588099479	within
lead_ecology	400	growth_pct	0.8710804196541947	0.3018522940049302	within
lead_ecology	400	life_expectancy	27.021407218623924	0.33136949917543745	within
lead_ecology	400	infant_mortality	221.1092078096982	-0.9638522576822197	within
lead_ecology	400	child_mortality_1_4	208.38650552955792	-3.486899751517143	within
lead_ecology	400	maternal_per_100k	1324.911909825055	118.63594687067916	within
lead_ecology	400	tfr	5.803610597339038	0.4085325816812757	within
lead_ecology	400	cbr	45.757247740618574	2.028222600289304	within
lead_ecology	400	cdr	37.21757525382559	-0.8731094253181197	within
lead_ecology	400	food_per_worker	5.926414057127771	0.040279769540429555	
lead_ecology	400	food_security	0.9799999999999928	4.3520742565306136e-14	
lead_ecology	400	food_share	54.66821525358139	0.0	within
lead_ecology	400	defense_share	2.2908865185785827	0.0	within
lead_ecology	400	diet	0.9070674797091952	-0.0056449816719301715	
lead_ecology	400	health	0.9699999999999999	0.0	
lead_ecology	400	labor_efficiency	0.9344046524610018	-0.012223460447507994	
lead_ecology	400	cap_production	0.6619412270375914	-0.03629889630911909	
lead_ecology	400	craft_output	0.2562147131632026	-0.08195686824147586	
lead_ecology	400	tool_quality	0.1578133011199754	-0.13558233859366628	
lead_ecology	400	cap_infrastructure	0.6650221998838398	-0.021461069121969434	
lead_ecology	400	housing_ratio	1.0996857060313052	0.0006955134048398648	
lead_ecology	400	construction_rate	0.24033872704465842	-0.07993473952542396	
lead_ecology	400	cap_logistics	0.3573223833355656	-0.043197873305901524	
lead_ecology	400	trade_capacity	0.1774469874929586	-0.08944536033639014	
lead_ecology	400	ecology	0.4730930032484955	0.0	
lead_ecology	400	ground_health	0.7865868887574966	0.044711191684860596	
lead_ecology	400	cap_institutions	0.6927994783756288	-0.028019528795962145	
lead_ecology	400	legitimacy	0.8852187349335342	-0.014773131546682139	
lead_ecology	400	state_capacity	0.20082772084101164	-0.06592274330909492	
lead_ecology	400	cap_security	0.5623346712596891	-0.03499844361733995	
lead_ecology	400	warfare_readiness	0.22233304201231163	-0.06410990240262332	
lead_ecology	400	cap_culture	0.8172674660291226	-0.023711106349796007	
lead_ecology	400	cohesion	0.830737564874202	-0.0140938940569032	
lead_ecology	400	known	725.3333333333334	-75.66666666666663	
lead_ecology	400	per_century	93.0	42.0	
lead_ecology	400	per_50	38.03418803418803	23.931623931623925	within
lead_ecology	400	education	0.7790623238678415	-0.02528851115339603	
lead_ecology	400	art_found	526.6666666666666	-33.33333333333337	
lead_ecology	400	art_studied	526.6666666666666	-33.33333333333337	
lead_ecology	400	art_bonus	0.20378930434782605	-0.045910695652173955	
lead_ecology	400	allure	0.6384534932058245	-0.004742221269959268	
lead_ecology	400	line_knowledge	9.666666666666666	0.6666666666666661	
lead_ecology	400	line_institutions	6.0	2.0	
lead_ecology	400	line_culture	9.0	3.0	
lead_ecology	400	line_labor	7.666666666666667	2.666666666666667	
lead_ecology	400	line_production	12.666666666666666	7.666666666666666	
lead_ecology	400	line_infrastructure	11.666666666666666	3.666666666666666	
lead_ecology	400	line_nutrition	9.0	4.0	
lead_ecology	400	line_health	4.0	3.0	
lead_ecology	400	line_demography	2.6666666666666665	2.6666666666666665	
lead_ecology	400	line_logistics	16.333333333333332	12.333333333333332	
lead_ecology	400	line_ecology	0.3333333333333333	0.3333333333333333	
lead_ecology	400	line_security	4.0	0.0	
lead_ecology	500	population	2171.0674261922545	-295.08151348505635	within
lead_ecology	500	growth_pct	0.6876370840854277	0.32239283180957773	within
lead_ecology	500	life_expectancy	26.513669384362768	-0.07231839642019366	within
lead_ecology	500	infant_mortality	225.99555884088815	2.757968274849844	within
lead_ecology	500	child_mortality_1_4	213.33366516009406	0.08874638673162849	within
lead_ecology	500	maternal_per_100k	1300.6762941873826	112.92711428792336	within
lead_ecology	500	tfr	5.5545730180472335	0.3919588318599079	within
lead_ecology	500	cbr	45.27279378035084	3.157045726178062	within
lead_ecology	500	cdr	38.48650828859382	0.006486566252618786	within
lead_ecology	500	food_per_worker	5.9129481304911975	-0.13523383289185453	
lead_ecology	500	food_security	0.98	0.0	
lead_ecology	500	food_share	53.33488192024718	0.0	within
lead_ecology	500	defense_share	2.3582678355770943	0.0	within
lead_ecology	500	diet	0.8631939079999377	-0.01572477036647424	
lead_ecology	500	health	0.9699999999999999	0.0	
lead_ecology	500	labor_efficiency	0.9425957182080552	-0.009007035434144717	
lead_ecology	500	cap_production	0.6882166607184255	-0.022317239387816934	
lead_ecology	500	craft_output	0.3106320490907552	-0.06283550443100039	
lead_ecology	500	tool_quality	0.25677592563691803	-0.051624067800609186	
lead_ecology	500	cap_infrastructure	0.6845648444035303	-0.018681322614982898	
lead_ecology	500	housing_ratio	1.1038144948667215	0.005968138715670701	
lead_ecology	500	construction_rate	0.31246804684673557	-0.07270178905208763	
lead_ecology	500	cap_logistics	0.3987907485752593	-0.034604247104586205	
lead_ecology	500	trade_capacity	0.25994140706419816	-0.058324555310743875	
lead_ecology	500	ecology	0.5455106349604961	0.0	
lead_ecology	500	ground_health	0.7407267585967201	0.014576957616587838	
lead_ecology	500	cap_institutions	0.7176621578859921	-0.022410134154504213	
lead_ecology	500	legitimacy	0.8964334490900109	-0.011443217501824643	
lead_ecology	500	state_capacity	0.26058806158773784	-0.05539649083078274	
lead_ecology	500	cap_security	0.5957647234576013	-0.029026141127257987	
lead_ecology	500	warfare_readiness	0.2785879680113286	-0.05772455082290995	
lead_ecology	500	cap_culture	0.8281978461051582	-0.019072150137266486	
lead_ecology	500	cohesion	0.8422031436511775	-0.009798450925952329	
lead_ecology	500	known	889.6666666666666	-4.333333333333371	
lead_ecology	500	per_century	62.333333333333336	20.333333333333336	
lead_ecology	500	per_50	32.804232804232804	10.582010582010579	within
lead_ecology	500	education	0.800756878654675	-0.02299326462805673	
lead_ecology	500	art_found	526.6666666666666	-33.33333333333337	
lead_ecology	500	art_studied	526.6666666666666	-33.33333333333337	
lead_ecology	500	art_bonus	0.22580347826086955	-0.04587652173913043	
lead_ecology	500	allure	0.6406395692210317	-0.003814430027453186	
lead_ecology	500	line_knowledge	12.333333333333334	6.000000000000001	
lead_ecology	500	line_institutions	3.3333333333333335	0.3333333333333335	
lead_ecology	500	line_culture	3.6666666666666665	0.6666666666666665	
lead_ecology	500	line_labor	2.0	0.33333333333333326	
lead_ecology	500	line_production	5.0	0.0	
lead_ecology	500	line_infrastructure	17.333333333333332	10.333333333333332	
lead_ecology	500	line_nutrition	2.0	0.0	
lead_ecology	500	line_health	3.0	1.0	
lead_ecology	500	line_demography	1.0	0.0	
lead_ecology	500	line_logistics	1.3333333333333333	0.33333333333333326	
lead_ecology	500	line_ecology	5.0	0.0	
lead_ecology	500	line_security	6.333333333333333	1.333333333333333	
lead_ecology	600	population	3009.1990449428718	-280.82119460073136	within
lead_ecology	600	growth_pct	0.27910206447213276	0.006755247518571317	within
lead_ecology	600	life_expectancy	26.339156759135562	-0.19686286981837853	within
lead_ecology	600	infant_mortality	227.37082197997339	3.901185444274347	within
lead_ecology	600	child_mortality_1_4	215.11217141727164	1.1381963329079383	within
lead_ecology	600	maternal_per_100k	1283.5404671389795	113.10366621112325	within
lead_ecology	600	tfr	5.111904748051844	0.061802298582674275	within
lead_ecology	600	cbr	41.819277526740926	0.5079959428233138	within
lead_ecology	600	cdr	39.03664669265181	0.4409477342118251	within
lead_ecology	600	food_per_worker	5.547389145078758	-0.13828823923665112	
lead_ecology	600	food_security	0.98	0.0	
lead_ecology	600	food_share	52.001548586913	0.0	within
lead_ecology	600	defense_share	2.425649152575606	0.0	within
lead_ecology	600	diet	0.8359561262987812	-0.02212070447626535	
lead_ecology	600	health	0.9699999999999999	0.0	
lead_ecology	600	labor_efficiency	0.9475744609736525	-0.00915345490595243	
lead_ecology	600	cap_production	0.69528376115024	-0.021533582973017662	
lead_ecology	600	craft_output	0.3566895652173913	-0.07171043478260875	
lead_ecology	600	tool_quality	0.2567765217391296	-0.05162347826086977	
lead_ecology	600	cap_infrastructure	0.6976545669852628	-0.01834143229010754	
lead_ecology	600	housing_ratio	1.106892248707138	-0.0020491804695164095	
lead_ecology	600	construction_rate	0.3566895652173913	-0.07171043478260875	
lead_ecology	600	cap_logistics	0.4101183299573435	-0.034679392274867826	
lead_ecology	600	trade_capacity	0.2816271780538501	-0.058872795765434804	
lead_ecology	600	ecology	0.6179206053486743	0.0	
lead_ecology	600	ground_health	0.7349319076673412	0.010479880580542167	
lead_ecology	600	cap_institutions	0.7293036825300173	-0.021240916686730227	
lead_ecology	600	legitimacy	0.903204786495088	-0.011177611259253872	
lead_ecology	600	state_capacity	0.2773434349661165	-0.05515651477724548	
lead_ecology	600	cap_security	0.6225692395202466	-0.03135265587899083	
lead_ecology	600	warfare_readiness	0.3269649107728632	-0.0657350663992688	
lead_ecology	600	cap_culture	0.8359005041615367	-0.019936515122439102	
lead_ecology	600	cohesion	0.8495989077770248	-0.010648058517831682	
lead_ecology	600	known	950.0	0.0	
lead_ecology	600	per_century	19.0	1.0	
lead_ecology	600	per_50	21.05263157894737	1.7543859649122808	below low
lead_ecology	600	education	0.8118338913213482	-0.022911195167331866	
lead_ecology	600	art_found	526.6666666666666	-33.33333333333337	
lead_ecology	600	art_studied	526.6666666666666	-33.33333333333337	
lead_ecology	600	art_bonus	0.23779304347826083	-0.047806956521739136	
lead_ecology	600	allure	0.6421801008323075	-0.003987303024487687	
lead_ecology	600	line_knowledge	2.0	0.0	
lead_ecology	600	line_institutions	0.0	0.0	
lead_ecology	600	line_culture	2.0	0.0	
lead_ecology	600	line_labor	1.0	0.0	
lead_ecology	600	line_production	4.0	0.0	
lead_ecology	600	line_infrastructure	2.0	0.0	
lead_ecology	600	line_nutrition	1.0	1.0	
lead_ecology	600	line_health	1.0	0.0	
lead_ecology	600	line_demography	0.0	0.0	
lead_ecology	600	line_logistics	2.0	0.0	
lead_ecology	600	line_ecology	2.0	0.0	
lead_ecology	600	line_security	2.0	0.0	
lead_security	100	population	110.7680546093498	-26.015557953116428	within
lead_security	100	growth_pct	0.2566736134523258	-0.31855914118754663	within
lead_security	100	life_expectancy	24.57473160726505	-0.9036929623887886	within
lead_security	100	infant_mortality	259.5822967507758	19.488184816674618	within
lead_security	100	child_mortality_1_4	234.21935432415668	9.323136702719125	within
lead_security	100	maternal_per_100k	1798.941683429979	390.85930138462027	within
lead_security	100	tfr	5.578179368608055	-0.17650520826074523	within
lead_security	100	cbr	45.06453199567187	-0.3325385464752699	within
lead_security	100	cdr	42.504594735518246	2.804258348660106	within
lead_security	100	food_per_worker	4.682263830754819	-0.889161160265016	
lead_security	100	food_security	0.9798891738800047	-0.00011082611999524428	
lead_security	100	food_share	60.00232288037168	0.0	within
lead_security	100	defense_share	2.0213221209000527	0.0	within
lead_security	100	diet	0.7518061068840868	-0.05027028530959132	
lead_security	100	health	0.9699999999999999	0.0	
lead_security	100	labor_efficiency	0.9307669920144569	0.0018185050817780546	
lead_security	100	cap_production	0.6355724142094519	-0.012982855951636396	
lead_security	100	craft_output	0.10659041702674994	-0.006681631714564318	
lead_security	100	tool_quality	0.08025890291522547	-0.04574524605067207	
lead_security	100	cap_infrastructure	0.6102027116462218	-0.02043322599642705	
lead_security	100	housing_ratio	1.12	0.02328829342716432	
lead_security	100	construction_rate	0.11317274572808263	-0.034873279238658586	
lead_security	100	cap_logistics	0.26648735380961025	-0.021199741538009742	
lead_security	100	trade_capacity	0.06909495657598072	-0.06648436928173282	
lead_security	100	ecology	0.17906000584580598	0.0	
lead_security	100	ground_health	0.9685393227391833	-0.007475517519253461	
lead_security	100	cap_institutions	0.6133330652455284	-0.0211319216327418	
lead_security	100	legitimacy	0.8430170433131531	-0.007660578781382044	
lead_security	100	state_capacity	0.04213493073368194	-0.0691191173685918	
lead_security	100	cap_security	0.5141418385106248	0.01288062677365065	
lead_security	100	warfare_readiness	0.16426307783159896	0.035874489047952984	
lead_security	100	cap_culture	0.7744830895175475	-0.018306254084411333	
lead_security	100	cohesion	0.7996136466594731	-0.008260408531448382	
lead_security	100	known	188.66666666666666	-106.66666666666666	
lead_security	100	per_century	78.33333333333333	-62.33333333333333	
lead_security	100	per_50	20.338983050847457	-31.35593220338983	below low
lead_security	100	education	0.7170137638554822	-0.023360467256782314	
lead_security	100	art_found	388.0	-13.333333333333314	
lead_security	100	art_studied	51.0	-2.3333333333333357	
lead_security	100	art_bonus	0.1368808695652174	-0.029919130434782476	
lead_security	100	allure	0.6298966178229816	-0.003661250887475598	
lead_security	100	line_knowledge	5.0	-4.333333333333334	
lead_security	100	line_institutions	5.666666666666667	-4.666666666666667	
lead_security	100	line_culture	9.333333333333334	-5.333333333333332	
lead_security	100	line_labor	10.0	-3.0	
lead_security	100	line_production	3.3333333333333335	-10.666666666666666	
lead_security	100	line_infrastructure	6.333333333333333	-3.666666666666667	
lead_security	100	line_nutrition	7.333333333333333	-7.666666666666667	
lead_security	100	line_health	5.666666666666667	-6.666666666666667	
lead_security	100	line_demography	6.666666666666667	-5.333333333333333	
lead_security	100	line_logistics	4.666666666666667	-6.333333333333333	
lead_security	100	line_ecology	5.666666666666667	-4.999999999999999	
lead_security	100	line_security	8.666666666666666	0.33333333333333215	
lead_security	200	population	193.36542446549038	-135.3488235195381	within
lead_security	200	growth_pct	0.6188433137283974	-0.31018008702686406	within
lead_security	200	life_expectancy	25.18144838875071	-1.7637210502435146	within
lead_security	200	infant_mortality	245.10555386831723	23.73250755137417	within
lead_security	200	child_mortality_1_4	227.4862701992056	18.385277655983515	within
lead_security	200	maternal_per_100k	1421.3477861760518	121.67531182568723	within
lead_security	200	tfr	5.791683763172325	-0.0977688903230245	within
lead_security	200	cbr	46.19083561310367	-0.07672661426115468	within
lead_security	200	cdr	40.070018704452785	2.888502765638428	within
lead_security	200	food_per_worker	5.511602654132228	-0.4589170008025789	
lead_security	200	food_security	0.98	0.0	
lead_security	200	food_share	58.002322880371565	0.0	within
lead_security	200	defense_share	2.122394096397761	0.0	within
lead_security	200	diet	0.8088611553263109	-0.08174953609625102	
lead_security	200	health	0.9699999999999999	0.0	
lead_security	200	labor_efficiency	0.9224181608423896	-0.009211334941159444	
lead_security	200	cap_production	0.6382675529969446	-0.023468112233915317	
lead_security	200	craft_output	0.1439099070238136	-0.07144658970737422	
lead_security	200	tool_quality	0.11231799657622281	-0.0744978111837032	
lead_security	200	cap_infrastructure	0.6422250324847587	-0.01737068623868898	
lead_security	200	housing_ratio	1.087404395733965	-0.00824385444793152	
lead_security	200	construction_rate	0.16207275482326955	-0.051814368977559006	
lead_security	200	cap_logistics	0.2936812023658227	-0.03940257963941857	
lead_security	200	trade_capacity	0.09524158684935069	-0.10851947682639362	
lead_security	200	ecology	0.2865472717805586	0.0	
lead_security	200	ground_health	0.9476436066377074	0.07558370544031556	
lead_security	200	cap_institutions	0.6346067538870277	-0.0458665748188084	
lead_security	200	legitimacy	0.8564137425902274	-0.02296147118148395	
lead_security	200	state_capacity	0.07421540999282837	-0.11239888194503449	
lead_security	200	cap_security	0.5505011294870653	0.0013318567330625752	
lead_security	200	warfare_readiness	0.2295188260540267	0.009689218461220811	
lead_security	200	cap_culture	0.7893174828204931	-0.028709955845008017	
lead_security	200	cohesion	0.8068929143229461	-0.017415455658645662	
lead_security	200	known	356.6666666666667	-195.66666666666669	
lead_security	200	per_century	83.66666666666667	-21.666666666666657	
lead_security	200	per_50	20.15503875968992	-24.806201550387602	below low
lead_security	200	education	0.7333963668650286	-0.03547726476749857	
lead_security	200	art_found	510.3333333333333	-36.00000000000006	
lead_security	200	art_studied	130.66666666666666	-33.666666666666686	
lead_security	200	art_bonus	0.15777934782608696	-0.040220652173913074	
lead_security	200	allure	0.6328634965640987	-0.005741991169001537	
lead_security	200	line_knowledge	4.0	-6.0	
lead_security	200	line_institutions	7.666666666666667	-0.666666666666667	
lead_security	200	line_culture	13.0	6.0	
lead_security	200	line_labor	6.666666666666667	0.666666666666667	
lead_security	200	line_production	5.666666666666667	-11.666666666666664	
lead_security	200	line_infrastructure	9.0	3.666666666666667	
lead_security	200	line_nutrition	8.333333333333334	-11.666666666666666	
lead_security	200	line_health	6.666666666666667	2.0	
lead_security	200	line_demography	8.0	5.0	
lead_security	200	line_logistics	4.666666666666667	-3.333333333333333	
lead_security	200	line_ecology	5.0	-4.666666666666666	
lead_security	200	line_security	5.0	-1.0	
lead_security	300	population	390.4987467530607	-453.39596124436207	within
lead_security	300	growth_pct	0.7333450246226928	-0.21924300901063165	within
lead_security	300	life_expectancy	25.68415532389947	-1.396315433285924	within
lead_security	300	infant_mortality	238.17985057912097	18.403929092910886	within
lead_security	300	child_mortality_1_4	222.44621105154442	14.371636369614777	within
lead_security	300	maternal_per_100k	1392.4554956892905	112.33954409926719	within
lead_security	300	tfr	5.873924082375452	0.0007391610384797076	within
lead_security	300	cbr	46.59134273175198	0.4492963397324061	within
lead_security	300	cdr	39.36502249761039	2.5301227811613103	within
lead_security	300	food_per_worker	5.707307175973618	-0.18462125033518717	
lead_security	300	food_security	0.98	0.0	
lead_security	300	food_share	56.00232288037221	0.0	within
lead_security	300	defense_share	2.223466071895432	0.0	within
lead_security	300	diet	0.8652735018657816	-0.0564290406829685	
lead_security	300	health	0.9699999999999999	0.0	
lead_security	300	labor_efficiency	0.927970715261187	-0.009214034217980949	
lead_security	300	cap_production	0.6472138628591547	-0.028392950956580565	
lead_security	300	craft_output	0.18532823016043357	-0.08242196484789224	
lead_security	300	tool_quality	0.11635234076803558	-0.10810207412433995	
lead_security	300	cap_infrastructure	0.6496293485770352	-0.024911667072926136	
lead_security	300	housing_ratio	1.0908078452815575	-0.00971432791379323	
lead_security	300	construction_rate	0.1845849835103013	-0.09167157044123223	
lead_security	300	cap_logistics	0.32329602824615056	-0.04845004857481011	
lead_security	300	trade_capacity	0.11207480049439945	-0.11863785613339047	
lead_security	300	ecology	0.39516064478294677	0.0	
lead_security	300	ground_health	0.8706600131992032	0.08281191026349144	
lead_security	300	cap_institutions	0.6710992513296113	-0.029760258041476195	
lead_security	300	legitimacy	0.8748964181500432	-0.014994031077151138	
lead_security	300	state_capacity	0.15413603332012585	-0.07156975608298552	
lead_security	300	cap_security	0.5761450819890698	0.0020568454623963728	
lead_security	300	warfare_readiness	0.26717443294490373	0.017534561544956112	
lead_security	300	cap_culture	0.8072988843556451	-0.021901101601715878	
lead_security	300	cohesion	0.8220453226746236	-0.011660908693427285	
lead_security	300	known	527.6666666666666	-156.0	
lead_security	300	per_century	80.66666666666667	35.66666666666667	
lead_security	300	per_50	25.316455696202535	6.751054852320678	within
lead_security	300	education	0.7473929208995687	-0.04172913767229358	
lead_security	300	art_found	535.3333333333334	-24.66666666666663	
lead_security	300	art_studied	291.0	-173.66666666666669	
lead_security	300	art_bonus	0.1786445217391304	-0.04365547826086963	
lead_security	300	allure	0.6364597768711291	-0.00438022032034302	
lead_security	300	line_knowledge	7.666666666666667	4.0	
lead_security	300	line_institutions	5.666666666666667	2.0000000000000004	
lead_security	300	line_culture	8.0	5.0	
lead_security	300	line_labor	5.0	4.0	
lead_security	300	line_production	8.0	4.0	
lead_security	300	line_infrastructure	2.3333333333333335	-7.0	
lead_security	300	line_nutrition	14.666666666666666	9.666666666666666	
lead_security	300	line_health	7.333333333333333	4.333333333333333	
lead_security	300	line_demography	6.666666666666667	6.666666666666667	
lead_security	300	line_logistics	6.333333333333333	0.0	
lead_security	300	line_ecology	7.0	4.0	
lead_security	300	line_security	2.0	-1.0	
lead_security	400	population	900.991412894959	-734.2176793305568	within
lead_security	400	growth_pct	0.8607852366535607	0.29155711100429615	within
lead_security	400	life_expectancy	26.95393812716935	0.26390040772086465	within
lead_security	400	infant_mortality	222.04946532444697	-0.023594742933454427	within
lead_security	400	child_mortality_1_4	209.25598846027106	-2.61741682080401	within
lead_security	400	maternal_per_100k	1324.1415283709255	117.86556541654954	within
lead_security	400	tfr	5.815151571722602	0.42007355606483987	within
lead_security	400	cbr	45.85510919215924	2.12608405182997	within
lead_security	400	cdr	37.412907807028894	-0.6777768721148192	within
lead_security	400	food_per_worker	5.64980858377795	-0.236325703809392	
lead_security	400	food_security	0.9799999999999711	2.1871393585115584e-14	
lead_security	400	food_share	54.66821525358139	0.0	within
lead_security	400	defense_share	2.2908865185785827	0.0	within
lead_security	400	diet	0.9105887250943113	-0.0021237362868140597	
lead_security	400	health	0.9699999999999999	0.0	
lead_security	400	labor_efficiency	0.9341172404398591	-0.01251087246865068	
lead_security	400	cap_production	0.6624119965175449	-0.035828126829165585	
lead_security	400	craft_output	0.2612894421267126	-0.07688213927796583	
lead_security	400	tool_quality	0.15799064961822934	-0.13540499009541235	
lead_security	400	cap_infrastructure	0.6623412589511196	-0.024142010054689633	
lead_security	400	housing_ratio	1.0952243050766324	-0.0037658875498329802	
lead_security	400	construction_rate	0.23712725138933877	-0.08314621518074361	
lead_security	400	cap_logistics	0.3579530936426112	-0.042567162998855934	
lead_security	400	trade_capacity	0.1460045505735639	-0.12088779725578483	
lead_security	400	ecology	0.4730930032484955	0.0	
lead_security	400	ground_health	0.7924057757873283	0.050530078714692284	
lead_security	400	cap_institutions	0.6955315081762561	-0.02528749899533489	
lead_security	400	legitimacy	0.887933733214672	-0.01205813326554439	
lead_security	400	state_capacity	0.20413188280993189	-0.06261858134017467	
lead_security	400	cap_security	0.598881593061457	0.0015484781844280482	
lead_security	400	warfare_readiness	0.3088580291931537	0.02241508477821874	
lead_security	400	cap_culture	0.8189319814946677	-0.022046590884250872	
lead_security	400	cohesion	0.8308195164141182	-0.014011942516987008	
lead_security	400	known	712.3333333333334	-88.66666666666663	
lead_security	400	per_century	96.66666666666667	45.66666666666667	
lead_security	400	per_50	39.31623931623932	25.213675213675216	within
lead_security	400	education	0.7789336943150231	-0.02541714070621437	
lead_security	400	art_found	536.3333333333334	-23.66666666666663	
lead_security	400	art_studied	536.3333333333334	-23.66666666666663	
lead_security	400	art_bonus	0.20400578260869562	-0.04569421739130439	
lead_security	400	allure	0.6387863962989336	-0.0044093181768500855	
lead_security	400	line_knowledge	9.333333333333334	0.3333333333333339	
lead_security	400	line_institutions	7.0	3.0	
lead_security	400	line_culture	9.666666666666666	3.666666666666666	
lead_security	400	line_labor	7.0	2.0	
lead_security	400	line_production	13.333333333333334	8.333333333333334	
lead_security	400	line_infrastructure	12.333333333333334	4.333333333333334	
lead_security	400	line_nutrition	7.0	2.0	
lead_security	400	line_health	4.0	3.0	
lead_security	400	line_demography	3.0	3.0	
lead_security	400	line_logistics	10.333333333333334	6.333333333333334	
lead_security	400	line_ecology	9.666666666666666	9.666666666666666	
lead_security	400	line_security	4.0	0.0	
lead_security	500	population	2061.2887282091583	-404.86021146815256	within
lead_security	500	growth_pct	0.7780483945164433	0.4128041422405933	within
lead_security	500	life_expectancy	26.63050447251921	0.044516691736248504	within
lead_security	500	infant_mortality	225.19522746790776	1.9576369018694493	within
lead_security	500	child_mortality_1_4	212.5596809350893	-0.6852378382731388	within
lead_security	500	maternal_per_100k	1295.9773681416982	108.22818824223896	within
lead_security	500	tfr	5.660625442653594	0.49801125646626865	within
lead_security	500	cbr	45.68613293052931	3.5703848763565347	within
lead_security	500	cdr	38.03252240725189	-0.44749931508930985	within
lead_security	500	food_per_worker	5.712755969925838	-0.33542599345721413	
lead_security	500	food_security	0.98	0.0	
lead_security	500	food_share	53.33488192024718	0.0	within
lead_security	500	defense_share	2.3582678355770943	0.0	within
lead_security	500	diet	0.8685707212686405	-0.010347957097771365	
lead_security	500	health	0.9699999999999999	0.0	
lead_security	500	labor_efficiency	0.940896978903524	-0.010705774738675955	
lead_security	500	cap_production	0.6887257363986129	-0.021808163707629502	
lead_security	500	craft_output	0.3216329756203253	-0.05183457790143031	
lead_security	500	tool_quality	0.25895025993970733	-0.04944973349781989	
lead_security	500	cap_infrastructure	0.6832593706869595	-0.019986796331553647	
lead_security	500	housing_ratio	1.0977927265364935	-5.3629614557237915e-05	
lead_security	500	construction_rate	0.3101665841405155	-0.07500325175830769	
lead_security	500	cap_logistics	0.39887140757289813	-0.03452358810694739	
lead_security	500	trade_capacity	0.2596056920214752	-0.058660270353466826	
lead_security	500	ecology	0.5455106349604961	0.0	
lead_security	500	ground_health	0.736820668246715	0.010670867266582729	
lead_security	500	cap_institutions	0.7190730000350617	-0.0209992920054346	
lead_security	500	legitimacy	0.8983301654560844	-0.009546501135751173	
lead_security	500	state_capacity	0.26237694460010647	-0.053607607818414116	
lead_security	500	cap_security	0.6306849304820653	0.00589406589720598	
lead_security	500	warfare_readiness	0.36624126932202117	0.029928750487782596	
lead_security	500	cap_culture	0.8279343431457336	-0.019335653096691163	
lead_security	500	cohesion	0.8408309030960127	-0.011170691481117156	
lead_security	500	known	887.3333333333334	-6.666666666666629	
lead_security	500	per_century	66.0	24.0	
lead_security	500	per_50	33.333333333333336	11.11111111111111	within
lead_security	500	education	0.8013238243672186	-0.022426318915513166	
lead_security	500	art_found	536.3333333333334	-23.66666666666663	
lead_security	500	art_studied	536.3333333333334	-23.66666666666663	
lead_security	500	art_bonus	0.22580347826086955	-0.04587652173913043	
lead_security	500	allure	0.6405868686291467	-0.0038671306193381882	
lead_security	500	line_knowledge	12.666666666666666	6.333333333333333	
lead_security	500	line_institutions	3.6666666666666665	0.6666666666666665	
lead_security	500	line_culture	3.6666666666666665	0.6666666666666665	
lead_security	500	line_labor	2.0	0.33333333333333326	
lead_security	500	line_production	5.666666666666667	0.666666666666667	
lead_security	500	line_infrastructure	20.0	13.0	
lead_security	500	line_nutrition	2.6666666666666665	0.6666666666666665	
lead_security	500	line_health	3.0	1.0	
lead_security	500	line_demography	1.0	0.0	
lead_security	500	line_logistics	1.6666666666666667	0.6666666666666667	
lead_security	500	line_ecology	5.0	0.0	
lead_security	500	line_security	5.0	0.0	
lead_security	600	population	2937.344316507817	-352.6759230357861	within
lead_security	600	growth_pct	0.2845859772247013	0.01223916027113986	within
lead_security	600	life_expectancy	26.3425150686204	-0.19350456033354035	within
lead_security	600	infant_mortality	227.6288862371429	4.159249701443855	within
lead_security	600	child_mortality_1_4	215.3593148936047	1.3853398092410032	within
lead_security	600	maternal_per_100k	1278.235926658502	107.79912573064576	within
lead_security	600	tfr	5.1141836532158145	0.06408120374664517	within
lead_security	600	cbr	41.86176950629066	0.5504879223730512	within
lead_security	600	cdr	39.024729872188324	0.4290309137483419	within
lead_security	600	food_per_worker	5.355682523175382	-0.32999486114002696	
lead_security	600	food_security	0.9799522893454559	-4.771065454411971e-05	
lead_security	600	food_share	52.001548586913	0.0	within
lead_security	600	defense_share	2.425649152575606	0.0	within
lead_security	600	diet	0.8368376375456538	-0.021239193229392828	
lead_security	600	health	0.9699999999999999	0.0	
lead_security	600	labor_efficiency	0.9457903404137541	-0.010937575465850835	
lead_security	600	cap_production	0.6969763566807545	-0.019840987442503177	
lead_security	600	craft_output	0.3566895652173913	-0.07171043478260875	
lead_security	600	tool_quality	0.2589526086956509	-0.0494473913043485	
lead_security	600	cap_infrastructure	0.698530358086655	-0.01746564118871541	
lead_security	600	housing_ratio	1.0927505401749846	-0.01619088900166976	
lead_security	600	construction_rate	0.3566895652173913	-0.07171043478260875	
lead_security	600	cap_logistics	0.4104952817758359	-0.03430244045637543	
lead_security	600	trade_capacity	0.28176105449964584	-0.058738919319639094	
lead_security	600	ecology	0.6179206053486743	0.0	
lead_security	600	ground_health	0.7260757444330896	0.0016237173462906318	
lead_security	600	cap_institutions	0.73169716165804	-0.018847437558707547	
lead_security	600	legitimacy	0.9057901223831406	-0.008592275371201219	
lead_security	600	state_capacity	0.2800886406847645	-0.05241130905859748	
lead_security	600	cap_security	0.6629619228126536	0.009040027413416252	
lead_security	600	warfare_readiness	0.4270319564353988	0.03433197926326681	
lead_security	600	cap_culture	0.8358438564297054	-0.01999316285427044	
lead_security	600	cohesion	0.8483036863090535	-0.011943279985803024	
lead_security	600	known	950.0	0.0	
lead_security	600	per_century	19.0	1.0	
lead_security	600	per_50	21.05263157894737	1.7543859649122808	below low
lead_security	600	education	0.8120875410609503	-0.022657545427729797	
lead_security	600	art_found	536.3333333333334	-23.66666666666663	
lead_security	600	art_studied	536.3333333333334	-23.66666666666663	
lead_security	600	art_bonus	0.23779304347826083	-0.047806956521739136	
lead_security	600	allure	0.6421687712859411	-0.003998632570854088	
lead_security	600	line_knowledge	2.0	0.0	
lead_security	600	line_institutions	0.0	0.0	
lead_security	600	line_culture	2.0	0.0	
lead_security	600	line_labor	1.0	0.0	
lead_security	600	line_production	4.0	0.0	
lead_security	600	line_infrastructure	2.0	0.0	
lead_security	600	line_nutrition	1.0	1.0	
lead_security	600	line_health	1.0	0.0	
lead_security	600	line_demography	0.0	0.0	
lead_security	600	line_logistics	2.0	0.0	
lead_security	600	line_ecology	2.0	0.0	
lead_security	600	line_security	2.0	0.0	
