id	name	source_domain	primary_field	current_horizon	legacy_ordering_day	relative_chance	requires_all	requires_any	learning_route_count	learning_route_foundations	reference_transformation	role	review_status	presentation_tier	stack_gaps	chronology_risk	review_note
abrasive_belt_finishing	Abrasive Belt Finishing		D06	H04	0	0.002			1	"[{""id"":""local"",""requires_all"":[""abrasive_grinding_control"",""belt_power_transmission""],""requires_any"":[],""progress_multiplier"":1.0}]"			unreviewed				pending
abrasive_grinding_control	Abrasive-Grinding Control		D06		0	0.002			1	"[{""id"":""local"",""requires_all"":[""comparative_mineral_hardness"",""precision_machinery""],""requires_any"":[],""progress_multiplier"":1.0}]"			unreviewed				pending
abrasive_waterjet_cutting	Abrasive Waterjet Cutting		D06	H05	0	0.002			1	"[{""id"":""local"",""requires_all"":[""pressure_vessels"",""numerical_machine_control""],""requires_any"":[],""progress_multiplier"":1.0}]"			unreviewed				pending
acorn_leaching	Acorn Leaching		D01	H01	0	0.002			1	"[{""id"":""local"",""requires_all"":[""edible_resource_recognition"",""food_pounding_mortars""],""requires_any"":[],""progress_multiplier"":1.0}]"			unreviewed				pending
acoustic_diaphragms	Acoustic Diaphragms		D13		0	0.002			1	"[{""id"":""local"",""requires_all"":[""elastic_deformation"",""sheet_steel_rolling""],""requires_any"":[],""progress_multiplier"":1.0}]"			unreviewed				pending
additive_step_polymerization	Additive Step Polymerization		D04		0	0.002			1	"[{""id"":""local"",""requires_all"":[""polymer_monomer_purification""],""requires_any"":[],""progress_multiplier"":1.0}]"			unreviewed				pending
adhesive_bond_design	Adhesive-Bond Design		D04		0	0.002		"[[""joinery"",""elastic_deformation""]]"	1	"[{""id"":""local"",""requires_all"":[""experimental_controls""],""requires_any"":[[""joinery"",""elastic_deformation""]],""progress_multiplier"":1.0}]"			unreviewed				pending
adobe_wall_construction	Adobe-Wall Construction		D08		0	0.002		"[[""framed_construction"",""structural_load_testing""]]"	1	"[{""id"":""local"",""requires_all"":[""clay_testing""],""requires_any"":[[""framed_construction"",""structural_load_testing""]],""progress_multiplier"":1.0}]"			unreviewed				pending
advanced_airframes	Advanced Airframes	production	D11		88000	0.001			2	"[{""id"":""local"",""requires_all"":[""powered_flight"",""wind_tunnel_testing"",""structural_load_testing""],""requires_any"":[],""progress_multiplier"":1.0},{""id"":""mechanical:local"",""requires_all"":[""powered_flight"",""wind_tunnel_testing"",""structural_load_testing"",""cyclic_fatigue"",""elastic_deformation""],""requires_any"":[],""progress_multiplier"":1.15}]"			unreviewed				pending
aerial_bombardment	Aerial Bombardment	security	D20		87000	0.001			1	"[{""id"":""local"",""requires_all"":[""powered_flight"",""powder_artillery""],""requires_any"":[],""progress_multiplier"":1.0}]"			unreviewed				pending
aerial_matching	Aerial Matching		D13		0	0.002		"[[""electromagnetic_wave_theory"",""experimental_controls""]]"	2	"[{""id"":""local_theory"",""requires_all"":[""electromagnetic_wave_theory"",""resonant_tuned_circuits"",""cable_insulation""],""requires_any"":[[""electromagnetic_wave_theory"",""experimental_controls""]],""progress_multiplier"":1.0},{""id"":""local_trials"",""requires_all"":[""experimental_controls"",""resonant_tuned_circuits"",""cable_insulation""],""requires_any"":[[""electromagnetic_wave_theory"",""experimental_controls""]],""progress_multiplier"":1.0}]"			unreviewed				pending
aerodynamics	Aerodynamics	knowledge	D11		68000	0.002			4	"[{""id"":""local"",""requires_all"":[""structural_load_testing"",""experimental_controls""],""requires_any"":[],""progress_multiplier"":1.0},{""id"":""mathematical:local"",""requires_all"":[""differential_equations"",""vector_analysis"",""structural_load_testing"",""experimental_controls""],""requires_any"":[],""progress_multiplier"":1.2},{""id"":""mechanical:local"",""requires_all"":[""viscous_resistance"",""momentum_balance"",""structural_load_testing"",""experimental_controls""],""requires_any"":[],""progress_multiplier"":1.15},{""id"":""mechanical:mathematical:local"",""requires_all"":[""differential_equations"",""vector_analysis"",""viscous_resistance"",""momentum_balance"",""structural_load_testing"",""experimental_controls""],""requires_any"":[],""progress_multiplier"":1.38}]"			unreviewed				pending
aerostat_observation	Aerostat Observation	security	D20		83000	0.001			1	"[{""id"":""local"",""requires_all"":[""woven_carriers"",""regional_maps""],""requires_any"":[],""progress_multiplier"":1.0}]"			unreviewed				pending
aggregate_road_foundations	Aggregate Road Foundations		D09		0	0.002			1	"[{""id"":""local"",""requires_all"":[""graded_roads"",""structural_load_testing""],""requires_any"":[],""progress_multiplier"":1.0}]"			unreviewed				pending
agreed_signal_codes	Agreed Signal Codes		D13		0	0.002			1	"[{""id"":""local"",""requires_all"":[""oral_epics"",""tallies""],""requires_any"":[],""progress_multiplier"":1.0}]"			unreviewed				pending
airborne_operations	Airborne Operations	security	D20		91000	0.001			1	"[{""id"":""local"",""requires_all"":[""advanced_airframes"",""professional_corps""],""requires_any"":[],""progress_multiplier"":1.0}]"			unreviewed				pending
alumina_refining	Alumina Refining		D04		0	0.002			1	"[{""id"":""local"",""requires_all"":[""ore_assaying"",""metallurgical_mass_balances""],""requires_any"":[],""progress_multiplier"":1.0}]"			unreviewed				pending
aluminum_electrolysis	Aluminum Electrolysis		D04		0	0.002			1	"[{""id"":""local"",""requires_all"":[""alumina_refining"",""electrical_generators"",""electrochemical_cells""],""requires_any"":[],""progress_multiplier"":1.0}]"			unreviewed				pending
ammonium_sulfate_fertilizer	Ammonium Sulfate Fertilizer	nutrition	D01		0	0.002			1	"[{""id"":""local"",""requires_all"":[""catalytic_ammonia_synthesis"",""sulfuric_acid_production"",""nutrient_response_trials""],""requires_any"":[],""progress_multiplier"":1.0}]"			unreviewed				pending
amphibious_operations	Amphibious Operations	security	D20		92000	0.001			1	"[{""id"":""local"",""requires_all"":[""naval_arsenals"",""professional_corps""],""requires_any"":[],""progress_multiplier"":1.0}]"			unreviewed				pending
amplitude_modulation	Amplitude Modulation		D13		0	0.002			1	"[{""id"":""local"",""requires_all"":[""feedback_radio_oscillators"",""carbon_microphones""],""requires_any"":[],""progress_multiplier"":1.0}]"			unreviewed				pending
animal_taming	Animal Taming	ecology	D01		90	0.005			1	"[{""id"":""local"",""requires_all"":[""seasonal_patterns""],""requires_any"":[],""progress_multiplier"":1.0}]"	T04	anchor	repair	landmark	suitable animal population, capture, husbandry, breeding continuity	shallow_path,cross_field_gap	Seasonal patterns alone currently support a broad capability that includes staying, breeding, and following.
apprentice_contracts	Apprentice Contracts	labor	D18		1100	0.005		"[[""hafted_tools"",""joinery"",""pit_firing""]]"	1	"[{""id"":""local"",""requires_all"":[""customary_law""],""requires_any"":[[""hafted_tools"",""joinery"",""pit_firing""]],""progress_multiplier"":1.0}]"			unreviewed				pending
arc_welding_processes	Arc Welding Processes		D04		0	0.002		"[[""electric_arc_furnaces"",""electrical_generators""],[""forge_welding""]]"	1	"[{""id"":""local"",""requires_all"":[""electrical_measurement""],""requires_any"":[[""electric_arc_furnaces"",""electrical_generators""],[""forge_welding""]],""progress_multiplier"":1.0}]"			unreviewed				pending
arithmetic_logic_units	Arithmetic-Logic Units	knowledge	D21		0	0.002			1	"[{""id"":""local"",""requires_all"":[""binary_adders"",""transistor_inverters"",""parallel_register_banks""],""requires_any"":[],""progress_multiplier"":1.0}]"			unreviewed				pending
armor_piercing_weapons	Armor-Piercing Weapons	security	D20		52000	0.001			1	"[{""id"":""local"",""requires_all"":[""armored_vehicles"",""indirect_fire""],""requires_any"":[],""progress_multiplier"":1.0}]"			unreviewed				pending
armored_hulls	Armored Hulls	security	D20		78000	0.001			1	"[{""id"":""local"",""requires_all"":[""steam_propulsion"",""naval_gunnery""],""requires_any"":[],""progress_multiplier"":1.0}]"			unreviewed				pending
armored_riding	Armored Riding	security	D20		5000	0.001			1	"[{""id"":""local"",""requires_all"":[""domesticated_mounts"",""bronze_weaponry""],""requires_any"":[],""progress_multiplier"":1.0}]"			unreviewed				pending
armored_vehicles	Armored Fighting Vehicles	security	D20		48000	0.001			1	"[{""id"":""local"",""requires_all"":[""internal_combustion"",""armored_hulls""],""requires_any"":[],""progress_multiplier"":1.0}]"			unreviewed				pending
aromatic_amine_hydrogenation	Aromatic Amine Hydrogenation		D04	H04	0	0.002			1	"[{""id"":""local"",""requires_all"":[""industrial_catalyst_design"",""pressure_vessels""],""requires_any"":[],""progress_multiplier"":1.0}]"			unreviewed				pending
aromatic_nitration	Aromatic Nitration		D04	H04	0	0.002			1	"[{""id"":""local"",""requires_all"":[""chemical_distillation"",""experimental_controls""],""requires_any"":[],""progress_multiplier"":1.0}]"			unreviewed				pending
articulated_plate_armor	Articulated Plate Armor		D20		0	0.0025		"[[""sheet_steel_rolling"",""structural_load_testing""]]"	1	"[{""id"":""local"",""requires_all"":[""hardened_edges"",""standard_measures""],""requires_any"":[[""sheet_steel_rolling"",""structural_load_testing""]],""progress_multiplier"":1.0}]"			unreviewed				pending
aseptic_laboratory_practice	Aseptic Laboratory Practice		D15		0	0.002			1	"[{""id"":""local"",""requires_all"":[""microbial_isolation_methods"",""experimental_protocol_publication""],""requires_any"":[],""progress_multiplier"":1.0}]"			unreviewed				pending
atomic_physics	Atomic Physics	knowledge	D12		90000	0.001			1	"[{""id"":""local"",""requires_all"":[""spectroscopy"",""electron_physics""],""requires_any"":[],""progress_multiplier"":1.0}]"			unreviewed				pending
automatic_actions	Automatic Firearms	security	D20		44000	0.001			1	"[{""id"":""local"",""requires_all"":[""metallic_cartridges"",""precision_machinery""],""requires_any"":[],""progress_multiplier"":1.0}]"			unreviewed				pending
automatic_repeat_request	Automatic Repeat Request		D13		0	0.002			1	"[{""id"":""local"",""requires_all"":[""error_detection_codes"",""message_framing""],""requires_any"":[],""progress_multiplier"":1.0}]"			unreviewed				pending
automatic_telegraphy	Automatic Telegraphy		D13		0	0.002			1	"[{""id"":""local"",""requires_all"":[""punched_message_tape"",""teleprinter_mechanisms"",""electrical_telegraphy""],""requires_any"":[],""progress_multiplier"":1.0}]"			unreviewed				pending
axle_sleeve_fitting	Axle Sleeve Fitting	infrastructure	D09		0	0.002			1	"[{""id"":""local"",""requires_all"":[""wooden_axle_boxes"",""bearing_surfaces"",""forge_welding""],""requires_any"":[],""progress_multiplier"":1.0}]"			unreviewed				pending
balanced_conductor_pairs	Balanced Conductor Pairs		D13		0	0.002			1	"[{""id"":""local"",""requires_all"":[""cable_insulation"",""electromagnetic_induction""],""requires_any"":[],""progress_multiplier"":1.0}]"			unreviewed				pending
band_theory	Electronic Band Theory	knowledge	D21		85000	0.002			2	"[{""id"":""local"",""requires_all"":[""solid_state_physics"",""atomic_physics"",""solid_state_physics"",""atomic_physics""],""requires_any"":[],""progress_multiplier"":1.0},{""id"":""mathematical:local"",""requires_all"":[""solid_state_physics"",""atomic_physics"",""complex_numbers"",""harmonic_analysis"",""solid_state_physics"",""atomic_physics""],""requires_any"":[],""progress_multiplier"":1.2}]"			unreviewed				pending
basic_machine_shops	Basic Machine Shops	production	D06		0	0.002			1	"[{""id"":""local"",""requires_all"":[""centre_lathe_assembly"",""column_drilling_machines"",""bench_vise_screws""],""requires_any"":[],""progress_multiplier"":1.0}]"			unreviewed				pending
basketry	Basketry	production	D07		12	0.006			2	"[{""id"":""local"",""requires_all"":[""cordage""],""requires_any"":[],""progress_multiplier"":1.0},{""id"":""experimental"",""requires_all"":[""clay_shaping""],""requires_any"":[],""progress_multiplier"":1.0}]"	T03	anchor	keep	landmark		none	Alternative fiber and vessel-experiment routes remain causal and resource-bound.
battery_bank_wiring	Battery Bank Wiring	production	D05		0	0.002			1	"[{""id"":""local"",""requires_all"":[""lead_acid_cells"",""cable_insulation"",""standard_measures""],""requires_any"":[],""progress_multiplier"":1.0}]"			unreviewed				pending
battlefield_medicine	Battlefield Medicine	security	D20		32500	0.0009			1	"[{""id"":""local"",""requires_all"":[""civic_infirmaries"",""professional_corps""],""requires_any"":[],""progress_multiplier"":1.0}]"			unreviewed				pending
bearing_surfaces	Bearing Surfaces	knowledge	D06		12000	0.002			1	"[{""id"":""local"",""requires_all"":[""copper_casting"",""workshop_standards"",""copper_casting"",""workshop_standards""],""requires_any"":[],""progress_multiplier"":1.0}]"			unreviewed				pending
belt_power_transmission	Belt-Power Transmission		D06		0	0.0025			1	"[{""id"":""local"",""requires_all"":[""fiber_grading"",""bearing_surfaces""],""requires_any"":[],""progress_multiplier"":1.0}]"			unreviewed				pending
bench_vise_screws	Bench-Vise Screws	production	D06		0	0.002			1	"[{""id"":""local"",""requires_all"":[""lead_screw_cutting"",""split_feed_nuts"",""column_drilling_machines""],""requires_any"":[],""progress_multiplier"":1.0}]"			unreviewed				pending
binary_adders	Binary Adders	production	D21		0	0.0025		"[[""relay_logic"",""diode_logic""]]"	1	"[{""id"":""local"",""requires_all"":[],""requires_any"":[[""relay_logic"",""diode_logic""]],""progress_multiplier"":1.0}]"			unreviewed				pending
binary_counters	Binary Counters	production	D21		0	0.0025			1	"[{""id"":""local"",""requires_all"":[""bistable_multivibrators""],""requires_any"":[],""progress_multiplier"":1.0}]"			unreviewed				pending
biological_classification	Biological Classification		D15		0	0.002			1	"[{""id"":""local"",""requires_all"":[""herbal_classification"",""habitat_observation_records""],""requires_any"":[],""progress_multiplier"":1.0}]"			unreviewed				pending
biological_reference_collections	Biological Reference Collections		D15		0	0.002			1	"[{""id"":""local"",""requires_all"":[""biological_classification"",""formal_archives""],""requires_any"":[],""progress_multiplier"":1.0}]"			unreviewed				pending
biological_staining	Biological Staining		D15		0	0.002			1	"[{""id"":""local"",""requires_all"":[""microscopic_cell_observation"",""chemical_distillation""],""requires_any"":[],""progress_multiplier"":1.0}]"			unreviewed				pending
biomass_gasification	Biomass Gasification		D05	H04	0	0.002			1	"[{""id"":""local"",""requires_all"":[""charcoal"",""gas_composition_analysis""],""requires_any"":[],""progress_multiplier"":1.0}]"			unreviewed				pending
bipolar_junction_transistors	Bipolar Junction Transistors	production	D21		0	0.0025			1	"[{""id"":""local"",""requires_all"":[""pn_junctions"",""semiconductor_doping""],""requires_any"":[],""progress_multiplier"":1.0}]"			unreviewed				pending
birth_attendants	Experienced Birth Attendants	health	D14		320	0.0042			1	"[{""id"":""local"",""requires_all"":[""wound_cleaning""],""requires_any"":[],""progress_multiplier"":1.0}]"			unreviewed				pending
bistable_multivibrators	Bistable Multivibrators	production	D21		0	0.0025			1	"[{""id"":""local"",""requires_all"":[""transistor_inverters""],""requires_any"":[],""progress_multiplier"":1.0}]"			unreviewed				pending
bitumen_sealing	Bitumen Sealing	infrastructure	D08		6500	0.0028			1	"[{""id"":""local"",""requires_all"":[""sealed_vessels""],""requires_any"":[],""progress_multiplier"":1.0}]"			unreviewed				pending
black_powder	Composite Propellant	security	D20		39000	0.0009			1	"[{""id"":""local"",""requires_all"":[""sulfur_purification"",""nitrate_cultivation"",""charcoal""],""requires_any"":[],""progress_multiplier"":1.0}]"			unreviewed				pending
blast_furnace	Continuous Blast Furnace	production	D04		41000	0.001			3	"[{""id"":""mine_supported"",""requires_all"":[""refractory_furnaces"",""mine_drainage"",""rope_rigging""],""requires_any"":[],""progress_multiplier"":1.0},{""id"":""metallurgical"",""requires_all"":[""refractory_furnaces"",""bloomery_smelting"",""rope_rigging""],""requires_any"":[],""progress_multiplier"":1.0},{""id"":""charcoal_furnace"",""requires_all"":[""charcoal"",""refractory_brick_firing"",""bloomery_smelting"",""rope_rigging""],""requires_any"":[],""progress_multiplier"":1.0}]"			unreviewed				pending
bloomery_charge_control	Bloomery Charge Control	production	D04		0	0.002			1	"[{""id"":""local"",""requires_all"":[""bloomery_smelting"",""standard_measures""],""requires_any"":[],""progress_multiplier"":1.0}]"			unreviewed				pending
bloomery_smelting	Bloomery Smelting	production	D04		18000	0.0018			1	"[{""id"":""local"",""requires_all"":[""iron_assaying"",""charcoal"",""framed_construction""],""requires_any"":[],""progress_multiplier"":1.0}]"			unreviewed				pending
bolt_blank_forging	Bolt Blank Forging	production	D06		0	0.002			1	"[{""id"":""local"",""requires_all"":[""forge_welding"",""standard_measures""],""requires_any"":[],""progress_multiplier"":1.0}]"			unreviewed				pending
bolt_thread_rolling	Bolt Thread Rolling	production	D06		0	0.002			1	"[{""id"":""local"",""requires_all"":[""bolt_blank_forging"",""thread_rolling_die_making""],""requires_any"":[],""progress_multiplier"":1.0}]"			unreviewed				pending
bone_needle_sewing	Bone-Needle Sewing		D07		0	0.002			1	"[{""id"":""local"",""requires_all"":[""hafted_tools"",""cordage""],""requires_any"":[],""progress_multiplier"":1.0}]"	T02	anchor	repair	notice	ordinary bone supply; early hide or fiber material	scope_mismatch,cross_field_gap	The current operating contract obtains bone only from post-siege hunting and assumes later cloth or yarn, so it cannot carry ordinary opening sewing.
bookbinding_assemblies	Bookbinding Assemblies		D13		0	0.002			1	"[{""id"":""local"",""requires_all"":[""cordage""],""requires_any"":[],""progress_multiplier"":1.0}]"			unreviewed				pending
bow_craft	War Bow Craft	security	D20		420	0.0038			1	"[{""id"":""local"",""requires_all"":[""cordage"",""hafted_tools"",""watch_rotation""],""requires_any"":[],""progress_multiplier"":1.0}]"			unreviewed				pending
bow_drill_drive	Bow-Drill Drive		D06		0	0.0025			1	"[{""id"":""local"",""requires_all"":[""cordage"",""hafted_tools""],""requires_any"":[],""progress_multiplier"":1.0}]"			unreviewed				pending
brazed_joint_qualification	Brazed Joint Qualification		D04		0	0.002		"[[""forge_welding"",""experimental_controls""]]"	1	"[{""id"":""local"",""requires_all"":[""copper_casting""],""requires_any"":[[""forge_welding"",""experimental_controls""]],""progress_multiplier"":1.0}]"			unreviewed				pending
brine_fermentation	Brine Fermentation	nutrition	D01		3100	0.003		"[[""sealed_vessels"",""pit_firing""]]"	1	"[{""id"":""local"",""requires_all"":[""fermentation_control"",""salt_working""],""requires_any"":[[""sealed_vessels"",""pit_firing""]],""progress_multiplier"":1.0}]"			unreviewed				pending
brine_purification	Brine Purification	production	D04		65000	0.002			1	"[{""id"":""local"",""requires_all"":[""salt_working"",""water_settling_basins"",""chemical_distillation"",""salt_working"",""water_settling_basins"",""chemical_distillation""],""requires_any"":[],""progress_multiplier"":1.0}]"			unreviewed				pending
bronze_alloying	Bronze Alloying	production	D04		8200	0.0022			1	"[{""id"":""local"",""requires_all"":[""copper_casting""],""requires_any"":[],""progress_multiplier"":1.0}]"			unreviewed				pending
bronze_weaponry	Standardized Bronze Arms	security	D20		8800	0.0019			1	"[{""id"":""local"",""requires_all"":[""bronze_alloying"",""shield_wall"",""workshop_standards""],""requires_any"":[],""progress_multiplier"":1.0}]"			unreviewed				pending
building_capillary_breaks	Building Capillary Breaks		D08		0	0.002			1	"[{""id"":""local"",""requires_all"":[""masonry_moisture_management""],""requires_any"":[],""progress_multiplier"":1.0}]"			unreviewed				pending
building_drainage_coordination	Building-Drainage Coordination		D08		0	0.002			1	"[{""id"":""local"",""requires_all"":[""drainage"",""household_space_planning""],""requires_any"":[],""progress_multiplier"":1.0}]"			unreviewed				pending
building_shading_design	Building-Shading Design		D08		0	0.002			1	"[{""id"":""local"",""requires_all"":[""seasonal_patterns"",""geometric_survey""],""requires_any"":[],""progress_multiplier"":1.0}]"			unreviewed				pending
building_wind_load_assessment	Building Wind-Load Assessment		D08		0	0.002			1	"[{""id"":""local"",""requires_all"":[""aerodynamics"",""structural_load_testing""],""requires_any"":[],""progress_multiplier"":1.0}]"			unreviewed				pending
buried_pipe_load_assessment	Buried Pipe Load Assessment		D02	H03	0	0.002			1	"[{""id"":""local"",""requires_all"":[""rigid_pipe_bedding"",""standard_measures""],""requires_any"":[],""progress_multiplier"":1.0}]"			unreviewed				pending
burin_engraving	Burin Engraving	production	D19		0	0.0025			1	"[{""id"":""local"",""requires_all"":[""copperplate_preparation"",""printing_process""],""requires_any"":[],""progress_multiplier"":1.0}]"			unreviewed				pending
buttonhole_edge_reinforcement	Buttonhole Edge Reinforcement		D07	H03	0	0.002			1	"[{""id"":""local"",""requires_all"":[""bone_needle_sewing"",""garment_pattern_cutting""],""requires_any"":[],""progress_multiplier"":1.0}]"			unreviewed				pending
cable_insulation	Cable Insulation	production	D04		44000	0.002			1	"[{""id"":""local"",""requires_all"":[""wire_drawing"",""bitumen_sealing"",""electrical_measurement""],""requires_any"":[],""progress_multiplier"":1.0}]"			unreviewed				pending
calorimetry	Calorimetry	knowledge	D12		36000	0.002			1	"[{""id"":""local"",""requires_all"":[""precision_thermometry"",""experimental_controls""],""requires_any"":[],""progress_multiplier"":1.0}]"			unreviewed				pending
cam_motion_design	Cam-Motion Design		D06		0	0.0025			1	"[{""id"":""local"",""requires_all"":[""measured_kinematics"",""crank_linkages""],""requires_any"":[],""progress_multiplier"":1.0}]"			unreviewed				pending
can_body_forming	Can Body Forming	nutrition	D01		0	0.002			1	"[{""id"":""local"",""requires_all"":[""tinplate_coating"",""standard_measures""],""requires_any"":[],""progress_multiplier"":1.0}]"			unreviewed				pending
canal_locks	Canal Locks	infrastructure	D10		11800	0.0015			2	"[{""id"":""local"",""requires_all"":[""irrigation_schedules"",""geometric_survey"",""lime_mortar""],""requires_any"":[],""progress_multiplier"":1.0},{""id"":""mechanical:local"",""requires_all"":[""irrigation_schedules"",""geometric_survey"",""lime_mortar"",""hydrostatic_pressure""],""requires_any"":[],""progress_multiplier"":1.15}]"			unreviewed				pending
caravanserais	Caravanserais	logistics	D09		6500	0.002			1	"[{""id"":""local"",""requires_all"":[""graded_roads"",""public_stores""],""requires_any"":[],""progress_multiplier"":1.0}]"			unreviewed				pending
carbon_microphones	Carbon Microphones		D21		0	0.002			1	"[{""id"":""local"",""requires_all"":[""acoustic_diaphragms"",""carbon_resistors""],""requires_any"":[],""progress_multiplier"":1.0}]"			unreviewed				pending
carbon_resistors	Carbon Resistors	production	D21		0	0.0025			1	"[{""id"":""local"",""requires_all"":[""electrical_measurement"",""graphite_marking""],""requires_any"":[],""progress_multiplier"":1.0}]"			unreviewed				pending
cargo_seals	Cargo Seals	logistics	D17		1800	0.005			1	"[{""id"":""local"",""requires_all"":[""material_accounting"",""clay_tempering""],""requires_any"":[],""progress_multiplier"":1.0}]"			unreviewed				pending
carrier_aviation	Carrier Aviation	security	D20		90000	0.001			1	"[{""id"":""local"",""requires_all"":[""naval_aviation"",""naval_fire_control""],""requires_any"":[],""progress_multiplier"":1.0}]"			unreviewed				pending
cart_bed_framing	Cart Bed Framing	infrastructure	D09		0	0.002			1	"[{""id"":""local"",""requires_all"":[""joinery"",""treenail_fastening""],""requires_any"":[],""progress_multiplier"":1.0}]"			unreviewed				pending
cart_running_gear	Cart Running Gear	infrastructure	D09		0	0.002			2	"[{""id"":""solid_wheels"",""requires_all"":[""solid_wheel_assembly"",""wooden_axle_shaping"",""wooden_axle_boxes"",""linchpin_retention"",""cart_bed_framing"",""drawbar_fitting"",""haul_harness_weaving""],""requires_any"":[],""progress_multiplier"":1.0},{""id"":""spoked_wheels"",""requires_all"":[""spoked_wheel_assembly"",""wooden_axle_shaping"",""wooden_axle_boxes"",""linchpin_retention"",""cart_bed_framing"",""drawbar_fitting"",""haul_harness_weaving""],""requires_any"":[],""progress_multiplier"":1.0}]"			unreviewed				pending
carvel_frame_construction	Carvel Frame Construction	movement	D10		0	0.002			1	"[{""id"":""local"",""requires_all"":[""keel_scarfing"",""grown_frame_selection"",""hull_seam_caulking"",""treenail_fastening""],""requires_any"":[],""progress_multiplier"":1.0}]"			unreviewed				pending
case_records	Medical Case Records	health	D14		3100	0.0025			1	"[{""id"":""local"",""requires_all"":[""herbal_classification"",""tallies""],""requires_any"":[],""progress_multiplier"":1.0}]"			unreviewed				pending
castellated_nut_slotting	Castellated Nut Slotting	production	D06		0	0.002			1	"[{""id"":""local"",""requires_all"":[""internal_thread_tapping"",""horizontal_milling_machines""],""requires_any"":[],""progress_multiplier"":1.0}]"			unreviewed				pending
casualty_collection_posts	Casualty Collection Posts	security	D20		0	0.002			1	"[{""id"":""local"",""requires_all"":[""litter_bearer_drill"",""watch_rotation""],""requires_any"":[],""progress_multiplier"":1.0}]"			unreviewed				pending
casualty_transfer_records	Casualty Transfer Records	security	D20		0	0.002			1	"[{""id"":""local"",""requires_all"":[""litter_bearer_drill"",""case_records""],""requires_any"":[],""progress_multiplier"":1.0}]"			unreviewed				pending
catalytic_ammonia_synthesis	Catalytic Ammonia Synthesis	production	D04		0	0.002		"[[""chloralkali_cells"",""water_electrolysis""]]"	1	"[{""id"":""local"",""requires_all"":[""iron_ammonia_catalysts"",""cryogenic_air_separation"",""pressure_vessels""],""requires_any"":[[""chloralkali_cells"",""water_electrolysis""]],""progress_multiplier"":1.0}]"			unreviewed				pending
caulking_fiber_preparation	Caulking Fiber Preparation	movement	D10		0	0.002			1	"[{""id"":""local"",""requires_all"":[""cordage"",""river_craft""],""requires_any"":[],""progress_multiplier"":1.0}]"			unreviewed				pending
cavalry_infantry_liaison	Cavalry–Infantry Liaison	security	D20		3200	0.002			1	"[{""id"":""local"",""requires_all"":[""domesticated_mounts"",""formation_drill""],""requires_any"":[],""progress_multiplier"":1.0}]"			unreviewed				pending
cell_culture_methods	Cell-Culture Methods		D15		0	0.002			1	"[{""id"":""local"",""requires_all"":[""cell_theory"",""aseptic_laboratory_practice""],""requires_any"":[],""progress_multiplier"":1.0}]"			unreviewed				pending
cell_division_observation	Cell-Division Observation		D15		0	0.002			1	"[{""id"":""local"",""requires_all"":[""microscopic_cell_observation"",""experimental_controls""],""requires_any"":[],""progress_multiplier"":1.0}]"			unreviewed				pending
cell_theory	Cell Theory		D15		0	0.002			1	"[{""id"":""local"",""requires_all"":[""microscopic_cell_observation"",""comparative_anatomy""],""requires_any"":[],""progress_multiplier"":1.0}]"			unreviewed				pending
census_rolls	Household Census Rolls	institutions	D16		1800	0.0028			1	"[{""id"":""local"",""requires_all"":[""pictographic_records"",""household_councils""],""requires_any"":[],""progress_multiplier"":1.0}]"			unreviewed				pending
centerless_grinding	Centerless Grinding		D06	H04	0	0.002			1	"[{""id"":""local"",""requires_all"":[""abrasive_grinding_control"",""precision_machinery""],""requires_any"":[],""progress_multiplier"":1.0}]"			unreviewed				pending
centers_of_mass	Centers of Mass	knowledge	D12		12000	0.002			1	"[{""id"":""local"",""requires_all"":[""lever_moments"",""geometric_survey"",""lever_moments"",""geometric_survey""],""requires_any"":[],""progress_multiplier"":1.0}]"			unreviewed				pending
centre_lathe_assembly	Centre-Lathe Assembly	production	D06		0	0.002			1	"[{""id"":""local"",""requires_all"":[""cross_slide_assembly"",""four_jaw_chucks"",""tailstock_fitting"",""toolbit_heat_treatment""],""requires_any"":[],""progress_multiplier"":1.0}]"			unreviewed				pending
centrifugal_tube_casting	Centrifugal Tube Casting		D06	H04	0	0.002			1	"[{""id"":""local"",""requires_all"":[""metal_casting_feed_design"",""precision_machinery""],""requires_any"":[],""progress_multiplier"":1.0}]"			unreviewed				pending
ceramic_crucibles	Ceramic Crucibles	production	D04		0	0.002			1	"[{""id"":""local"",""requires_all"":[""refractory_body_trials"",""clay_shaping""],""requires_any"":[],""progress_multiplier"":1.0}]"			unreviewed				pending
ceramic_glaze_formulation	Ceramic-Glaze Formulation		D04		0	0.002			1	"[{""id"":""local"",""requires_all"":[""glassmaking"",""clay_testing"",""kiln_control""],""requires_any"":[],""progress_multiplier"":1.0}]"			unreviewed				pending
ceramic_pipe_firing_qualification	Ceramic Pipe Firing Qualification		D02	H02	0	0.002			1	"[{""id"":""local"",""requires_all"":[""clay_pipe_forming"",""kiln_control""],""requires_any"":[],""progress_multiplier"":1.0}]"			unreviewed				pending
ceramic_pipe_fit_gauges	Ceramic Pipe Fit Gauges		D02	H03	0	0.002		"[[""clay_shaping"",""joinery""]]"	1	"[{""id"":""local"",""requires_all"":[""standard_measures""],""requires_any"":[[""clay_shaping"",""joinery""]],""progress_multiplier"":1.0}]"			unreviewed				pending
ceramic_slip_casting	Ceramic Slip Casting		D04		0	0.002			1	"[{""id"":""local"",""requires_all"":[""clay_levigation"",""clay_shaping""],""requires_any"":[],""progress_multiplier"":1.0}]"			unreviewed				pending
cereal_dehulling	Cereal Dehulling		D01	H01	0	0.002			1	"[{""id"":""local"",""requires_all"":[""grain_milling""],""requires_any"":[],""progress_multiplier"":1.0}]"			unreviewed				pending
chain_power_transmission	Chain-Power Transmission		D06		0	0.002			1	"[{""id"":""local"",""requires_all"":[""forge_welding"",""gear_ratios""],""requires_any"":[],""progress_multiplier"":1.0}]"			unreviewed				pending
charcoal	Charcoal Production	production	D05		35	0.004			1	"[{""id"":""local"",""requires_all"":[],""requires_any"":[],""progress_multiplier"":1.0}]"			unreviewed				pending
charcoal_retorts	Charcoal Retorts	production	D05		0	0.002			1	"[{""id"":""local"",""requires_all"":[""charcoal"",""pressure_vessels"",""refractory_brick_firing""],""requires_any"":[],""progress_multiplier"":1.0}]"			unreviewed				pending
charge_regulation	Charge Regulation	production	D05		0	0.002			1	"[{""id"":""local"",""requires_all"":[""battery_bank_wiring"",""resistive_sensing"",""electromagnetic_relays""],""requires_any"":[],""progress_multiplier"":1.0}]"			unreviewed				pending
chemical_distillation	Chemical Distillation	production	D04		11000	0.002			1	"[{""id"":""local"",""requires_all"":[""sealed_vessels"",""kiln_control""],""requires_any"":[],""progress_multiplier"":1.0}]"			unreviewed				pending
child_growth_records	Child Growth Records	demography	D14		7000	0.002			1	"[{""id"":""local"",""requires_all"":[""case_records"",""census_rolls""],""requires_any"":[],""progress_multiplier"":1.0}]"			unreviewed				pending
chloralkali_cells	Chlor-Alkali Cells	production	D04		65000	0.002			1	"[{""id"":""local"",""requires_all"":[""brine_purification"",""electrochemical_cells"",""electrical_generators"",""pressure_vessels"",""brine_purification"",""electrochemical_cells"",""electrical_generators"",""pressure_vessels""],""requires_any"":[],""progress_multiplier"":1.0}]"			unreviewed				pending
chlorosilane_purification	Chlorosilane Purification	production	D04		85000	0.002			1	"[{""id"":""local"",""requires_all"":[""silicon_smelting"",""fractional_distillation"",""silicon_smelting"",""fractional_distillation""],""requires_any"":[],""progress_multiplier"":1.0}]"			unreviewed				pending
civic_games	Civic Games	culture	D19		1200	0.005			2	"[{""id"":""local"",""requires_all"":[""festival_calendar"",""standard_measures""],""requires_any"":[],""progress_multiplier"":1.0},{""id"":""experimental"",""requires_all"":[""formation_drill"",""customary_law""],""requires_any"":[],""progress_multiplier"":1.0}]"			unreviewed				pending
civic_infirmaries	Civic Infirmaries	health	D14		25000	0.001			1	"[{""id"":""local"",""requires_all"":[""surgical_anatomy"",""public_stores"",""trained_midwives""],""requires_any"":[],""progress_multiplier"":1.0}]"			unreviewed				pending
clay_levigation	Clay Levigation	production	D04		0	0.002			1	"[{""id"":""local"",""requires_all"":[""clay_shaping"",""standard_measures""],""requires_any"":[],""progress_multiplier"":1.0}]"			unreviewed				pending
clay_pipe_forming	Clay Pipe Forming		D02	H02	0	0.002			1	"[{""id"":""local"",""requires_all"":[""clay_shaping"",""clay_tempering""],""requires_any"":[],""progress_multiplier"":1.0}]"			unreviewed				pending
clay_pipe_socket_jointing	Clay Pipe Socket Jointing		D02	H02	0	0.002		"[[""lime_mortar"",""clay_tempering""]]"	1	"[{""id"":""local"",""requires_all"":[""standard_measures""],""requires_any"":[[""lime_mortar"",""clay_tempering""]],""progress_multiplier"":1.0}]"			unreviewed				pending
clay_record_tablets	Clay Record Tablets		D13		0	0.002			1	"[{""id"":""local"",""requires_all"":[""clay_shaping"",""pictographic_records""],""requires_any"":[],""progress_multiplier"":1.0}]"			unreviewed				pending
clay_shaping	Clay Vessels	production	D04		15	0.006			1	"[{""id"":""local"",""requires_all"":[],""requires_any"":[],""progress_multiplier"":1.0}]"	T03	anchor	keep	notice		root_density	Valid early practice with a clay sample; paced exposure should prevent a day-one cluster.
clay_tempering	Tempered Clay	production	D04		180	0.006			1	"[{""id"":""local"",""requires_all"":[""clay_shaping"",""clay_testing""],""requires_any"":[],""progress_multiplier"":1.0}]"	T03	anchor	keep	program_report		none	Combines vessel shaping with comparative material evidence.
clay_testing	Clay Testing	production	D04		80	0.008			1	"[{""id"":""local"",""requires_all"":[],""requires_any"":[],""progress_multiplier"":1.0}]"	T01	anchor	keep	program_report		none	Material observation precedes reliable vessels and firing.
clean_water	Clean-Water Practice	health	D02		45	0.004			2	"[{""id"":""local"",""requires_all"":[""wound_cleaning""],""requires_any"":[],""progress_multiplier"":1.0},{""id"":""experimental"",""requires_all"":[""tallies"",""well_siting""],""requires_any"":[],""progress_multiplier"":1.0}]"	T04	anchor	keep	notice		none	Practice can arise from wound experience or counted illness around wells; operation still needs accessible freshwater.
clinical_observation_rounds	Clinical Observation Rounds		D14		0	0.002		"[[""birth_attendants"",""civic_infirmaries""]]"	1	"[{""id"":""local"",""requires_all"":[""case_records""],""requires_any"":[[""birth_attendants"",""civic_infirmaries""]],""progress_multiplier"":1.0}]"			unreviewed				pending
clinical_pulse_assessment	Clinical Pulse Assessment		D14		0	0.002			1	"[{""id"":""local"",""requires_all"":[""clinical_observation_rounds"",""standard_measures""],""requires_any"":[],""progress_multiplier"":1.0}]"			unreviewed				pending
clinker_shell_construction	Clinker Shell Construction	movement	D10		0	0.002			1	"[{""id"":""local"",""requires_all"":[""keel_scarfing"",""plank_spiling"",""caulking_fiber_preparation"",""forge_welding""],""requires_any"":[],""progress_multiplier"":1.0}]"			unreviewed				pending
coal_grading	Coal Grading	ecology	D05		20500	0.0018			1	"[{""id"":""local"",""requires_all"":[""quarry_reading"",""framed_construction""],""requires_any"":[],""progress_multiplier"":1.0}]"			unreviewed				pending
coal_light_oil_recovery	Coal Light-oil Recovery		D04	H04	0	0.002			1	"[{""id"":""local"",""requires_all"":[""coke_firing"",""fractional_distillation""],""requires_any"":[],""progress_multiplier"":1.0}]"			unreviewed				pending
coastal_watercraft	Coastal Watercraft	logistics	D10		600	0.003			4	"[{""id"":""local"",""requires_all"":[""river_craft"",""joinery""],""requires_any"":[],""progress_multiplier"":1.0},{""id"":""experimental"",""requires_all"":[""river_craft"",""basketry""],""requires_any"":[],""progress_multiplier"":1.0},{""id"":""mechanical:local"",""requires_all"":[""river_craft"",""joinery"",""displacement_buoyancy""],""requires_any"":[],""progress_multiplier"":1.15},{""id"":""experimental:mechanical:experimental"",""requires_all"":[""river_craft"",""basketry"",""displacement_buoyancy""],""requires_any"":[],""progress_multiplier"":1.15}]"			unreviewed				pending
coil_spring_tempering	Coil Spring Tempering	production	D06		0	0.002			1	"[{""id"":""local"",""requires_all"":[""spring_wire_coiling"",""toolbit_heat_treatment""],""requires_any"":[],""progress_multiplier"":1.0}]"			unreviewed				pending
coke_firing	Coke Firing	production	D05		30000	0.0013			1	"[{""id"":""local"",""requires_all"":[""coal_grading"",""kiln_control""],""requires_any"":[],""progress_multiplier"":1.0}]"			unreviewed				pending
cold_rivet_setting	Cold Rivet Setting	production	D06		0	0.002			1	"[{""id"":""local"",""requires_all"":[""rivet_blank_heading"",""rivet_hole_alignment""],""requires_any"":[],""progress_multiplier"":1.0}]"			unreviewed				pending
column_buckling	Column Buckling	knowledge	D12		12000	0.002			1	"[{""id"":""local"",""requires_all"":[""stress_strain_relations"",""similar_triangles"",""stress_strain_relations"",""similar_triangles""],""requires_any"":[],""progress_multiplier"":1.0}]"			unreviewed				pending
column_drilling_machines	Column Drilling Machines	production	D06		0	0.002			1	"[{""id"":""local"",""requires_all"":[""quill_feed_mechanisms"",""drill_bit_fluting""],""requires_any"":[],""progress_multiplier"":1.0}]"			unreviewed				pending
combinatorics	Combinatorial Counting	knowledge	D12		19000	0.002			1	"[{""id"":""local"",""requires_all"":[""place_value"",""tallies"",""place_value"",""tallies""],""requires_any"":[],""progress_multiplier"":1.0}]"			unreviewed				pending
comparative_anatomy	Comparative Anatomy		D15		0	0.002			1	"[{""id"":""local"",""requires_all"":[""herbal_classification"",""habitat_observation_records""],""requires_any"":[],""progress_multiplier"":1.0}]"			unreviewed				pending
comparative_chronicles	Comparative Chronicles	culture	D19		9000	0.002			1	"[{""id"":""local"",""requires_all"":[""oral_epics"",""formal_archives""],""requires_any"":[],""progress_multiplier"":1.0}]"			unreviewed				pending
comparative_mineral_hardness	Comparative Mineral Hardness	ecology	D22		12000	0.002			1	"[{""id"":""local"",""requires_all"":[""controlled_flaking"",""standard_measures"",""controlled_flaking"",""standard_measures""],""requires_any"":[],""progress_multiplier"":1.0}]"			unreviewed				pending
complex_numbers	Complex Numbers	knowledge	D12		34000	0.002			1	"[{""id"":""local"",""requires_all"":[""polynomial_equations"",""polynomial_equations""],""requires_any"":[],""progress_multiplier"":1.0}]"			unreviewed				pending
compound_microscopy	Compound Microscopy	knowledge	D12		0	0.002			1	"[{""id"":""local"",""requires_all"":[""eyepiece_design"",""fine_focus_stages"",""illumination_apertures"",""specimen_slide_mounting""],""requires_any"":[],""progress_multiplier"":1.0}]"			unreviewed				pending
compound_pulleys	Compound Pulleys	knowledge	D06		12000	0.002			1	"[{""id"":""local"",""requires_all"":[""rope_rigging"",""lever_moments"",""rope_rigging"",""lever_moments""],""requires_any"":[],""progress_multiplier"":1.0}]"			unreviewed				pending
compressed_air_systems	Compressed Air Systems	production	D06		0	0.002			1	"[{""id"":""local"",""requires_all"":[""pressure_vessels"",""electric_motors""],""requires_any"":[],""progress_multiplier"":1.0}]"			unreviewed				pending
concrete_compaction_practice	Concrete Compaction Practice		D08		0	0.002		"[[""concrete_formwork_systems"",""experimental_controls""]]"	1	"[{""id"":""local"",""requires_all"":[""concrete_mix_design""],""requires_any"":[[""concrete_formwork_systems"",""experimental_controls""]],""progress_multiplier"":1.0}]"			unreviewed				pending
concrete_curing_control	Concrete Curing Control		D08		0	0.002			1	"[{""id"":""local"",""requires_all"":[""concrete_mix_design""],""requires_any"":[],""progress_multiplier"":1.0}]"			unreviewed				pending
concrete_formwork_systems	Concrete Formwork Systems		D08		0	0.002			1	"[{""id"":""local"",""requires_all"":[""joinery"",""concrete_mix_design""],""requires_any"":[],""progress_multiplier"":1.0}]"			unreviewed				pending
concrete_mix_design	Concrete-Mix Design		D08		0	0.002		"[[""hydraulic_lime_binders"",""pozzolanic_binder_blends"",""portland_cement_clinker""]]"	1	"[{""id"":""local"",""requires_all"":[""standard_measures"",""structural_load_testing""],""requires_any"":[[""hydraulic_lime_binders"",""pozzolanic_binder_blends"",""portland_cement_clinker""]],""progress_multiplier"":1.0}]"			unreviewed				pending
condensative_step_polymerization	Condensative Step Polymerization		D04		0	0.002			1	"[{""id"":""local"",""requires_all"":[""polymer_monomer_purification""],""requires_any"":[],""progress_multiplier"":1.0}]"			unreviewed				pending
conditional_branch_circuits	Conditional Branch Circuits	production	D21		0	0.0025			1	"[{""id"":""local"",""requires_all"":[""binary_adders"",""transistor_inverters""],""requires_any"":[],""progress_multiplier"":1.0}]"			unreviewed				pending
conduit_infiltration_testing	Conduit Infiltration Testing		D02	H03	0	0.002		"[[""clay_pipe_socket_jointing"",""wooden_log_conduits"",""pressure_pipe_jointing""]]"	1	"[{""id"":""local"",""requires_all"":[""standard_measures""],""requires_any"":[[""clay_pipe_socket_jointing"",""wooden_log_conduits"",""pressure_pipe_jointing""]],""progress_multiplier"":1.0}]"			unreviewed				pending
constrained_optimization	Constrained Optimization	knowledge	D12		58000	0.002			1	"[{""id"":""local"",""requires_all"":[""differential_calculus"",""numerical_root_finding"",""differential_calculus"",""numerical_root_finding""],""requires_any"":[],""progress_multiplier"":1.0}]"			unreviewed				pending
contagion_mapping	Contagion Mapping	health	D14		41000	0.0008			1	"[{""id"":""local"",""requires_all"":[""case_records"",""census_rolls"",""regional_maps""],""requires_any"":[],""progress_multiplier"":1.0}]"			unreviewed				pending
continuous_metal_casting	Continuous Metal Casting		D04		0	0.002			1	"[{""id"":""local"",""requires_all"":[""steel_refining"",""metal_casting_feed_design""],""requires_any"":[],""progress_multiplier"":1.0}]"			unreviewed				pending
contour_cultivation	Contour Cultivation	nutrition	D03		0	0.0025			1	"[{""id"":""local"",""requires_all"":[""geometric_survey"",""crop_calendars""],""requires_any"":[],""progress_multiplier"":1.0}]"			unreviewed				pending
controlled_baking	Controlled Baking		D01	H02	0	0.002			1	"[{""id"":""local"",""requires_all"":[""kiln_control"",""hand_dough_forming""],""requires_any"":[],""progress_multiplier"":1.0}]"			unreviewed				pending
controlled_flaking	Controlled Flaking	production	D06		45	0.008			1	"[{""id"":""local"",""requires_all"":[""stone_sorting""],""requires_any"":[],""progress_multiplier"":1.0}]"	T02	anchor	keep	notice		none	Uses selected stone and an encountered knappable resource.
controlled_pollination	Controlled Pollination	nutrition	D01		0	0.0025			1	"[{""id"":""local"",""requires_all"":[""progeny_rows"",""experimental_controls""],""requires_any"":[],""progress_multiplier"":1.0}]"			unreviewed				pending
convalescent_duty_reviews	Convalescent Duty Reviews	security	D20		0	0.002			1	"[{""id"":""local"",""requires_all"":[""triage_registers"",""work_rest_limits""],""requires_any"":[],""progress_multiplier"":1.0}]"			unreviewed				pending
coordinate_geometry	Coordinate Geometry	knowledge	D12		35000	0.002			1	"[{""id"":""local"",""requires_all"":[""symbolic_algebra"",""straightedge_compass"",""symbolic_algebra"",""straightedge_compass""],""requires_any"":[],""progress_multiplier"":1.0}]"			unreviewed				pending
coordination_polymerization	Coordination Polymerization		D04		0	0.002		"[[""polymer_chain_models"",""experimental_controls""]]"	1	"[{""id"":""local"",""requires_all"":[""industrial_catalyst_design""],""requires_any"":[[""polymer_chain_models"",""experimental_controls""]],""progress_multiplier"":1.0}]"			unreviewed				pending
copolymer_sequence_control	Copolymer Sequence Control		D04		0	0.002		"[[""radical_chain_polymerization"",""ionic_chain_polymerization"",""coordination_polymerization""]]"	1	"[{""id"":""local"",""requires_all"":[""polymer_molecular_weight_control""],""requires_any"":[[""radical_chain_polymerization"",""ionic_chain_polymerization"",""coordination_polymerization""]],""progress_multiplier"":1.0}]"			unreviewed				pending
copper_casting	Reusable Casting	production	D04		6000	0.0025			1	"[{""id"":""local"",""requires_all"":[""copper_smelting"",""clay_tempering""],""requires_any"":[],""progress_multiplier"":1.0}]"			unreviewed				pending
copper_smelting	Copper Smelting	production	D04		4400	0.0028			1	"[{""id"":""local"",""requires_all"":[""ore_assaying"",""charcoal""],""requires_any"":[],""progress_multiplier"":1.0}]"			unreviewed				pending
copperplate_preparation	Copperplate Preparation	production	D13		0	0.0025			1	"[{""id"":""local"",""requires_all"":[""copper_smelting"",""standard_measures""],""requires_any"":[],""progress_multiplier"":1.0}]"			unreviewed				pending
cordage	Twisted Cordage	production	D07		3	0.01			1	"[{""id"":""local"",""requires_all"":[],""requires_any"":[],""progress_multiplier"":1.0}]"	T02	anchor	keep	landmark		none	A broad enabling material practice with a real fiber requirement.
core_formed_glass	Core-Formed Glass	production	D04		0	0.0025			1	"[{""id"":""local"",""requires_all"":[""glassmaking"",""clay_shaping""],""requires_any"":[],""progress_multiplier"":1.0}]"			unreviewed				pending
cotter_pin_forming	Cotter Pin Forming	production	D06		0	0.002			1	"[{""id"":""local"",""requires_all"":[""wire_drawing"",""forge_welding""],""requires_any"":[],""progress_multiplier"":1.0}]"			unreviewed				pending
counterweight_cranes	Counterweight Cranes	logistics	D06		11000	0.002			2	"[{""id"":""local"",""requires_all"":[""rope_rigging"",""standard_measures"",""framed_construction""],""requires_any"":[],""progress_multiplier"":1.0},{""id"":""mechanical:local"",""requires_all"":[""rope_rigging"",""standard_measures"",""framed_construction"",""compound_pulleys"",""centers_of_mass""],""requires_any"":[],""progress_multiplier"":1.15}]"			unreviewed				pending
counterweight_engines	Counterweight Siege Engines	security	D20		5000	0.001			1	"[{""id"":""local"",""requires_all"":[""siege_engineering"",""rope_rigging""],""requires_any"":[],""progress_multiplier"":1.0}]"			unreviewed				pending
cover_crop_mixtures	Cover Crop Mixtures	nutrition	D03		0	0.0025			1	"[{""id"":""local"",""requires_all"":[""green_manure_crops"",""field_variety_trials""],""requires_any"":[],""progress_multiplier"":1.0}]"			unreviewed				pending
covered_sewers	Covered Sewers	infrastructure	D02		30500	0.0009			1	"[{""id"":""local"",""requires_all"":[""urban_street_plans"",""public_baths"",""lime_mortar""],""requires_any"":[],""progress_multiplier"":1.0}]"			unreviewed				pending
craft_guilds	Craft Guilds	institutions	D18		16000	0.0013			1	"[{""id"":""local"",""requires_all"":[""workshop_standards"",""specialized_courts""],""requires_any"":[],""progress_multiplier"":1.0}]"			unreviewed				pending
crank_linkages	Crank Linkages	knowledge	D06		12000	0.002			1	"[{""id"":""local"",""requires_all"":[""gear_ratios"",""standard_measures"",""gear_ratios"",""standard_measures""],""requires_any"":[],""progress_multiplier"":1.0}]"			unreviewed				pending
crew_handoffs	Crew Handoffs	labor	D18		90	0.005			1	"[{""id"":""local"",""requires_all"":[""labor_rotations""],""requires_any"":[],""progress_multiplier"":1.0}]"			unreviewed				pending
crop_calendars	Crop Calendars	nutrition	D01		240	0.0045			1	"[{""id"":""local"",""requires_all"":[""seasonal_patterns"",""seed_selection""],""requires_any"":[],""progress_multiplier"":1.0}]"	T04	anchor	keep	landmark		none	Preserves cultivation timing across households after selective planting exists.
crop_residue_cover	Crop Residue Cover	nutrition	D03		0	0.0025			1	"[{""id"":""local"",""requires_all"":[""managed_fallow"",""cordage""],""requires_any"":[],""progress_multiplier"":1.0}]"			unreviewed				pending
crop_rotation	Crop Rotation	nutrition	D01		6200	0.0022			1	"[{""id"":""local"",""requires_all"":[""managed_fallow"",""standard_measures""],""requires_any"":[],""progress_multiplier"":1.0}]"			unreviewed				pending
cross_slide_assembly	Cross-Slide Assembly	production	D06		0	0.002			1	"[{""id"":""local"",""requires_all"":[""machine_way_scraping"",""lead_screw_cutting"",""split_feed_nuts""],""requires_any"":[],""progress_multiplier"":1.0}]"			unreviewed				pending
crossbow_mechanism	Crossbow Mechanisms	security	D20		5000	0.001			1	"[{""id"":""local"",""requires_all"":[""bow_craft"",""joinery""],""requires_any"":[],""progress_multiplier"":1.0}]"			unreviewed				pending
crucible_glass_melting	Crucible Glass Melting	production	D04		0	0.002			1	"[{""id"":""local"",""requires_all"":[""ceramic_crucibles"",""refractory_brick_firing"",""glassmaking""],""requires_any"":[],""progress_multiplier"":1.0}]"			unreviewed				pending
cryogenic_air_separation	Cryogenic Air Separation	production	D04		0	0.002			1	"[{""id"":""local"",""requires_all"":[""compressed_air_systems"",""mechanical_refrigeration"",""chemical_distillation""],""requires_any"":[],""progress_multiplier"":1.0}]"			unreviewed				pending
crystal_radio_detection	Crystal Radio Detection		D21		0	0.002			1	"[{""id"":""local"",""requires_all"":[""ore_assaying"",""electrical_measurement"",""resonant_tuned_circuits""],""requires_any"":[],""progress_multiplier"":1.0}]"			unreviewed				pending
crystallography	Crystallography	knowledge	D04		42000	0.002			2	"[{""id"":""local"",""requires_all"":[""glassmaking"",""experimental_optics"",""glassmaking"",""experimental_optics""],""requires_any"":[],""progress_multiplier"":1.0},{""id"":""mathematical:local"",""requires_all"":[""glassmaking"",""experimental_optics"",""coordinate_geometry"",""matrix_algebra"",""glassmaking"",""experimental_optics""],""requires_any"":[],""progress_multiplier"":1.2}]"			unreviewed				pending
curing_regimens	Curing Regimens	nutrition	D01		1500	0.0035			1	"[{""id"":""local"",""requires_all"":[""salt_working"",""smoking""],""requires_any"":[],""progress_multiplier"":1.0}]"			unreviewed				pending
curtain_wall_systems	Glazed Curtain Walls	infrastructure	D08		73000	0.001			1	"[{""id"":""local"",""requires_all"":[""structural_steel"",""reinforced_concrete"",""standard_measures""],""requires_any"":[],""progress_multiplier"":1.0}]"			unreviewed				pending
customary_law	Customary Law	institutions	D16		55	0.003			2	"[{""id"":""local"",""requires_all"":[""labor_rotations""],""requires_any"":[],""progress_multiplier"":1.0},{""id"":""experimental"",""requires_all"":[""oral_epics"",""tallies""],""requires_any"":[],""progress_multiplier"":1.0}]"			unreviewed				pending
cutting_fluid_management	Cutting-Fluid Management		D06		0	0.002			1	"[{""id"":""local"",""requires_all"":[""calorimetry"",""lubrication_regimes""],""requires_any"":[],""progress_multiplier"":1.0}]"			unreviewed				pending
cyclic_fatigue	Cyclic Fatigue	knowledge	D12		12000	0.002			1	"[{""id"":""local"",""requires_all"":[""stress_strain_relations"",""experimental_controls"",""stress_strain_relations"",""experimental_controls""],""requires_any"":[],""progress_multiplier"":1.0}]"			unreviewed				pending
cylinder_boring	Cylinder Boring	infrastructure	D06		0	0.002			1	"[{""id"":""local"",""requires_all"":[""precision_machinery"",""bearing_surfaces""],""requires_any"":[],""progress_multiplier"":1.0}]"			unreviewed				pending
cylinder_press_printing	Cylinder-Press Printing	production	D13		0	0.0025			1	"[{""id"":""local"",""requires_all"":[""screw_press_printing"",""bearing_surfaces"",""gear_ratios""],""requires_any"":[],""progress_multiplier"":1.0}]"			unreviewed				pending
cylindrical_grinding	Cylindrical Grinding		D06	H04	0	0.002			1	"[{""id"":""local"",""requires_all"":[""centre_lathe_assembly"",""abrasive_grinding_control""],""requires_any"":[],""progress_multiplier"":1.0}]"			unreviewed				pending
data_modems	Data Modems		D13		0	0.002		"[[""telephone_repeaters"",""superheterodyne_reception""]]"	2	"[{""id"":""local_telephone_repeaters"",""requires_all"":[""telephone_repeaters"",""message_framing"",""pulse_code_modulation""],""requires_any"":[[""telephone_repeaters"",""superheterodyne_reception""]],""progress_multiplier"":1.0},{""id"":""local_superheterodyne_reception"",""requires_all"":[""superheterodyne_reception"",""message_framing"",""pulse_code_modulation""],""requires_any"":[[""telephone_repeaters"",""superheterodyne_reception""]],""progress_multiplier"":1.0}]"			unreviewed				pending
developmental_stage_series	Developmental Stage Series		D15		0	0.002			1	"[{""id"":""local"",""requires_all"":[""comparative_anatomy""],""requires_any"":[],""progress_multiplier"":1.0}]"			unreviewed				pending
differential_calculus	Differential Calculus	knowledge	D12		41000	0.002			1	"[{""id"":""local"",""requires_all"":[""coordinate_geometry"",""polynomial_equations"",""coordinate_geometry"",""polynomial_equations""],""requires_any"":[],""progress_multiplier"":1.0}]"			unreviewed				pending
differential_equations	Differential Equations	knowledge	D12		46000	0.002			1	"[{""id"":""local"",""requires_all"":[""differential_calculus"",""integral_calculus"",""differential_calculus"",""integral_calculus""],""requires_any"":[],""progress_multiplier"":1.0}]"			unreviewed				pending
dimensional_analysis	Dimensional Analysis	knowledge	D12		50000	0.002			1	"[{""id"":""local"",""requires_all"":[""ratio_proportion"",""symbolic_algebra"",""standard_measures"",""ratio_proportion"",""symbolic_algebra"",""standard_measures""],""requires_any"":[],""progress_multiplier"":1.0}]"			unreviewed				pending
dimensional_metrology	Precision Dimensional Metrology	knowledge	D12		54000	0.002			1	"[{""id"":""local"",""requires_all"":[""measurement_uncertainty"",""geometric_survey"",""workshop_standards"",""measurement_uncertainty"",""geometric_survey"",""workshop_standards""],""requires_any"":[],""progress_multiplier"":1.0}]"			unreviewed				pending
diode_control_stores	Diode Control Stores	knowledge	D21		0	0.002			1	"[{""id"":""local"",""requires_all"":[""diode_logic"",""memory_address_decoding""],""requires_any"":[],""progress_multiplier"":1.0}]"			unreviewed				pending
diode_logic	Diode Logic	production	D21		0	0.0025			1	"[{""id"":""local"",""requires_all"":[""silicon_rectifiers"",""carbon_resistors""],""requires_any"":[],""progress_multiplier"":1.0}]"			unreviewed				pending
directional_air_valves	Directional Air Valves	infrastructure	D06		0	0.002			1	"[{""id"":""local"",""requires_all"":[""pressure_pipe_jointing"",""compressed_air_systems""],""requires_any"":[],""progress_multiplier"":1.0}]"			unreviewed				pending
displacement_buoyancy	Displacement and Buoyancy	knowledge	D12		12000	0.002			1	"[{""id"":""local"",""requires_all"":[""river_craft"",""fractional_quantities"",""river_craft"",""fractional_quantities""],""requires_any"":[],""progress_multiplier"":1.0}]"			unreviewed				pending
domed_masonry_roofs	Domed Masonry Roofs		D08		0	0.002			1	"[{""id"":""local"",""requires_all"":[""vaulted_masonry_roofs"",""geometric_survey""],""requires_any"":[],""progress_multiplier"":1.0}]"			unreviewed				pending
domesticated_mounts	Domesticated Mounts	logistics	D09		400	0.003			1	"[{""id"":""local"",""requires_all"":[""pack_animals""],""requires_any"":[],""progress_multiplier"":1.0}]"			unreviewed				pending
double_seaming	Double Seaming	nutrition	D01		0	0.002			1	"[{""id"":""local"",""requires_all"":[""can_body_forming"",""bearing_surfaces""],""requires_any"":[],""progress_multiplier"":1.0}]"			unreviewed				pending
dough_leavening	Dough Leavening		D01	H02	0	0.002			1	"[{""id"":""local"",""requires_all"":[""fermentation_control"",""flour_sifting""],""requires_any"":[],""progress_multiplier"":1.0}]"			unreviewed				pending
drainage	Ground Drainage	infrastructure	D02		10	0.007			1	"[{""id"":""local"",""requires_all"":[],""requires_any"":[],""progress_multiplier"":1.0}]"	T04	anchor	keep	program_report	occupied wet ground	root_density	A plausible root observation that should be exposed by rain and occupied-ground work rather than arbitrary early selection.
drawbar_fitting	Drawbar Fitting	infrastructure	D09		0	0.002			1	"[{""id"":""local"",""requires_all"":[""joinery"",""rope_laying""],""requires_any"":[],""progress_multiplier"":1.0}]"			unreviewed				pending
drawloom_pattern_control	Drawloom-Pattern Control		D07		0	0.0025			1	"[{""id"":""local"",""requires_all"":[""plain_weaving"",""crew_handoffs""],""requires_any"":[],""progress_multiplier"":1.0}]"			unreviewed				pending
drill_bit_fluting	Drill-Bit Fluting	production	D06		0	0.002			1	"[{""id"":""local"",""requires_all"":[""toolbit_heat_treatment"",""standard_measures""],""requires_any"":[],""progress_multiplier"":1.0}]"			unreviewed				pending
drill_jig_bushings	Drill Jig Bushings	production	D06		0	0.002			1	"[{""id"":""local"",""requires_all"":[""centre_lathe_assembly"",""column_drilling_machines""],""requires_any"":[],""progress_multiplier"":1.0}]"			unreviewed				pending
drill_jig_layout	Drill Jig Layout	production	D06		0	0.002			1	"[{""id"":""local"",""requires_all"":[""drill_jig_bushings"",""horizontal_milling_machines"",""standard_measures""],""requires_any"":[],""progress_multiplier"":1.0}]"			unreviewed				pending
drop_spindles	Drop Spindles	production	D07		0	0.0025			1	"[{""id"":""local"",""requires_all"":[""cordage"",""clay_shaping""],""requires_any"":[],""progress_multiplier"":1.0}]"			unreviewed				pending
dry_dock_services	Dry Dock Services		D10		0	0.002		"[[""mine_drainage"",""compound_pulleys""]]"	1	"[{""id"":""local"",""requires_all"":[""structural_load_testing""],""requires_any"":[[""mine_drainage"",""compound_pulleys""]],""progress_multiplier"":1.0}]"			unreviewed				pending
drypoint_printmaking	Drypoint Printmaking	production	D19		0	0.0025			1	"[{""id"":""local"",""requires_all"":[""copperplate_preparation"",""printing_process""],""requires_any"":[],""progress_multiplier"":1.0}]"			unreviewed				pending
duplex_telegraphy	Duplex Telegraphy		D13		0	0.002			1	"[{""id"":""local"",""requires_all"":[""electrical_telegraphy"",""polarized_telegraph_relays"",""ratio_proportion""],""requires_any"":[],""progress_multiplier"":1.0}]"			unreviewed				pending
earth_oven_cooking	Earth Oven Cooking		D01	H01	0	0.005			1	"[{""id"":""local"",""requires_all"":[""hearth_roasting_control""],""requires_any"":[],""progress_multiplier"":1.0}]"			unreviewed				pending
edible_resource_recognition	Edible Resource Recognition		D01	H01	0	0.003			1	"[{""id"":""local"",""requires_all"":[],""requires_any"":[],""progress_multiplier"":1.0}]"	T01	anchor	keep	notice		none	Makes local food classification operational rather than a generic yield bonus.
elastic_deformation	Elastic Deformation	knowledge	D12		12000	0.002			1	"[{""id"":""local"",""requires_all"":[""standard_measures"",""timber_grading"",""standard_measures"",""timber_grading""],""requires_any"":[],""progress_multiplier"":1.0}]"			unreviewed				pending
electric_arc_furnaces	Electric Arc Furnaces	production	D04		82000	0.002			1	"[{""id"":""local"",""requires_all"":[""steel_refining"",""electrical_generators"",""electrical_measurement""],""requires_any"":[],""progress_multiplier"":1.0}]"			unreviewed				pending
electric_motors	Electric Motors	production	D06		62000	0.002			2	"[{""id"":""local"",""requires_all"":[""electromagnetic_induction"",""precision_machinery""],""requires_any"":[],""progress_multiplier"":1.0},{""id"":""mechanical:local"",""requires_all"":[""rotational_dynamics"",""bearing_surfaces"",""electromagnetic_induction"",""precision_machinery""],""requires_any"":[],""progress_multiplier"":1.15}]"			unreviewed				pending
electric_power_looms	Electric Power Looms	production	D07		0	0.0025			1	"[{""id"":""local"",""requires_all"":[""flying_shuttles"",""crank_linkages"",""electric_motors""],""requires_any"":[],""progress_multiplier"":1.0}]"			unreviewed				pending
electric_pulp_beating	Electric Pulp Beating	production	D13		0	0.0025			1	"[{""id"":""local"",""requires_all"":[""fiber_pulp_beating"",""electric_motors"",""bearing_surfaces""],""requires_any"":[],""progress_multiplier"":1.0}]"			unreviewed				pending
electrical_generators	Electrical Generators	production	D05		59000	0.002			1	"[{""id"":""local"",""requires_all"":[""electromagnetic_induction"",""precision_machinery""],""requires_any"":[],""progress_multiplier"":1.0}]"			unreviewed				pending
electrical_measurement	Electrical Measurement	knowledge	D12		43000	0.002			2	"[{""id"":""local"",""requires_all"":[""electrochemical_cells"",""standard_measures""],""requires_any"":[],""progress_multiplier"":1.0},{""id"":""mathematical:local"",""requires_all"":[""dimensional_analysis"",""electrochemical_cells"",""standard_measures""],""requires_any"":[],""progress_multiplier"":1.2}]"			unreviewed				pending
electrical_telegraphy	Electrical Telegraphy		D13		0	0.002			1	"[{""id"":""local"",""requires_all"":[""telegraph_keys"",""electromagnet_sounders"",""line_insulators"",""telegraph_return_circuits""],""requires_any"":[],""progress_multiplier"":1.0}]"			unreviewed				pending
electrochemical_cells	Electrochemical Cells	knowledge	D05		36000	0.002			1	"[{""id"":""local"",""requires_all"":[""copper_casting"",""chemical_distillation""],""requires_any"":[],""progress_multiplier"":1.0}]"			unreviewed				pending
electrochemical_machining	Electrochemical Machining		D06	H05	0	0.002			1	"[{""id"":""local"",""requires_all"":[""electrochemical_cells"",""precision_machinery""],""requires_any"":[],""progress_multiplier"":1.0}]"			unreviewed				pending
electromagnet_sounders	Electromagnet Sounders		D21		0	0.002			1	"[{""id"":""local"",""requires_all"":[""electromagnetic_relays""],""requires_any"":[],""progress_multiplier"":1.0}]"			unreviewed				pending
electromagnetic_earpieces	Electromagnetic Earpieces		D21		0	0.002			1	"[{""id"":""local"",""requires_all"":[""acoustic_diaphragms"",""electromagnetic_induction""],""requires_any"":[],""progress_multiplier"":1.0}]"			unreviewed				pending
electromagnetic_induction	Electromagnetic Induction	knowledge	D05		51000	0.002			1	"[{""id"":""local"",""requires_all"":[""electrical_measurement"",""experimental_controls""],""requires_any"":[],""progress_multiplier"":1.0}]"			unreviewed				pending
electromagnetic_relays	Electromagnetic Relays	production	D21		0	0.0025			1	"[{""id"":""local"",""requires_all"":[""electromagnetic_induction"",""wire_drawing""],""requires_any"":[],""progress_multiplier"":1.0}]"			unreviewed				pending
electromagnetic_wave_theory	Electromagnetic Wave Theory		D21		0	0.002			1	"[{""id"":""local"",""requires_all"":[""electromagnetic_induction"",""differential_equations""],""requires_any"":[],""progress_multiplier"":1.0}]"			unreviewed				pending
electron_physics	Electron Physics	knowledge	D12		71000	0.002			1	"[{""id"":""local"",""requires_all"":[""vacuum_experiments"",""electrical_measurement""],""requires_any"":[],""progress_multiplier"":1.0}]"			unreviewed				pending
electronic_machine_control	Electronic Machine Control	production	D21		0	0.0025			1	"[{""id"":""local"",""requires_all"":[""transistor_amplifiers"",""resistive_sensing"",""electromagnetic_relays"",""wound_transformers"",""silicon_rectifiers"",""feedback_governors""],""requires_any"":[],""progress_multiplier"":1.0}]"			unreviewed				pending
elephant_training	Working Elephant Training	security	D20		5000	0.001			1	"[{""id"":""local"",""requires_all"":[""animal_taming"",""supply_groups""],""requires_any"":[],""progress_multiplier"":1.0}]"			unreviewed				pending
engineer_demonstration_ranges	Engineer Demonstration Ranges	security	D20		39000	0.002		"[[""professional_corps"",""military_staffs""]]"	1	"[{""id"":""local"",""requires_all"":[""siege_engineering"",""experimental_controls""],""requires_any"":[[""professional_corps"",""military_staffs""]],""progress_multiplier"":1.0}]"			unreviewed				pending
engineer_infantry_security	Engineer–Infantry Security	security	D20		0	0.002			1	"[{""id"":""local"",""requires_all"":[""indirect_fire"",""military_staffs""],""requires_any"":[],""progress_multiplier"":1.0}]"			unreviewed				pending
engineered_wood_lamination	Engineered Wood Lamination		D08		0	0.002			1	"[{""id"":""local"",""requires_all"":[""adhesive_bond_design"",""timber_grading""],""requires_any"":[],""progress_multiplier"":1.0}]"			unreviewed				pending
enzyme_catalysis	Enzyme Catalysis		D15		0	0.002			1	"[{""id"":""local"",""requires_all"":[""fermentation_control"",""chemical_distillation""],""requires_any"":[],""progress_multiplier"":1.0}]"			unreviewed				pending
error_detection_codes	Error-Detection Codes		D13		0	0.002			1	"[{""id"":""local"",""requires_all"":[""message_framing"",""combinatorics""],""requires_any"":[],""progress_multiplier"":1.0}]"			unreviewed				pending
ethylene_glycol_hydrolysis	Ethylene Glycol Hydrolysis		D04	H04	0	0.002			1	"[{""id"":""local"",""requires_all"":[""chemical_distillation"",""experimental_controls""],""requires_any"":[],""progress_multiplier"":1.0}]"			unreviewed				pending
ethylene_oxide_synthesis	Ethylene Oxide Synthesis		D04	H04	0	0.002			1	"[{""id"":""local"",""requires_all"":[""industrial_catalyst_design"",""chemical_distillation"",""experimental_controls""],""requires_any"":[],""progress_multiplier"":1.0}]"			unreviewed				pending
evacuation_relays	Casualty Evacuation Relays	security	D20		0	0.002			1	"[{""id"":""local"",""requires_all"":[""casualty_collection_posts"",""supply_groups""],""requires_any"":[],""progress_multiplier"":1.0}]"			unreviewed				pending
experimental_controls	Experimental Controls	knowledge	D18		39000	0.0008			1	"[{""id"":""local"",""requires_all"":[""case_records"",""workshop_standards"",""place_value""],""requires_any"":[],""progress_multiplier"":1.0}]"			unreviewed				pending
experimental_optics	Experimental Optics	knowledge	D12		23000	0.002			1	"[{""id"":""local"",""requires_all"":[""optical_lenses"",""experimental_controls""],""requires_any"":[],""progress_multiplier"":1.0}]"			unreviewed				pending
experimental_protocol_publication	Experimental Protocol Publication		D18	H04	0	0.002			1	"[{""id"":""local"",""requires_all"":[""laboratory_notebooks"",""printing_process""],""requires_any"":[],""progress_multiplier"":1.0}]"			unreviewed				pending
external_thread_cutting	External Thread Cutting	production	D06		0	0.002			1	"[{""id"":""local"",""requires_all"":[""bolt_blank_forging"",""thread_die_cutting""],""requires_any"":[],""progress_multiplier"":1.0}]"			unreviewed				pending
eyepiece_design	Eyepiece Design	knowledge	D12		0	0.002			1	"[{""id"":""local"",""requires_all"":[""lens_centering""],""requires_any"":[],""progress_multiplier"":1.0}]"			unreviewed				pending
feedback_governors	Feedback Governors	knowledge	D06		12000	0.002			1	"[{""id"":""local"",""requires_all"":[""rotational_dynamics"",""crank_linkages"",""mechanical_oscillation"",""rotational_dynamics"",""crank_linkages"",""mechanical_oscillation""],""requires_any"":[],""progress_multiplier"":1.0}]"			unreviewed				pending
feedback_radio_oscillators	Feedback Radio Oscillators		D21		0	0.002		"[[""triode_valves"",""transistor_amplifiers""]]"	2	"[{""id"":""local_triode_valves"",""requires_all"":[""triode_valves"",""resonant_tuned_circuits"",""feedback_governors""],""requires_any"":[[""triode_valves"",""transistor_amplifiers""]],""progress_multiplier"":1.0},{""id"":""local_transistor_amplifiers"",""requires_all"":[""transistor_amplifiers"",""resonant_tuned_circuits"",""feedback_governors""],""requires_any"":[[""triode_valves"",""transistor_amplifiers""]],""progress_multiplier"":1.0}]"			unreviewed				pending
felloe_jointing	Felloe Jointing	infrastructure	D09		0	0.002			1	"[{""id"":""local"",""requires_all"":[""joinery"",""standard_measures""],""requires_any"":[],""progress_multiplier"":1.0}]"			unreviewed				pending
fermentation_control	Controlled Fermentation	nutrition	D01		7200	0.002			1	"[{""id"":""local"",""requires_all"":[""sealed_vessels"",""standard_measures""],""requires_any"":[],""progress_multiplier"":1.0}]"			unreviewed				pending
fermentation_starter_cultures	Fermentation Starter Cultures		D01	H03	0	0.002		"[[""experimental_controls""]]"	1	"[{""id"":""local"",""requires_all"":[""fermentation_control""],""requires_any"":[[""experimental_controls""]],""progress_multiplier"":1.0}]"			unreviewed				pending
festival_calendar	Festival Calendar	culture	D19		180	0.005			2	"[{""id"":""local"",""requires_all"":[""seasonal_patterns""],""requires_any"":[],""progress_multiplier"":1.0},{""id"":""experimental"",""requires_all"":[""oral_epics"",""route_memory""],""requires_any"":[],""progress_multiplier"":1.0}]"			unreviewed				pending
fiber_combing	Fiber Combing	production	D07		0	0.0025			1	"[{""id"":""local"",""requires_all"":[""fiber_retting"",""controlled_flaking""],""requires_any"":[],""progress_multiplier"":1.0}]"			unreviewed				pending
fiber_grading	Fiber Grading	ecology	D07		25	0.009			1	"[{""id"":""local"",""requires_all"":[],""requires_any"":[],""progress_multiplier"":1.0}]"	T01	anchor	keep	program_report		none	Supports cordage, carriers, clothing, and later record media.
fiber_pulp_beating	Fiber Pulp Beating	production	D13		0	0.0025			1	"[{""id"":""local"",""requires_all"":[""fiber_retting"",""hafted_tools""],""requires_any"":[],""progress_multiplier"":1.0}]"			unreviewed				pending
fiber_retting	Fiber Retting	production	D07		0	0.0025			1	"[{""id"":""local"",""requires_all"":[""fiber_grading"",""clean_water""],""requires_any"":[],""progress_multiplier"":1.0}]"			unreviewed				pending
field_aid_stations	Field Aid Stations	security	D20		0	0.002			1	"[{""id"":""local"",""requires_all"":[""casualty_collection_posts"",""surgical_anatomy"",""public_stores""],""requires_any"":[],""progress_multiplier"":1.0}]"			unreviewed				pending
field_armorer_teams	Field Armorer Teams	security	D20		0	0.002			1	"[{""id"":""local"",""requires_all"":[""joinery"",""workshop_standards""],""requires_any"":[],""progress_multiplier"":1.0}]"			unreviewed				pending
field_fortifications	Field Fortifications	security	D20		1100	0.0032			1	"[{""id"":""local"",""requires_all"":[""watch_rotation"",""drainage""],""requires_any"":[],""progress_multiplier"":1.0}]"			unreviewed				pending
field_variety_trials	Field Variety Trials	nutrition	D01		0	0.0025			1	"[{""id"":""local"",""requires_all"":[""progeny_rows"",""statistical_sampling""],""requires_any"":[],""progress_multiplier"":1.0}]"			unreviewed				pending
fighter_tactics	Fighter Tactics	security	D20		86000	0.001			1	"[{""id"":""local"",""requires_all"":[""powered_flight"",""formation_drill""],""requires_any"":[],""progress_multiplier"":1.0}]"			unreviewed				pending
fine_focus_stages	Fine-Focus Stages	knowledge	D12		0	0.002			1	"[{""id"":""local"",""requires_all"":[""precision_machinery"",""bearing_surfaces""],""requires_any"":[],""progress_multiplier"":1.0}]"			unreviewed				pending
finery_forges	Finery Forges	production	D04		0	0.002			1	"[{""id"":""local"",""requires_all"":[""blast_furnace"",""forge_welding""],""requires_any"":[],""progress_multiplier"":1.0}]"			unreviewed				pending
fired_roof_tiles	Fired Roof Tiles		D08		0	0.002			1	"[{""id"":""local"",""requires_all"":[""kiln_control"",""clay_tempering"",""framed_construction""],""requires_any"":[],""progress_multiplier"":1.0}]"			unreviewed				pending
flour_sifting	Flour Sifting		D01	H02	0	0.002			1	"[{""id"":""local"",""requires_all"":[""grain_milling"",""plain_weaving""],""requires_any"":[],""progress_multiplier"":1.0}]"			unreviewed				pending
flow_continuity	Flow Continuity	knowledge	D12		12000	0.002			1	"[{""id"":""local"",""requires_all"":[""hydrostatic_pressure"",""ratio_proportion"",""hydrostatic_pressure"",""ratio_proportion""],""requires_any"":[],""progress_multiplier"":1.0}]"			unreviewed				pending
fluid_film_bearings	Fluid-Film Bearings		D06		0	0.002			1	"[{""id"":""local"",""requires_all"":[""viscous_resistance"",""lubrication_regimes""],""requires_any"":[],""progress_multiplier"":1.0}]"			unreviewed				pending
flyer_spinning	Flyer Spinning	production	D07		0	0.0025			1	"[{""id"":""local"",""requires_all"":[""spinning_wheels"",""bearing_surfaces""],""requires_any"":[],""progress_multiplier"":1.0}]"			unreviewed				pending
flying_shuttles	Flying Shuttles	production	D07		0	0.0025			1	"[{""id"":""local"",""requires_all"":[""plain_weaving"",""joinery""],""requires_any"":[],""progress_multiplier"":1.0}]"			unreviewed				pending
flywheel_smoothing	Flywheel Smoothing	knowledge	D06		12000	0.002			1	"[{""id"":""local"",""requires_all"":[""gear_ratios"",""centers_of_mass"",""gear_ratios"",""centers_of_mass""],""requires_any"":[],""progress_multiplier"":1.0}]"			unreviewed				pending
foil_capacitors	Foil Capacitors	production	D21		0	0.0025			1	"[{""id"":""local"",""requires_all"":[""electrical_measurement"",""paper_making"",""wire_drawing""],""requires_any"":[],""progress_multiplier"":1.0}]"			unreviewed				pending
food_acidity_measurement	Food Acidity Measurement		D01	H04	0	0.002			1	"[{""id"":""local"",""requires_all"":[""standard_measures"",""electrochemical_cells""],""requires_any"":[],""progress_multiplier"":1.0}]"			unreviewed				pending
food_batch_traceability	Food-Batch Traceability		D01	H05	0	0.002			1	"[{""id"":""local"",""requires_all"":[""material_accounting"",""cargo_seals""],""requires_any"":[],""progress_multiplier"":1.0}]"			unreviewed				pending
food_drying	Food Drying	nutrition	D01		0	0.009			1	"[{""id"":""local"",""requires_all"":[],""requires_any"":[],""progress_multiplier"":1.0}]"	T03	anchor	keep	landmark		root_density	A valid root practice, but one of many simultaneous opening roots that need paced exposure.
food_package_barrier_testing	Food Package Barrier Testing		D01	H05	0	0.002		"[[""experimental_controls""]]"	1	"[{""id"":""local"",""requires_all"":[""food_process_hazard_analysis""],""requires_any"":[[""experimental_controls""]],""progress_multiplier"":1.0}]"			unreviewed				pending
food_package_leak_detection	Food Package Leak Detection		D01	H05	0	0.002		"[[""pressure_vessels"",""electrical_measurement""]]"	1	"[{""id"":""local"",""requires_all"":[""food_package_barrier_testing""],""requires_any"":[[""pressure_vessels"",""electrical_measurement""]],""progress_multiplier"":1.0}]"			unreviewed				pending
food_pounding_mortars	Food Pounding Mortars		D01	H01	0	0.002		"[[""stone_sorting"",""hafted_tools""]]"	1	"[{""id"":""local"",""requires_all"":[],""requires_any"":[[""stone_sorting"",""hafted_tools""]],""progress_multiplier"":1.0}]"			unreviewed				pending
food_process_hazard_analysis	Food-Process Hazard Analysis		D01	H05	0	0.002		"[[""thermal_process_validation"",""experimental_controls""]]"	1	"[{""id"":""local"",""requires_all"":[""food_batch_traceability""],""requires_any"":[[""thermal_process_validation"",""experimental_controls""]],""progress_multiplier"":1.0}]"			unreviewed				pending
food_retorts	Food Retorts	nutrition	D01		0	0.002			1	"[{""id"":""local"",""requires_all"":[""pressure_vessels"",""precision_thermometry""],""requires_any"":[],""progress_multiplier"":1.0}]"			unreviewed				pending
food_steaming_vessels	Food Steaming Vessels		D01	H01	0	0.005		"[[""clay_shaping"",""basketry""]]"	1	"[{""id"":""local"",""requires_all"":[""hearth_roasting_control""],""requires_any"":[[""clay_shaping"",""basketry""]],""progress_multiplier"":1.0}]"			unreviewed				pending
food_water_activity_measurement	Food Water Activity Measurement		D01	H05	0	0.002			1	"[{""id"":""local"",""requires_all"":[""food_process_hazard_analysis"",""humidity_measurement""],""requires_any"":[],""progress_multiplier"":1.0}]"			unreviewed				pending
forced_air_grain_drying	Forced-Air Grain Drying		D01	H04	0	0.002			1	"[{""id"":""local"",""requires_all"":[""grain_moisture_testing"",""electric_motors""],""requires_any"":[],""progress_multiplier"":1.0}]"			unreviewed				pending
forge_welding	Forge Welding	production	D04		22000	0.0016			1	"[{""id"":""local"",""requires_all"":[""bloomery_smelting"",""standard_measures""],""requires_any"":[],""progress_multiplier"":1.0}]"			unreviewed				pending
formal_archives	Formal Archives	knowledge	D13		5900	0.002			1	"[{""id"":""local"",""requires_all"":[""phonetic_notation"",""public_stores""],""requires_any"":[],""progress_multiplier"":1.0}]"			unreviewed				pending
formaldehyde_synthesis	Formaldehyde Synthesis		D04	H04	0	0.002			1	"[{""id"":""local"",""requires_all"":[""industrial_catalyst_design"",""chemical_distillation"",""experimental_controls""],""requires_any"":[],""progress_multiplier"":1.0}]"			unreviewed				pending
formation_drill	Formation Drill	security	D20		60	0.003			2	"[{""id"":""local"",""requires_all"":[""watch_rotation"",""labor_rotations""],""requires_any"":[],""progress_multiplier"":1.0},{""id"":""experimental"",""requires_all"":[""watch_rotation"",""festival_calendar""],""requires_any"":[],""progress_multiplier"":1.0}]"			unreviewed				pending
fortified_stores	Fortified Stores	security	D20		3900	0.0023			1	"[{""id"":""local"",""requires_all"":[""field_fortifications"",""public_stores"",""framed_construction""],""requires_any"":[],""progress_multiplier"":1.0}]"			unreviewed				pending
foundation_settlement_monitoring	Foundation-Settlement Monitoring		D08		0	0.002			1	"[{""id"":""local"",""requires_all"":[""geometric_survey"",""shallow_foundation_assessment""],""requires_any"":[],""progress_multiplier"":1.0}]"			unreviewed				pending
four_jaw_chucks	Four-Jaw Chucks	production	D06		0	0.002			1	"[{""id"":""local"",""requires_all"":[""lead_screw_cutting"",""forge_welding""],""requires_any"":[],""progress_multiplier"":1.0}]"			unreviewed				pending
fractional_distillation	Fractional Distillation	production	D04		46000	0.002			1	"[{""id"":""local"",""requires_all"":[""chemical_distillation"",""precision_thermometry""],""requires_any"":[],""progress_multiplier"":1.0}]"			unreviewed				pending
fractional_quantities	Fractional Quantities	knowledge	D12		600	0.002			1	"[{""id"":""local"",""requires_all"":[""tallies"",""standard_measures"",""tallies"",""standard_measures""],""requires_any"":[],""progress_multiplier"":1.0}]"			unreviewed				pending
frame_moulding	Frame Moulding	movement	D10		0	0.002			1	"[{""id"":""local"",""requires_all"":[""grown_frame_selection"",""standard_measures""],""requires_any"":[],""progress_multiplier"":1.0}]"			unreviewed				pending
framed_construction	Framed Construction	infrastructure	D08		500	0.004			1	"[{""id"":""local"",""requires_all"":[""joinery"",""timber_seasoning""],""requires_any"":[],""progress_multiplier"":1.0}]"	T04	anchor	keep	landmark	physical building assembly and maintenance	cross_field_gap	Knowledge foundations are credible; transformation credit requires an operating durable structure rather than knowledge alone.
frequency_conversion	Frequency Conversion		D21		0	0.002			1	"[{""id"":""local"",""requires_all"":[""feedback_radio_oscillators"",""crystal_radio_detection""],""requires_any"":[],""progress_multiplier"":1.0}]"			unreviewed				pending
frequency_modulation	Frequency Modulation		D13		0	0.002			1	"[{""id"":""local"",""requires_all"":[""feedback_radio_oscillators"",""frequency_stabilization"",""variable_air_capacitors""],""requires_any"":[],""progress_multiplier"":1.0}]"			unreviewed				pending
frequency_stabilization	Frequency Stabilization		D21		0	0.002			1	"[{""id"":""local"",""requires_all"":[""resonant_tuned_circuits"",""measurement_uncertainty"",""harmonic_analysis""],""requires_any"":[],""progress_multiplier"":1.0}]"			unreviewed				pending
friction_measurement	Friction Measurement	knowledge	D12		12000	0.002			1	"[{""id"":""local"",""requires_all"":[""standard_measures"",""experimental_controls"",""standard_measures"",""experimental_controls""],""requires_any"":[],""progress_multiplier"":1.0}]"			unreviewed				pending
fruit_pulp_screening	Fruit Pulp Screening		D01	H02	0	0.002		"[[""basketry"",""flour_sifting""]]"	1	"[{""id"":""local"",""requires_all"":[""edible_resource_recognition""],""requires_any"":[[""basketry"",""flour_sifting""]],""progress_multiplier"":1.0}]"			unreviewed				pending
fuel_refining	Liquid Fuel Refining	production	D05		84000	0.001			1	"[{""id"":""local"",""requires_all"":[""fractional_distillation"",""precision_machinery""],""requires_any"":[],""progress_multiplier"":1.0}]"			unreviewed				pending
galley_navigation	Galley Navigation	security	D10		15000	0.001			1	"[{""id"":""local"",""requires_all"":[""coastal_watercraft"",""formation_drill""],""requires_any"":[],""progress_multiplier"":1.0}]"			unreviewed				pending
garment_pattern_cutting	Garment-Pattern Cutting		D07		0	0.002			1	"[{""id"":""local"",""requires_all"":[""bone_needle_sewing"",""standard_measures""],""requires_any"":[],""progress_multiplier"":1.0}]"			unreviewed				pending
garment_seam_sealing	Garment Seam Sealing		D07	H05	0	0.002			1	"[{""id"":""local"",""requires_all"":[""textile_waterproofing"",""sewing_machine_mechanisms""],""requires_any"":[],""progress_multiplier"":1.0}]"			unreviewed				pending
garment_size_grading	Garment-Size Grading		D07		0	0.002			1	"[{""id"":""local"",""requires_all"":[""garment_pattern_cutting"",""statistical_sampling""],""requires_any"":[],""progress_multiplier"":1.0}]"			unreviewed				pending
gas_composition_analysis	Gas Composition Analysis		D23	H04	0	0.002			1	"[{""id"":""local"",""requires_all"":[""spectroscopy"",""chemical_distillation""],""requires_any"":[],""progress_multiplier"":1.0}]"			unreviewed				pending
gauge_block_lapping	Gauge-Block Lapping	production	D06		0	0.002			1	"[{""id"":""local"",""requires_all"":[""three_plate_lapping"",""precision_machinery"",""precision_thermometry""],""requires_any"":[],""progress_multiplier"":1.0}]"			unreviewed				pending
gear_hobbing	Gear Hobbing		D06		0	0.002			1	"[{""id"":""local"",""requires_all"":[""gear_tooth_generation"",""milling_cutter_relief""],""requires_any"":[],""progress_multiplier"":1.0}]"			unreviewed				pending
gear_power_skiving	Gear Power Skiving		D06	H05	0	0.002			1	"[{""id"":""local"",""requires_all"":[""gear_tooth_generation"",""numerical_machine_control""],""requires_any"":[],""progress_multiplier"":1.0}]"			unreviewed				pending
gear_ratios	Gear Ratios	knowledge	D06		12000	0.002			1	"[{""id"":""local"",""requires_all"":[""joinery"",""ratio_proportion"",""joinery"",""ratio_proportion""],""requires_any"":[],""progress_multiplier"":1.0}]"			unreviewed				pending
gear_shaping_generation	Gear Shaping Generation		D06	H04	0	0.002			1	"[{""id"":""local"",""requires_all"":[""gear_tooth_generation"",""precision_machinery""],""requires_any"":[],""progress_multiplier"":1.0}]"			unreviewed				pending
gear_tooth_generation	Gear-Tooth Generation		D06		0	0.002			1	"[{""id"":""local"",""requires_all"":[""gear_ratios"",""dimensional_metrology""],""requires_any"":[],""progress_multiplier"":1.0}]"			unreviewed				pending
geochemical_anomaly_mapping	Geochemical Anomaly Mapping	ecology	D22		12000	0.002			1	"[{""id"":""local"",""requires_all"":[""geochemical_baselines"",""regional_maps"",""measurement_uncertainty"",""geochemical_baselines"",""regional_maps"",""measurement_uncertainty""],""requires_any"":[],""progress_multiplier"":1.0}]"			unreviewed				pending
geochemical_baselines	Geochemical Baselines	ecology	D22		12000	0.002			1	"[{""id"":""local"",""requires_all"":[""chemical_distillation"",""statistical_sampling"",""systematic_channel_sampling"",""chemical_distillation"",""statistical_sampling"",""systematic_channel_sampling""],""requires_any"":[],""progress_multiplier"":1.0}]"			unreviewed				pending
geologic_cross_sections	Geologic Cross Sections	ecology	D22		12000	0.002			1	"[{""id"":""local"",""requires_all"":[""geometric_survey"",""relative_stratigraphy"",""similar_triangles"",""geometric_survey"",""relative_stratigraphy"",""similar_triangles""],""requires_any"":[],""progress_multiplier"":1.0}]"			unreviewed				pending
geometric_survey	Geometric Survey	knowledge	D12		7600	0.0018			2	"[{""id"":""local"",""requires_all"":[""place_value"",""standard_measures""],""requires_any"":[],""progress_multiplier"":1.0},{""id"":""mathematical:local"",""requires_all"":[""place_value"",""standard_measures"",""similar_triangles""],""requires_any"":[],""progress_multiplier"":1.2}]"			unreviewed				pending
germination_trials	Germination Trials	nutrition	D01		0	0.0025			1	"[{""id"":""local"",""requires_all"":[""seed_selection"",""standard_measures""],""requires_any"":[],""progress_multiplier"":1.0}]"			unreviewed				pending
glass_annealing_schedules	Glass Annealing Schedules		D04		0	0.002		"[[""precision_thermometry"",""kiln_control""]]"	1	"[{""id"":""local"",""requires_all"":[""glassmaking""],""requires_any"":[[""precision_thermometry"",""kiln_control""]],""progress_multiplier"":1.0}]"			unreviewed				pending
glass_batch_composition_control	Glass Batch Composition Control		D04		0	0.002			1	"[{""id"":""local"",""requires_all"":[""glassmaking"",""material_accounting""],""requires_any"":[],""progress_multiplier"":1.0}]"			unreviewed				pending
glass_blowing	Glass Blowing	production	D04		0	0.0025			1	"[{""id"":""local"",""requires_all"":[""glassmaking"",""bloomery_smelting""],""requires_any"":[],""progress_multiplier"":1.0}]"			unreviewed				pending
glass_tube_drawing	Glass Tube Drawing	production	D04		0	0.0025			1	"[{""id"":""local"",""requires_all"":[""glass_blowing"",""standard_measures""],""requires_any"":[],""progress_multiplier"":1.0}]"			unreviewed				pending
glassmaking	Glassmaking	production	D04		6000	0.002			1	"[{""id"":""local"",""requires_all"":[""kiln_control"",""salt_working""],""requires_any"":[],""progress_multiplier"":1.0}]"			unreviewed				pending
grade_tonnage_models	Grade–Tonnage Models	ecology	D22		12000	0.002			1	"[{""id"":""local"",""requires_all"":[""ore_assaying"",""statistical_sampling"",""geologic_cross_sections"",""ratio_proportion"",""ore_assaying"",""statistical_sampling"",""geologic_cross_sections"",""ratio_proportion""],""requires_any"":[],""progress_multiplier"":1.0}]"			unreviewed				pending
graded_roads	Graded Roads	infrastructure	D09		1400	0.003			1	"[{""id"":""local"",""requires_all"":[""route_memory"",""drainage"",""labor_rotations""],""requires_any"":[],""progress_multiplier"":1.0}]"	T05	anchor	repair	landmark	paid surfaced route length, drainage, traffic, recurring repair	cross_field_gap	Crowned and drained roads should change movement only where route segments are built and maintained; knowledge currently contributes global route and haul effects.
grain_malting	Grain Malting		D01	H02	0	0.002			1	"[{""id"":""local"",""requires_all"":[""germination_trials"",""food_drying""],""requires_any"":[],""progress_multiplier"":1.0}]"			unreviewed				pending
grain_milling	Rotary Grain Milling	nutrition	D01		4800	0.0025			2	"[{""id"":""local"",""requires_all"":[""hafted_tools"",""standard_measures""],""requires_any"":[],""progress_multiplier"":1.0},{""id"":""mechanical:local"",""requires_all"":[""hafted_tools"",""standard_measures"",""bearing_surfaces"",""flywheel_smoothing""],""requires_any"":[],""progress_multiplier"":1.15}]"			unreviewed				pending
grain_moisture_testing	Grain-Moisture Testing		D01	H04	0	0.002			1	"[{""id"":""local"",""requires_all"":[""measurement_uncertainty"",""precision_thermometry"",""winnowing_practice""],""requires_any"":[],""progress_multiplier"":1.0}]"			unreviewed				pending
grain_parboiling	Grain Parboiling		D01	H02	0	0.002		"[[""earth_oven_cooking"",""food_steaming_vessels""]]"	1	"[{""id"":""local"",""requires_all"":[""cereal_dehulling"",""food_drying""],""requires_any"":[[""earth_oven_cooking"",""food_steaming_vessels""]],""progress_multiplier"":1.0}]"			unreviewed				pending
graphite_crucibles	Graphite Crucibles	production	D04		52500	0.0009			1	"[{""id"":""local"",""requires_all"":[""graphite_marking"",""refractory_furnaces""],""requires_any"":[],""progress_multiplier"":1.0}]"			unreviewed				pending
graphite_marking	Graphite Marking	knowledge	D13		49000	0.0011			1	"[{""id"":""local"",""requires_all"":[""standard_measures""],""requires_any"":[],""progress_multiplier"":1.0}]"			unreviewed				pending
gravity_conduit_grade_control	Gravity Conduit Grade Control		D02	H03	0	0.002			1	"[{""id"":""local"",""requires_all"":[""geometric_survey"",""drainage""],""requires_any"":[],""progress_multiplier"":1.0}]"	T05	anchor	keep	landmark		none	The installed water-conveyance owner already requires surveyed grade, paid line materials, construction work, source flow, leakage, condition and repair.
green_manure_crops	Green Manure Crops	nutrition	D03		0	0.0025			1	"[{""id"":""local"",""requires_all"":[""crop_rotation"",""seed_reserves""],""requires_any"":[],""progress_multiplier"":1.0}]"			unreviewed				pending
grog_preparation	Grog Preparation	production	D04		0	0.002			1	"[{""id"":""local"",""requires_all"":[""pit_firing"",""stone_sorting""],""requires_any"":[],""progress_multiplier"":1.0}]"			unreviewed				pending
grown_frame_selection	Grown Frame Selection	movement	D10		0	0.002			1	"[{""id"":""local"",""requires_all"":[""joinery"",""river_craft""],""requires_any"":[],""progress_multiplier"":1.0}]"			unreviewed				pending
guided_weapons	Guided Weapons	security	D20		95000	0.001			1	"[{""id"":""local"",""requires_all"":[""jet_propulsion"",""naval_fire_control""],""requires_any"":[],""progress_multiplier"":1.0}]"			unreviewed				pending
gun_detachment_school	Gun Detachment School	security	D20		26000	0.002			1	"[{""id"":""local"",""requires_all"":[""powder_artillery"",""workshop_standards""],""requires_any"":[],""progress_multiplier"":1.0}]"			unreviewed				pending
gun_line_security	Gun-Line Security	security	D20		56000	0.002			1	"[{""id"":""local"",""requires_all"":[""powder_artillery"",""formation_drill""],""requires_any"":[],""progress_multiplier"":1.0}]"			unreviewed				pending
habitat_observation_records	Habitat Observation Records		D03	H01	0	0.002			1	"[{""id"":""local"",""requires_all"":[""herbal_classification"",""seasonal_patterns""],""requires_any"":[],""progress_multiplier"":1.0}]"			unreviewed				pending
hafted_tools	Hafted Tools	production	D06		100	0.006			1	"[{""id"":""local"",""requires_all"":[""controlled_flaking"",""cordage""],""requires_any"":[],""progress_multiplier"":1.0}]"	T02	anchor	keep	landmark		none	Integrates stone, wood, fiber, and accessible material supply.
hafted_weapons	Hafted Weapons	security	D20		180	0.0048			1	"[{""id"":""local"",""requires_all"":[""hafted_tools"",""watch_rotation""],""requires_any"":[],""progress_multiplier"":1.0}]"			unreviewed				pending
hand_dough_forming	Hand Dough Forming		D01	H02	0	0.002			1	"[{""id"":""local"",""requires_all"":[""grain_milling""],""requires_any"":[],""progress_multiplier"":1.0}]"			unreviewed				pending
hand_relief_printing	Hand Relief Printing	production	D13		0	0.0025		"[[""relief_block_cutting"",""wooden_movable_type""]]"	1	"[{""id"":""local"",""requires_all"":[""paper_making"",""oil_based_printing_inks""],""requires_any"":[[""relief_block_cutting"",""wooden_movable_type""]],""progress_multiplier"":1.0}]"			unreviewed				pending
hardened_edges	Hardened Iron Edges	production	D04		27000	0.0014			1	"[{""id"":""local"",""requires_all"":[""forge_welding""],""requires_any"":[],""progress_multiplier"":1.0}]"			unreviewed				pending
hardwired_sequence_control	Hardwired Sequence Control	production	D21		0	0.0025			1	"[{""id"":""local"",""requires_all"":[""binary_counters"",""shift_registers"",""binary_adders"",""electronic_machine_control""],""requires_any"":[],""progress_multiplier"":1.0}]"			unreviewed				pending
harmonic_analysis	Harmonic Analysis	knowledge	D12		55000	0.002			1	"[{""id"":""local"",""requires_all"":[""complex_numbers"",""trigonometry"",""integral_calculus"",""complex_numbers"",""trigonometry"",""integral_calculus""],""requires_any"":[],""progress_multiplier"":1.0}]"			unreviewed				pending
haul_harness_weaving	Haul Harness Weaving	infrastructure	D09		0	0.002			1	"[{""id"":""local"",""requires_all"":[""plain_weaving"",""rope_laying""],""requires_any"":[],""progress_multiplier"":1.0}]"			unreviewed				pending
hearth_roasting_control	Hearth Roasting Control		D01	H01	0	0.005			1	"[{""id"":""local"",""requires_all"":[],""requires_any"":[],""progress_multiplier"":1.0}]"	T02	anchor	repair	landmark	controlled fire	shallow_path	Operational cooking exists, but the live catalog lacks prior fire maintenance and ignition anchors.
heat_engine_cycles	Heat Engine Cycles	knowledge	D05		47000	0.002			2	"[{""id"":""local"",""requires_all"":[""calorimetry"",""pressure_vessels""],""requires_any"":[],""progress_multiplier"":1.0},{""id"":""mathematical:local"",""requires_all"":[""integral_calculus"",""logarithms"",""calorimetry"",""pressure_vessels""],""requires_any"":[],""progress_multiplier"":1.2}]"			unreviewed				pending
herbal_classification	Medicinal Classification	health	D14		28	0.004			1	"[{""id"":""local"",""requires_all"":[],""requires_any"":[],""progress_multiplier"":1.0}]"	T01	anchor	keep	notice	evidence continuity	root_density	Plausible early practice, but should progress through repeated cases rather than arrive in the opening discovery burst.
heredity_experiments	Heredity Experiments		D15		0	0.002			1	"[{""id"":""local"",""requires_all"":[""progeny_rows"",""controlled_pollination""],""requires_any"":[],""progress_multiplier"":1.0}]"			unreviewed				pending
hermetic_grain_storage	Hermetic Grain Storage	nutrition	D01		2300	0.003		"[[""raised_granaries"",""seed_reserves""]]"	1	"[{""id"":""local"",""requires_all"":[""sealed_vessels""],""requires_any"":[[""raised_granaries"",""seed_reserves""]],""progress_multiplier"":1.0}]"			unreviewed				pending
hide_floats	Hide Floats	logistics	D10		140	0.005			1	"[{""id"":""local"",""requires_all"":[""cordage""],""requires_any"":[],""progress_multiplier"":1.0}]"			unreviewed				pending
hide_tanning	Hide Tanning		D07		0	0.002			1	"[{""id"":""local"",""requires_all"":[""curing_regimens"",""herbal_classification""],""requires_any"":[],""progress_multiplier"":1.0}]"			unreviewed				pending
high_fire_stoneware	High-Fire Stoneware		D04		0	0.002			1	"[{""id"":""local"",""requires_all"":[""clay_testing"",""refractory_furnaces""],""requires_any"":[],""progress_multiplier"":1.0}]"			unreviewed				pending
honed_bore_finishing	Honed Bore Finishing		D06	H04	0	0.002			1	"[{""id"":""local"",""requires_all"":[""cylinder_boring"",""abrasive_grinding_control""],""requires_any"":[],""progress_multiplier"":1.0}]"			unreviewed				pending
horizontal_milling_machines	Horizontal Milling Machines	production	D06		0	0.002			1	"[{""id"":""local"",""requires_all"":[""milling_table_feeds"",""milling_spindle_heads"",""milling_cutter_relief""],""requires_any"":[],""progress_multiplier"":1.0}]"			unreviewed				pending
hot_rivet_setting	Hot Rivet Setting	production	D06		0	0.002			1	"[{""id"":""local"",""requires_all"":[""rivet_blank_heading"",""rivet_hole_alignment""],""requires_any"":[],""progress_multiplier"":1.0}]"			unreviewed				pending
household_councils	Household Councils	institutions	D16		260	0.0045			1	"[{""id"":""local"",""requires_all"":[""labor_rotations""],""requires_any"":[],""progress_multiplier"":1.0}]"	T04	anchor	keep	landmark		none	Creates recognized coordination once recurring communal labor already exists.
household_space_planning	Household Space Planning	demography	D08		2000	0.002			1	"[{""id"":""local"",""requires_all"":[""framed_construction"",""shared_childcare""],""requires_any"":[],""progress_multiplier"":1.0}]"			unreviewed				pending
hull_condition_surveys	Hull Condition Surveys		D10		0	0.002			1	"[{""id"":""local"",""requires_all"":[""hull_seam_caulking"",""measurement_uncertainty""],""requires_any"":[],""progress_multiplier"":1.0}]"			unreviewed				pending
hull_seam_caulking	Hull Seam Caulking	movement	D10		0	0.002			1	"[{""id"":""local"",""requires_all"":[""caulking_fiber_preparation"",""plank_spiling""],""requires_any"":[],""progress_multiplier"":1.0}]"			unreviewed				pending
humidity_measurement	Humidity Measurement		D22		0	0.002			1	"[{""id"":""local"",""requires_all"":[""precision_thermometry"",""measurement_uncertainty""],""requires_any"":[],""progress_multiplier"":1.0}]"			unreviewed				pending
hydraulic_lime_binders	Hydraulic-Lime Binders		D04		0	0.002			1	"[{""id"":""local"",""requires_all"":[""lime_burning"",""clay_testing""],""requires_any"":[],""progress_multiplier"":1.0}]"			unreviewed				pending
hydrocarbon_steam_cracking	Hydrocarbon Steam Cracking		D05	H04	0	0.002			1	"[{""id"":""local"",""requires_all"":[""fuel_refining"",""pressure_vessels"",""precision_thermometry""],""requires_any"":[],""progress_multiplier"":1.0}]"			unreviewed				pending
hydrogen_chloride_synthesis	Hydrogen Chloride Synthesis	production	D04		65000	0.002			1	"[{""id"":""local"",""requires_all"":[""chloralkali_cells"",""pressure_vessels"",""chemical_distillation"",""chloralkali_cells"",""pressure_vessels"",""chemical_distillation""],""requires_any"":[],""progress_multiplier"":1.0}]"			unreviewed				pending
hydrogen_flame_glassworking	Hydrogen-Flame Glassworking	production	D04		0	0.0025			1	"[{""id"":""local"",""requires_all"":[""glass_tube_drawing"",""chemical_distillation""],""requires_any"":[],""progress_multiplier"":1.0}]"			unreviewed				pending
hydrostatic_pressure	Hydrostatic Pressure	knowledge	D12		12000	0.002			1	"[{""id"":""local"",""requires_all"":[""water_settling_basins"",""standard_measures"",""water_settling_basins"",""standard_measures""],""requires_any"":[],""progress_multiplier"":1.0}]"			unreviewed				pending
illumination_apertures	Illumination Apertures	knowledge	D12		0	0.002			1	"[{""id"":""local"",""requires_all"":[""experimental_optics"",""workshop_standards""],""requires_any"":[],""progress_multiplier"":1.0}]"			unreviewed				pending
incremental_sheet_forming	Incremental Sheet Forming		D06	H05	0	0.002			1	"[{""id"":""local"",""requires_all"":[""numerical_machine_control"",""sheet_steel_rolling""],""requires_any"":[],""progress_multiplier"":1.0}]"			unreviewed				pending
indirect_fire	Indirect Artillery Fire	security	D20		50000	0.001			1	"[{""id"":""local"",""requires_all"":[""powder_artillery"",""military_staffs""],""requires_any"":[],""progress_multiplier"":1.0}]"			unreviewed				pending
indirect_solar_food_drying	Indirect Solar Food Drying		D01	H03	0	0.002			1	"[{""id"":""local"",""requires_all"":[""food_drying""],""requires_any"":[],""progress_multiplier"":1.0}]"			unreviewed				pending
induction_surface_hardening	Induction Surface Hardening		D04		0	0.002			1	"[{""id"":""local"",""requires_all"":[""electromagnetic_induction"",""hardened_edges""],""requires_any"":[],""progress_multiplier"":1.0}]"			unreviewed				pending
inductive_line_loading	Inductive Line Loading		D13		0	0.002			1	"[{""id"":""local"",""requires_all"":[""telephone_circuits"",""wound_transformers"",""harmonic_analysis""],""requires_any"":[],""progress_multiplier"":1.0}]"			unreviewed				pending
industrial_catalyst_design	Industrial Catalyst Design		D04		0	0.002		"[[""iron_ammonia_catalysts"",""enzyme_catalysis"",""sulfuric_acid_production""]]"	1	"[{""id"":""local"",""requires_all"":[""experimental_controls"",""chemical_distillation""],""requires_any"":[[""iron_ammonia_catalysts"",""enzyme_catalysis"",""sulfuric_acid_production""]],""progress_multiplier"":1.0}]"			unreviewed				pending
inertial_motion	Inertial Motion	knowledge	D12		12000	0.002			1	"[{""id"":""local"",""requires_all"":[""measured_kinematics"",""friction_measurement"",""measured_kinematics"",""friction_measurement""],""requires_any"":[],""progress_multiplier"":1.0}]"			unreviewed				pending
infantry_antitank_coordination	Infantry–Antitank Coordination	security	D20		0	0.002			1	"[{""id"":""local"",""requires_all"":[""armor_piercing_weapons"",""military_staffs""],""requires_any"":[],""progress_multiplier"":1.0}]"			unreviewed				pending
infantry_tank_cooperation	Infantry–Tank Cooperation	security	D20		85000	0.002			1	"[{""id"":""local"",""requires_all"":[""armored_vehicles"",""military_staffs""],""requires_any"":[],""progress_multiplier"":1.0}]"			unreviewed				pending
instruction_registers	Instruction Registers	production	D21		0	0.0025			1	"[{""id"":""local"",""requires_all"":[""shift_registers"",""binary_counters""],""requires_any"":[],""progress_multiplier"":1.0}]"			unreviewed				pending
instrument_sterilization	Instrument Sterilization		D14		0	0.002			1	"[{""id"":""local"",""requires_all"":[""precision_thermometry"",""experimental_controls""],""requires_any"":[],""progress_multiplier"":1.0}]"			unreviewed				pending
integral_calculus	Integral Calculus	knowledge	D12		42000	0.002			1	"[{""id"":""local"",""requires_all"":[""coordinate_geometry"",""fractional_quantities"",""coordinate_geometry"",""fractional_quantities""],""requires_any"":[],""progress_multiplier"":1.0}]"			unreviewed				pending
intensive_gardens	Intensive Market Gardens	nutrition	D01		36000	0.001			1	"[{""id"":""local"",""requires_all"":[""soil_assays"",""irrigation_schedules"",""regional_granaries""],""requires_any"":[],""progress_multiplier"":1.0}]"			unreviewed				pending
interchangeable_component_fits	Interchangeable Component Fits		D06		0	0.002			1	"[{""id"":""local"",""requires_all"":[""dimensional_metrology"",""workshop_standards""],""requires_any"":[],""progress_multiplier"":1.0}]"			unreviewed				pending
internal_combustion	Internal Combustion Engines	production	D06		46000	0.001			1	"[{""id"":""local"",""requires_all"":[""fuel_refining"",""heat_engine_cycles"",""precision_machinery""],""requires_any"":[],""progress_multiplier"":1.0}]"			unreviewed				pending
internal_thread_tapping	Internal Thread Tapping	production	D06		0	0.002			1	"[{""id"":""local"",""requires_all"":[""nut_bore_drilling"",""thread_tap_cutting""],""requires_any"":[],""progress_multiplier"":1.0}]"			unreviewed				pending
investment_casting_process	Investment Casting Process		D06	H03	0	0.002			1	"[{""id"":""local"",""requires_all"":[""metal_casting_feed_design"",""ceramic_slip_casting""],""requires_any"":[],""progress_multiplier"":1.0}]"			unreviewed				pending
ionic_chain_polymerization	Ionic Chain Polymerization		D04		0	0.002			1	"[{""id"":""local"",""requires_all"":[""polymer_monomer_purification""],""requires_any"":[],""progress_multiplier"":1.0}]"			unreviewed				pending
iron_ammonia_catalysts	Iron Ammonia Catalysts	production	D04		0	0.002			1	"[{""id"":""local"",""requires_all"":[""bloomery_smelting"",""experimental_controls"",""chemical_distillation""],""requires_any"":[],""progress_multiplier"":1.0}]"			unreviewed				pending
iron_assaying	Iron Ore Assay	production	D04		15500	0.002			1	"[{""id"":""local"",""requires_all"":[""kiln_control"",""standard_measures""],""requires_any"":[],""progress_multiplier"":1.0}]"			unreviewed				pending
iron_tyre_fitting	Iron Tyre Fitting	infrastructure	D09		0	0.002			1	"[{""id"":""local"",""requires_all"":[""spoked_wheel_assembly"",""forge_welding""],""requires_any"":[],""progress_multiplier"":1.0}]"			unreviewed				pending
irrigation_loss_accounts	Irrigation Loss Accounts	nutrition	D02		0	0.0025			1	"[{""id"":""local"",""requires_all"":[""irrigation_schedules"",""material_accounting""],""requires_any"":[],""progress_multiplier"":1.0}]"			unreviewed				pending
irrigation_schedules	Irrigation Schedules	nutrition	D02		2600	0.0028			1	"[{""id"":""local"",""requires_all"":[""crop_calendars"",""drainage"",""tallies""],""requires_any"":[],""progress_multiplier"":1.0}]"	T05	anchor	repair	notice	deliverable water, field allocation, turn compliance, loss and drainage records	cross_field_gap	Calendars, drainage and tallies support scheduling, but yield and state effects currently do not depend on finite conveyed water or operating irrigated fields.
isocyanate_synthesis	Isocyanate Synthesis		D04	H04	0	0.002			1	"[{""id"":""local"",""requires_all"":[""chemical_distillation"",""pressure_vessels"",""experimental_controls""],""requires_any"":[],""progress_multiplier"":1.0}]"			unreviewed				pending
isolation_practice	Isolation Practice	health	D14		1300	0.003			1	"[{""id"":""local"",""requires_all"":[""herbal_classification"",""labor_rotations""],""requires_any"":[],""progress_multiplier"":1.0}]"			unreviewed				pending
jet_propulsion	Jet Propulsion	production	D11		93000	0.001			1	"[{""id"":""local"",""requires_all"":[""advanced_airframes"",""heat_engine_cycles""],""requires_any"":[],""progress_multiplier"":1.0}]"			unreviewed				pending
joinery	Wood Joinery	infrastructure	D08		22	0.005			2	"[{""id"":""local"",""requires_all"":[""cordage""],""requires_any"":[],""progress_multiplier"":1.0},{""id"":""experimental"",""requires_all"":[""stone_sorting""],""requires_any"":[],""progress_multiplier"":1.0}]"	T02	anchor	keep	notice		none	Two credible early learning routes converge on one timber-working capability.
jurisdiction_boundaries	Jurisdiction Boundaries		D16	H03	0	0.002			1	"[{""id"":""local"",""requires_all"":[""regional_maps"",""customary_law""],""requires_any"":[],""progress_multiplier"":1.0}]"			unreviewed				pending
keel_scarfing	Keel Scarfing	movement	D10		0	0.002			1	"[{""id"":""local"",""requires_all"":[""joinery"",""standard_measures""],""requires_any"":[],""progress_multiplier"":1.0}]"			unreviewed				pending
kiln_control	Controlled Kilns	production	D04		720	0.004			1	"[{""id"":""local"",""requires_all"":[""pit_firing"",""clay_tempering""],""requires_any"":[],""progress_multiplier"":1.0}]"	T05	anchor	repair	landmark	installed kiln, firing volume, fuel, maintenance	cross_field_gap	The causal knowledge stack is sound, but broad craft and fuel effects currently operate without a maintained enclosed kiln or bounded firing service.
knitted_loop_fabrics	Knitted-Loop Fabrics		D07		0	0.002		"[[""cordage""]]"	1	"[{""id"":""local"",""requires_all"":[""drop_spindles""],""requires_any"":[[""cordage""]],""progress_multiplier"":1.0}]"			unreviewed				pending
knotted_record_systems	Knotted Record Systems		D13		0	0.002			1	"[{""id"":""local"",""requires_all"":[""cordage"",""tallies""],""requires_any"":[],""progress_multiplier"":1.0}]"			unreviewed				pending
labor_rotations	Labor Rotations	institutions	D16		8	0.007			1	"[{""id"":""local"",""requires_all"":[],""requires_any"":[],""progress_multiplier"":1.0}]"	T03	anchor	keep	notice		root_density	Makes sustained communal stores and projects possible; should emerge from actual competing work obligations.
laboratory_notebooks	Laboratory Notebooks		D18	H03	0	0.002			1	"[{""id"":""local"",""requires_all"":[""formal_archives"",""experimental_controls""],""requires_any"":[],""progress_multiplier"":1.0}]"			unreviewed				pending
lamellar_armor_assembly	Lamellar-Armor Assembly		D20		0	0.0025		"[[""bronze_alloying"",""hardened_edges""]]"	1	"[{""id"":""local"",""requires_all"":[""cordage""],""requires_any"":[[""bronze_alloying"",""hardened_edges""]],""progress_multiplier"":1.0}]"			unreviewed				pending
lampblack_capture	Lampblack Capture	production	D13		0	0.0025			1	"[{""id"":""local"",""requires_all"":[""charcoal"",""clay_shaping""],""requires_any"":[],""progress_multiplier"":1.0}]"			unreviewed				pending
latrine_siting	Latrine Siting	health	D02		700	0.004			1	"[{""id"":""local"",""requires_all"":[""drainage"",""clean_water""],""requires_any"":[],""progress_multiplier"":1.0}]"	T05	anchor	repair	landmark	located waste ground, digging, separation, upkeep	cross_field_gap	Siting knowledge currently grants settlement-wide sanitation without a paid, maintained waste facility separated from water and occupied ground.
launching_cradles	Launching Cradles	movement	D10		0	0.002			1	"[{""id"":""local"",""requires_all"":[""joinery"",""keel_scarfing""],""requires_any"":[],""progress_multiplier"":1.0}]"			unreviewed				pending
layered_clothing_design	Layered-Clothing Design		D07		0	0.002			1	"[{""id"":""local"",""requires_all"":[""fiber_grading"",""seasonal_patterns""],""requires_any"":[],""progress_multiplier"":1.0}]"			unreviewed				pending
lead_acid_cells	Lead-Acid Cells	production	D05		0	0.002			1	"[{""id"":""local"",""requires_all"":[""electrochemical_cells"",""lead_sheet_rolling"",""lead_oxide_preparation"",""porous_battery_separators"",""sulfuric_acid_production""],""requires_any"":[],""progress_multiplier"":1.0}]"			unreviewed				pending
lead_oxide_preparation	Lead Oxide Preparation	production	D04		0	0.002			1	"[{""id"":""local"",""requires_all"":[""lead_smelting"",""chemical_distillation"",""experimental_controls""],""requires_any"":[],""progress_multiplier"":1.0}]"			unreviewed				pending
lead_screw_cutting	Lead-Screw Cutting	production	D06		0	0.002			1	"[{""id"":""local"",""requires_all"":[""standard_measures"",""steel_refining"",""gear_ratios""],""requires_any"":[],""progress_multiplier"":1.0}]"			unreviewed				pending
lead_sheet_rolling	Lead Sheet Rolling	production	D04		0	0.002			1	"[{""id"":""local"",""requires_all"":[""lead_smelting"",""bearing_surfaces""],""requires_any"":[],""progress_multiplier"":1.0}]"			unreviewed				pending
lead_smelting	Lead Smelting	production	D04		0	0.002			1	"[{""id"":""local"",""requires_all"":[""ore_assaying"",""sealed_vessels"",""kiln_control""],""requires_any"":[],""progress_multiplier"":1.0}]"			unreviewed				pending
least_squares_estimation	Least-Squares Estimation	knowledge	D12		53000	0.002			1	"[{""id"":""local"",""requires_all"":[""matrix_algebra"",""measurement_uncertainty"",""matrix_algebra"",""measurement_uncertainty""],""requires_any"":[],""progress_multiplier"":1.0}]"			unreviewed				pending
leather_goods_patterning	Leather-Goods Patterning		D07		0	0.002			1	"[{""id"":""local"",""requires_all"":[""hide_tanning"",""garment_pattern_cutting""],""requires_any"":[],""progress_multiplier"":1.0}]"			unreviewed				pending
leather_thickness_skiving	Leather Thickness Skiving		D07	H04	0	0.002			1	"[{""id"":""local"",""requires_all"":[""leather_goods_patterning"",""dimensional_metrology""],""requires_any"":[],""progress_multiplier"":1.0}]"			unreviewed				pending
lens_centering	Lens Centering	knowledge	D12		0	0.002			1	"[{""id"":""local"",""requires_all"":[""optical_lenses"",""experimental_optics""],""requires_any"":[],""progress_multiplier"":1.0}]"			unreviewed				pending
lever_moments	Lever Moments	knowledge	D12		12000	0.002			1	"[{""id"":""local"",""requires_all"":[""wedges_and_levers"",""ratio_proportion"",""wedges_and_levers"",""ratio_proportion""],""requires_any"":[],""progress_multiplier"":1.0}]"			unreviewed				pending
lime_burning	Lime Burning	production	D04		1800	0.003			1	"[{""id"":""local"",""requires_all"":[""kiln_control""],""requires_any"":[],""progress_multiplier"":1.0}]"			unreviewed				pending
lime_mortar	Lime Mortar	infrastructure	D08		2600	0.0028			1	"[{""id"":""local"",""requires_all"":[""lime_burning"",""standard_measures""],""requires_any"":[],""progress_multiplier"":1.0}]"	T05	anchor	repair	notice	operating mortar batches and installed maintained masonry	cross_field_gap	Real slaked lime, sand, water, mortar batches and masonry uses exist, but the discovery still grants broad passive effects before those stocks and structures operate.
linchpin_retention	Linchpin Retention	infrastructure	D09		0	0.002			1	"[{""id"":""local"",""requires_all"":[""wooden_axle_shaping"",""joinery""],""requires_any"":[],""progress_multiplier"":1.0}]"			unreviewed				pending
line_insulators	Line Insulators		D13		0	0.002			1	"[{""id"":""local"",""requires_all"":[""glassmaking"",""electrical_measurement""],""requires_any"":[],""progress_multiplier"":1.0}]"			unreviewed				pending
lithologic_correlation	Lithologic Correlation	ecology	D22		12000	0.002			1	"[{""id"":""local"",""requires_all"":[""relative_stratigraphy"",""mineral_cleavage"",""regional_maps"",""relative_stratigraphy"",""mineral_cleavage"",""regional_maps""],""requires_any"":[],""progress_multiplier"":1.0}]"			unreviewed				pending
litter_bearer_drill	Litter Bearer Drill	security	D20		0	0.002			1	"[{""id"":""local"",""requires_all"":[""wound_cleaning"",""cordage""],""requires_any"":[],""progress_multiplier"":1.0}]"			unreviewed				pending
live_cell_time_lapse	Live Cell Time Lapse		D15		0	0.002			1	"[{""id"":""local"",""requires_all"":[""cell_culture_methods"",""microscopic_cell_observation""],""requires_any"":[],""progress_multiplier"":1.0}]"			unreviewed				pending
logarithms	Logarithms	knowledge	D12		32000	0.002			1	"[{""id"":""local"",""requires_all"":[""ratio_proportion"",""symbolic_algebra"",""ratio_proportion"",""symbolic_algebra""],""requires_any"":[],""progress_multiplier"":1.0}]"			unreviewed				pending
lost_foam_casting	Lost-Foam Casting		D06	H05	0	0.002			1	"[{""id"":""local"",""requires_all"":[""polymer_foam_cell_control"",""metal_casting_feed_design""],""requires_any"":[],""progress_multiplier"":1.0}]"			unreviewed				pending
lubrication_regimes	Lubrication Regimes	knowledge	D06		12000	0.002			1	"[{""id"":""local"",""requires_all"":[""bearing_surfaces"",""friction_measurement"",""bearing_surfaces"",""friction_measurement""],""requires_any"":[],""progress_multiplier"":1.0}]"			unreviewed				pending
machine_condition_monitoring	Machine-Condition Monitoring		D06		0	0.002			1	"[{""id"":""local"",""requires_all"":[""mechanical_oscillation"",""statistical_sampling""],""requires_any"":[],""progress_multiplier"":1.0}]"			unreviewed				pending
machine_tool_stiffness_assessment	Machine-Tool Stiffness Assessment		D06		0	0.002			1	"[{""id"":""local"",""requires_all"":[""stress_strain_relations"",""dimensional_metrology""],""requires_any"":[],""progress_multiplier"":1.0}]"			unreviewed				pending
machine_way_scraping	Machine-Way Scraping	production	D06		0	0.002			1	"[{""id"":""local"",""requires_all"":[""straightedge_scraping"",""bearing_surfaces""],""requires_any"":[],""progress_multiplier"":1.0}]"			unreviewed				pending
mail_armor_fabrication	Mail-Armor Fabrication		D20		0	0.0025			1	"[{""id"":""local"",""requires_all"":[""wire_drawing"",""hardened_edges""],""requires_any"":[],""progress_multiplier"":1.0}]"			unreviewed				pending
managed_fallow	Managed Fallow	nutrition	D01		900	0.0035			1	"[{""id"":""local"",""requires_all"":[""crop_calendars""],""requires_any"":[],""progress_multiplier"":1.0}]"	T04	anchor	keep	program_report		none	Represents a land-management consequence after calendars exist.
manual_switchboards	Manual Switchboards		D13		0	0.002			1	"[{""id"":""local"",""requires_all"":[""telephone_circuits"",""material_accounting""],""requires_any"":[],""progress_multiplier"":1.0}]"			unreviewed				pending
masonry_arch_centering	Masonry Arch Centering		D08		0	0.002		"[[""joinery"",""rammed_earth_construction""]]"	1	"[{""id"":""local"",""requires_all"":[""standard_measures""],""requires_any"":[[""joinery"",""rammed_earth_construction""]],""progress_multiplier"":1.0}]"			unreviewed				pending
masonry_bond_patterns	Masonry Bond Patterns		D08		0	0.002			1	"[{""id"":""local"",""requires_all"":[""lime_mortar"",""stone_sorting""],""requires_any"":[],""progress_multiplier"":1.0}]"			unreviewed				pending
masonry_buttressing	Masonry Buttressing		D08		0	0.002			1	"[{""id"":""local"",""requires_all"":[""lime_mortar"",""structural_load_testing""],""requires_any"":[],""progress_multiplier"":1.0}]"			unreviewed				pending
masonry_moisture_management	Masonry Moisture Management		D08		0	0.002			1	"[{""id"":""local"",""requires_all"":[""lime_mortar"",""drainage""],""requires_any"":[],""progress_multiplier"":1.0}]"			unreviewed				pending
masonry_repointing	Masonry Repointing		D08		0	0.002			1	"[{""id"":""local"",""requires_all"":[""mortar_compatibility_assessment""],""requires_any"":[],""progress_multiplier"":1.0}]"			unreviewed				pending
mass_seed_selection	Mass Seed Selection	nutrition	D01		0	0.0025			1	"[{""id"":""local"",""requires_all"":[""seed_reserves"",""crop_calendars""],""requires_any"":[],""progress_multiplier"":1.0}]"			unreviewed				pending
mast_making	Mast Making	movement	D10		0	0.002			1	"[{""id"":""local"",""requires_all"":[""joinery"",""rope_laying""],""requires_any"":[],""progress_multiplier"":1.0}]"			unreviewed				pending
matched_thread_inspection	Matched Thread Inspection	production	D06		0	0.002			2	"[{""id"":""cut_threads"",""requires_all"":[""external_thread_cutting"",""thread_pitch_gauging"",""internal_thread_tapping""],""requires_any"":[],""progress_multiplier"":1.0},{""id"":""rolled_threads"",""requires_all"":[""bolt_thread_rolling"",""thread_pitch_gauging"",""internal_thread_tapping""],""requires_any"":[],""progress_multiplier"":1.0}]"			unreviewed				pending
matchlock_drill	Matchlock Arms and Drill	security	D20		5000	0.001			1	"[{""id"":""local"",""requires_all"":[""black_powder"",""precision_machinery""],""requires_any"":[],""progress_multiplier"":1.0}]"			unreviewed				pending
material_accounting	Material Accounting	knowledge	D17		1200	0.0038			1	"[{""id"":""local"",""requires_all"":[""tallies""],""requires_any"":[],""progress_multiplier"":1.0}]"			unreviewed				pending
material_phase_diagrams	Material Phase Diagrams		D04		0	0.002			1	"[{""id"":""local"",""requires_all"":[""crystallography"",""precision_thermometry""],""requires_any"":[],""progress_multiplier"":1.0}]"			unreviewed				pending
maternal_recovery	Maternal Recovery Care	demography	D14		1100	0.005			1	"[{""id"":""local"",""requires_all"":[""birth_attendants"",""shared_childcare""],""requires_any"":[],""progress_multiplier"":1.0}]"			unreviewed				pending
matrix_algebra	Matrix Algebra	knowledge	D12		51000	0.002			1	"[{""id"":""local"",""requires_all"":[""symbolic_algebra"",""place_value"",""symbolic_algebra"",""place_value""],""requires_any"":[],""progress_multiplier"":1.0}]"			unreviewed				pending
measured_kinematics	Measured Kinematics	knowledge	D12		12000	0.002			1	"[{""id"":""local"",""requires_all"":[""standard_measures"",""tallies"",""standard_measures"",""tallies""],""requires_any"":[],""progress_multiplier"":1.0}]"			unreviewed				pending
measurement_uncertainty	Measurement Uncertainty	knowledge	D12		48000	0.002			1	"[{""id"":""local"",""requires_all"":[""probability_theory"",""standard_measures"",""probability_theory"",""standard_measures""],""requires_any"":[],""progress_multiplier"":1.0}]"			unreviewed				pending
mechanical_clutches	Mechanical Clutches		D06		0	0.002			1	"[{""id"":""local"",""requires_all"":[""friction_measurement"",""bearing_surfaces""],""requires_any"":[],""progress_multiplier"":1.0}]"			unreviewed				pending
mechanical_oscillation	Mechanical Oscillation	knowledge	D12		12000	0.002			1	"[{""id"":""local"",""requires_all"":[""elastic_deformation"",""measured_kinematics"",""elastic_deformation"",""measured_kinematics""],""requires_any"":[],""progress_multiplier"":1.0}]"			unreviewed				pending
mechanical_refrigeration	Mechanical Refrigeration	infrastructure	D08		76000	0.002			2	"[{""id"":""local"",""requires_all"":[""heat_engine_cycles"",""pressure_vessels"",""electric_motors""],""requires_any"":[],""progress_multiplier"":1.0},{""id"":""mathematical:local"",""requires_all"":[""heat_engine_cycles"",""pressure_vessels"",""electric_motors"",""constrained_optimization""],""requires_any"":[],""progress_multiplier"":1.2}]"			unreviewed				pending
mechanical_screw_presses	Mechanical Screw Presses		D06		0	0.0025			1	"[{""id"":""local"",""requires_all"":[""gear_ratios"",""joinery""],""requires_any"":[],""progress_multiplier"":1.0}]"			unreviewed				pending
mechanical_washing_machines	Mechanical Washing Machines		D07		0	0.002			1	"[{""id"":""local"",""requires_all"":[""textile_laundering_practice"",""crank_linkages"",""electric_motors""],""requires_any"":[],""progress_multiplier"":1.0}]"			unreviewed				pending
mechanical_work_energy	Mechanical Work and Energy	knowledge	D12		12000	0.002			1	"[{""id"":""local"",""requires_all"":[""lever_moments"",""measured_kinematics"",""lever_moments"",""measured_kinematics""],""requires_any"":[],""progress_multiplier"":1.0}]"			unreviewed				pending
mechanized_crew_school	Mechanized Crew School	security	D20		74000	0.002			1	"[{""id"":""local"",""requires_all"":[""armored_vehicles"",""workshop_standards"",""military_staffs""],""requires_any"":[],""progress_multiplier"":1.0}]"			unreviewed				pending
medical_resupply_packing	Medical Resupply Packing	security	D20		0	0.002			1	"[{""id"":""local"",""requires_all"":[""field_aid_stations"",""material_accounting""],""requires_any"":[],""progress_multiplier"":1.0}]"			unreviewed				pending
memory_address_decoding	Memory Address Decoding	production	D21		0	0.0025		"[[""relay_logic"",""diode_logic""]]"	1	"[{""id"":""local"",""requires_all"":[],""requires_any"":[[""relay_logic"",""diode_logic""]],""progress_multiplier"":1.0}]"			unreviewed				pending
message_framing	Message Framing		D13		0	0.002			1	"[{""id"":""local"",""requires_all"":[""agreed_signal_codes"",""binary_adders""],""requires_any"":[],""progress_multiplier"":1.0}]"			unreviewed				pending
metal_annealing_control	Metal Annealing Control		D04		0	0.002		"[[""precision_thermometry"",""kiln_control""]]"	1	"[{""id"":""local"",""requires_all"":[""hardened_edges""],""requires_any"":[[""precision_thermometry"",""kiln_control""]],""progress_multiplier"":1.0}]"			unreviewed				pending
metal_casting_feed_design	Metal Casting Feed Design		D04		0	0.002		"[[""flow_continuity"",""experimental_controls""]]"	1	"[{""id"":""local"",""requires_all"":[""copper_casting""],""requires_any"":[[""flow_continuity"",""experimental_controls""]],""progress_multiplier"":1.0}]"			unreviewed				pending
metal_fracture_toughness_testing	Metal Fracture Toughness Testing		D04		0	0.002		"[[""cyclic_fatigue"",""structural_load_testing""]]"	1	"[{""id"":""local"",""requires_all"":[""stress_strain_relations""],""requires_any"":[[""cyclic_fatigue"",""structural_load_testing""]],""progress_multiplier"":1.0}]"			unreviewed				pending
metal_grain_size_measurement	Metal Grain Size Measurement		D04		0	0.002		"[[""material_phase_diagrams"",""experimental_controls""]]"	1	"[{""id"":""local"",""requires_all"":[""compound_microscopy""],""requires_any"":[[""material_phase_diagrams"",""experimental_controls""]],""progress_multiplier"":1.0}]"			unreviewed				pending
metal_spinning_forming	Metal Spinning Forming		D06	H04	0	0.002			1	"[{""id"":""local"",""requires_all"":[""centre_lathe_assembly"",""sheet_steel_rolling""],""requires_any"":[],""progress_multiplier"":1.0}]"			unreviewed				pending
metal_type_casting	Metal-Type Casting		D13		0	0.002			1	"[{""id"":""local"",""requires_all"":[""copper_casting"",""dimensional_metrology""],""requires_any"":[],""progress_multiplier"":1.0}]"			unreviewed				pending
metallic_cartridges	Metallic Cartridges	security	D20		42000	0.001			1	"[{""id"":""local"",""requires_all"":[""rifled_barrels""],""requires_any"":[],""progress_multiplier"":1.0}]"			unreviewed				pending
metallurgical_mass_balances	Metallurgical Mass Balances		D04		0	0.002			1	"[{""id"":""local"",""requires_all"":[""material_accounting"",""ore_assaying""],""requires_any"":[],""progress_multiplier"":1.0}]"			unreviewed				pending
mezzotint_printmaking	Mezzotint Printmaking	production	D19		0	0.0025			1	"[{""id"":""local"",""requires_all"":[""copperplate_preparation"",""printing_process""],""requires_any"":[],""progress_multiplier"":1.0}]"			unreviewed				pending
microbial_growth_measurement	Microbial Growth Measurement		D15		0	0.002			1	"[{""id"":""local"",""requires_all"":[""microbial_isolation_methods"",""statistical_sampling""],""requires_any"":[],""progress_multiplier"":1.0}]"			unreviewed				pending
microbial_isolation_methods	Microbial Isolation Methods		D15		0	0.002			1	"[{""id"":""local"",""requires_all"":[""microbial_observation"",""experimental_controls""],""requires_any"":[],""progress_multiplier"":1.0}]"			unreviewed				pending
microbial_observation	Microbial Observation		D15		0	0.002		"[[""fermentation_control"",""clean_water""]]"	1	"[{""id"":""local"",""requires_all"":[""compound_microscopy""],""requires_any"":[[""fermentation_control"",""clean_water""]],""progress_multiplier"":1.0}]"			unreviewed				pending
microinstruction_sequencing	Microinstruction Sequencing	knowledge	D21		0	0.002			1	"[{""id"":""local"",""requires_all"":[""program_counters"",""conditional_branch_circuits""],""requires_any"":[],""progress_multiplier"":1.0}]"			unreviewed				pending
microprogrammed_machine_control	Microprogrammed Machine Control	knowledge	D21		0	0.002			1	"[{""id"":""local"",""requires_all"":[""diode_control_stores"",""microinstruction_sequencing"",""arithmetic_logic_units"",""stored_program_control""],""requires_any"":[],""progress_multiplier"":1.0}]"			unreviewed				pending
microscopic_cell_observation	Microscopic Cell Observation		D15		0	0.002			1	"[{""id"":""local"",""requires_all"":[""compound_microscopy"",""specimen_slide_mounting""],""requires_any"":[],""progress_multiplier"":1.0}]"			unreviewed				pending
military_staffs	Military Staff Planning	security	D20		28500	0.001			1	"[{""id"":""local"",""requires_all"":[""professional_corps"",""regional_maps"",""formal_archives""],""requires_any"":[],""progress_multiplier"":1.0}]"			unreviewed				pending
milling_cutter_relief	Milling Cutter Relief	production	D06		0	0.002			1	"[{""id"":""local"",""requires_all"":[""toolbit_heat_treatment"",""centre_lathe_assembly""],""requires_any"":[],""progress_multiplier"":1.0}]"			unreviewed				pending
milling_spindle_heads	Milling Spindle Heads	production	D06		0	0.002			1	"[{""id"":""local"",""requires_all"":[""centre_lathe_assembly"",""column_drilling_machines"",""gear_ratios""],""requires_any"":[],""progress_multiplier"":1.0}]"			unreviewed				pending
milling_table_feeds	Milling Table Feeds	production	D06		0	0.002			1	"[{""id"":""local"",""requires_all"":[""cross_slide_assembly"",""machine_way_scraping""],""requires_any"":[],""progress_multiplier"":1.0}]"			unreviewed				pending
mine_airways	Mine Airways	infrastructure	D08		12000	0.0022			1	"[{""id"":""local"",""requires_all"":[""mine_shoring"",""experimental_controls""],""requires_any"":[],""progress_multiplier"":1.0}]"			unreviewed				pending
mine_drainage	Mine Drainage	infrastructure	D08		13000	0.0021			2	"[{""id"":""local"",""requires_all"":[""mine_shoring"",""well_siting""],""requires_any"":[],""progress_multiplier"":1.0},{""id"":""mechanical:local"",""requires_all"":[""mine_shoring"",""well_siting"",""flow_continuity"",""crank_linkages""],""requires_any"":[],""progress_multiplier"":1.15}]"			unreviewed				pending
mine_shoring	Timbered Mine Shoring	infrastructure	D08		10000	0.0024			1	"[{""id"":""local"",""requires_all"":[""framed_construction"",""rope_rigging""],""requires_any"":[],""progress_multiplier"":1.0}]"			unreviewed				pending
mineral_cleavage	Cleavage and Fracture Classification	ecology	D22		12000	0.002			1	"[{""id"":""local"",""requires_all"":[""stone_sorting"",""quarry_reading"",""stone_sorting"",""quarry_reading""],""requires_any"":[],""progress_multiplier"":1.0}]"			unreviewed				pending
mineral_nitrate_dressing	Mineral Nitrate Dressing	nutrition	D01		0	0.002			1	"[{""id"":""local"",""requires_all"":[""nitrate_cultivation"",""nutrient_response_trials""],""requires_any"":[],""progress_multiplier"":1.0}]"			unreviewed				pending
mineral_pigment_preparation	Mineral-Pigment Preparation		D04		0	0.002			1	"[{""id"":""local"",""requires_all"":[""stone_sorting"",""clay_testing""],""requires_any"":[],""progress_multiplier"":1.0}]"			unreviewed				pending
mineral_specific_gravity	Mineral Specific Gravity	ecology	D22		12000	0.002			1	"[{""id"":""local"",""requires_all"":[""fractional_quantities"",""standard_measures"",""displacement_buoyancy"",""fractional_quantities"",""standard_measures"",""displacement_buoyancy""],""requires_any"":[],""progress_multiplier"":1.0}]"			unreviewed				pending
mineral_streak_tests	Mineral Streak Tests	ecology	D22		12000	0.002			1	"[{""id"":""local"",""requires_all"":[""stone_sorting"",""pit_firing"",""stone_sorting"",""pit_firing""],""requires_any"":[],""progress_multiplier"":1.0}]"			unreviewed				pending
module_encapsulation	Photovoltaic Module Encapsulation	production	D04		93000	0.002			1	"[{""id"":""local"",""requires_all"":[""solar_cell_fabrication"",""glassmaking"",""cable_insulation"",""solar_cell_fabrication"",""glassmaking"",""cable_insulation""],""requires_any"":[],""progress_multiplier"":1.0}]"			unreviewed				pending
mold_blown_glass	Mold-Blown Glass	production	D04		0	0.0025			1	"[{""id"":""local"",""requires_all"":[""glass_blowing"",""clay_tempering""],""requires_any"":[],""progress_multiplier"":1.0}]"			unreviewed				pending
momentum_balance	Momentum Balance	knowledge	D12		12000	0.002			1	"[{""id"":""local"",""requires_all"":[""inertial_motion"",""ratio_proportion"",""inertial_motion"",""ratio_proportion""],""requires_any"":[],""progress_multiplier"":1.0}]"			unreviewed				pending
mortar_compatibility_assessment	Mortar Compatibility Assessment		D08		0	0.002			1	"[{""id"":""local"",""requires_all"":[""lime_mortar"",""masonry_moisture_management""],""requires_any"":[],""progress_multiplier"":1.0}]"			unreviewed				pending
mountain_field_school	Mountain Field School	security	D20		9200	0.002		"[[""military_staffs"",""professional_corps""]]"	1	"[{""id"":""local"",""requires_all"":[""route_memory""],""requires_any"":[[""military_staffs"",""professional_corps""]],""progress_multiplier"":1.0}]"			unreviewed				pending
mounted_firearms	Mounted Firearms	security	D20		5000	0.001			1	"[{""id"":""local"",""requires_all"":[""matchlock_drill"",""domesticated_mounts""],""requires_any"":[],""progress_multiplier"":1.0}]"			unreviewed				pending
mounted_remount_school	Mounted Remount School	security	D20		2200	0.002			1	"[{""id"":""local"",""requires_all"":[""domesticated_mounts"",""apprentice_contracts""],""requires_any"":[],""progress_multiplier"":1.0}]"			unreviewed				pending
mounted_scouts	Mounted Scouting	logistics	D09		460	0.004			1	"[{""id"":""local"",""requires_all"":[""domesticated_mounts""],""requires_any"":[],""progress_multiplier"":1.0}]"			unreviewed				pending
movable_type_composition	Movable-Type Composition		D13		0	0.002		"[[""wooden_movable_type"",""metal_type_casting""]]"	1	"[{""id"":""local"",""requires_all"":[""phonetic_notation""],""requires_any"":[[""wooden_movable_type"",""metal_type_casting""]],""progress_multiplier"":1.0}]"			unreviewed				pending
mulch_water_management	Mulch Water Management	nutrition	D03		0	0.0025			1	"[{""id"":""local"",""requires_all"":[""crop_residue_cover"",""soil_infiltration_trials""],""requires_any"":[],""progress_multiplier"":1.0}]"			unreviewed				pending
mule_spinning	Mule Spinning	production	D07		0	0.0025			1	"[{""id"":""local"",""requires_all"":[""multi_spindle_spinning"",""flyer_spinning"",""gear_ratios""],""requires_any"":[],""progress_multiplier"":1.0}]"			unreviewed				pending
multi_spindle_spinning	Multi-Spindle Spinning	production	D07		0	0.0025			1	"[{""id"":""local"",""requires_all"":[""spinning_wheels"",""workshop_standards""],""requires_any"":[],""progress_multiplier"":1.0}]"			unreviewed				pending
naval_arsenals	Naval Arsenals	security	D20		15000	0.001			1	"[{""id"":""local"",""requires_all"":[""galley_navigation"",""workshop_standards""],""requires_any"":[],""progress_multiplier"":1.0}]"			unreviewed				pending
naval_aviation	Naval Aviation	security	D20		89000	0.001			1	"[{""id"":""local"",""requires_all"":[""powered_flight"",""naval_torpedoes""],""requires_any"":[],""progress_multiplier"":1.0}]"			unreviewed				pending
naval_fire_control	Naval Fire Control	security	D20		80000	0.001			1	"[{""id"":""local"",""requires_all"":[""armored_hulls"",""military_staffs""],""requires_any"":[],""progress_multiplier"":1.0}]"			unreviewed				pending
naval_gunnery	Naval Gunnery	security	D20		15000	0.001			1	"[{""id"":""local"",""requires_all"":[""ocean_sailing"",""powder_artillery""],""requires_any"":[],""progress_multiplier"":1.0}]"			unreviewed				pending
naval_logistics	Fleet Replenishment	security	D20		82000	0.001			1	"[{""id"":""local"",""requires_all"":[""steam_propulsion"",""supply_groups""],""requires_any"":[],""progress_multiplier"":1.0}]"			unreviewed				pending
naval_missiles	Naval Missiles	security	D20		96000	0.001			1	"[{""id"":""local"",""requires_all"":[""guided_weapons"",""naval_torpedoes""],""requires_any"":[],""progress_multiplier"":1.0}]"			unreviewed				pending
naval_torpedoes	Naval Torpedoes	security	D20		79000	0.001			1	"[{""id"":""local"",""requires_all"":[""steam_propulsion"",""precision_machinery""],""requires_any"":[],""progress_multiplier"":1.0}]"			unreviewed				pending
neutron_moderation	Neutron Moderation	knowledge	D05		91000	0.002			2	"[{""id"":""local"",""requires_all"":[""nuclear_fission"",""experimental_controls""],""requires_any"":[],""progress_multiplier"":1.0},{""id"":""mathematical:local"",""requires_all"":[""probability_theory"",""numerical_integration"",""nuclear_fission"",""experimental_controls""],""requires_any"":[],""progress_multiplier"":1.2}]"			unreviewed				pending
nickel_metal_recovery	Nickel Metal Recovery		D04		0	0.002			1	"[{""id"":""local"",""requires_all"":[""ore_assaying"",""metallurgical_mass_balances""],""requires_any"":[],""progress_multiplier"":1.0}]"			unreviewed				pending
nitrate_cultivation	Nitrate Beds	ecology	D01		31000	0.0013			1	"[{""id"":""local"",""requires_all"":[""tallies"",""sealed_vessels""],""requires_any"":[],""progress_multiplier"":1.0}]"			unreviewed				pending
nuclear_fission	Nuclear Fission	knowledge	D05		89000	0.002			1	"[{""id"":""local"",""requires_all"":[""atomic_physics"",""radiation_measurement""],""requires_any"":[],""progress_multiplier"":1.0}]"			unreviewed				pending
nuclear_magnetic_resonance_spectroscopy	Nuclear Magnetic Resonance Spectroscopy		D13	H05	0	0.002			1	"[{""id"":""local"",""requires_all"":[""atomic_physics"",""spectroscopy"",""resonant_tuned_circuits"",""precision_thermometry""],""requires_any"":[],""progress_multiplier"":1.0}]"			unreviewed				pending
nuclear_propulsion	Nuclear Propulsion	security	D10		97000	0.001			1	"[{""id"":""local"",""requires_all"":[""reactor_engineering"",""submersible_hulls""],""requires_any"":[],""progress_multiplier"":1.0}]"			unreviewed				pending
numerical_integration	Numerical Integration	knowledge	D12		49000	0.002			1	"[{""id"":""local"",""requires_all"":[""integral_calculus"",""place_value"",""integral_calculus"",""place_value""],""requires_any"":[],""progress_multiplier"":1.0}]"			unreviewed				pending
numerical_machine_control	Numerical Machine Control		D06		0	0.002			1	"[{""id"":""local"",""requires_all"":[""electronic_machine_control"",""coordinate_geometry""],""requires_any"":[],""progress_multiplier"":1.0}]"			unreviewed				pending
numerical_root_finding	Numerical Root Finding	knowledge	D12		37000	0.002			1	"[{""id"":""local"",""requires_all"":[""polynomial_equations"",""place_value"",""polynomial_equations"",""place_value""],""requires_any"":[],""progress_multiplier"":1.0}]"			unreviewed				pending
nursing_care_organization	Nursing Care Organization		D14		0	0.002			1	"[{""id"":""local"",""requires_all"":[""clinical_observation_rounds"",""crew_handoffs""],""requires_any"":[],""progress_multiplier"":1.0}]"			unreviewed				pending
nut_blank_forging	Nut Blank Forging	production	D06		0	0.002			1	"[{""id"":""local"",""requires_all"":[""forge_welding"",""standard_measures""],""requires_any"":[],""progress_multiplier"":1.0}]"			unreviewed				pending
nut_bore_drilling	Nut Bore Drilling	production	D06		0	0.002			1	"[{""id"":""local"",""requires_all"":[""nut_blank_forging"",""column_drilling_machines""],""requires_any"":[],""progress_multiplier"":1.0}]"			unreviewed				pending
nut_kernel_shelling	Nut Kernel Shelling		D01	H01	0	0.002		"[[""food_pounding_mortars"",""controlled_flaking""]]"	1	"[{""id"":""local"",""requires_all"":[""edible_resource_recognition""],""requires_any"":[[""food_pounding_mortars"",""controlled_flaking""]],""progress_multiplier"":1.0}]"			unreviewed				pending
nutrient_response_trials	Nutrient Response Trials	nutrition	D01		0	0.002			1	"[{""id"":""local"",""requires_all"":[""soil_assays"",""experimental_controls""],""requires_any"":[],""progress_multiplier"":1.0}]"			unreviewed				pending
ocean_sailing	Ocean Sailing	security	D10		15000	0.001			1	"[{""id"":""local"",""requires_all"":[""coastal_watercraft"",""rope_rigging"",""regional_maps""],""requires_any"":[],""progress_multiplier"":1.0}]"			unreviewed				pending
official_mandate_registers	Official Mandate Registers		D16	H03	0	0.002			1	"[{""id"":""local"",""requires_all"":[""professional_service"",""jurisdiction_boundaries""],""requires_any"":[],""progress_multiplier"":1.0}]"			unreviewed				pending
oil_based_printing_inks	Oil-Based Printing Inks	production	D13		0	0.0025			1	"[{""id"":""local"",""requires_all"":[""seed_oil_pressing"",""lampblack_capture""],""requires_any"":[],""progress_multiplier"":1.0}]"			unreviewed				pending
optical_lenses	Optical Lenses	knowledge	D12		13000	0.002			1	"[{""id"":""local"",""requires_all"":[""glassmaking"",""standard_measures""],""requires_any"":[],""progress_multiplier"":1.0}]"			unreviewed				pending
optical_telegraphy	Optical Telegraphy		D13		0	0.002			1	"[{""id"":""local"",""requires_all"":[""shutter_signal_frames"",""relay_observation_posts"",""timed_signal_sequences""],""requires_any"":[],""progress_multiplier"":1.0}]"			unreviewed				pending
oral_epics	Oral Epics	culture	D19		90	0.005			1	"[{""id"":""local"",""requires_all"":[],""requires_any"":[],""progress_multiplier"":1.0}]"			unreviewed				pending
ore_assaying	Comparative Ore Assay	production	D04		3300	0.0035			1	"[{""id"":""local"",""requires_all"":[""kiln_control"",""standard_measures""],""requires_any"":[],""progress_multiplier"":1.0}]"			unreviewed				pending
orebody_block_models	Orebody Block Models	ecology	D22		12000	0.002			1	"[{""id"":""local"",""requires_all"":[""geologic_cross_sections"",""resource_kriging"",""grade_tonnage_models"",""geologic_cross_sections"",""resource_kriging"",""grade_tonnage_models""],""requires_any"":[],""progress_multiplier"":1.0}]"			unreviewed				pending
pack_animals	Pack Animal Husbandry	logistics	D09		220	0.004			1	"[{""id"":""local"",""requires_all"":[""animal_taming""],""requires_any"":[],""progress_multiplier"":1.0}]"			unreviewed				pending
packed_piston_seals	Packed Piston Seals	infrastructure	D06		0	0.002			1	"[{""id"":""local"",""requires_all"":[""plain_weaving"",""lubrication_regimes""],""requires_any"":[],""progress_multiplier"":1.0}]"			unreviewed				pending
packet_routers	Packet Routers		D13		0	0.002			1	"[{""id"":""local"",""requires_all"":[""packet_switching"",""data_modems"",""read_write_memory""],""requires_any"":[],""progress_multiplier"":1.0}]"			unreviewed				pending
packet_switching	Packet Switching		D13		0	0.002			1	"[{""id"":""local"",""requires_all"":[""message_framing"",""automatic_repeat_request"",""stored_program_control""],""requires_any"":[],""progress_multiplier"":1.0}]"			unreviewed				pending
paper_making	Sheet Fiber Writing Material	knowledge	D13		22000	0.0011			1	"[{""id"":""local"",""requires_all"":[""fiber_grading"",""kiln_control"",""formal_archives""],""requires_any"":[],""progress_multiplier"":1.0}]"			unreviewed				pending
paper_sheet_pressing	Paper Sheet Pressing	production	D13		0	0.0025			1	"[{""id"":""local"",""requires_all"":[""paper_making"",""joinery""],""requires_any"":[],""progress_multiplier"":1.0}]"			unreviewed				pending
parallel_register_banks	Parallel Register Banks	production	D21		0	0.0025			1	"[{""id"":""local"",""requires_all"":[""bistable_multivibrators""],""requires_any"":[],""progress_multiplier"":1.0}]"			unreviewed				pending
parchment_record_preparation	Parchment Record Preparation		D13		0	0.002			1	"[{""id"":""local"",""requires_all"":[""hafted_tools"",""curing_regimens""],""requires_any"":[],""progress_multiplier"":1.0}]"			unreviewed				pending
peat_drying	Peat Drying	production	D05		1500	0.004			1	"[{""id"":""local"",""requires_all"":[""food_drying""],""requires_any"":[],""progress_multiplier"":1.0}]"			unreviewed				pending
petition_registers	Petition Registers		D16	H03	0	0.002			1	"[{""id"":""local"",""requires_all"":[""phonetic_notation"",""professional_service""],""requires_any"":[],""progress_multiplier"":1.0}]"			unreviewed				pending
phonetic_notation	Phonetic Notation	knowledge	D13		3400	0.0023			1	"[{""id"":""local"",""requires_all"":[""pictographic_records""],""requires_any"":[],""progress_multiplier"":1.0}]"			unreviewed				pending
phosphate_dressing	Phosphate Dressing	nutrition	D01		45500	0.001			1	"[{""id"":""local"",""requires_all"":[""lime_burning"",""standard_measures""],""requires_any"":[],""progress_multiplier"":1.0}]"			unreviewed				pending
phosphate_solubilization	Phosphate Solubilization	nutrition	D01		0	0.002			1	"[{""id"":""local"",""requires_all"":[""phosphate_dressing"",""sulfuric_acid_production"",""nutrient_response_trials""],""requires_any"":[],""progress_multiplier"":1.0}]"			unreviewed				pending
photoconductivity	Photoconductivity	knowledge	D21		71000	0.002			1	"[{""id"":""local"",""requires_all"":[""experimental_optics"",""electrical_measurement"",""experimental_optics"",""electrical_measurement""],""requires_any"":[],""progress_multiplier"":1.0}]"			unreviewed				pending
photovoltaic_conversion	Photovoltaic Conversion	knowledge	D05		90000	0.002			2	"[{""id"":""empirical"",""requires_all"":[""photoconductivity"",""electrochemical_cells"",""electrical_measurement""],""requires_any"":[],""progress_multiplier"":0.65},{""id"":""junction"",""requires_all"":[""pn_junctions"",""electrical_measurement""],""requires_any"":[],""progress_multiplier"":1.0}]"			unreviewed				pending
photovoltaic_power	Photovoltaic Power	infrastructure	D05		95000	0.002			1	"[{""id"":""local"",""requires_all"":[""module_encapsulation"",""electrical_measurement"",""module_encapsulation"",""electrical_measurement""],""requires_any"":[],""progress_multiplier"":1.0}]"			unreviewed				pending
pictographic_records	Pictographic Records	knowledge	D13		420	0.004			1	"[{""id"":""local"",""requires_all"":[""tallies""],""requires_any"":[],""progress_multiplier"":1.0}]"			unreviewed				pending
pike_drill	Pike Formations	security	D20		5000	0.001			1	"[{""id"":""local"",""requires_all"":[""shield_wall""],""requires_any"":[],""progress_multiplier"":1.0}]"			unreviewed				pending
pile_fabric_weaving	Pile-Fabric Weaving		D07		0	0.002			1	"[{""id"":""local"",""requires_all"":[""plain_weaving""],""requires_any"":[],""progress_multiplier"":1.0}]"			unreviewed				pending
pit_firing	Pit Firing	production	D04		50	0.003			2	"[{""id"":""local"",""requires_all"":[""clay_shaping"",""charcoal""],""requires_any"":[],""progress_multiplier"":1.0},{""id"":""experimental"",""requires_all"":[""clay_shaping"",""food_drying""],""requires_any"":[],""progress_multiplier"":1.0}]"	T03	anchor	repair	landmark	controlled fire	shallow_path	Its alternate route treats food drying as sufficient heat knowledge; both routes should require a real controlled-fire foundation.
place_value	Place-Value Calculation	knowledge	D12		1900	0.0028			1	"[{""id"":""local"",""requires_all"":[""standard_measures"",""pictographic_records""],""requires_any"":[],""progress_multiplier"":1.0}]"			unreviewed				pending
plain_weaving	Plain Weaving	production	D07		0	0.0025			1	"[{""id"":""local"",""requires_all"":[""drop_spindles"",""warp_weighted_looms""],""requires_any"":[],""progress_multiplier"":1.0}]"			unreviewed				pending
plank_spiling	Plank Spiling	movement	D10		0	0.002			1	"[{""id"":""local"",""requires_all"":[""joinery"",""standard_measures""],""requires_any"":[],""progress_multiplier"":1.0}]"			unreviewed				pending
plant_pathology_diagnosis	Plant Pathology Diagnosis		D15		0	0.002		"[[""germ_theory"",""experimental_controls""]]"	1	"[{""id"":""local"",""requires_all"":[""biological_classification""],""requires_any"":[[""germ_theory"",""experimental_controls""]],""progress_multiplier"":1.0}]"			unreviewed				pending
plant_resistance_trait_trials	Plant Resistance Trait Trials		D15		0	0.002			1	"[{""id"":""local"",""requires_all"":[""heredity_experiments"",""plant_pathology_diagnosis""],""requires_any"":[],""progress_multiplier"":1.0}]"			unreviewed				pending
plant_transpiration_measurement	Plant Transpiration Measurement		D15		0	0.002		"[[""photosynthetic_process_analysis"",""crop_calendars""]]"	1	"[{""id"":""local"",""requires_all"":[""experimental_controls""],""requires_any"":[[""photosynthetic_process_analysis"",""crop_calendars""]],""progress_multiplier"":1.0}]"			unreviewed				pending
plunger_pressed_glass	Plunger-Pressed Glass	production	D04		0	0.0025			1	"[{""id"":""local"",""requires_all"":[""glassmaking"",""forge_welding"",""workshop_standards""],""requires_any"":[],""progress_multiplier"":1.0}]"			unreviewed				pending
pn_junctions	P–N Junctions	knowledge	D21		90000	0.002			1	"[{""id"":""local"",""requires_all"":[""semiconductor_doping"",""band_theory"",""semiconductor_doping"",""band_theory""],""requires_any"":[],""progress_multiplier"":1.0}]"			unreviewed				pending
pneumatic_cylinders	Pneumatic Cylinders	infrastructure	D06		0	0.002			1	"[{""id"":""local"",""requires_all"":[""cylinder_boring"",""packed_piston_seals"",""directional_air_valves""],""requires_any"":[],""progress_multiplier"":1.0}]"			unreviewed				pending
pneumatic_pressing	Pneumatic Pressing	infrastructure	D06		0	0.002			1	"[{""id"":""local"",""requires_all"":[""pneumatic_cylinders"",""column_buckling"",""workshop_standards""],""requires_any"":[],""progress_multiplier"":1.0}]"			unreviewed				pending
polarized_telegraph_relays	Polarized Telegraph Relays		D21		0	0.002			1	"[{""id"":""local"",""requires_all"":[""electromagnetic_relays"",""electrical_measurement""],""requires_any"":[],""progress_multiplier"":1.0}]"			unreviewed				pending
polymer_additive_formulation	Polymer-Additive Formulation		D04		0	0.002			1	"[{""id"":""local"",""requires_all"":[""thermoplastic_processing"",""experimental_controls""],""requires_any"":[],""progress_multiplier"":1.0}]"			unreviewed				pending
polymer_blow_molding	Polymer Blow Molding		D04		0	0.002			1	"[{""id"":""local"",""requires_all"":[""polymer_melt_rheology"",""compressed_air_systems""],""requires_any"":[],""progress_multiplier"":1.0}]"			unreviewed				pending
polymer_chain_models	Polymer-Chain Models		D04		0	0.002			1	"[{""id"":""local"",""requires_all"":[""chemical_distillation"",""experimental_controls""],""requires_any"":[],""progress_multiplier"":1.0}]"			unreviewed				pending
polymer_film_extrusion	Polymer Film Extrusion		D04		0	0.002			1	"[{""id"":""local"",""requires_all"":[""polymer_melt_rheology"",""precision_machinery""],""requires_any"":[],""progress_multiplier"":1.0}]"			unreviewed				pending
polymer_foam_cell_control	Polymer Foam Cell Control		D04		0	0.002			1	"[{""id"":""local"",""requires_all"":[""polymer_additive_formulation"",""polymer_melt_rheology""],""requires_any"":[],""progress_multiplier"":1.0}]"			unreviewed				pending
polymer_injection_molding	Polymer Injection Molding		D04		0	0.002			1	"[{""id"":""local"",""requires_all"":[""polymer_melt_rheology"",""precision_machinery""],""requires_any"":[],""progress_multiplier"":1.0}]"			unreviewed				pending
polymer_melt_rheology	Polymer Melt Rheology		D04		0	0.002			1	"[{""id"":""local"",""requires_all"":[""thermoplastic_processing"",""viscous_resistance""],""requires_any"":[],""progress_multiplier"":1.0}]"			unreviewed				pending
polymer_molecular_weight_control	Polymer Molecular-Weight Control		D04		0	0.002			1	"[{""id"":""local"",""requires_all"":[""polymer_chain_models"",""measurement_uncertainty""],""requires_any"":[],""progress_multiplier"":1.0}]"			unreviewed				pending
polymer_monomer_purification	Polymer Monomer Purification		D04		0	0.002		"[[""fractional_distillation"",""chemical_distillation""]]"	1	"[{""id"":""local"",""requires_all"":[""experimental_controls""],""requires_any"":[[""fractional_distillation"",""chemical_distillation""]],""progress_multiplier"":1.0}]"			unreviewed				pending
polymer_reaction_heat_management	Polymer Reaction Heat Management		D04		0	0.002		"[[""radical_chain_polymerization"",""condensative_step_polymerization"",""additive_step_polymerization""]]"	1	"[{""id"":""local"",""requires_all"":[""calorimetry""],""requires_any"":[[""radical_chain_polymerization"",""condensative_step_polymerization"",""additive_step_polymerization""]],""progress_multiplier"":1.0}]"			unreviewed				pending
polymer_solution_processing	Polymer Solution Processing		D04		0	0.002			1	"[{""id"":""local"",""requires_all"":[""polymer_chain_models"",""chemical_distillation""],""requires_any"":[],""progress_multiplier"":1.0}]"			unreviewed				pending
polymer_solvent_recovery	Polymer Solvent Recovery		D04		0	0.002			1	"[{""id"":""local"",""requires_all"":[""polymer_solution_processing"",""fractional_distillation""],""requires_any"":[],""progress_multiplier"":1.0}]"			unreviewed				pending
polymer_tacticity_characterization	Polymer Tacticity Characterization		D04		0	0.002			1	"[{""id"":""local"",""requires_all"":[""coordination_polymerization"",""spectroscopy""],""requires_any"":[],""progress_multiplier"":1.0}]"			unreviewed				pending
polymer_thermoforming	Polymer Thermoforming		D04		0	0.002		"[[""vacuum_pumps"",""compressed_air_systems"",""precision_machinery""]]"	1	"[{""id"":""local"",""requires_all"":[""thermoplastic_processing""],""requires_any"":[[""vacuum_pumps"",""compressed_air_systems"",""precision_machinery""]],""progress_multiplier"":1.0}]"			unreviewed				pending
polymer_weathering_trials	Polymer Weathering Trials		D04		0	0.002			1	"[{""id"":""local"",""requires_all"":[""polymer_additive_formulation"",""statistical_inference""],""requires_any"":[],""progress_multiplier"":1.0}]"			unreviewed				pending
polynomial_equations	Polynomial Equations	knowledge	D12		21000	0.002			1	"[{""id"":""local"",""requires_all"":[""symbolic_algebra"",""symbolic_algebra""],""requires_any"":[],""progress_multiplier"":1.0}]"			unreviewed				pending
porous_battery_separators	Porous Battery Separators	production	D04		0	0.002			1	"[{""id"":""local"",""requires_all"":[""paper_making"",""experimental_controls""],""requires_any"":[],""progress_multiplier"":1.0}]"			unreviewed				pending
portland_cement_clinker	Portland-Cement Clinker		D04		0	0.002			1	"[{""id"":""local"",""requires_all"":[""refractory_furnaces"",""clay_testing"",""material_accounting""],""requires_any"":[],""progress_multiplier"":1.0}]"			unreviewed				pending
postharvest_loss_measurement	Postharvest Loss Measurement		D01	H04	0	0.002			1	"[{""id"":""local"",""requires_all"":[""material_accounting"",""statistical_sampling""],""requires_any"":[],""progress_multiplier"":1.0}]"			unreviewed				pending
powder_artillery	Powder Artillery	security	D20		45000	0.0007			1	"[{""id"":""local"",""requires_all"":[""black_powder"",""precision_machinery"",""military_staffs""],""requires_any"":[],""progress_multiplier"":1.0}]"			unreviewed				pending
powered_flight	Powered Flight	production	D11		85000	0.001			1	"[{""id"":""local"",""requires_all"":[""aerodynamics"",""structural_load_testing"",""internal_combustion""],""requires_any"":[],""progress_multiplier"":1.0}]"			unreviewed				pending
pozzolanic_binder_blends	Pozzolanic Binder Blends		D04		0	0.002		"[[""grain_milling"",""grog_preparation""]]"	1	"[{""id"":""local"",""requires_all"":[""lime_mortar"",""clay_testing""],""requires_any"":[[""grain_milling"",""grog_preparation""]],""progress_multiplier"":1.0}]"			unreviewed				pending
precision_machinery	Precision Machinery	infrastructure	D06		51500	0.00065			4	"[{""id"":""local"",""requires_all"":[""blast_furnace"",""workshop_standards"",""place_value""],""requires_any"":[],""progress_multiplier"":1.0},{""id"":""mathematical:local"",""requires_all"":[""blast_furnace"",""workshop_standards"",""place_value"",""dimensional_metrology""],""requires_any"":[],""progress_multiplier"":1.2},{""id"":""mechanical:local"",""requires_all"":[""blast_furnace"",""workshop_standards"",""place_value"",""lubrication_regimes"",""crank_linkages""],""requires_any"":[],""progress_multiplier"":1.15},{""id"":""mechanical:mathematical:local"",""requires_all"":[""blast_furnace"",""workshop_standards"",""place_value"",""dimensional_metrology"",""lubrication_regimes"",""crank_linkages""],""requires_any"":[],""progress_multiplier"":1.38}]"			unreviewed				pending
precision_thermometry	Precision Thermometry	knowledge	D12		28000	0.002			2	"[{""id"":""local"",""requires_all"":[""glassmaking"",""standard_measures""],""requires_any"":[],""progress_multiplier"":1.0},{""id"":""mathematical:local"",""requires_all"":[""measurement_uncertainty"",""glassmaking"",""standard_measures""],""requires_any"":[],""progress_multiplier"":1.2}]"			unreviewed				pending
precision_toolrooms	Precision Toolrooms	production	D06		0	0.002			1	"[{""id"":""local"",""requires_all"":[""basic_machine_shops"",""horizontal_milling_machines"",""worm_dividing_heads"",""drill_jig_layout"",""gauge_block_lapping""],""requires_any"":[],""progress_multiplier"":1.0}]"			unreviewed				pending
pressure_pipe_jointing	Pressure Pipe Jointing	infrastructure	D02		0	0.002			1	"[{""id"":""local"",""requires_all"":[""pressure_vessels"",""workshop_standards""],""requires_any"":[],""progress_multiplier"":1.0}]"			unreviewed				pending
pressure_vessels	Pressure Vessels	production	D06		39000	0.002			1	"[{""id"":""local"",""requires_all"":[""forge_welding"",""standard_measures""],""requires_any"":[],""progress_multiplier"":1.0}]"			unreviewed				pending
preventive_inoculation	Preventive Inoculation	health	D14		56000	0.00065			1	"[{""id"":""local"",""requires_all"":[""contagion_mapping"",""experimental_controls""],""requires_any"":[],""progress_multiplier"":1.0}]"			unreviewed				pending
printing_process	Repeatable Printing	knowledge	D13		33000	0.0009			1	"[{""id"":""local"",""requires_all"":[""paper_making"",""workshop_standards"",""graphite_marking""],""requires_any"":[],""progress_multiplier"":1.0}]"			unreviewed				pending
probability_theory	Probability Theory	knowledge	D12		36000	0.002			1	"[{""id"":""local"",""requires_all"":[""combinatorics"",""fractional_quantities"",""combinatorics"",""fractional_quantities""],""requires_any"":[],""progress_multiplier"":1.0}]"			unreviewed				pending
professional_corps	Professional Military Corps	security	D20		15500	0.0013			1	"[{""id"":""local"",""requires_all"":[""supply_groups"",""census_rolls"",""public_levies""],""requires_any"":[],""progress_multiplier"":1.0}]"			unreviewed				pending
professional_service	Professional Civil Service	institutions	D18		47000	0.0007			1	"[{""id"":""local"",""requires_all"":[""public_schools"",""specialized_courts"",""public_credit""],""requires_any"":[],""progress_multiplier"":1.0}]"			unreviewed				pending
progeny_rows	Progeny Rows	nutrition	D01		0	0.0025			1	"[{""id"":""local"",""requires_all"":[""mass_seed_selection"",""tallies""],""requires_any"":[],""progress_multiplier"":1.0}]"			unreviewed				pending
program_counters	Program Counters	production	D21		0	0.0025			1	"[{""id"":""local"",""requires_all"":[""binary_counters"",""binary_adders""],""requires_any"":[],""progress_multiplier"":1.0}]"			unreviewed				pending
progressive_profile_broaching	Progressive Profile Broaching		D06	H04	0	0.002			1	"[{""id"":""local"",""requires_all"":[""toolbit_heat_treatment"",""precision_machinery""],""requires_any"":[],""progress_multiplier"":1.0}]"			unreviewed				pending
property_registers	Property Registers	institutions	D17		12500	0.0015			1	"[{""id"":""local"",""requires_all"":[""geometric_survey"",""specialized_courts""],""requires_any"":[],""progress_multiplier"":1.0}]"			unreviewed				pending
protected_wellheads	Protected Wellheads	health	D02		1300	0.003		"[[""joinery"",""lime_mortar""]]"	1	"[{""id"":""local"",""requires_all"":[""well_siting"",""drainage""],""requires_any"":[[""joinery"",""lime_mortar""]],""progress_multiplier"":1.0}]"	T05	anchor	repair	notice	existing well, built cover and apron, drainage, upkeep	cross_field_gap	The discovery correctly protects rather than creates supply, but its safety effect currently precedes a physical wellhead project.
public_baths	Public Washing Facilities	health	D14		8500	0.0018			1	"[{""id"":""local"",""requires_all"":[""latrine_siting"",""well_siting"",""lime_burning""],""requires_any"":[],""progress_multiplier"":1.0}]"			unreviewed				pending
public_credit	Public Credit	institutions	D17		27000	0.001			1	"[{""id"":""local"",""requires_all"":[""material_accounting"",""property_registers"",""regional_granaries""],""requires_any"":[],""progress_multiplier"":1.0}]"			unreviewed				pending
public_levies	Scheduled Public Levies	institutions	D16		4200	0.0021			1	"[{""id"":""local"",""requires_all"":[""census_rolls"",""customary_law""],""requires_any"":[],""progress_multiplier"":1.0}]"			unreviewed				pending
public_libraries	Public Libraries	culture	D13		34000	0.002			2	"[{""id"":""local"",""requires_all"":[""printing_process"",""public_schools""],""requires_any"":[],""progress_multiplier"":1.0},{""id"":""manuscript"",""requires_all"":[""formal_archives"",""public_schools""],""requires_any"":[],""progress_multiplier"":0.65}]"			unreviewed				pending
public_office_handover	Public Office Handover		D16	H03	0	0.002			1	"[{""id"":""local"",""requires_all"":[""professional_service"",""formal_archives""],""requires_any"":[],""progress_multiplier"":1.0}]"			unreviewed				pending
public_schools	Public Instruction	knowledge	D18		17500	0.0013			1	"[{""id"":""local"",""requires_all"":[""formal_archives"",""customary_law""],""requires_any"":[],""progress_multiplier"":1.0}]"			unreviewed				pending
public_stores	Public Stores	institutions	D17		80	0.003			2	"[{""id"":""local"",""requires_all"":[""tallies"",""labor_rotations""],""requires_any"":[],""progress_multiplier"":1.0},{""id"":""experimental"",""requires_all"":[""standard_measures"",""basketry""],""requires_any"":[],""progress_multiplier"":1.0}]"	T03	anchor	keep	landmark	physical store operation	cross_field_gap	Knowledge foundations are sound, but the transformation requires an actual maintained communal reserve rather than a global effect alone.
public_theatre	Public Theatre	culture	D19		2500	0.002		"[[""oral_epics"",""festival_calendar""]]"	1	"[{""id"":""local"",""requires_all"":[""framed_construction""],""requires_any"":[[""oral_epics"",""festival_calendar""]],""progress_multiplier"":1.0}]"			unreviewed				pending
pulse_code_modulation	Pulse-Code Modulation		D13		0	0.002			1	"[{""id"":""local"",""requires_all"":[""signal_sampling"",""binary_adders"",""binary_counters""],""requires_any"":[],""progress_multiplier"":1.0}]"			unreviewed				pending
pulse_splitting	Pulse Splitting		D01	H02	0	0.002			1	"[{""id"":""local"",""requires_all"":[""food_pounding_mortars"",""edible_resource_recognition""],""requires_any"":[],""progress_multiplier"":1.0}]"			unreviewed				pending
punched_card_loom_control	Punched-Card Loom Control		D07		0	0.0025			1	"[{""id"":""local"",""requires_all"":[""drawloom_pattern_control"",""pictographic_records""],""requires_any"":[],""progress_multiplier"":1.0}]"			unreviewed				pending
punched_message_tape	Punched Message Tape		D13		0	0.002			1	"[{""id"":""local"",""requires_all"":[""paper_making"",""agreed_signal_codes""],""requires_any"":[],""progress_multiplier"":1.0}]"			unreviewed				pending
quarry_reading	Reading the Quarry Face	ecology	D04		280	0.005			1	"[{""id"":""local"",""requires_all"":[""stone_sorting""],""requires_any"":[],""progress_multiplier"":1.0}]"			unreviewed				pending
quill_feed_mechanisms	Quill Feed Mechanisms	production	D06		0	0.002			1	"[{""id"":""local"",""requires_all"":[""centre_lathe_assembly"",""bearing_surfaces"",""lead_screw_cutting""],""requires_any"":[],""progress_multiplier"":1.0}]"			unreviewed				pending
quilted_layer_assembly	Quilted Layer Assembly		D07	H03	0	0.002			1	"[{""id"":""local"",""requires_all"":[""bone_needle_sewing"",""layered_clothing_design""],""requires_any"":[],""progress_multiplier"":1.0}]"			unreviewed				pending
radiation_measurement	Radiation Measurement	knowledge	D12		75000	0.002			1	"[{""id"":""local"",""requires_all"":[""electron_physics"",""statistical_inference""],""requires_any"":[],""progress_multiplier"":1.0}]"			unreviewed				pending
radical_chain_polymerization	Radical Chain Polymerization		D04		0	0.002			1	"[{""id"":""local"",""requires_all"":[""polymer_monomer_purification""],""requires_any"":[],""progress_multiplier"":1.0}]"			unreviewed				pending
radio_telegraphy	Radio Telegraphy		D13		0	0.002			1	"[{""id"":""local"",""requires_all"":[""aerial_matching"",""timed_signal_sequences"",""feedback_radio_oscillators""],""requires_any"":[],""progress_multiplier"":1.0}]"			unreviewed				pending
rail_gauge_standards	Rail-Gauge Standards		D09		0	0.002			1	"[{""id"":""local"",""requires_all"":[""standard_measures"",""workshop_standards""],""requires_any"":[],""progress_multiplier"":1.0}]"			unreviewed				pending
rail_track_foundations	Rail-Track Foundations		D09		0	0.002			1	"[{""id"":""local"",""requires_all"":[""aggregate_road_foundations"",""rail_gauge_standards""],""requires_any"":[],""progress_multiplier"":1.0}]"			unreviewed				pending
rail_vehicle_braking	Rail-Vehicle Braking		D09		0	0.002			1	"[{""id"":""local"",""requires_all"":[""friction_measurement"",""rail_track_foundations""],""requires_any"":[],""progress_multiplier"":1.0}]"			unreviewed				pending
rainscreen_wall_assemblies	Rainscreen Wall Assemblies		D08		0	0.002			1	"[{""id"":""local"",""requires_all"":[""building_drainage_coordination"",""building_wind_load_assessment""],""requires_any"":[],""progress_multiplier"":1.0}]"			unreviewed				pending
rainwater_cisterns	Rainwater Cisterns	infrastructure	D02		2200	0.003		"[[""sealed_vessels"",""lime_mortar"",""bitumen_sealing""]]"	1	"[{""id"":""local"",""requires_all"":[""drainage""],""requires_any"":[[""sealed_vessels"",""lime_mortar"",""bitumen_sealing""]],""progress_multiplier"":1.0}]"	T05	anchor	repair	landmark	catchment, lining, finite storage, rainfall, cleaning	cross_field_gap	The alternative lining routes are credible; operation still needs a paid cistern whose stored water rises with rain, is finite, and can become contaminated.
raised_granaries	Raised Granaries	nutrition	D01		950	0.003		"[[""seed_reserves"",""public_stores""]]"	1	"[{""id"":""local"",""requires_all"":[""joinery""],""requires_any"":[[""seed_reserves"",""public_stores""]],""progress_multiplier"":1.0}]"			unreviewed				pending
rammed_earth_construction	Rammed-Earth Construction		D08		0	0.002			1	"[{""id"":""local"",""requires_all"":[""clay_testing"",""structural_load_testing""],""requires_any"":[],""progress_multiplier"":1.0}]"			unreviewed				pending
range_estimation_drill	Range Estimation Drill	security	D20		18000	0.002		"[[""crossbow_mechanism"",""rifled_barrels""]]"	1	"[{""id"":""local"",""requires_all"":[""standard_measures""],""requires_any"":[[""crossbow_mechanism"",""rifled_barrels""]],""progress_multiplier"":1.0}]"			unreviewed				pending
ratchet_motion_control	Ratchet-Motion Control		D06		0	0.002			1	"[{""id"":""local"",""requires_all"":[""gear_ratios"",""hardened_edges""],""requires_any"":[],""progress_multiplier"":1.0}]"			unreviewed				pending
ratio_proportion	Ratios and Proportions	knowledge	D12		1800	0.002			1	"[{""id"":""local"",""requires_all"":[""fractional_quantities"",""fractional_quantities""],""requires_any"":[],""progress_multiplier"":1.0}]"			unreviewed				pending
reactor_engineering	Controlled Nuclear Reactors	production	D05		95000	0.001			1	"[{""id"":""local"",""requires_all"":[""nuclear_fission"",""neutron_moderation"",""pressure_vessels"",""electrical_generators""],""requires_any"":[],""progress_multiplier"":1.0}]"			unreviewed				pending
read_write_memory	Addressable Read/Write Memory	production	D21		0	0.0025		"[[""relay_registers"",""parallel_register_banks""]]"	1	"[{""id"":""local"",""requires_all"":[""memory_address_decoding""],""requires_any"":[[""relay_registers"",""parallel_register_banks""]],""progress_multiplier"":1.0}]"			unreviewed				pending
reamed_bore_finishing	Reamed Bore Finishing		D06	H04	0	0.002			1	"[{""id"":""local"",""requires_all"":[""column_drilling_machines"",""dimensional_metrology""],""requires_any"":[],""progress_multiplier"":1.0}]"			unreviewed				pending
reciprocating_profile_slotting	Reciprocating Profile Slotting		D06	H04	0	0.002			1	"[{""id"":""local"",""requires_all"":[""crank_linkages"",""toolbit_heat_treatment""],""requires_any"":[],""progress_multiplier"":1.0}]"			unreviewed				pending
reduced_tillage	Reduced Tillage	nutrition	D03		0	0.0025			1	"[{""id"":""local"",""requires_all"":[""contour_cultivation"",""soil_assays""],""requires_any"":[],""progress_multiplier"":1.0}]"			unreviewed				pending
refractory_body_trials	Refractory Body Trials	production	D04		0	0.002			1	"[{""id"":""local"",""requires_all"":[""clay_levigation"",""grog_preparation"",""kiln_control""],""requires_any"":[],""progress_multiplier"":1.0}]"			unreviewed				pending
refractory_brick_firing	Refractory Brick Firing	production	D04		0	0.002			1	"[{""id"":""local"",""requires_all"":[""refractory_body_trials"",""standard_measures""],""requires_any"":[],""progress_multiplier"":1.0}]"			unreviewed				pending
refractory_furnaces	Refractory Furnaces	production	D04		35000	0.0012			1	"[{""id"":""local"",""requires_all"":[""coke_firing""],""requires_any"":[],""progress_multiplier"":1.0}]"			unreviewed				pending
regional_granaries	Regional Granaries	nutrition	D01		15000	0.0015			1	"[{""id"":""local"",""requires_all"":[""seed_reserves"",""material_accounting"",""framed_construction""],""requires_any"":[],""progress_multiplier"":1.0}]"			unreviewed				pending
regional_maps	Regional Maps	knowledge	D09		11000	0.0016			2	"[{""id"":""local"",""requires_all"":[""geometric_survey"",""route_memory""],""requires_any"":[],""progress_multiplier"":1.0},{""id"":""mathematical:local"",""requires_all"":[""geometric_survey"",""route_memory"",""trigonometry"",""coordinate_geometry""],""requires_any"":[],""progress_multiplier"":1.2}]"			unreviewed				pending
regional_seed_trials	Regional Seed Trials	nutrition	D01		0	0.0025			1	"[{""id"":""local"",""requires_all"":[""field_variety_trials"",""regional_maps""],""requires_any"":[],""progress_multiplier"":1.0}]"			unreviewed				pending
reinforced_concrete	Reinforced Concrete	infrastructure	D08		65000	0.001			1	"[{""id"":""local"",""requires_all"":[""structural_steel"",""lime_mortar""],""requires_any"":[],""progress_multiplier"":1.0}]"			unreviewed				pending
relative_stratigraphy	Relative Stratigraphy	ecology	D22		12000	0.002			1	"[{""id"":""local"",""requires_all"":[""quarry_reading"",""route_memory"",""quarry_reading"",""route_memory""],""requires_any"":[],""progress_multiplier"":1.0}]"			unreviewed				pending
relay_logic	Relay Logic	production	D21		0	0.0025			1	"[{""id"":""local"",""requires_all"":[""electromagnetic_relays""],""requires_any"":[],""progress_multiplier"":1.0}]"			unreviewed				pending
relay_observation_posts	Relay Observation Posts		D13		0	0.002			1	"[{""id"":""local"",""requires_all"":[""route_memory"",""watch_rotation""],""requires_any"":[],""progress_multiplier"":1.0}]"			unreviewed				pending
relay_registers	Relay Registers	production	D21		0	0.0025			1	"[{""id"":""local"",""requires_all"":[""relay_logic""],""requires_any"":[],""progress_multiplier"":1.0}]"			unreviewed				pending
relief_block_cutting	Relief Block Cutting	production	D13		0	0.0025			1	"[{""id"":""local"",""requires_all"":[""printing_process"",""joinery""],""requires_any"":[],""progress_multiplier"":1.0}]"			unreviewed				pending
remote_aircraft	Remote Aircraft	security	D11		98000	0.001			1	"[{""id"":""local"",""requires_all"":[""guided_weapons"",""advanced_airframes""],""requires_any"":[],""progress_multiplier"":1.0}]"			unreviewed				pending
residual_stress_assessment	Residual Stress Assessment		D04		0	0.002			1	"[{""id"":""local"",""requires_all"":[""stress_strain_relations"",""dimensional_metrology""],""requires_any"":[],""progress_multiplier"":1.0}]"			unreviewed				pending
resist_dye_patterning	Resist-Dye Patterning		D07		0	0.002			1	"[{""id"":""local"",""requires_all"":[""textile_dye_fixation"",""cordage""],""requires_any"":[],""progress_multiplier"":1.0}]"			unreviewed				pending
resistance_welding	Resistance Welding		D04		0	0.002		"[[""forge_welding""]]"	1	"[{""id"":""local"",""requires_all"":[""electrical_measurement""],""requires_any"":[[""forge_welding""]],""progress_multiplier"":1.0}]"			unreviewed				pending
resistive_sensing	Resistive Sensing	production	D21		0	0.0025			1	"[{""id"":""local"",""requires_all"":[""carbon_resistors"",""electrical_measurement""],""requires_any"":[],""progress_multiplier"":1.0}]"			unreviewed				pending
resonant_tuned_circuits	Resonant Tuned Circuits		D21		0	0.002			1	"[{""id"":""local"",""requires_all"":[""foil_capacitors"",""electromagnetic_induction"",""mechanical_oscillation""],""requires_any"":[],""progress_multiplier"":1.0}]"			unreviewed				pending
resource_kriging	Resource Kriging	ecology	D22		12000	0.002			1	"[{""id"":""local"",""requires_all"":[""spatial_variograms"",""matrix_algebra"",""least_squares_estimation"",""spatial_variograms"",""matrix_algebra"",""least_squares_estimation""],""requires_any"":[],""progress_multiplier"":1.0}]"			unreviewed				pending
rifled_barrels	Rifled Barrels	security	D20		40000	0.001			1	"[{""id"":""local"",""requires_all"":[""matchlock_drill"",""precision_machinery""],""requires_any"":[],""progress_multiplier"":1.0}]"			unreviewed				pending
rigid_pipe_bedding	Rigid Pipe Bedding		D02	H03	0	0.002		"[[""joinery"",""clay_tempering""]]"	1	"[{""id"":""local"",""requires_all"":[""drainage""],""requires_any"":[[""joinery"",""clay_tempering""]],""progress_multiplier"":1.0}]"			unreviewed				pending
ring_opening_polymerization	Ring Opening Polymerization		D04		0	0.002		"[[""polymer_chain_models"",""experimental_controls""]]"	1	"[{""id"":""local"",""requires_all"":[""industrial_catalyst_design""],""requires_any"":[[""polymer_chain_models"",""experimental_controls""]],""progress_multiplier"":1.0}]"			unreviewed				pending
ring_spinning_systems	Ring-Spinning Systems		D07		0	0.0025			1	"[{""id"":""local"",""requires_all"":[""flyer_spinning"",""rotational_dynamics""],""requires_any"":[],""progress_multiplier"":1.0}]"			unreviewed				pending
risk_pools	Mutual Risk Pools	institutions	D17		35000	0.0009			1	"[{""id"":""local"",""requires_all"":[""public_credit"",""statistical_inference""],""requires_any"":[],""progress_multiplier"":1.0}]"			unreviewed				pending
river_craft	River Craft	logistics	D10		320	0.004			2	"[{""id"":""local"",""requires_all"":[""hide_floats"",""basketry""],""requires_any"":[],""progress_multiplier"":1.0},{""id"":""experimental"",""requires_all"":[""cordage"",""joinery""],""requires_any"":[],""progress_multiplier"":1.0}]"			unreviewed				pending
rivet_blank_heading	Rivet Blank Heading	production	D06		0	0.002			1	"[{""id"":""local"",""requires_all"":[""forge_welding"",""standard_measures""],""requires_any"":[],""progress_multiplier"":1.0}]"			unreviewed				pending
rivet_hole_alignment	Rivet Hole Alignment	production	D06		0	0.002			1	"[{""id"":""local"",""requires_all"":[""sheet_steel_rolling"",""drill_jig_layout""],""requires_any"":[],""progress_multiplier"":1.0}]"			unreviewed				pending
roll_formed_sections	Roll-Formed Sections		D06	H04	0	0.002			1	"[{""id"":""local"",""requires_all"":[""sheet_steel_rolling"",""shaft_alignment_methods""],""requires_any"":[],""progress_multiplier"":1.0}]"			unreviewed				pending
roller_grain_milling	Roller Grain Milling		D01	H04	0	0.002			1	"[{""id"":""local"",""requires_all"":[""grain_milling"",""precision_machinery""],""requires_any"":[],""progress_multiplier"":1.0}]"			unreviewed				pending
rolling_element_bearings	Rolling-Element Bearings		D06		0	0.002			1	"[{""id"":""local"",""requires_all"":[""dimensional_metrology"",""hardened_edges""],""requires_any"":[],""progress_multiplier"":1.0}]"			unreviewed				pending
rolling_intaglio_printing	Rolling Intaglio Printing	production	D13		0	0.0025		"[[""burin_engraving"",""drypoint_printmaking"",""mezzotint_printmaking"",""steelplate_engraving""]]"	1	"[{""id"":""local"",""requires_all"":[""paper_making"",""oil_based_printing_inks"",""bearing_surfaces""],""requires_any"":[[""burin_engraving"",""drypoint_printmaking"",""mezzotint_printmaking"",""steelplate_engraving""]],""progress_multiplier"":1.0}]"			unreviewed				pending
roof_flashing_interfaces	Roof Flashing Interfaces		D08		0	0.002			1	"[{""id"":""local"",""requires_all"":[""building_drainage_coordination""],""requires_any"":[],""progress_multiplier"":1.0}]"			unreviewed				pending
root_cellars	Root Cellars	nutrition	D01		700	0.003		"[[""basketry"",""sealed_vessels""]]"	1	"[{""id"":""local"",""requires_all"":[""drainage""],""requires_any"":[[""basketry"",""sealed_vessels""]],""progress_multiplier"":1.0}]"			unreviewed				pending
root_grating_dewatering	Root Grating and Dewatering		D01	H02	0	0.002		"[[""controlled_flaking"",""food_pounding_mortars""]]"	1	"[{""id"":""local"",""requires_all"":[""edible_resource_recognition""],""requires_any"":[[""controlled_flaking"",""food_pounding_mortars""]],""progress_multiplier"":1.0}]"			unreviewed				pending
rope_laying	Rope Laying	movement	D10		0	0.002			1	"[{""id"":""local"",""requires_all"":[""cordage"",""standard_measures""],""requires_any"":[],""progress_multiplier"":1.0}]"			unreviewed				pending
rope_rigging	Rope Rigging	infrastructure	D10		420	0.004			1	"[{""id"":""local"",""requires_all"":[""woven_carriers"",""standard_measures""],""requires_any"":[],""progress_multiplier"":1.0}]"			unreviewed				pending
rotary_swaging	Rotary Swaging		D06	H04	0	0.002			1	"[{""id"":""local"",""requires_all"":[""precision_machinery"",""toolbit_heat_treatment""],""requires_any"":[],""progress_multiplier"":1.0}]"			unreviewed				pending
rotary_wing	Rotary-Wing Flight	security	D11		94000	0.001			1	"[{""id"":""local"",""requires_all"":[""advanced_airframes""],""requires_any"":[],""progress_multiplier"":1.0}]"			unreviewed				pending
rotational_dynamics	Rotational Dynamics	knowledge	D12		12000	0.002			1	"[{""id"":""local"",""requires_all"":[""momentum_balance"",""centers_of_mass"",""gear_ratios"",""momentum_balance"",""centers_of_mass"",""gear_ratios""],""requires_any"":[],""progress_multiplier"":1.0}]"			unreviewed				pending
rotor_spinning_systems	Rotor-Spinning Systems		D07		0	0.0025			1	"[{""id"":""local"",""requires_all"":[""drop_spindles"",""rotational_dynamics"",""electric_motors""],""requires_any"":[],""progress_multiplier"":1.0}]"			unreviewed				pending
route_memory	Encoded Routes	knowledge	D09		12	0.006			1	"[{""id"":""local"",""requires_all"":[],""requires_any"":[],""progress_multiplier"":1.0}]"	T01	anchor	keep	notice		none	Preserves spatial knowledge before durable records.
row_spacing_trials	Row Spacing Trials	nutrition	D01		0	0.0025			1	"[{""id"":""local"",""requires_all"":[""germination_trials"",""standard_measures""],""requires_any"":[],""progress_multiplier"":1.0}]"			unreviewed				pending
safety_lifts	Safety Lifts	infrastructure	D08		64000	0.001			2	"[{""id"":""local"",""requires_all"":[""precision_machinery"",""steam_propulsion""],""requires_any"":[],""progress_multiplier"":1.0},{""id"":""mechanical:local"",""requires_all"":[""precision_machinery"",""steam_propulsion"",""compound_pulleys"",""mechanical_oscillation""],""requires_any"":[],""progress_multiplier"":1.15}]"			unreviewed				pending
sail_panel_cutting	Sail Panel Cutting	movement	D10		0	0.002			1	"[{""id"":""local"",""requires_all"":[""plain_weaving"",""standard_measures""],""requires_any"":[],""progress_multiplier"":1.0}]"			unreviewed				pending
sail_seaming	Sail Seaming	movement	D10		0	0.002			1	"[{""id"":""local"",""requires_all"":[""sail_panel_cutting"",""cordage""],""requires_any"":[],""progress_multiplier"":1.0}]"			unreviewed				pending
salt_working	Salt Working	nutrition	D01		900	0.004			1	"[{""id"":""local"",""requires_all"":[""sealed_vessels""],""requires_any"":[],""progress_multiplier"":1.0}]"			unreviewed				pending
scale_armor_attachment	Scale Armor Attachment		D20		0	0.0025		"[[""lamellar_armor_assembly"",""shield_equipment_fitting""]]"	1	"[{""id"":""local"",""requires_all"":[""plain_weaving""],""requires_any"":[[""lamellar_armor_assembly"",""shield_equipment_fitting""]],""progress_multiplier"":1.0}]"			unreviewed				pending
screw_press_printing	Screw-Press Printing	production	D13		0	0.0025			1	"[{""id"":""local"",""requires_all"":[""hand_relief_printing"",""paper_sheet_pressing"",""workshop_standards""],""requires_any"":[],""progress_multiplier"":1.0}]"			unreviewed				pending
sealed_vessels	Sealed Vessels	nutrition	D01		330	0.005			1	"[{""id"":""local"",""requires_all"":[""clay_tempering""],""requires_any"":[],""progress_multiplier"":1.0}]"	T03	anchor	keep	notice		none	Requires developed clay access and enables durable reserve handling.
seasonal_patterns	Seasonal Patterns	ecology	D01		0	0.01			1	"[{""id"":""local"",""requires_all"":[],""requires_any"":[],""progress_multiplier"":1.0}]"	T01	anchor	keep	landmark		none	Foundational repeated environmental observation.
sediment_provenance	Sediment Provenance	ecology	D22		12000	0.002			1	"[{""id"":""local"",""requires_all"":[""relative_stratigraphy"",""mineral_specific_gravity"",""seasonal_patterns"",""relative_stratigraphy"",""mineral_specific_gravity"",""seasonal_patterns""],""requires_any"":[],""progress_multiplier"":1.0}]"			unreviewed				pending
seed_cleaning	Seed Cleaning	nutrition	D01		0	0.0025			1	"[{""id"":""local"",""requires_all"":[""seed_selection"",""basketry""],""requires_any"":[],""progress_multiplier"":1.0}]"			unreviewed				pending
seed_oil_pressing	Seed Oil Pressing	production	D01		0	0.0025			1	"[{""id"":""local"",""requires_all"":[""seed_selection"",""stone_sorting""],""requires_any"":[],""progress_multiplier"":1.0}]"			unreviewed				pending
seed_reserves	Protected Seed Reserves	nutrition	D01		1250	0.0032			1	"[{""id"":""local"",""requires_all"":[""seed_selection"",""public_stores""],""requires_any"":[],""progress_multiplier"":1.0}]"	T04	anchor	keep	notice		none	Connects cultivation continuity to public storage and accessible land.
seed_selection	Selective Planting	nutrition	D01		20	0.006			1	"[{""id"":""local"",""requires_all"":[""seasonal_patterns""],""requires_any"":[],""progress_multiplier"":1.0}]"	T04	anchor	repair	notice	sowing, harvest, and retained seed practice	shallow_path	Seasonal observation and fertile-soil recognition are insufficient by themselves to establish selective planting as an operating system.
seedbed_firming	Seedbed Firming	nutrition	D01		0	0.0025			1	"[{""id"":""local"",""requires_all"":[""sowing_depth_trials"",""crop_calendars""],""requires_any"":[],""progress_multiplier"":1.0}]"			unreviewed				pending
selective_polymer_depolymerization	Selective Polymer Depolymerization		D04		0	0.002			1	"[{""id"":""local"",""requires_all"":[""polymer_chain_models"",""industrial_catalyst_design""],""requires_any"":[],""progress_multiplier"":1.0}]"			unreviewed				pending
semiconductor_doping	Semiconductor Doping	knowledge	D21		86000	0.002			2	"[{""id"":""empirical"",""requires_all"":[""chemical_distillation"",""electrical_measurement""],""requires_any"":[],""progress_multiplier"":0.65},{""id"":""band_model"",""requires_all"":[""band_theory"",""chemical_distillation"",""electrical_measurement""],""requires_any"":[],""progress_multiplier"":1.0}]"			unreviewed				pending
separate_clean_water_storage	Separate Clean-Water Storage	health	D02		5500	0.003		"[[""water_settling_basins"",""protected_wellheads""]]"	1	"[{""id"":""local"",""requires_all"":[""sealed_vessels""],""requires_any"":[[""water_settling_basins"",""protected_wellheads""]],""progress_multiplier"":1.0}]"			unreviewed				pending
sewer_rodding_service	Sewer Rodding Service		D02	H03	0	0.002		"[[""joinery"",""wire_drawing""]]"	1	"[{""id"":""local"",""requires_all"":[""covered_sewers""],""requires_any"":[[""joinery"",""wire_drawing""]],""progress_multiplier"":1.0}]"			unreviewed				pending
sewing_machine_mechanisms	Sewing-Machine Mechanisms		D07		0	0.002			1	"[{""id"":""local"",""requires_all"":[""bone_needle_sewing"",""cam_motion_design""],""requires_any"":[],""progress_multiplier"":1.0}]"			unreviewed				pending
shaft_alignment_methods	Shaft-Alignment Methods		D06		0	0.002			1	"[{""id"":""local"",""requires_all"":[""dimensional_metrology"",""bearing_surfaces""],""requires_any"":[],""progress_multiplier"":1.0}]"			unreviewed				pending
shallow_foundation_assessment	Shallow-Foundation Assessment		D08		0	0.002			1	"[{""id"":""local"",""requires_all"":[""soil_assays"",""structural_load_testing""],""requires_any"":[],""progress_multiplier"":1.0}]"	T05	anchor	keep	program_report		none	Paid survey kits and site response records already modify selected building work through the existing construction and maintenance owner.
shared_childcare	Shared Childcare	demography	D18		180	0.005			1	"[{""id"":""local"",""requires_all"":[""labor_rotations""],""requires_any"":[],""progress_multiplier"":1.0}]"			unreviewed				pending
sheet_steel_rolling	Sheet Steel Rolling	production	D04		0	0.002			1	"[{""id"":""local"",""requires_all"":[""steel_refining"",""bearing_surfaces""],""requires_any"":[],""progress_multiplier"":1.0}]"			unreviewed				pending
shield_equipment_fitting	Shield-Equipment Fitting		D20		0	0.0025			1	"[{""id"":""local"",""requires_all"":[""shield_wall"",""timber_grading""],""requires_any"":[],""progress_multiplier"":1.0}]"			unreviewed				pending
shield_wall	Shield-Wall Discipline	security	D20		900	0.0032			1	"[{""id"":""local"",""requires_all"":[""formation_drill"",""hafted_weapons"",""joinery""],""requires_any"":[],""progress_multiplier"":1.0}]"			unreviewed				pending
shift_registers	Shift Registers	production	D21		0	0.0025			1	"[{""id"":""local"",""requires_all"":[""bistable_multivibrators""],""requires_any"":[],""progress_multiplier"":1.0}]"			unreviewed				pending
short_stroke_superfinishing	Short-Stroke Superfinishing		D06	H05	0	0.002			1	"[{""id"":""local"",""requires_all"":[""cylindrical_grinding"",""lubrication_regimes""],""requires_any"":[],""progress_multiplier"":1.0}]"			unreviewed				pending
shutter_signal_frames	Shutter Signal Frames		D13		0	0.002			1	"[{""id"":""local"",""requires_all"":[""joinery"",""agreed_signal_codes""],""requires_any"":[],""progress_multiplier"":1.0}]"			unreviewed				pending
siege_crew_rehearsals	Siege Crew Rehearsals	security	D20		4600	0.002			1	"[{""id"":""local"",""requires_all"":[""siege_engineering"",""standard_measures""],""requires_any"":[],""progress_multiplier"":1.0}]"			unreviewed				pending
siege_engineering	Siege Engineering	security	D20		9200	0.0017			1	"[{""id"":""local"",""requires_all"":[""rope_rigging"",""geometric_survey"",""formation_drill""],""requires_any"":[],""progress_multiplier"":1.0}]"			unreviewed				pending
signal_sampling	Signal Sampling		D13		0	0.002			1	"[{""id"":""local"",""requires_all"":[""harmonic_analysis"",""statistical_sampling""],""requires_any"":[],""progress_multiplier"":1.0}]"			unreviewed				pending
silicon_rectifiers	Silicon Rectifiers	production	D21		0	0.0025			1	"[{""id"":""local"",""requires_all"":[""pn_junctions"",""wafer_sawing""],""requires_any"":[],""progress_multiplier"":1.0}]"			unreviewed				pending
silicon_smelting	Silicon Smelting	production	D04		80000	0.002			1	"[{""id"":""local"",""requires_all"":[""electric_arc_furnaces"",""glassmaking"",""electric_arc_furnaces"",""glassmaking""],""requires_any"":[],""progress_multiplier"":1.0}]"			unreviewed				pending
silver_cupellation	Silver Cupellation		D04	H02	0	0.002			1	"[{""id"":""local"",""requires_all"":[""lead_smelting"",""ore_assaying""],""requires_any"":[],""progress_multiplier"":1.0}]"			unreviewed				pending
similar_triangles	Similar Triangles	knowledge	D12		5200	0.002			1	"[{""id"":""local"",""requires_all"":[""straightedge_compass"",""ratio_proportion"",""straightedge_compass"",""ratio_proportion""],""requires_any"":[],""progress_multiplier"":1.0}]"			unreviewed				pending
single_crystal_growth	Single-Crystal Growth	production	D04		88000	0.002			1	"[{""id"":""local"",""requires_all"":[""crystallography"",""chlorosilane_purification"",""precision_thermometry"",""crystallography"",""chlorosilane_purification"",""precision_thermometry""],""requires_any"":[],""progress_multiplier"":1.0}]"			unreviewed				pending
sinker_electrical_discharge_machining	Sinker Electrical-Discharge Machining		D06	H05	0	0.002			1	"[{""id"":""local"",""requires_all"":[""electrical_measurement"",""precision_machinery""],""requires_any"":[],""progress_multiplier"":1.0}]"			unreviewed				pending
size_exclusion_chromatography	Size-Exclusion Chromatography		D13	H05	0	0.002			1	"[{""id"":""local"",""requires_all"":[""polymer_solution_processing"",""glass_tube_drawing"",""optical_lenses"",""experimental_controls"",""measurement_uncertainty""],""requires_any"":[],""progress_multiplier"":1.0}]"			unreviewed				pending
skirmish_pair_drill	Skirmish Pair Drill	security	D20		650	0.002		"[[""formation_drill"",""oral_epics""]]"	1	"[{""id"":""local"",""requires_all"":[""bow_craft""],""requires_any"":[[""formation_drill"",""oral_epics""]],""progress_multiplier"":1.0}]"			unreviewed				pending
skirmisher_infantry_screens	Skirmisher–Infantry Screens	security	D20		0	0.002			1	"[{""id"":""local"",""requires_all"":[""bow_craft"",""formation_drill""],""requires_any"":[],""progress_multiplier"":1.0}]"			unreviewed				pending
sleeved_cart_assembly	Sleeved Cart Assembly	infrastructure	D09		0	0.002			1	"[{""id"":""local"",""requires_all"":[""cart_running_gear"",""iron_tyre_fitting"",""axle_sleeve_fitting""],""requires_any"":[],""progress_multiplier"":1.0}]"			unreviewed				pending
slow_sand_filtration	Slow Sand Filtration	health	D02		24000	0.003		"[[""lime_mortar"",""sealed_vessels""]]"	1	"[{""id"":""local"",""requires_all"":[""water_settling_basins"",""experimental_controls""],""requires_any"":[[""lime_mortar"",""sealed_vessels""]],""progress_multiplier"":1.0}]"			unreviewed				pending
smoking	Smoke Preservation	nutrition	D01		18	0.005			2	"[{""id"":""local"",""requires_all"":[""food_drying""],""requires_any"":[],""progress_multiplier"":1.0},{""id"":""experimental"",""requires_all"":[""charcoal""],""requires_any"":[],""progress_multiplier"":1.0}]"	T03	anchor	repair	notice	controlled fire	shallow_path	The food-drying route currently reaches smoke preservation without explicit fire control.
snap_fastener_closures	Snap Fastener Closures		D07	H04	0	0.002			1	"[{""id"":""local"",""requires_all"":[""leather_goods_patterning"",""elastic_deformation""],""requires_any"":[],""progress_multiplier"":1.0}]"			unreviewed				pending
soap_manufacture	Soap Manufacture		D07		0	0.002			1	"[{""id"":""local"",""requires_all"":[""experimental_controls"",""seed_oil_pressing""],""requires_any"":[],""progress_multiplier"":1.0}]"			unreviewed				pending
soil_assays	Comparative Soil Assays	ecology	D01		23500	0.0013			1	"[{""id"":""local"",""requires_all"":[""crop_rotation"",""standard_measures""],""requires_any"":[],""progress_multiplier"":1.0}]"			unreviewed				pending
soil_infiltration_trials	Soil Infiltration Trials	nutrition	D02		0	0.0025			1	"[{""id"":""local"",""requires_all"":[""soil_assays"",""standard_measures""],""requires_any"":[],""progress_multiplier"":1.0}]"			unreviewed				pending
soil_moisture_scheduling	Soil Moisture Scheduling	nutrition	D02		0	0.0025			1	"[{""id"":""local"",""requires_all"":[""soil_infiltration_trials"",""irrigation_loss_accounts""],""requires_any"":[],""progress_multiplier"":1.0}]"			unreviewed				pending
solar_cell_fabrication	Solar Cell Fabrication	production	D04		92000	0.002			1	"[{""id"":""local"",""requires_all"":[""photovoltaic_conversion"",""wafer_sawing"",""semiconductor_doping"",""photovoltaic_conversion"",""wafer_sawing"",""semiconductor_doping""],""requires_any"":[],""progress_multiplier"":1.0}]"			unreviewed				pending
solid_state_physics	Solid-State Physics	knowledge	D21		79000	0.002			1	"[{""id"":""local"",""requires_all"":[""crystallography"",""electron_physics"",""crystallography"",""electron_physics""],""requires_any"":[],""progress_multiplier"":1.0}]"			unreviewed				pending
solid_wheel_assembly	Solid Wheel Assembly	infrastructure	D09		0	0.002			1	"[{""id"":""local"",""requires_all"":[""wheel_blank_jointing"",""wheel_hub_boring""],""requires_any"":[],""progress_multiplier"":1.0}]"			unreviewed				pending
sowing_depth_trials	Sowing Depth Trials	nutrition	D01		0	0.0025			1	"[{""id"":""local"",""requires_all"":[""germination_trials"",""experimental_controls""],""requires_any"":[],""progress_multiplier"":1.0}]"			unreviewed				pending
spatial_variograms	Spatial Variograms	ecology	D22		12000	0.002			1	"[{""id"":""local"",""requires_all"":[""statistical_inference"",""coordinate_geometry"",""systematic_channel_sampling"",""statistical_inference"",""coordinate_geometry"",""systematic_channel_sampling""],""requires_any"":[],""progress_multiplier"":1.0}]"			unreviewed				pending
specialized_courts	Specialized Courts	institutions	D16		8700	0.0017			1	"[{""id"":""local"",""requires_all"":[""formal_archives"",""customary_law"",""census_rolls""],""requires_any"":[],""progress_multiplier"":1.0}]"			unreviewed				pending
specimen_slide_mounting	Specimen Slide Mounting	knowledge	D12		0	0.002			1	"[{""id"":""local"",""requires_all"":[""glassmaking"",""standard_measures""],""requires_any"":[],""progress_multiplier"":1.0}]"			unreviewed				pending
spectroscopy	Spectroscopy	knowledge	D12		63000	0.002			2	"[{""id"":""local"",""requires_all"":[""experimental_optics"",""precision_thermometry""],""requires_any"":[],""progress_multiplier"":1.0},{""id"":""mathematical:local"",""requires_all"":[""harmonic_analysis"",""experimental_optics"",""precision_thermometry""],""requires_any"":[],""progress_multiplier"":1.2}]"			unreviewed				pending
spinning_wheels	Spinning Wheels	production	D07		0	0.0025			1	"[{""id"":""local"",""requires_all"":[""drop_spindles"",""joinery""],""requires_any"":[],""progress_multiplier"":1.0}]"			unreviewed				pending
split_feed_nuts	Split Feed Nuts	production	D06		0	0.002			1	"[{""id"":""local"",""requires_all"":[""lead_screw_cutting"",""copper_smelting""],""requires_any"":[],""progress_multiplier"":1.0}]"			unreviewed				pending
split_pin_locking	Split-Pin Locking	production	D06		0	0.002			1	"[{""id"":""local"",""requires_all"":[""castellated_nut_slotting"",""cotter_pin_forming"",""column_drilling_machines""],""requires_any"":[],""progress_multiplier"":1.0}]"			unreviewed				pending
split_washer_cutting	Split Washer Cutting	production	D06		0	0.002			1	"[{""id"":""local"",""requires_all"":[""coil_spring_tempering"",""washer_punching""],""requires_any"":[],""progress_multiplier"":1.0}]"			unreviewed				pending
spoke_tenon_cutting	Spoke Tenon Cutting	infrastructure	D09		0	0.002			1	"[{""id"":""local"",""requires_all"":[""joinery"",""standard_measures""],""requires_any"":[],""progress_multiplier"":1.0}]"			unreviewed				pending
spoked_wheel_assembly	Spoked Wheel Assembly	infrastructure	D09		0	0.002			1	"[{""id"":""local"",""requires_all"":[""wheel_hub_boring"",""spoke_tenon_cutting"",""felloe_jointing""],""requires_any"":[],""progress_multiplier"":1.0}]"			unreviewed				pending
spring_wire_coiling	Spring Wire Coiling	production	D06		0	0.002			1	"[{""id"":""local"",""requires_all"":[""steel_wire_drawing"",""tailstock_fitting""],""requires_any"":[],""progress_multiplier"":1.0}]"			unreviewed				pending
standard_fastener_kitting	Standard Fastener Kitting	production	D06		0	0.002			1	"[{""id"":""local"",""requires_all"":[""matched_thread_inspection"",""washer_punching"",""split_washer_cutting""],""requires_any"":[],""progress_multiplier"":1.0}]"			unreviewed				pending
standard_measures	Shared Measures	knowledge	D12		70	0.003			2	"[{""id"":""local"",""requires_all"":[""tallies""],""requires_any"":[],""progress_multiplier"":1.0},{""id"":""experimental"",""requires_all"":[""route_memory""],""requires_any"":[],""progress_multiplier"":1.0}]"			unreviewed				pending
standing_running_rigging	Standing and Running Rigging	movement	D10		0	0.002			1	"[{""id"":""local"",""requires_all"":[""rope_laying"",""wooden_sheave_blocks""],""requires_any"":[],""progress_multiplier"":1.0}]"			unreviewed				pending
starch_washing_separation	Starch Washing Separation		D01	H02	0	0.002			1	"[{""id"":""local"",""requires_all"":[""food_pounding_mortars"",""clean_water""],""requires_any"":[],""progress_multiplier"":1.0}]"			unreviewed				pending
statistical_inference	Statistical Inference	knowledge	D12		59000	0.0006			2	"[{""id"":""local"",""requires_all"":[""experimental_controls"",""census_rolls""],""requires_any"":[],""progress_multiplier"":1.0},{""id"":""mathematical:local"",""requires_all"":[""experimental_controls"",""census_rolls"",""statistical_sampling"",""least_squares_estimation""],""requires_any"":[],""progress_multiplier"":1.2}]"			unreviewed				pending
statistical_sampling	Statistical Sampling	knowledge	D12		50000	0.002		"[[""census_rolls"",""case_records""]]"	1	"[{""id"":""local"",""requires_all"":[""probability_theory"",""probability_theory""],""requires_any"":[[""census_rolls"",""case_records""]],""progress_multiplier"":1.0}]"			unreviewed				pending
steam_propulsion	Steam Propulsion	production	D10		77000	0.001			2	"[{""id"":""local"",""requires_all"":[""heat_engine_cycles"",""precision_machinery""],""requires_any"":[],""progress_multiplier"":1.0},{""id"":""mechanical:local"",""requires_all"":[""heat_engine_cycles"",""precision_machinery"",""mechanical_work_energy"",""feedback_governors""],""requires_any"":[],""progress_multiplier"":1.15}]"			unreviewed				pending
steel_normalizing_control	Steel Normalizing Control		D04		0	0.002		"[[""material_phase_diagrams"",""experimental_controls""]]"	1	"[{""id"":""local"",""requires_all"":[""steel_refining""],""requires_any"":[[""material_phase_diagrams"",""experimental_controls""]],""progress_multiplier"":1.0}]"			unreviewed				pending
steel_refining	Steel Refining	production	D04		54000	0.002			1	"[{""id"":""local"",""requires_all"":[""bloomery_smelting"",""coke_firing"",""precision_thermometry""],""requires_any"":[],""progress_multiplier"":1.0}]"			unreviewed				pending
steel_wire_drawing	Steel Wire Drawing	production	D06		0	0.002			1	"[{""id"":""local"",""requires_all"":[""wire_drawing"",""toolbit_heat_treatment""],""requires_any"":[],""progress_multiplier"":1.0}]"			unreviewed				pending
steelplate_engraving	Steelplate Engraving	production	D19		0	0.0025			1	"[{""id"":""local"",""requires_all"":[""burin_engraving"",""steel_refining""],""requires_any"":[],""progress_multiplier"":1.0}]"			unreviewed				pending
stock_rotation	Dated Stock Rotation	nutrition	D17		4500	0.003		"[[""public_stores"",""raised_granaries""]]"	1	"[{""id"":""local"",""requires_all"":[""tallies""],""requires_any"":[[""public_stores"",""raised_granaries""]],""progress_multiplier"":1.0}]"			unreviewed				pending
stone_sorting	Stone Selection	production	D04		20	0.01			1	"[{""id"":""local"",""requires_all"":[],""requires_any"":[],""progress_multiplier"":1.0}]"	T01	anchor	keep	notice		none	Requires an encountered stone sample and supports the first tool chain.
store_forward_archives	Store-and-Forward Archives		D13		0	0.002			1	"[{""id"":""local"",""requires_all"":[""packet_routers"",""formal_archives""],""requires_any"":[],""progress_multiplier"":1.0}]"			unreviewed				pending
stored_program_control	Stored-Program Control	production	D21		0	0.0025			1	"[{""id"":""local"",""requires_all"":[""read_write_memory"",""instruction_registers"",""program_counters"",""conditional_branch_circuits"",""electronic_machine_control""],""requires_any"":[],""progress_multiplier"":1.0}]"			unreviewed				pending
straightedge_compass	Straightedge and Compass Construction	knowledge	D12		2400	0.002			1	"[{""id"":""local"",""requires_all"":[""cordage"",""standard_measures"",""cordage"",""standard_measures""],""requires_any"":[],""progress_multiplier"":1.0}]"			unreviewed				pending
straightedge_scraping	Straightedge Scraping	production	D06		0	0.002			1	"[{""id"":""local"",""requires_all"":[""three_plate_lapping"",""forge_welding""],""requires_any"":[],""progress_multiplier"":1.0}]"			unreviewed				pending
stress_strain_relations	Stress–Strain Relations	knowledge	D12		12000	0.002			1	"[{""id"":""local"",""requires_all"":[""elastic_deformation"",""ratio_proportion"",""elastic_deformation"",""ratio_proportion""],""requires_any"":[],""progress_multiplier"":1.0}]"			unreviewed				pending
strip_cropping	Strip Cropping	nutrition	D03		0	0.0025			1	"[{""id"":""local"",""requires_all"":[""contour_cultivation"",""crop_rotation""],""requires_any"":[],""progress_multiplier"":1.0}]"			unreviewed				pending
structural_geologic_mapping	Structural Geologic Mapping	ecology	D22		12000	0.002			1	"[{""id"":""local"",""requires_all"":[""geologic_cross_sections"",""trigonometry"",""regional_maps"",""geologic_cross_sections"",""trigonometry"",""regional_maps""],""requires_any"":[],""progress_multiplier"":1.0}]"			unreviewed				pending
structural_load_testing	Structural Load Testing	knowledge	D12		52000	0.002			4	"[{""id"":""local"",""requires_all"":[""standard_measures"",""workshop_standards"",""experimental_controls""],""requires_any"":[],""progress_multiplier"":1.0},{""id"":""mathematical:local"",""requires_all"":[""vector_analysis"",""matrix_algebra"",""standard_measures"",""workshop_standards"",""experimental_controls""],""requires_any"":[],""progress_multiplier"":1.2},{""id"":""mechanical:local"",""requires_all"":[""stress_strain_relations"",""column_buckling"",""standard_measures"",""workshop_standards"",""experimental_controls""],""requires_any"":[],""progress_multiplier"":1.15},{""id"":""mechanical:mathematical:local"",""requires_all"":[""vector_analysis"",""matrix_algebra"",""stress_strain_relations"",""column_buckling"",""standard_measures"",""workshop_standards"",""experimental_controls""],""requires_any"":[],""progress_multiplier"":1.38}]"			unreviewed				pending
structural_steel	Structural Steel Frames	infrastructure	D04		60000	0.001			1	"[{""id"":""local"",""requires_all"":[""blast_furnace"",""precision_machinery""],""requires_any"":[],""progress_multiplier"":1.0}]"			unreviewed				pending
submersible_hulls	Submersible Hulls	security	D10		81000	0.001			1	"[{""id"":""local"",""requires_all"":[""naval_torpedoes"",""armored_hulls""],""requires_any"":[],""progress_multiplier"":1.0}]"			unreviewed				pending
sulfur_dioxide_recovery	Sulfur Dioxide Recovery	production	D04		0	0.002			1	"[{""id"":""local"",""requires_all"":[""sulfur_purification"",""sealed_vessels""],""requires_any"":[],""progress_multiplier"":1.0}]"			unreviewed				pending
sulfur_purification	Sulfur Purification	production	D04		26000	0.0015			1	"[{""id"":""local"",""requires_all"":[""sealed_vessels"",""kiln_control"",""standard_measures""],""requires_any"":[],""progress_multiplier"":1.0}]"			unreviewed				pending
sulfuric_acid_production	Sulfuric Acid Production	production	D04		0	0.002			1	"[{""id"":""local"",""requires_all"":[""sulfur_dioxide_recovery"",""chemical_distillation"",""pressure_vessels""],""requires_any"":[],""progress_multiplier"":1.0}]"			unreviewed				pending
superheterodyne_reception	Superheterodyne Reception		D13		0	0.002		"[[""triode_valves"",""transistor_amplifiers""]]"	2	"[{""id"":""local_valves"",""requires_all"":[""triode_valves"",""frequency_conversion"",""tuned_radio_reception""],""requires_any"":[[""triode_valves"",""transistor_amplifiers""]],""progress_multiplier"":1.0},{""id"":""local_transistors"",""requires_all"":[""transistor_amplifiers"",""frequency_conversion"",""tuned_radio_reception""],""requires_any"":[[""triode_valves"",""transistor_amplifiers""]],""progress_multiplier"":1.0}]"			unreviewed				pending
supply_groups	Organized Supply Parties	security	D20		75	0.003			2	"[{""id"":""local"",""requires_all"":[""tallies"",""route_memory""],""requires_any"":[],""progress_multiplier"":1.0},{""id"":""experimental"",""requires_all"":[""pack_animals"",""labor_rotations""],""requires_any"":[],""progress_multiplier"":1.0}]"			unreviewed				pending
surface_carburization	Surface Carburization		D04		0	0.002			1	"[{""id"":""local"",""requires_all"":[""hardened_edges"",""charcoal""],""requires_any"":[],""progress_multiplier"":1.0}]"			unreviewed				pending
surface_grinding	Surface Grinding		D06	H04	0	0.002			1	"[{""id"":""local"",""requires_all"":[""machine_way_scraping"",""abrasive_grinding_control""],""requires_any"":[],""progress_multiplier"":1.0}]"			unreviewed				pending
surgical_anatomy	Surgical Anatomy	health	D14		18000	0.0012			1	"[{""id"":""local"",""requires_all"":[""case_records"",""standard_measures""],""requires_any"":[],""progress_multiplier"":1.0}]"			unreviewed				pending
symbolic_algebra	Symbolic Algebra	knowledge	D12		16000	0.002			1	"[{""id"":""local"",""requires_all"":[""place_value"",""fractional_quantities"",""place_value"",""fractional_quantities""],""requires_any"":[],""progress_multiplier"":1.0}]"			unreviewed				pending
systematic_channel_sampling	Systematic Channel Sampling	ecology	D22		12000	0.002			1	"[{""id"":""local"",""requires_all"":[""ore_assaying"",""standard_measures"",""geometric_survey"",""ore_assaying"",""standard_measures"",""geometric_survey""],""requires_any"":[],""progress_multiplier"":1.0}]"			unreviewed				pending
tailstock_fitting	Tailstock Fitting	production	D06		0	0.002			1	"[{""id"":""local"",""requires_all"":[""straightedge_scraping"",""lead_screw_cutting"",""bearing_surfaces""],""requires_any"":[],""progress_multiplier"":1.0}]"			unreviewed				pending
tallies	Material Tallies	knowledge	D12		0	0.007			1	"[{""id"":""local"",""requires_all"":[],""requires_any"":[],""progress_multiplier"":1.0}]"	T03	anchor	keep	notice		root_density	Plausible root information practice whose appearance should follow an experienced counting or storage problem.
telegraph_keys	Telegraph Keys		D13		0	0.002			1	"[{""id"":""local"",""requires_all"":[""timed_signal_sequences"",""electrical_measurement""],""requires_any"":[],""progress_multiplier"":1.0}]"			unreviewed				pending
telegraph_return_circuits	Telegraph Return Circuits		D13		0	0.002			1	"[{""id"":""local"",""requires_all"":[""electrical_measurement"",""wire_drawing""],""requires_any"":[],""progress_multiplier"":1.0}]"			unreviewed				pending
telephone_circuits	Telephone Circuits		D13		0	0.002			1	"[{""id"":""local"",""requires_all"":[""carbon_microphones"",""electromagnetic_earpieces"",""cable_insulation""],""requires_any"":[],""progress_multiplier"":1.0}]"			unreviewed				pending
telephone_repeaters	Telephone Repeaters		D13		0	0.002		"[[""triode_valves"",""transistor_amplifiers""]]"	2	"[{""id"":""local_triode_valves"",""requires_all"":[""triode_valves"",""telephone_circuits"",""balanced_conductor_pairs""],""requires_any"":[[""triode_valves"",""transistor_amplifiers""]],""progress_multiplier"":1.0},{""id"":""local_transistor_amplifiers"",""requires_all"":[""transistor_amplifiers"",""telephone_circuits"",""balanced_conductor_pairs""],""requires_any"":[[""triode_valves"",""transistor_amplifiers""]],""progress_multiplier"":1.0}]"			unreviewed				pending
teleprinter_mechanisms	Teleprinter Mechanisms		D13		0	0.002			1	"[{""id"":""local"",""requires_all"":[""precision_machinery"",""phonetic_notation"",""electromagnetic_relays""],""requires_any"":[],""progress_multiplier"":1.0}]"			unreviewed				pending
textile_armor_layering	Textile Armor Layering		D20		0	0.0025			1	"[{""id"":""local"",""requires_all"":[""plain_weaving"",""shield_equipment_fitting""],""requires_any"":[],""progress_multiplier"":1.0}]"			unreviewed				pending
textile_braiding	Textile Braiding		D07	H04	0	0.002			1	"[{""id"":""local"",""requires_all"":[""cordage"",""yarn_tension_control""],""requires_any"":[],""progress_multiplier"":1.0}]"			unreviewed				pending
textile_calendering	Textile Calendering		D07		0	0.002			1	"[{""id"":""local"",""requires_all"":[""plain_weaving"",""mechanical_screw_presses""],""requires_any"":[],""progress_multiplier"":1.0}]"			unreviewed				pending
textile_durability_testing	Textile Durability Testing		D07		0	0.002			1	"[{""id"":""local"",""requires_all"":[""textile_repair_methods"",""measurement_uncertainty""],""requires_any"":[],""progress_multiplier"":1.0}]"			unreviewed				pending
textile_dye_extraction	Textile-Dye Extraction		D07		0	0.002		"[[""herbal_classification"",""mineral_pigment_preparation""]]"	1	"[{""id"":""local"",""requires_all"":[""fiber_grading""],""requires_any"":[[""herbal_classification"",""mineral_pigment_preparation""]],""progress_multiplier"":1.0}]"			unreviewed				pending
textile_dye_fixation	Textile-Dye Fixation		D07		0	0.002			1	"[{""id"":""local"",""requires_all"":[""textile_dye_extraction"",""experimental_controls""],""requires_any"":[],""progress_multiplier"":1.0}]"			unreviewed				pending
textile_laundering_practice	Textile-Laundering Practice		D07		0	0.002			1	"[{""id"":""local"",""requires_all"":[""clean_water"",""fiber_grading""],""requires_any"":[],""progress_multiplier"":1.0}]"			unreviewed				pending
textile_moisture_transport	Textile Moisture Transport		D07		0	0.002			1	"[{""id"":""local"",""requires_all"":[""fiber_grading"",""experimental_controls""],""requires_any"":[],""progress_multiplier"":1.0}]"			unreviewed				pending
textile_printing	Textile Printing		D07		0	0.002			1	"[{""id"":""local"",""requires_all"":[""textile_dye_fixation"",""printing_process""],""requires_any"":[],""progress_multiplier"":1.0}]"			unreviewed				pending
textile_rag_pulping	Textile Rag Pulping	production	D13		0	0.0025			1	"[{""id"":""local"",""requires_all"":[""plain_weaving"",""fiber_pulp_beating""],""requires_any"":[],""progress_multiplier"":1.0}]"			unreviewed				pending
textile_repair_methods	Textile Repair Methods		D07		0	0.002			1	"[{""id"":""local"",""requires_all"":[""bone_needle_sewing"",""fiber_grading""],""requires_any"":[],""progress_multiplier"":1.0}]"			unreviewed				pending
textile_waterproofing	Textile Waterproofing		D07		0	0.002			1	"[{""id"":""local"",""requires_all"":[""plain_weaving"",""adhesive_bond_design""],""requires_any"":[],""progress_multiplier"":1.0}]"			unreviewed				pending
thatched_roofing	Thatched Roofing		D08		0	0.002			1	"[{""id"":""local"",""requires_all"":[""fiber_grading"",""framed_construction""],""requires_any"":[],""progress_multiplier"":1.0}]"			unreviewed				pending
thermal_process_validation	Thermal Process Validation	nutrition	D01		0	0.002			1	"[{""id"":""local"",""requires_all"":[""food_retorts"",""double_seaming"",""experimental_controls""],""requires_any"":[],""progress_multiplier"":1.0}]"			unreviewed				pending
thermionic_emission	Thermionic Emission		D21		0	0.002			1	"[{""id"":""local"",""requires_all"":[""vacuum_experiments"",""electron_physics"",""heat_engine_cycles""],""requires_any"":[],""progress_multiplier"":1.0}]"			unreviewed				pending
thermoplastic_processing	Thermoplastic Processing		D04		0	0.002			1	"[{""id"":""local"",""requires_all"":[""polymer_chain_models"",""precision_thermometry""],""requires_any"":[],""progress_multiplier"":1.0}]"			unreviewed				pending
thread_die_cutting	Thread Die Cutting	production	D06		0	0.002			1	"[{""id"":""local"",""requires_all"":[""thread_tap_cutting"",""toolbit_heat_treatment""],""requires_any"":[],""progress_multiplier"":1.0}]"			unreviewed				pending
thread_pitch_gauging	Thread Pitch Gauging	production	D06		0	0.002			1	"[{""id"":""local"",""requires_all"":[""lead_screw_cutting"",""standard_measures""],""requires_any"":[],""progress_multiplier"":1.0}]"			unreviewed				pending
thread_rolling_die_making	Thread-Rolling Die Making	production	D06		0	0.002			1	"[{""id"":""local"",""requires_all"":[""thread_pitch_gauging"",""horizontal_milling_machines"",""toolbit_heat_treatment""],""requires_any"":[],""progress_multiplier"":1.0}]"			unreviewed				pending
thread_tap_cutting	Thread Tap Cutting	production	D06		0	0.002			1	"[{""id"":""local"",""requires_all"":[""lead_screw_cutting"",""toolbit_heat_treatment""],""requires_any"":[],""progress_multiplier"":1.0}]"			unreviewed				pending
three_plate_lapping	Three-Plate Lapping	production	D06		0	0.002			1	"[{""id"":""local"",""requires_all"":[""standard_measures"",""stone_sorting""],""requires_any"":[],""progress_multiplier"":1.0}]"			unreviewed				pending
threshing_frames	Threshing Frames		D01	H02	0	0.002			1	"[{""id"":""local"",""requires_all"":[""seed_selection"",""joinery""],""requires_any"":[],""progress_multiplier"":1.0}]"			unreviewed				pending
timber_bridges	Timber Bridges	infrastructure	D09		3600	0.0024			1	"[{""id"":""local"",""requires_all"":[""framed_construction"",""rope_rigging"",""graded_roads""],""requires_any"":[],""progress_multiplier"":1.0}]"			unreviewed				pending
timber_grading	Timber Grading	ecology	D04		30	0.009			1	"[{""id"":""local"",""requires_all"":[],""requires_any"":[],""progress_multiplier"":1.0}]"	T01	anchor	keep	program_report		none	Separates recognition of useful wood from later construction methods.
timber_lateral_bracing	Timber Lateral Bracing		D08		0	0.002		"[[""structural_load_testing"",""experimental_controls""]]"	1	"[{""id"":""local"",""requires_all"":[""framed_construction""],""requires_any"":[[""structural_load_testing"",""experimental_controls""]],""progress_multiplier"":1.0}]"			unreviewed				pending
timber_moisture_movement_design	Timber Moisture Movement Design		D08		0	0.002		"[[""masonry_moisture_management"",""experimental_controls""]]"	1	"[{""id"":""local"",""requires_all"":[""timber_seasoning""],""requires_any"":[[""masonry_moisture_management"",""experimental_controls""]],""progress_multiplier"":1.0}]"			unreviewed				pending
timber_post_beam_connections	Timber Post Beam Connections		D08		0	0.002			1	"[{""id"":""local"",""requires_all"":[""joinery"",""timber_grading""],""requires_any"":[],""progress_multiplier"":1.0}]"			unreviewed				pending
timber_roof_trusses	Timber Roof Trusses		D08		0	0.002			1	"[{""id"":""local"",""requires_all"":[""joinery"",""framed_construction"",""structural_load_testing""],""requires_any"":[],""progress_multiplier"":1.0}]"			unreviewed				pending
timber_seasoning	Timber Seasoning	production	D04		150	0.006			1	"[{""id"":""local"",""requires_all"":[""timber_grading""],""requires_any"":[],""progress_multiplier"":1.0}]"	T04	anchor	keep	program_report		none	Requires developed timber access and supports durable construction.
timber_splice_connections	Timber Splice Connections		D08		0	0.002			1	"[{""id"":""local"",""requires_all"":[""joinery"",""timber_grading""],""requires_any"":[],""progress_multiplier"":1.0}]"			unreviewed				pending
timed_signal_sequences	Timed Signal Sequences		D13		0	0.002			1	"[{""id"":""local"",""requires_all"":[""agreed_signal_codes"",""standard_measures""],""requires_any"":[],""progress_multiplier"":1.0}]"			unreviewed				pending
tin_smelting	Tin Smelting	production	D04		0	0.002			1	"[{""id"":""local"",""requires_all"":[""ore_assaying"",""charcoal""],""requires_any"":[],""progress_multiplier"":1.0}]"			unreviewed				pending
tinplate_coating	Tinplate Coating	production	D04		0	0.002			1	"[{""id"":""local"",""requires_all"":[""sheet_steel_rolling"",""tin_smelting""],""requires_any"":[],""progress_multiplier"":1.0}]"			unreviewed				pending
tissue_histology	Tissue Histology		D15		0	0.002			1	"[{""id"":""local"",""requires_all"":[""cell_theory"",""specimen_slide_mounting""],""requires_any"":[],""progress_multiplier"":1.0}]"			unreviewed				pending
toolbit_heat_treatment	Tool-Bit Heat Treatment	production	D06		0	0.002			1	"[{""id"":""local"",""requires_all"":[""steel_refining"",""charcoal""],""requires_any"":[],""progress_multiplier"":1.0}]"			unreviewed				pending
trained_midwives	Trained Midwives	health	D14		5600	0.002			1	"[{""id"":""local"",""requires_all"":[""birth_attendants"",""case_records"",""standard_measures""],""requires_any"":[],""progress_multiplier"":1.0}]"			unreviewed				pending
transistor_amplifiers	Transistor Amplifiers	production	D21		0	0.0025			1	"[{""id"":""local"",""requires_all"":[""bipolar_junction_transistors"",""carbon_resistors"",""foil_capacitors""],""requires_any"":[],""progress_multiplier"":1.0}]"			unreviewed				pending
transistor_inverters	Transistor Inverters	production	D21		0	0.0025			1	"[{""id"":""local"",""requires_all"":[""bipolar_junction_transistors"",""carbon_resistors""],""requires_any"":[],""progress_multiplier"":1.0}]"			unreviewed				pending
treadle_lathe_drive	Treadle-Lathe Drive		D06		0	0.0025			1	"[{""id"":""local"",""requires_all"":[""bearing_surfaces"",""crank_linkages""],""requires_any"":[],""progress_multiplier"":1.0}]"			unreviewed				pending
treenail_fastening	Treenail Fastening	movement	D10		0	0.002			1	"[{""id"":""local"",""requires_all"":[""joinery"",""standard_measures""],""requires_any"":[],""progress_multiplier"":1.0}]"			unreviewed				pending
triage_registers	Triage Registers	security	D20		0	0.002			1	"[{""id"":""local"",""requires_all"":[""field_aid_stations"",""casualty_transfer_records""],""requires_any"":[],""progress_multiplier"":1.0}]"			unreviewed				pending
trigonometry	Trigonometric Methods	knowledge	D12		15000	0.002			1	"[{""id"":""local"",""requires_all"":[""similar_triangles"",""place_value"",""similar_triangles"",""place_value""],""requires_any"":[],""progress_multiplier"":1.0}]"			unreviewed				pending
triode_valves	Triode Valves		D21		0	0.002			1	"[{""id"":""local"",""requires_all"":[""vacuum_diodes""],""requires_any"":[],""progress_multiplier"":1.0}]"			unreviewed				pending
tube_rotary_draw_bending	Tube Rotary-Draw Bending		D06	H04	0	0.002			1	"[{""id"":""local"",""requires_all"":[""precision_machinery"",""stress_strain_relations""],""requires_any"":[],""progress_multiplier"":1.0}]"			unreviewed				pending
tuned_radio_reception	Tuned Radio Reception		D13		0	0.002			1	"[{""id"":""local"",""requires_all"":[""aerial_matching"",""crystal_radio_detection"",""variable_air_capacitors"",""electromagnetic_earpieces""],""requires_any"":[],""progress_multiplier"":1.0}]"			unreviewed				pending
twill_weave_structures	Twill-Weave Structures		D07		0	0.002			1	"[{""id"":""local"",""requires_all"":[""plain_weaving""],""requires_any"":[],""progress_multiplier"":1.0}]"			unreviewed				pending
ultrasonic_abrasive_machining	Ultrasonic Abrasive Machining		D06	H05	0	0.002			1	"[{""id"":""local"",""requires_all"":[""mechanical_oscillation"",""precision_machinery""],""requires_any"":[],""progress_multiplier"":1.0}]"			unreviewed				pending
ultrasonic_metal_joining	Ultrasonic Metal Joining		D06	H05	0	0.002			1	"[{""id"":""local"",""requires_all"":[""mechanical_oscillation"",""precision_machinery""],""requires_any"":[],""progress_multiplier"":1.0}]"			unreviewed				pending
urban_street_plans	Urban Street Plans	infrastructure	D08		20500	0.0012			1	"[{""id"":""local"",""requires_all"":[""regional_maps"",""public_levies"",""lime_mortar""],""requires_any"":[],""progress_multiplier"":1.0}]"			unreviewed				pending
urea_synthesis	Urea Synthesis		D04	H04	0	0.002			1	"[{""id"":""local"",""requires_all"":[""pressure_vessels"",""chemical_distillation"",""experimental_controls""],""requires_any"":[],""progress_multiplier"":1.0}]"			unreviewed				pending
vacuum_diodes	Vacuum Diodes		D21		0	0.002			1	"[{""id"":""local"",""requires_all"":[""thermionic_emission"",""glass_blowing""],""requires_any"":[],""progress_multiplier"":1.0}]"			unreviewed				pending
vacuum_experiments	Vacuum Experiments	knowledge	D12		42000	0.002			1	"[{""id"":""local"",""requires_all"":[""vacuum_pumps"",""experimental_controls""],""requires_any"":[],""progress_multiplier"":1.0}]"			unreviewed				pending
vacuum_metal_melting	Vacuum Metal Melting		D04		0	0.002			1	"[{""id"":""local"",""requires_all"":[""vacuum_pumps"",""metal_casting_feed_design""],""requires_any"":[],""progress_multiplier"":1.0}]"			unreviewed				pending
vacuum_pumps	Vacuum Pumps	knowledge	D06		35000	0.002			1	"[{""id"":""local"",""requires_all"":[""precision_machinery"",""sealed_vessels""],""requires_any"":[],""progress_multiplier"":1.0}]"			unreviewed				pending
variable_air_capacitors	Variable Air Capacitors		D21		0	0.002			1	"[{""id"":""local"",""requires_all"":[""foil_capacitors"",""precision_machinery""],""requires_any"":[],""progress_multiplier"":1.0}]"			unreviewed				pending
vaulted_masonry_roofs	Vaulted Masonry Roofs		D08		0	0.002			1	"[{""id"":""local"",""requires_all"":[""voussoir_arch_assembly"",""masonry_buttressing""],""requires_any"":[],""progress_multiplier"":1.0}]"			unreviewed				pending
vector_analysis	Vector Analysis	knowledge	D12		52000	0.002			1	"[{""id"":""local"",""requires_all"":[""coordinate_geometry"",""trigonometry"",""differential_calculus"",""coordinate_geometry"",""trigonometry"",""differential_calculus""],""requires_any"":[],""progress_multiplier"":1.0}]"			unreviewed				pending
vinegar_pickling	Vinegar Pickling	nutrition	D01		6000	0.003			1	"[{""id"":""local"",""requires_all"":[""fermentation_control"",""sealed_vessels""],""requires_any"":[],""progress_multiplier"":1.0}]"			unreviewed				pending
viscous_resistance	Viscous Resistance	knowledge	D12		12000	0.002			1	"[{""id"":""local"",""requires_all"":[""flow_continuity"",""friction_measurement"",""flow_continuity"",""friction_measurement""],""requires_any"":[],""progress_multiplier"":1.0}]"			unreviewed				pending
voussoir_arch_assembly	Voussoir Arch Assembly		D08		0	0.002			1	"[{""id"":""local"",""requires_all"":[""stone_sorting"",""masonry_arch_centering""],""requires_any"":[],""progress_multiplier"":1.0}]"			unreviewed				pending
wafer_sawing	Semiconductor Wafer Sawing	production	D04		89000	0.002			2	"[{""id"":""machined"",""requires_all"":[""precision_machinery"",""single_crystal_growth"",""standard_measures""],""requires_any"":[],""progress_multiplier"":1.0},{""id"":""abrasive_wire"",""requires_all"":[""wire_drawing"",""optical_lenses"",""single_crystal_growth"",""standard_measures""],""requires_any"":[],""progress_multiplier"":0.65}]"			unreviewed				pending
wagonway_haulage	Wagonway Haulage		D09		0	0.002			1	"[{""id"":""local"",""requires_all"":[""rail_track_foundations"",""cart_running_gear""],""requires_any"":[],""progress_multiplier"":1.0}]"			unreviewed				pending
war_chariots	Military Chariots	security	D20		5000	0.001			1	"[{""id"":""local"",""requires_all"":[""domesticated_mounts"",""joinery""],""requires_any"":[],""progress_multiplier"":1.0}]"			unreviewed				pending
warp_weighted_looms	Warp-Weighted Looms	production	D07		0	0.0025			1	"[{""id"":""local"",""requires_all"":[""drop_spindles"",""pit_firing"",""joinery""],""requires_any"":[],""progress_multiplier"":1.0}]"			unreviewed				pending
washer_punching	Washer Punching	production	D06		0	0.002			1	"[{""id"":""local"",""requires_all"":[""sheet_steel_rolling"",""standard_measures""],""requires_any"":[],""progress_multiplier"":1.0}]"			unreviewed				pending
watch_rotation	Organized Watch	security	D20		6	0.007			1	"[{""id"":""local"",""requires_all"":[],""requires_any"":[],""progress_multiplier"":1.0}]"	T04	anchor	keep	notice	experienced danger and sustained population	root_density	The practice is plausible but should respond to a real protection problem rather than appear as an unrelated day-one inquiry.
water_electrolysis	Water Electrolysis	production	D04		0	0.002			1	"[{""id"":""local"",""requires_all"":[""electrochemical_cells"",""electrical_generators"",""pressure_vessels""],""requires_any"":[],""progress_multiplier"":1.0}]"			unreviewed				pending
water_mills	Water-Powered Mills	infrastructure	D05		14500	0.0014			2	"[{""id"":""local"",""requires_all"":[""grain_milling"",""geometric_survey"",""framed_construction""],""requires_any"":[],""progress_multiplier"":1.0},{""id"":""mechanical:local"",""requires_all"":[""grain_milling"",""geometric_survey"",""framed_construction"",""gear_ratios"",""flow_continuity""],""requires_any"":[],""progress_multiplier"":1.15}]"			unreviewed				pending
water_powered_hammers	Water-Powered Hammers		D06		0	0.0025			1	"[{""id"":""local"",""requires_all"":[""water_mills"",""crank_linkages""],""requires_any"":[],""progress_multiplier"":1.0}]"			unreviewed				pending
water_service_inspections	Water Service Inspections	health	D02		13000	0.003		"[[""protected_wellheads"",""rainwater_cisterns""]]"	1	"[{""id"":""local"",""requires_all"":[""case_records"",""standard_measures""],""requires_any"":[[""protected_wellheads"",""rainwater_cisterns""]],""progress_multiplier"":1.0}]"			unreviewed				pending
water_settling_basins	Water Settling Basins	health	D02		3500	0.003		"[[""well_siting"",""rainwater_cisterns""]]"	1	"[{""id"":""local"",""requires_all"":[""clay_shaping""],""requires_any"":[[""well_siting"",""rainwater_cisterns""]],""progress_multiplier"":1.0}]"	T05	anchor	repair	notice	built basin, retained water, draw-off work, cleaning	cross_field_gap	Settling has appropriately modest scope, but water-safety credit requires actual batch residence and basin maintenance.
wattle_and_daub_walls	Wattle-and-Daub Walls		D08		0	0.002			1	"[{""id"":""local"",""requires_all"":[""basketry"",""clay_tempering"",""framed_construction""],""requires_any"":[],""progress_multiplier"":1.0}]"			unreviewed				pending
wayfinding_stars	Celestial Wayfinding	logistics	D10		800	0.005			1	"[{""id"":""local"",""requires_all"":[""seasonal_patterns"",""route_memory""],""requires_any"":[],""progress_multiplier"":1.0}]"			unreviewed				pending
wedges_and_levers	Wedges and Levers	infrastructure	D06		600	0.004			1	"[{""id"":""local"",""requires_all"":[""hafted_tools"",""quarry_reading""],""requires_any"":[],""progress_multiplier"":1.0}]"			unreviewed				pending
welding_metallurgy	Welding Metallurgy		D04		0	0.002			1	"[{""id"":""local"",""requires_all"":[""forge_welding"",""material_phase_diagrams""],""requires_any"":[],""progress_multiplier"":1.0}]"			unreviewed				pending
well_siting	Well Siting	infrastructure	D02		40	0.004			2	"[{""id"":""local"",""requires_all"":[""drainage""],""requires_any"":[],""progress_multiplier"":1.0},{""id"":""experimental"",""requires_all"":[""seasonal_patterns"",""route_memory""],""requires_any"":[],""progress_multiplier"":1.0}]"	T04	anchor	keep	notice		none	Alternative drainage and landscape-observation routes retain a real freshwater requirement.
wheel_blank_jointing	Wheel Blank Jointing	infrastructure	D09		0	0.002			1	"[{""id"":""local"",""requires_all"":[""joinery"",""standard_measures""],""requires_any"":[],""progress_multiplier"":1.0}]"			unreviewed				pending
wheel_hub_boring	Wheel Hub Boring	infrastructure	D09		0	0.002			1	"[{""id"":""local"",""requires_all"":[""joinery"",""standard_measures""],""requires_any"":[],""progress_multiplier"":1.0}]"			unreviewed				pending
wind_tunnel_testing	Wind Tunnel Testing	knowledge	D11		78000	0.002			4	"[{""id"":""local"",""requires_all"":[""aerodynamics"",""electric_motors""],""requires_any"":[],""progress_multiplier"":1.0},{""id"":""mathematical:local"",""requires_all"":[""dimensional_analysis"",""statistical_sampling"",""aerodynamics"",""electric_motors""],""requires_any"":[],""progress_multiplier"":1.2},{""id"":""mechanical:local"",""requires_all"":[""flow_continuity"",""viscous_resistance"",""aerodynamics"",""electric_motors""],""requires_any"":[],""progress_multiplier"":1.15},{""id"":""mechanical:mathematical:local"",""requires_all"":[""dimensional_analysis"",""statistical_sampling"",""flow_continuity"",""viscous_resistance"",""aerodynamics"",""electric_motors""],""requires_any"":[],""progress_multiplier"":1.38}]"			unreviewed				pending
winnowing_practice	Winnowing Practice		D01	H02	0	0.002			1	"[{""id"":""local"",""requires_all"":[""threshing_frames"",""seasonal_patterns"",""basketry""],""requires_any"":[],""progress_multiplier"":1.0}]"			unreviewed				pending
wire_drawing	Wire Drawing	production	D04		26000	0.003			1	"[{""id"":""local"",""requires_all"":[""copper_casting"",""workshop_standards""],""requires_any"":[],""progress_multiplier"":1.0}]"			unreviewed				pending
wire_electrical_discharge_machining	Wire Electrical-Discharge Machining		D06	H05	0	0.002			1	"[{""id"":""local"",""requires_all"":[""electrical_measurement"",""numerical_machine_control""],""requires_any"":[],""progress_multiplier"":1.0}]"			unreviewed				pending
wood_methanol_recovery	Wood Methanol Recovery		D04	H04	0	0.002			1	"[{""id"":""local"",""requires_all"":[""charcoal_retorts"",""chemical_distillation""],""requires_any"":[],""progress_multiplier"":1.0}]"			unreviewed				pending
wooden_axle_boxes	Wooden Axle Boxes	infrastructure	D09		0	0.002			1	"[{""id"":""local"",""requires_all"":[""wooden_axle_shaping"",""wheel_hub_boring""],""requires_any"":[],""progress_multiplier"":1.0}]"			unreviewed				pending
wooden_axle_shaping	Wooden Axle Shaping	infrastructure	D09		0	0.002			1	"[{""id"":""local"",""requires_all"":[""joinery"",""standard_measures""],""requires_any"":[],""progress_multiplier"":1.0}]"			unreviewed				pending
wooden_log_conduits	Wooden Log Conduits		D02	H02	0	0.002		"[[""wheel_hub_boring"",""cylinder_boring""]]"	1	"[{""id"":""local"",""requires_all"":[""joinery""],""requires_any"":[[""wheel_hub_boring"",""cylinder_boring""]],""progress_multiplier"":1.0}]"			unreviewed				pending
wooden_movable_type	Wooden Movable Type	production	D13		0	0.0025			1	"[{""id"":""local"",""requires_all"":[""printing_process"",""joinery"",""standard_measures""],""requires_any"":[],""progress_multiplier"":1.0}]"			unreviewed				pending
wooden_sheave_blocks	Wooden Sheave Blocks	movement	D10		0	0.002			1	"[{""id"":""local"",""requires_all"":[""compound_pulleys"",""joinery""],""requires_any"":[],""progress_multiplier"":1.0}]"			unreviewed				pending
work_motion_studies	Work Motion Studies	labor	D06		28000	0.002			1	"[{""id"":""local"",""requires_all"":[""experimental_controls"",""workshop_standards""],""requires_any"":[],""progress_multiplier"":1.0}]"			unreviewed				pending
work_rest_limits	Work and Rest Limits	labor	D18		600	0.005			1	"[{""id"":""local"",""requires_all"":[""labor_rotations"",""wound_cleaning""],""requires_any"":[],""progress_multiplier"":1.0}]"			unreviewed				pending
workshop_standards	Workshop Standards	knowledge	D18		9000	0.0022			1	"[{""id"":""local"",""requires_all"":[""standard_measures"",""material_accounting""],""requires_any"":[],""progress_multiplier"":1.0}]"			unreviewed				pending
worm_dividing_heads	Worm Dividing Heads	production	D06		0	0.002			1	"[{""id"":""local"",""requires_all"":[""horizontal_milling_machines"",""gear_ratios""],""requires_any"":[],""progress_multiplier"":1.0}]"			unreviewed				pending
wound_cleaning	Wound Cleaning	health	D14		0	0.007			1	"[{""id"":""local"",""requires_all"":[],""requires_any"":[],""progress_multiplier"":1.0}]"			unreviewed				pending
wound_transformers	Wound Transformers	production	D21		0	0.0025			1	"[{""id"":""local"",""requires_all"":[""electromagnetic_induction"",""cable_insulation""],""requires_any"":[],""progress_multiplier"":1.0}]"			unreviewed				pending
woven_carriers	Woven Carriers	production	D07		90	0.007			1	"[{""id"":""local"",""requires_all"":[""cordage"",""fiber_grading""],""requires_any"":[],""progress_multiplier"":1.0}]"			unreviewed				pending
woven_dressings	Woven Dressings	production	D07		0	0.0025			1	"[{""id"":""local"",""requires_all"":[""plain_weaving"",""wound_cleaning""],""requires_any"":[],""progress_multiplier"":1.0}]"			unreviewed				pending
yarn_count_standards	Yarn-Count Standards		D07		0	0.0025			1	"[{""id"":""local"",""requires_all"":[""standard_measures"",""drop_spindles""],""requires_any"":[],""progress_multiplier"":1.0}]"			unreviewed				pending
yarn_tension_control	Yarn-Tension Control		D07		0	0.0025			1	"[{""id"":""local"",""requires_all"":[""plain_weaving"",""feedback_governors""],""requires_any"":[],""progress_multiplier"":1.0}]"			unreviewed				pending
zipper_chain_closures	Zipper Chain Closures		D07	H04	0	0.002			1	"[{""id"":""local"",""requires_all"":[""sewing_machine_mechanisms"",""dimensional_metrology""],""requires_any"":[],""progress_multiplier"":1.0}]"			unreviewed				pending
