scenario	century	facet	value	delta_vs_balanced	flag
balanced	100	population	215.57347438179463	0.0	within
balanced	100	growth_pct	1.0568940937095206	0.0	within
balanced	100	life_expectancy	28.691179349620292	0.0	within
balanced	100	infant_mortality	194.8533692698507	0.0	within
balanced	100	child_mortality_1_4	186.9331630810725	0.0	within
balanced	100	maternal_per_100k	1104.4041609037995	0.0	within
balanced	100	tfr	5.850312534804571	0.0	within
balanced	100	cbr	45.091064858718376	0.0	within
balanced	100	cdr	35.090305736008006	0.0	within
balanced	100	food_per_worker	6.749606673055776	0.0	
balanced	100	food_security	0.9798992347005312	0.0	
balanced	100	food_share	34.70000000000001	0.0	OUT OF BOUNDS
balanced	100	diet	0.8310915992918004	0.0	
balanced	100	health	0.9699999999999999	0.0	
balanced	100	labor_efficiency	0.8595910167870684	0.0	
balanced	100	cap_production	0.635511646900573	0.0	
balanced	100	craft_output	0.14103986196562532	0.0	
balanced	100	tool_quality	0.12611890034492196	0.0	
balanced	100	cap_infrastructure	0.6466479295483424	0.0	
balanced	100	housing_ratio	1.0810250909250647	0.0	
balanced	100	construction_rate	0.17142716600085284	0.0	
balanced	100	cap_logistics	0.3533154309188325	0.0	
balanced	100	trade_capacity	0.1401812341994612	0.0	
balanced	100	ecology	0.7927996417204515	0.0	
balanced	100	ground_health	0.985375307949937	0.0	
balanced	100	cap_institutions	0.7013169810332599	0.0	
balanced	100	legitimacy	0.8203462516812771	0.0	
balanced	100	state_capacity	0.13083510763019138	0.0	
balanced	100	cap_security	0.5024940741796078	0.0	
balanced	100	warfare_readiness	0.13736274126673048	0.0	
balanced	100	cap_culture	0.6171132922172146	0.0	
balanced	100	cohesion	0.48224600170934684	0.0	
balanced	100	known	331.25	0.0	
balanced	100	per_century	159.0	0.0	
balanced	100	per_50	61.016949152542374	0.0	within
balanced	100	education	0.745944386544834	0.0	
balanced	100	art_found	460.0	0.0	
balanced	100	art_studied	109.5	0.0	
balanced	100	art_bonus	0.16799999999999957	0.0	
balanced	100	allure	0.5984226584434423	0.0	
balanced	100	line_knowledge	10.25	0.0	
balanced	100	line_institutions	12.25	0.0	
balanced	100	line_culture	15.25	0.0	
balanced	100	line_labor	12.25	0.0	
balanced	100	line_production	15.25	0.0	
balanced	100	line_infrastructure	15.0	0.0	
balanced	100	line_nutrition	19.0	0.0	
balanced	100	line_health	13.0	0.0	
balanced	100	line_demography	13.0	0.0	
balanced	100	line_logistics	11.75	0.0	
balanced	100	line_ecology	12.0	0.0	
balanced	100	line_security	10.0	0.0	
balanced	200	population	599.4996747340138	0.0	within
balanced	200	growth_pct	0.8065459737393088	0.0	within
balanced	200	life_expectancy	29.860118790935175	0.0	within
balanced	200	infant_mortality	182.0662044959116	0.0	above high (allowed)
balanced	200	child_mortality_1_4	176.0426937492034	0.0	within
balanced	200	maternal_per_100k	1069.531988034462	0.0	within
balanced	200	tfr	5.814358817802109	0.0	within
balanced	200	cbr	43.91894132990254	0.0	within
balanced	200	cdr	32.56450498810421	0.0	within
balanced	200	food_per_worker	6.802467947977227	0.0	
balanced	200	food_security	0.9795426378189412	0.0	
balanced	200	food_share	34.70000000000001	0.0	OUT OF BOUNDS
balanced	200	diet	0.9001571862444288	0.0	
balanced	200	health	0.9699999999999999	0.0	
balanced	200	labor_efficiency	0.8625662424135384	0.0	
balanced	200	cap_production	0.6513057031159161	0.0	
balanced	200	craft_output	0.21983072618440802	0.0	
balanced	200	tool_quality	0.18696057663600785	0.0	
balanced	200	cap_infrastructure	0.6596467612146556	0.0	
balanced	200	housing_ratio	1.080991789966256	0.0	
balanced	200	construction_rate	0.21419187005541673	0.0	
balanced	200	cap_logistics	0.384652115205282	0.0	
balanced	200	trade_capacity	0.20738811159153325	0.0	
balanced	200	ecology	0.7926668513989558	0.0	
balanced	200	ground_health	0.9065029685052801	0.0	
balanced	200	cap_institutions	0.7344380187095689	0.0	
balanced	200	legitimacy	0.8409897206265166	0.0	
balanced	200	state_capacity	0.18712498075000641	0.0	
balanced	200	cap_security	0.5365037599188449	0.0	
balanced	200	warfare_readiness	0.21996968782467452	0.0	
balanced	200	cap_culture	0.634803504695842	0.0	
balanced	200	cohesion	0.4895293142255874	0.0	
balanced	200	known	562.0	0.0	
balanced	200	per_century	73.75	0.0	
balanced	200	per_50	28.197674418604652	0.0	below low
balanced	200	education	0.7690635771236702	0.0	
balanced	200	art_found	567.25	0.0	
balanced	200	art_studied	427.0	0.0	
balanced	200	art_bonus	0.198000000000001	0.0	
balanced	200	allure	0.6019607009391683	0.0	
balanced	200	line_knowledge	9.0	0.0	
balanced	200	line_institutions	5.0	0.0	
balanced	200	line_culture	3.25	0.0	
balanced	200	line_labor	4.5	0.0	
balanced	200	line_production	14.5	0.0	
balanced	200	line_infrastructure	4.25	0.0	
balanced	200	line_nutrition	10.25	0.0	
balanced	200	line_health	4.25	0.0	
balanced	200	line_demography	3.0	0.0	
balanced	200	line_logistics	4.0	0.0	
balanced	200	line_ecology	6.5	0.0	
balanced	200	line_security	5.25	0.0	
balanced	300	population	1495.5671502519335	0.0	within
balanced	300	growth_pct	0.581546384918713	0.0	within
balanced	300	life_expectancy	29.749432666093703	0.0	within
balanced	300	infant_mortality	182.83992690465965	0.0	within
balanced	300	child_mortality_1_4	177.17621120550308	0.0	within
balanced	300	maternal_per_100k	1050.8838891969353	0.0	within
balanced	300	tfr	5.463513144080239	0.0	within
balanced	300	cbr	47.68585566676795	0.0	ABOVE HIGH
balanced	300	cdr	37.54540081396387	0.0	within
balanced	300	food_per_worker	6.395493857863478	0.0	
balanced	300	food_security	0.9793352026244169	0.0	
balanced	300	food_share	34.70000000000001	0.0	OUT OF BOUNDS
balanced	300	diet	0.9161643352553323	0.0	
balanced	300	health	0.9699999999999999	0.0	
balanced	300	labor_efficiency	0.8759758579981557	0.0	
balanced	300	cap_production	0.6678904762603513	0.0	
balanced	300	craft_output	0.2670813934290088	0.0	
balanced	300	tool_quality	0.2194319753329636	0.0	
balanced	300	cap_infrastructure	0.6737030169889051	0.0	
balanced	300	housing_ratio	1.0885757582950906	0.0	
balanced	300	construction_rate	0.27423305440678303	0.0	
balanced	300	cap_logistics	0.42027447207863505	0.0	
balanced	300	trade_capacity	0.22904989904401532	0.0	
balanced	300	ecology	0.7926666669233015	0.0	
balanced	300	ground_health	0.8247403031691517	0.0	
balanced	300	cap_institutions	0.7524724875418812	0.0	
balanced	300	legitimacy	0.8497816256374136	0.0	
balanced	300	state_capacity	0.2247830685214766	0.0	
balanced	300	cap_security	0.558513729136464	0.0	
balanced	300	warfare_readiness	0.24686571581721076	0.0	
balanced	300	cap_culture	0.6442520360372385	0.0	
balanced	300	cohesion	0.49735146113024475	0.0	
balanced	300	known	680.5	0.0	
balanced	300	per_century	47.5	0.0	
balanced	300	per_50	23.734177215189874	0.0	below low
balanced	300	education	0.7884245096435698	0.0	
balanced	300	art_found	569.0	0.0	
balanced	300	art_studied	569.0	0.0	
balanced	300	art_bonus	0.2219625	0.0	
balanced	300	allure	0.6038504072074476	0.0	
balanced	300	line_knowledge	4.5	0.0	
balanced	300	line_institutions	4.0	0.0	
balanced	300	line_culture	4.25	0.0	
balanced	300	line_labor	1.0	0.0	
balanced	300	line_production	5.0	0.0	
balanced	300	line_infrastructure	8.5	0.0	
balanced	300	line_nutrition	5.0	0.0	
balanced	300	line_health	3.0	0.0	
balanced	300	line_demography	0.0	0.0	
balanced	300	line_logistics	6.5	0.0	
balanced	300	line_ecology	3.0	0.0	
balanced	300	line_security	2.75	0.0	
balanced	400	population	2741.449610999258	0.0	within
balanced	400	growth_pct	0.7863643018851008	0.0	within
balanced	400	life_expectancy	29.335866949068645	0.0	within
balanced	400	infant_mortality	185.03647785199192	0.0	within
balanced	400	child_mortality_1_4	180.7079839349288	0.0	within
balanced	400	maternal_per_100k	992.4625653770817	0.0	within
balanced	400	tfr	5.2104368874006735	0.0	within
balanced	400	cbr	40.71233711538987	0.0	within
balanced	400	cdr	34.00493589821661	0.0	within
balanced	400	food_per_worker	6.187646443825081	0.0	
balanced	400	food_security	0.9796915276821048	0.0	
balanced	400	food_share	34.70000000000001	0.0	ABOVE HIGH
balanced	400	diet	0.8959847062924029	0.0	
balanced	400	health	0.9699999999999999	0.0	
balanced	400	labor_efficiency	0.8824732383179676	0.0	
balanced	400	cap_production	0.6888325622308655	0.0	
balanced	400	craft_output	0.33527756043622486	0.0	
balanced	400	tool_quality	0.2933965969721555	0.0	
balanced	400	cap_infrastructure	0.6861628448337344	0.0	
balanced	400	housing_ratio	1.0830135020601899	0.0	
balanced	400	construction_rate	0.31986331003719914	0.0	
balanced	400	cap_logistics	0.44676654194427334	0.0	
balanced	400	trade_capacity	0.26590912001988337	0.0	
balanced	400	ecology	0.7925840374465929	0.0	
balanced	400	ground_health	0.7725542320162087	0.0	
balanced	400	cap_institutions	0.7672400144424667	0.0	
balanced	400	legitimacy	0.8561472832913722	0.0	
balanced	400	state_capacity	0.2640173008472135	0.0	
balanced	400	cap_security	0.5768347126378257	0.0	
balanced	400	warfare_readiness	0.286170980553639	0.0	
balanced	400	cap_culture	0.6519207281603576	0.0	
balanced	400	cohesion	0.5025383835431962	0.0	
balanced	400	known	796.0	0.0	
balanced	400	per_century	57.5	0.0	
balanced	400	per_50	28.525641025641026	0.0	below low
balanced	400	education	0.8040102906748336	0.0	
balanced	400	art_found	569.0	0.0	
balanced	400	art_studied	569.0	0.0	
balanced	400	art_bonus	0.24872499999999997	0.0	
balanced	400	allure	0.6053841456320714	0.0	
balanced	400	line_knowledge	5.25	0.0	
balanced	400	line_institutions	4.0	0.0	
balanced	400	line_culture	7.5	0.0	
balanced	400	line_labor	6.75	0.0	
balanced	400	line_production	4.5	0.0	
balanced	400	line_infrastructure	10.25	0.0	
balanced	400	line_nutrition	5.25	0.0	
balanced	400	line_health	2.75	0.0	
balanced	400	line_demography	1.25	0.0	
balanced	400	line_logistics	5.0	0.0	
balanced	400	line_ecology	1.0	0.0	
balanced	400	line_security	4.0	0.0	
balanced	500	population	3615.299103940898	0.0	within
balanced	500	growth_pct	0.47767100534218676	0.0	within
balanced	500	life_expectancy	29.153447044929948	0.0	within
balanced	500	infant_mortality	186.68296827243097	0.0	within
balanced	500	child_mortality_1_4	182.48934932368036	0.0	within
balanced	500	maternal_per_100k	975.4948337679447	0.0	within
balanced	500	tfr	4.832488344713444	0.0	within
balanced	500	cbr	39.62369345465103	0.0	within
balanced	500	cdr	35.949947363070876	0.0	within
balanced	500	food_per_worker	6.104350674467265	0.0	
balanced	500	food_security	0.9785944037540868	0.0	
balanced	500	food_share	34.70000000000001	0.0	ABOVE HIGH
balanced	500	diet	0.886246785955238	0.0	
balanced	500	health	0.9699999999999999	0.0	
balanced	500	labor_efficiency	0.8831370456953543	0.0	
balanced	500	cap_production	0.7016004089324575	0.0	
balanced	500	craft_output	0.37158052958963544	0.0	
balanced	500	tool_quality	0.3080424257177762	0.0	
balanced	500	cap_infrastructure	0.7016961477055966	0.0	
balanced	500	housing_ratio	1.09995977834717	0.0	
balanced	500	construction_rate	0.3770858412474119	0.0	
balanced	500	cap_logistics	0.47774514422464764	0.0	
balanced	500	trade_capacity	0.31428804973890745	0.0	
balanced	500	ecology	0.7926665518760907	0.0	
balanced	500	ground_health	0.7649049314788653	0.0	
balanced	500	cap_institutions	0.7832390660869678	0.0	
balanced	500	legitimacy	0.8598137045880796	0.0	
balanced	500	state_capacity	0.312599697958698	0.0	
balanced	500	cap_security	0.5982662839533949	0.0	
balanced	500	warfare_readiness	0.32430189896696915	0.0	
balanced	500	cap_culture	0.6568870539351479	0.0	
balanced	500	cohesion	0.5080171560774065	0.0	
balanced	500	known	887.5	0.0	
balanced	500	per_century	46.5	0.0	
balanced	500	per_50	37.301587301587304	0.0	within
balanced	500	education	0.8227499474085246	0.0	
balanced	500	art_found	569.0	0.0	
balanced	500	art_studied	569.0	0.0	
balanced	500	art_bonus	0.2712	0.0	
balanced	500	allure	0.6063774107870296	0.0	
balanced	500	line_knowledge	7.0	0.0	
balanced	500	line_institutions	4.75	0.0	
balanced	500	line_culture	2.5	0.0	
balanced	500	line_labor	3.0	0.0	
balanced	500	line_production	4.25	0.0	
balanced	500	line_infrastructure	8.0	0.0	
balanced	500	line_nutrition	2.25	0.0	
balanced	500	line_health	3.0	0.0	
balanced	500	line_demography	1.0	0.0	
balanced	500	line_logistics	2.0	0.0	
balanced	500	line_ecology	5.25	0.0	
balanced	500	line_security	3.5	0.0	
balanced	600	population	5053.942754547602	0.0	within
balanced	600	growth_pct	0.4460274986737678	0.0	within
balanced	600	life_expectancy	29.373167401191083	0.0	within
balanced	600	infant_mortality	184.80272505216413	0.0	within
balanced	600	child_mortality_1_4	181.11570910365003	0.0	within
balanced	600	maternal_per_100k	958.9692035383014	0.0	within
balanced	600	tfr	4.783783077090221	0.0	within
balanced	600	cbr	38.14058965377869	0.0	within
balanced	600	cdr	35.18554592036949	0.0	within
balanced	600	food_per_worker	5.907889210951007	0.0	
balanced	600	food_security	0.9778126648466586	0.0	
balanced	600	food_share	34.70000000000001	0.0	ABOVE HIGH
balanced	600	diet	0.861693286882691	0.0	
balanced	600	health	0.9699999999999999	0.0	
balanced	600	labor_efficiency	0.8893688099576598	0.0	
balanced	600	cap_production	0.705798667657733	0.0	
balanced	600	craft_output	0.4284	0.0	
balanced	600	tool_quality	0.3083999850447233	0.0	
balanced	600	cap_infrastructure	0.7169452480785712	0.0	
balanced	600	housing_ratio	1.08791533675619	0.0	
balanced	600	construction_rate	0.4284	0.0	
balanced	600	cap_logistics	0.48468659339972564	0.0	
balanced	600	trade_capacity	0.34397244916001907	0.0	
balanced	600	ecology	0.792666666507212	0.0	
balanced	600	ground_health	0.7471949528153604	0.0	
balanced	600	cap_institutions	0.7877696056577819	0.0	
balanced	600	legitimacy	0.8611706932306749	0.0	
balanced	600	state_capacity	0.3334999395576327	0.0	
balanced	600	cap_security	0.6241368037204299	0.0	
balanced	600	warfare_readiness	0.39661893942555687	0.0	
balanced	600	cap_culture	0.6593619475099981	0.0	
balanced	600	cohesion	0.50696393512072	0.0	
balanced	600	known	956.25	0.0	
balanced	600	per_century	29.25	0.0	
balanced	600	per_50	28.07017543859649	0.0	below low
balanced	600	education	0.8348374668944495	0.0	
balanced	600	art_found	569.0	0.0	
balanced	600	art_studied	569.0	0.0	
balanced	600	art_bonus	0.28559999999999997	0.0	
balanced	600	allure	0.6068723895019996	0.0	
balanced	600	line_knowledge	4.0	0.0	
balanced	600	line_institutions	0.5	0.0	
balanced	600	line_culture	3.5	0.0	
balanced	600	line_labor	1.0	0.0	
balanced	600	line_production	5.25	0.0	
balanced	600	line_infrastructure	2.0	0.0	
balanced	600	line_nutrition	1.0	0.0	
balanced	600	line_health	2.0	0.0	
balanced	600	line_demography	1.75	0.0	
balanced	600	line_logistics	2.5	0.0	
balanced	600	line_ecology	2.25	0.0	
balanced	600	line_security	3.5	0.0	
poor	100	population	73.29409822942574	-142.27937615236888	within
poor	100	growth_pct	0.8945679055704203	-0.16232618813910027	within
poor	100	life_expectancy	24.7941001954231	-3.8970791541971934	within
poor	100	infant_mortality	265.06366036285107	70.21029109300036	within
poor	100	child_mortality_1_4	222.2595217242259	35.326358643153384	within
poor	100	maternal_per_100k	2580.322296422917	1475.9181355191176	below low
poor	100	tfr	4.054003204088666	-1.7963093307159053	below low
poor	100	cbr	55.61653757299897	10.525472714280596	OUT OF BOUNDS
poor	100	cdr	194.22955986825843	159.13925413225041	OUT OF BOUNDS
poor	100	food_per_worker	2.2256180492087907	-4.523988623846986	
poor	100	food_security	0.6877942285783251	-0.29210500612220613	
poor	100	food_share	74.38141882109808	39.68141882109807	below low
poor	100	diet	0.7167159204756016	-0.11437567881619881	
poor	100	health	0.8487965247889462	-0.12120347521105368	
poor	100	labor_efficiency	0.8015913762027759	-0.05799964058429252	
poor	100	cap_production	0.5614783507478944	-0.07403329615267862	
poor	100	craft_output	0.13420158568955928	-0.006838276276066035	
poor	100	tool_quality	0.12198469881640285	-0.0041342015285191075	
poor	100	cap_infrastructure	0.5990510085421522	-0.047596921006190174	
poor	100	housing_ratio	1.12	0.03897490907493539	
poor	100	construction_rate	0.12134696496964766	-0.05008020103120518	
poor	100	cap_logistics	0.2864414278226189	-0.06687400309621361	
poor	100	trade_capacity	0.06371136522553103	-0.07646986897393018	
poor	100	ecology	0.04	-0.7527996417204514	
poor	100	ground_health	0.8832867861509311	-0.10208852179900585	
poor	100	cap_institutions	0.5160782100906752	-0.18523877094258467	
poor	100	legitimacy	0.5695869346115415	-0.25075931706973553	
poor	100	state_capacity	0.07515801856965865	-0.05567708906053273	
poor	100	cap_security	0.32908456191816826	-0.17340951226143952	
poor	100	warfare_readiness	0.13480075370344866	-0.0025619875632818256	
poor	100	cap_culture	0.3732287570053333	-0.24388453521188125	
poor	100	cohesion	0.23866005773681642	-0.24358594397253042	
poor	100	known	135.75	-195.5	
poor	100	per_century	54.75	-104.25	
poor	100	per_50	17.372881355932204	-43.64406779661017	OUT OF BOUNDS
poor	100	education	0.7348573177862252	-0.011087068758608765	
poor	100	art_found	20.25	-439.75	
poor	100	art_studied	20.25	-89.25	
poor	100	art_bonus	0.16687152272727274	-0.00112847727272683	
poor	100	allure	0.5471842596669132	-0.05123839877652914	
poor	100	line_knowledge	7.0	-3.25	
poor	100	line_institutions	4.5	-7.75	
poor	100	line_culture	3.5	-11.75	
poor	100	line_labor	7.25	-5.0	
poor	100	line_production	14.0	-1.25	
poor	100	line_infrastructure	4.75	-10.25	
poor	100	line_nutrition	1.75	-17.25	
poor	100	line_health	0.0	-13.0	
poor	100	line_demography	0.0	-13.0	
poor	100	line_logistics	4.0	-7.75	
poor	100	line_ecology	0.25	-11.75	
poor	100	line_security	7.75	-2.25	
poor	200	population	73.80066794352359	-525.6990067904901	within
poor	200	growth_pct	0.06156003805100341	-0.7449859356883054	within
poor	200	life_expectancy	24.943611650550302	-4.916507140384873	within
poor	200	infant_mortality	260.9385246064544	78.8723201105428	within
poor	200	child_mortality_1_4	220.6627768975625	44.6200831483591	within
poor	200	maternal_per_100k	2326.2251334927796	1256.6931454583175	below low
poor	200	tfr	4.740627717077818	-1.0737311007242907	within
poor	200	cbr	42.651609166550614	-1.2673321633519237	within
poor	200	cdr	77.38446350441744	44.81995851631323	OUT OF BOUNDS
poor	200	food_per_worker	2.5076933648477615	-4.294774583129466	
poor	200	food_security	0.6899062405784727	-0.2896363972404685	
poor	200	food_share	67.97616425293566	33.27616425293565	within
poor	200	diet	0.7391878935769634	-0.1609692926674654	
poor	200	health	0.8529671647305341	-0.11703283526946573	
poor	200	labor_efficiency	0.8179038874334414	-0.04466235498009696	
poor	200	cap_production	0.5849148770917585	-0.06639082602415758	
poor	200	craft_output	0.1624313977299895	-0.05739932845441853	
poor	200	tool_quality	0.15117974367963383	-0.03578083295637402	
poor	200	cap_infrastructure	0.604313480536232	-0.05533328067842358	
poor	200	housing_ratio	1.12	0.039008210033744106	
poor	200	construction_rate	0.13863727552365568	-0.07555459453176105	
poor	200	cap_logistics	0.3209671861919095	-0.06368492901337247	
poor	200	trade_capacity	0.08040077129939636	-0.12698734029213687	
poor	200	ecology	0.04	-0.7526668513989557	
poor	200	ground_health	0.9008852800857973	-0.005617688419482847	
poor	200	cap_institutions	0.543703857363941	-0.19073416134562793	
poor	200	legitimacy	0.586315194293974	-0.2546745263325425	
poor	200	state_capacity	0.09844844037055386	-0.08867654037945255	
poor	200	cap_security	0.36002922859971187	-0.17647453131913304	
poor	200	warfare_readiness	0.15843112413034824	-0.06153856369432628	
poor	200	cap_culture	0.3954738203016802	-0.2393296843941618	
poor	200	cohesion	0.25929927956614807	-0.2302300346594393	
poor	200	known	203.0	-359.0	
poor	200	per_century	25.25	-48.5	
poor	200	per_50	6.686046511627907	-21.511627906976745	OUT OF BOUNDS
poor	200	education	0.7435770129033771	-0.025486564220293162	
poor	200	art_found	36.25	-531.0	
poor	200	art_studied	34.75	-392.25	
poor	200	art_bonus	0.18898380681818186	-0.009016193181819149	
poor	200	allure	0.5536853966561188	-0.04827530428304949	
poor	200	line_knowledge	3.25	-5.75	
poor	200	line_institutions	3.25	-1.75	
poor	200	line_culture	3.75	0.5	
poor	200	line_labor	4.5	0.0	
poor	200	line_production	4.25	-10.25	
poor	200	line_infrastructure	2.0	-2.25	
poor	200	line_nutrition	0.0	-10.25	
poor	200	line_health	0.0	-4.25	
poor	200	line_demography	1.0	-2.0	
poor	200	line_logistics	0.75	-3.25	
poor	200	line_ecology	0.5	-6.0	
poor	200	line_security	2.0	-3.25	
poor	300	population	69.31165313312287	-1426.2554971188106	below low
poor	300	growth_pct	0.32455158705838316	-0.25699479786032986	within
poor	300	life_expectancy	25.086719217893595	-4.662713448200108	within
poor	300	infant_mortality	258.3379585183461	75.49803161368646	within
poor	300	child_mortality_1_4	220.18793741590915	43.01172621040607	within
poor	300	maternal_per_100k	2227.1815163237675	1176.2976271268321	below low
poor	300	tfr	5.65296112277139	0.1894479786911507	within
poor	300	cbr	45.18960210702211	-2.4962535597458384	within
poor	300	cdr	43.21495768768899	5.669556873725114	within
poor	300	food_per_worker	2.997420557787234	-3.398073300076244	
poor	300	food_security	0.778622755132316	-0.20071244749210082	
poor	300	food_share	61.7513352013353	27.05133520133529	within
poor	300	diet	0.7601978090005155	-0.15596652625481677	
poor	300	health	0.8964409634602386	-0.07355903653976126	
poor	300	labor_efficiency	0.8249318016664111	-0.05104405633174458	
poor	300	cap_production	0.5928403284229964	-0.07505014783735486	
poor	300	craft_output	0.18463800280562276	-0.08244339062338601	
poor	300	tool_quality	0.16671840274581617	-0.05271357258714743	
poor	300	cap_infrastructure	0.6068875856723448	-0.06681543131656031	
poor	300	housing_ratio	1.12	0.03142424170490954	
poor	300	construction_rate	0.14441641656922555	-0.12981663783755748	
poor	300	cap_logistics	0.32446437586395416	-0.0958100962146809	
poor	300	trade_capacity	0.08484257778125862	-0.1442073212627567	
poor	300	ecology	0.04	-0.7526666669233014	
poor	300	ground_health	0.9436091322293303	0.1188688290601786	
poor	300	cap_institutions	0.5792907140868633	-0.17318177345501795	
poor	300	legitimacy	0.6533059126204372	-0.1964757130169763	
poor	300	state_capacity	0.11245116646341827	-0.11233190205805832	
poor	300	cap_security	0.398118405227772	-0.16039532390869204	
poor	300	warfare_readiness	0.19850917781887897	-0.04835653799833178	
poor	300	cap_culture	0.4395048837883943	-0.20474715224884416	
poor	300	cohesion	0.3034833156704119	-0.19386814545983283	
poor	300	known	239.0	-441.5	
poor	300	per_century	17.25	-30.25	
poor	300	per_50	2.5316455696202533	-21.20253164556962	OUT OF BOUNDS
poor	300	education	0.7485985776929032	-0.03982593195066664	
poor	300	art_found	204.25	-364.75	
poor	300	art_studied	66.5	-502.5	
poor	300	art_bonus	0.2027352272727273	-0.019227272727272704	
poor	300	allure	0.5629006078528392	-0.04094979935460841	
poor	300	line_knowledge	2.25	-2.25	
poor	300	line_institutions	3.75	-0.25	
poor	300	line_culture	1.5	-2.75	
poor	300	line_labor	2.0	1.0	
poor	300	line_production	2.0	-3.0	
poor	300	line_infrastructure	1.5	-7.0	
poor	300	line_nutrition	0.5	-4.5	
poor	300	line_health	0.0	-3.0	
poor	300	line_demography	0.25	0.25	
poor	300	line_logistics	1.5	-5.0	
poor	300	line_ecology	0.0	-3.0	
poor	300	line_security	2.0	-0.75	
poor	400	population	62.43708372805147	-2679.012527271206	below low
poor	400	growth_pct	-0.33223154919935494	-1.1185958510844558	below low
poor	400	life_expectancy	25.07192006302845	-4.263946886040195	within
poor	400	infant_mortality	258.3048875853316	73.26840973333967	within
poor	400	child_mortality_1_4	220.26491039830475	39.55692646337596	within
poor	400	maternal_per_100k	2272.2640221198535	1279.8014567427717	below low
poor	400	tfr	5.61322456950093	0.4027876821002563	within
poor	400	cbr	47.037336927110694	6.324999811720822	ABOVE HIGH
poor	400	cdr	46.34432090944801	12.3393850112314	below low
poor	400	food_per_worker	2.918972450861853	-3.268673992963228	
poor	400	food_security	0.7689105497561954	-0.21078097792590933	
poor	400	food_share	62.00100335818465	27.301003358184637	within
poor	400	diet	0.7569179753459707	-0.13906673094643218	
poor	400	health	0.891448939492157	-0.07855106050784288	
poor	400	labor_efficiency	0.8183863138931644	-0.06408692442480324	
poor	400	cap_production	0.5936591923579838	-0.09517336987288172	
poor	400	craft_output	0.18715569527206916	-0.1481218651641557	
poor	400	tool_quality	0.17583480478404356	-0.11756179218811191	
poor	400	cap_infrastructure	0.6067098297676528	-0.0794530150660816	
poor	400	housing_ratio	1.12	0.03698649793981024	
poor	400	construction_rate	0.14498360558801174	-0.1748797044491874	
poor	400	cap_logistics	0.3208687972147886	-0.12589774472948473	
poor	400	trade_capacity	0.08990263027492702	-0.17600648974495636	
poor	400	ecology	0.04	-0.7525840374465929	
poor	400	ground_health	0.9502622924287343	0.17770806041252563	
poor	400	cap_institutions	0.5837629756684676	-0.18347703877399912	
poor	400	legitimacy	0.6424642603888486	-0.2136830229025236	
poor	400	state_capacity	0.1261061075998937	-0.13791119324731976	
poor	400	cap_security	0.3913170015072042	-0.1855177111306215	
poor	400	warfare_readiness	0.20753757579685797	-0.07863340475678102	
poor	400	cap_culture	0.43611004610283843	-0.2158106820575192	
poor	400	cohesion	0.2955692453133565	-0.20696913822983976	
poor	400	known	266.75	-529.25	
poor	400	per_century	12.0	-45.5	
poor	400	per_50	0.0	-28.525641025641026	OUT OF BOUNDS
poor	400	education	0.7520625668251126	-0.05194772384972102	
poor	400	art_found	367.0	-202.0	
poor	400	art_studied	116.5	-452.5	
poor	400	art_bonus	0.21310772727272728	-0.03561727272727269	
poor	400	allure	0.5622220092205601	-0.04316213641151134	
poor	400	line_knowledge	1.75	-3.5	
poor	400	line_institutions	1.75	-2.25	
poor	400	line_culture	2.5	-5.0	
poor	400	line_labor	1.25	-5.5	
poor	400	line_production	2.0	-2.5	
poor	400	line_infrastructure	0.5	-9.75	
poor	400	line_nutrition	0.5	-4.75	
poor	400	line_health	0.0	-2.75	
poor	400	line_demography	0.5	-0.75	
poor	400	line_logistics	0.75	-4.25	
poor	400	line_ecology	0.0	-1.0	
poor	400	line_security	0.5	-3.5	
poor	500	population	74.45979084780129	-3540.8393130930967	below low
poor	500	growth_pct	-0.0635621019041327	-0.5412331072463195	within
poor	500	life_expectancy	25.174692807814793	-3.9787542371151545	within
poor	500	infant_mortality	259.44541219072437	72.7624439182934	within
poor	500	child_mortality_1_4	219.2472203139573	36.757870990276956	within
poor	500	maternal_per_100k	2257.072638796925	1281.57780502898	below low
poor	500	tfr	5.727917844243292	0.8954294995298477	within
poor	500	cbr	50.297054589029756	10.673361134378723	ABOVE HIGH
poor	500	cdr	46.67860426457635	10.728656901505474	below low
poor	500	food_per_worker	2.931047919913512	-3.1733027545537533	
poor	500	food_security	0.772956760720541	-0.2056376430335458	
poor	500	food_share	67.504375	32.804374999999986	within
poor	500	diet	0.761207696170307	-0.12503908978493095	
poor	500	health	0.8887399813815471	-0.08126001861845278	
poor	500	labor_efficiency	0.8186123602721973	-0.06452468542315704	
poor	500	cap_production	0.5812469773785369	-0.12035343155392053	
poor	500	craft_output	0.19447764485187366	-0.17710288473776178	
poor	500	tool_quality	0.1866306029184786	-0.12141182279929758	
poor	500	cap_infrastructure	0.6081513636845628	-0.09354478402103383	
poor	500	housing_ratio	1.12	0.020040221652830148	
poor	500	construction_rate	0.15028342192961017	-0.22680241931780173	
poor	500	cap_logistics	0.3043791661624746	-0.17336597806217302	
poor	500	trade_capacity	0.09818433342191996	-0.2161037163169875	
poor	500	ecology	0.04	-0.7526665518760907	
poor	500	ground_health	0.9311962739181778	0.16629134243931254	
poor	500	cap_institutions	0.571145584018679	-0.21209348206828882	
poor	500	legitimacy	0.6352346474361964	-0.2245790571518832	
poor	500	state_capacity	0.13588021111798787	-0.17671948684071015	
poor	500	cap_security	0.3766978601010995	-0.22156842385229536	
poor	500	warfare_readiness	0.2134044877014669	-0.11089741126550226	
poor	500	cap_culture	0.42864894626838135	-0.22823810766676655	
poor	500	cohesion	0.2811186631238918	-0.22689849295351472	
poor	500	known	283.0	-604.5	
poor	500	per_century	10.5	-36.0	
poor	500	per_50	0.0	-37.301587301587304	OUT OF BOUNDS
poor	500	education	0.7558278103867153	-0.06692213702180927	
poor	500	art_found	436.0	-133.0	
poor	500	art_studied	173.5	-395.5	
poor	500	art_bonus	0.22265514204545456	-0.04854485795454544	
poor	500	allure	0.5607297892536762	-0.04564762153335333	
poor	500	line_knowledge	1.75	-5.25	
poor	500	line_institutions	1.75	-3.0	
poor	500	line_culture	0.25	-2.25	
poor	500	line_labor	0.0	-3.0	
poor	500	line_production	2.0	-2.25	
poor	500	line_infrastructure	1.5	-6.5	
poor	500	line_nutrition	0.0	-2.25	
poor	500	line_health	0.0	-3.0	
poor	500	line_demography	0.75	-0.25	
poor	500	line_logistics	1.5	-0.5	
poor	500	line_ecology	0.0	-5.25	
poor	500	line_security	1.0	-2.5	
poor	600	population	91.37197355742425	-4962.570780990178	below low
poor	600	growth_pct	0.24953513448470188	-0.1964923641890659	within
poor	600	life_expectancy	25.20545670291333	-4.167710698277752	within
poor	600	infant_mortality	259.8740300324504	75.07130498028624	within
poor	600	child_mortality_1_4	218.6483557929086	37.53264668925857	within
poor	600	maternal_per_100k	2278.421542490649	1319.4523389523474	below low
poor	600	tfr	5.6843825676537225	0.9005994905635015	within
poor	600	cbr	47.66583773847459	9.525248084695903	ABOVE HIGH
poor	600	cdr	45.069866875605314	9.884320955235822	below low
poor	600	food_per_worker	2.5825808487883446	-3.3253083621626622	
poor	600	food_security	0.7311680356293281	-0.24664462921733055	
poor	600	food_share	69.95	35.24999999999999	below low
poor	600	diet	0.7726813497349596	-0.08901193714773137	
poor	600	health	0.8759313066440937	-0.09406869335590617	
poor	600	labor_efficiency	0.8081681684176333	-0.08120064154002649	
poor	600	cap_production	0.579644801950173	-0.12615386570756004	
poor	600	craft_output	0.20223660480540212	-0.22616339519459788	
poor	600	tool_quality	0.18765212023559402	-0.1207478648091293	
poor	600	cap_infrastructure	0.608982030854438	-0.10796321722413316	
poor	600	housing_ratio	1.12	0.032084663243810096	
poor	600	construction_rate	0.15241054616557503	-0.27598945383442497	
poor	600	cap_logistics	0.3059426580588364	-0.17874393534088923	
poor	600	trade_capacity	0.10939619175158952	-0.23457625740842955	
poor	600	ecology	0.04	-0.7526666665072119	
poor	600	ground_health	0.9087934758901999	0.16159852307483946	
poor	600	cap_institutions	0.5699647643160144	-0.21780484134176747	
poor	600	legitimacy	0.6303647876663103	-0.23080590556436453	
poor	600	state_capacity	0.14957376352863735	-0.18392617602899533	
poor	600	cap_security	0.37518412633460774	-0.24895267738582216	
poor	600	warfare_readiness	0.21539599018615319	-0.18122294923940369	
poor	600	cap_culture	0.4247500665183776	-0.2346118809916205	
poor	600	cohesion	0.2741870210856694	-0.23277691403505063	
poor	600	known	302.25	-654.0	
poor	600	per_century	7.25	-22.0	
poor	600	per_50	0.0	-28.07017543859649	OUT OF BOUNDS
poor	600	education	0.7582940212895546	-0.0765434456048949	
poor	600	art_found	458.5	-110.5	
poor	600	art_studied	232.25	-336.75	
poor	600	art_bonus	0.2286664772727273	-0.05693352272727267	
poor	600	allure	0.5599500133036756	-0.04692237619832407	
poor	600	line_knowledge	1.25	-2.75	
poor	600	line_institutions	2.0	1.5	
poor	600	line_culture	0.0	-3.5	
poor	600	line_labor	1.0	0.0	
poor	600	line_production	0.75	-4.5	
poor	600	line_infrastructure	1.0	-1.0	
poor	600	line_nutrition	0.0	-1.0	
poor	600	line_health	0.0	-2.0	
poor	600	line_demography	0.25	-1.5	
poor	600	line_logistics	0.75	-1.75	
poor	600	line_ecology	0.0	-2.25	
poor	600	line_security	0.25	-3.25	
max_knowledge	100	population	116.78013957761611	-98.79333480417851	within
max_knowledge	100	growth_pct	0.18387581596401303	-0.8730182777455076	within
max_knowledge	100	life_expectancy	23.755978219858516	-4.935201129761776	within
max_knowledge	100	infant_mortality	262.0753004064827	67.22193113663201	within
max_knowledge	100	child_mortality_1_4	234.58145614090645	47.64829305983395	within
max_knowledge	100	maternal_per_100k	1601.0683841653706	496.6642232615711	within
max_knowledge	100	tfr	5.726473043702088	-0.12383949110248338	within
max_knowledge	100	cbr	46.63015708759932	1.5390922288809463	within
max_knowledge	100	cdr	43.47091221000127	8.380606473993268	within
max_knowledge	100	food_per_worker	5.499790643612627	-1.2498160294431493	
max_knowledge	100	food_security	0.8574523419651408	-0.12244689273539044	
max_knowledge	100	food_share	36.11961288248309	1.4196128824830794	OUT OF BOUNDS
max_knowledge	100	diet	0.7186253814449162	-0.11246621784688426	
max_knowledge	100	health	0.9291813812003031	-0.040818618799696726	
max_knowledge	100	labor_efficiency	0.8304578132411046	-0.029133203545963826	
max_knowledge	100	cap_production	0.609368830078693	-0.02614281682188002	
max_knowledge	100	craft_output	0.04771324662643066	-0.09332661533919466	
max_knowledge	100	tool_quality	0.08353055132123793	-0.042588349023684025	
max_knowledge	100	cap_infrastructure	0.5819282005029296	-0.06471972904541279	
max_knowledge	100	housing_ratio	1.12	0.03897490907493539	
max_knowledge	100	construction_rate	0.05515666946071933	-0.11627049654013351	
max_knowledge	100	cap_logistics	0.32224252999230873	-0.03107290092652376	
max_knowledge	100	trade_capacity	0.06027731324049262	-0.07990392095896859	
max_knowledge	100	ecology	0.7949173775538916	0.002117735833440104	
max_knowledge	100	ground_health	0.9977040997402066	0.012328791790269578	
max_knowledge	100	cap_institutions	0.6559113172597955	-0.045405663773464444	
max_knowledge	100	legitimacy	0.7553229389994973	-0.06502331268177974	
max_knowledge	100	state_capacity	0.05293299547227939	-0.07790211215791198	
max_knowledge	100	cap_security	0.4486674323079722	-0.053826641871635605	
max_knowledge	100	warfare_readiness	0.04236865549195852	-0.09499408577477196	
max_knowledge	100	cap_culture	0.4488930570350219	-0.16822023518219265	
max_knowledge	100	cohesion	0.42722173680890274	-0.0550242649004441	
max_knowledge	100	known	53.25	-278.0	
max_knowledge	100	per_century	16.0	-143.0	
max_knowledge	100	per_50	3.389830508474576	-57.6271186440678	OUT OF BOUNDS
max_knowledge	100	education	0.7226396897695638	-0.02330469677527014	
max_knowledge	100	art_found	375.25	-84.75	
max_knowledge	100	art_studied	158.25	48.75	
max_knowledge	100	art_bonus	0.22679999999999942	0.05879999999999985	
max_knowledge	100	allure	0.5647786114070044	-0.033644047036437974	
max_knowledge	100	line_knowledge	8.0	-2.25	
max_knowledge	100	line_institutions	2.0	-10.25	
max_knowledge	100	line_culture	0.0	-15.25	
max_knowledge	100	line_labor	4.0	-8.25	
max_knowledge	100	line_production	1.0	-14.25	
max_knowledge	100	line_infrastructure	1.0	-14.0	
max_knowledge	100	line_nutrition	0.0	-19.0	
max_knowledge	100	line_health	0.0	-13.0	
max_knowledge	100	line_demography	0.0	-13.0	
max_knowledge	100	line_logistics	0.0	-11.75	
max_knowledge	100	line_ecology	0.0	-12.0	
max_knowledge	100	line_security	0.0	-10.0	
max_knowledge	200	population	178.55869444663097	-420.9409802873828	within
max_knowledge	200	growth_pct	0.44572117196555183	-0.360824801773757	within
max_knowledge	200	life_expectancy	24.2792640792045	-5.580854711730677	within
max_knowledge	200	infant_mortality	255.6313634722864	73.56515897637482	within
max_knowledge	200	child_mortality_1_4	228.7181284754312	52.67543472622779	within
max_knowledge	200	maternal_per_100k	1601.0283677544492	531.4963797199871	within
max_knowledge	200	tfr	5.95553256836872	0.14117375056661086	within
max_knowledge	200	cbr	48.38320235388694	4.464261023984399	ABOVE HIGH
max_knowledge	200	cdr	43.255418267986734	10.690913279882523	within
max_knowledge	200	food_per_worker	5.196698351374333	-1.6057695966028946	
max_knowledge	200	food_security	0.8194979214018582	-0.16004471641708307	
max_knowledge	200	food_share	37.54105877356953	2.8410587735695216	ABOVE HIGH
max_knowledge	200	diet	0.7219898801681617	-0.17816730607626707	
max_knowledge	200	health	0.9170079033267264	-0.052992096673273426	
max_knowledge	200	labor_efficiency	0.8157600511396318	-0.04680619127390662	
max_knowledge	200	cap_production	0.6061939525631046	-0.04511175055281147	
max_knowledge	200	craft_output	0.048053001705035556	-0.17177772447937245	
max_knowledge	200	tool_quality	0.08763314456658379	-0.09932743206942406	
max_knowledge	200	cap_infrastructure	0.5844022779376756	-0.07524448327697997	
max_knowledge	200	housing_ratio	1.0926202281199116	0.011628438153655551	
max_knowledge	200	construction_rate	0.05562237441392392	-0.1585694956414928	
max_knowledge	200	cap_logistics	0.32088678572825013	-0.06376532947703184	
max_knowledge	200	trade_capacity	0.12257776720482344	-0.08481034438670981	
max_knowledge	200	ecology	0.7972381261620789	0.004571274763123134	
max_knowledge	200	ground_health	0.9786622672523664	0.07215929874708626	
max_knowledge	200	cap_institutions	0.6498679172757051	-0.08457010143386379	
max_knowledge	200	legitimacy	0.7340852061105853	-0.1069045145159313	
max_knowledge	200	state_capacity	0.06427129769553303	-0.12285368305447339	
max_knowledge	200	cap_security	0.440547898734045	-0.09595586118479993	
max_knowledge	200	warfare_readiness	0.043093964681605534	-0.17687572314306899	
max_knowledge	200	cap_culture	0.44013188381483914	-0.19467162088100287	
max_knowledge	200	cohesion	0.4072643108135422	-0.08226500341204518	
max_knowledge	200	known	77.25	-484.75	
max_knowledge	200	per_century	15.5	-58.25	
max_knowledge	200	per_50	2.9069767441860463	-25.290697674418606	OUT OF BOUNDS
max_knowledge	200	education	0.7261948090118715	-0.04286876811179874	
max_knowledge	200	art_found	492.5	-74.75	
max_knowledge	200	art_studied	375.25	-51.75	
max_knowledge	200	art_bonus	0.26730000000000004	0.06929999999999903	
max_knowledge	200	allure	0.5630263767629677	-0.038934324176200574	
max_knowledge	200	line_knowledge	7.0	-2.0	
max_knowledge	200	line_institutions	2.0	-3.0	
max_knowledge	200	line_culture	0.0	-3.25	
max_knowledge	200	line_labor	0.0	-4.5	
max_knowledge	200	line_production	0.5	-14.0	
max_knowledge	200	line_infrastructure	1.0	-3.25	
max_knowledge	200	line_nutrition	0.0	-10.25	
max_knowledge	200	line_health	0.0	-4.25	
max_knowledge	200	line_demography	1.0	-2.0	
max_knowledge	200	line_logistics	4.0	0.0	
max_knowledge	200	line_ecology	0.0	-6.5	
max_knowledge	200	line_security	0.0	-5.25	
max_knowledge	300	population	235.19683102486846	-1260.370319227065	within
max_knowledge	300	growth_pct	0.47964206629075856	-0.10190431862795446	within
max_knowledge	300	life_expectancy	24.523953365352348	-5.225479300741355	within
max_knowledge	300	infant_mortality	253.28524994354012	70.44532303888047	within
max_knowledge	300	child_mortality_1_4	226.44421519006576	49.26800398456268	within
max_knowledge	300	maternal_per_100k	1587.022225549843	536.1383363529076	within
max_knowledge	300	tfr	6.077263517770813	0.6137503736905741	within
max_knowledge	300	cbr	48.1845066555663	0.498650988798353	ABOVE HIGH
max_knowledge	300	cdr	41.869349363403394	4.323948549439521	within
max_knowledge	300	food_per_worker	5.248261310082668	-1.1472325477808099	
max_knowledge	300	food_security	0.8311787324636835	-0.1481564701607334	
max_knowledge	300	food_share	37.18133270407075	2.481332704070738	ABOVE HIGH
max_knowledge	300	diet	0.7412515546884463	-0.17491278056688597	
max_knowledge	300	health	0.922056348244001	-0.047943651755998906	
max_knowledge	300	labor_efficiency	0.8227354902626663	-0.05324036773548935	
max_knowledge	300	cap_production	0.6119690787092984	-0.055921397551052854	
max_knowledge	300	craft_output	0.0708739894421524	-0.19620740398685638	
max_knowledge	300	tool_quality	0.08885912574496752	-0.1305728495879961	
max_knowledge	300	cap_infrastructure	0.5890226616454095	-0.0846803553434956	
max_knowledge	300	housing_ratio	1.0825172425499487	-0.006058515745141824	
max_knowledge	300	construction_rate	0.06403195000348225	-0.21020110440330078	
max_knowledge	300	cap_logistics	0.3199169591628137	-0.10035751291582135	
max_knowledge	300	trade_capacity	0.12596342457061535	-0.10308647447339997	
max_knowledge	300	ecology	0.7992164696186027	0.0065498026953012545	
max_knowledge	300	ground_health	0.963477286146743	0.1387369829775913	
max_knowledge	300	cap_institutions	0.6631909962765573	-0.08928149126532392	
max_knowledge	300	legitimacy	0.7459690899347853	-0.10381253570262827	
max_knowledge	300	state_capacity	0.09635315471994528	-0.1284299138015313	
max_knowledge	300	cap_security	0.44295522212504745	-0.11555850701141657	
max_knowledge	300	warfare_readiness	0.0429685773959574	-0.20389713842125334	
max_knowledge	300	cap_culture	0.45376531840457013	-0.19048671763266833	
max_knowledge	300	cohesion	0.41592294107271877	-0.08142852005752599	
max_knowledge	300	known	110.25	-570.25	
max_knowledge	300	per_century	5.75	-41.75	
max_knowledge	300	per_50	4.113924050632911	-19.620253164556964	OUT OF BOUNDS
max_knowledge	300	education	0.7300863278122682	-0.05833818183130157	
max_knowledge	300	art_found	509.75	-59.25	
max_knowledge	300	art_studied	509.75	-59.25	
max_knowledge	300	art_bonus	0.28734750000000003	0.06538500000000003	
max_knowledge	300	allure	0.565753063680914	-0.0380973435265336	
max_knowledge	300	line_knowledge	5.25	0.75	
max_knowledge	300	line_institutions	0.0	-4.0	
max_knowledge	300	line_culture	0.0	-4.25	
max_knowledge	300	line_labor	0.5	-0.5	
max_knowledge	300	line_production	0.0	-5.0	
max_knowledge	300	line_infrastructure	0.0	-8.5	
max_knowledge	300	line_nutrition	0.0	-5.0	
max_knowledge	300	line_health	0.0	-3.0	
max_knowledge	300	line_demography	0.0	0.0	
max_knowledge	300	line_logistics	0.0	-6.5	
max_knowledge	300	line_ecology	0.0	-3.0	
max_knowledge	300	line_security	0.0	-2.75	
max_knowledge	400	population	385.9991396039491	-2355.450471395309	within
max_knowledge	400	growth_pct	0.463685769905231	-0.32267853197986973	within
max_knowledge	400	life_expectancy	25.926337118338633	-3.409529830730012	within
max_knowledge	400	infant_mortality	241.6998506328258	56.66337278083387	within
max_knowledge	400	child_mortality_1_4	215.1426578570805	34.43467392215172	within
max_knowledge	400	maternal_per_100k	1586.919953392423	594.4573880153413	within
max_knowledge	400	tfr	5.994451118169459	0.7840142307687854	within
max_knowledge	400	cbr	47.13879214717945	6.42645503178958	ABOVE HIGH
max_knowledge	400	cdr	40.782023019355805	6.777087121139196	within
max_knowledge	400	food_per_worker	5.403311951767696	-0.7843344920573845	
max_knowledge	400	food_security	0.9776607681691935	-0.0020307595129113176	
max_knowledge	400	food_share	34.70000000000001	0.0	ABOVE HIGH
max_knowledge	400	diet	0.7664415591026991	-0.12954314718970383	
max_knowledge	400	health	0.9699999174568649	-8.25431349937844e-08	
max_knowledge	400	labor_efficiency	0.8504246393679429	-0.032048598950024765	
max_knowledge	400	cap_production	0.6185787347920356	-0.07025382743882991	
max_knowledge	400	craft_output	0.09593254432746892	-0.23934501610875594	
max_knowledge	400	tool_quality	0.09881734983560889	-0.1945792471365466	
max_knowledge	400	cap_infrastructure	0.6321969793919735	-0.05396586544176085	
max_knowledge	400	housing_ratio	1.084283128476418	0.0012696264162281867	
max_knowledge	400	construction_rate	0.11577486519498782	-0.20408844484221134	
max_knowledge	400	cap_logistics	0.3079710742250301	-0.13879546771924323	
max_knowledge	400	trade_capacity	0.13026554562619136	-0.135643574393692	
max_knowledge	400	ecology	0.7948574310941234	0.0022733936475305416	
max_knowledge	400	ground_health	0.9953797561197449	0.2228255241035363	
max_knowledge	400	cap_institutions	0.6838593555722672	-0.08338065887019952	
max_knowledge	400	legitimacy	0.803077481733339	-0.0530698015580332	
max_knowledge	400	state_capacity	0.10051159881806135	-0.16350570202915213	
max_knowledge	400	cap_security	0.45763253408165083	-0.11920217855617488	
max_knowledge	400	warfare_readiness	0.04339899096836181	-0.24277198958527718	
max_knowledge	400	cap_culture	0.49477385005127694	-0.15714687810908068	
max_knowledge	400	cohesion	0.4626874327444331	-0.03985095079876316	
max_knowledge	400	known	126.0	-670.0	
max_knowledge	400	per_century	13.75	-43.75	
max_knowledge	400	per_50	5.769230769230769	-22.756410256410255	OUT OF BOUNDS
max_knowledge	400	education	0.7305177568715117	-0.07349253380332199	
max_knowledge	400	art_found	511.5	-57.5	
max_knowledge	400	art_studied	511.5	-57.5	
max_knowledge	400	art_bonus	0.3063825	0.05765750000000003	
max_knowledge	400	allure	0.5739547700102554	-0.031429375621816025	
max_knowledge	400	line_knowledge	4.75	-0.5	
max_knowledge	400	line_institutions	0.0	-4.0	
max_knowledge	400	line_culture	0.0	-7.5	
max_knowledge	400	line_labor	2.0	-4.75	
max_knowledge	400	line_production	2.0	-2.5	
max_knowledge	400	line_infrastructure	2.0	-8.25	
max_knowledge	400	line_nutrition	3.0	-2.25	
max_knowledge	400	line_health	0.0	-2.75	
max_knowledge	400	line_demography	0.0	-1.25	
max_knowledge	400	line_logistics	0.0	-5.0	
max_knowledge	400	line_ecology	0.0	-1.0	
max_knowledge	400	line_security	0.0	-4.0	
max_knowledge	500	population	607.5983269930985	-3007.7007769477996	within
max_knowledge	500	growth_pct	0.346461702095191	-0.13120930324699576	within
max_knowledge	500	life_expectancy	25.23900657988266	-3.9144404650472886	within
max_knowledge	500	infant_mortality	247.23912716777875	60.55615889534778	within
max_knowledge	500	child_mortality_1_4	220.5461509809245	38.05680165724414	within
max_knowledge	500	maternal_per_100k	1587.1825400916562	611.6877063237115	within
max_knowledge	500	tfr	6.009048416446772	1.176560071733328	within
max_knowledge	500	cbr	45.421870514249036	5.798177059598004	within
max_knowledge	500	cdr	38.75622137457766	2.806274011506787	within
max_knowledge	500	food_per_worker	4.93042952881024	-1.173921145657025	
max_knowledge	500	food_security	0.9011540919131886	-0.07744031184089817	
max_knowledge	500	food_share	38.30410585234956	3.604105852349548	ABOVE HIGH
max_knowledge	500	diet	0.7729466104996474	-0.11330017545559057	
max_knowledge	500	health	0.9462214426701101	-0.02377855732988976	
max_knowledge	500	labor_efficiency	0.8354011954006544	-0.047735850294699955	
max_knowledge	500	cap_production	0.615934578609399	-0.08566583032305841	
max_knowledge	500	craft_output	0.13173198701182964	-0.2398485425778058	
max_knowledge	500	tool_quality	0.101145685231476	-0.2068967404863002	
max_knowledge	500	cap_infrastructure	0.6372236435605756	-0.06447250414502104	
max_knowledge	500	housing_ratio	1.0828758412888315	-0.01708393705833844	
max_knowledge	500	construction_rate	0.14404477457733725	-0.23304106667007465	
max_knowledge	500	cap_logistics	0.31162266637358654	-0.1661224778510611	
max_knowledge	500	trade_capacity	0.1336499753631814	-0.18063807437572604	
max_knowledge	500	ecology	0.7901012660124286	-0.0025652858636621145	
max_knowledge	500	ground_health	0.9609219391021802	0.19601700762331487	
max_knowledge	500	cap_institutions	0.6861494086650429	-0.09708965742192488	
max_knowledge	500	legitimacy	0.7850903798612039	-0.0747233247268757	
max_knowledge	500	state_capacity	0.14069564026804066	-0.17190405769065736	
max_knowledge	500	cap_security	0.4524274978150007	-0.14583878613839418	
max_knowledge	500	warfare_readiness	0.04295699053536153	-0.28134490843160764	
max_knowledge	500	cap_culture	0.48938179242161994	-0.16750526151352796	
max_knowledge	500	cohesion	0.44461050971097965	-0.06340664636642684	
max_knowledge	500	known	152.0	-735.5	
max_knowledge	500	per_century	12.0	-34.5	
max_knowledge	500	per_50	4.761904761904762	-32.539682539682545	OUT OF BOUNDS
max_knowledge	500	education	0.7366153100665949	-0.08613463734192972	
max_knowledge	500	art_found	511.5	-57.5	
max_knowledge	500	art_studied	511.5	-57.5	
max_knowledge	500	art_bonus	0.34104375000000003	0.06984375000000004	
max_knowledge	500	allure	0.5728763584843239	-0.033501052302705614	
max_knowledge	500	line_knowledge	4.25	-2.75	
max_knowledge	500	line_institutions	1.75	-3.0	
max_knowledge	500	line_culture	0.25	-2.25	
max_knowledge	500	line_labor	1.0	-2.0	
max_knowledge	500	line_production	4.75	0.5	
max_knowledge	500	line_infrastructure	0.0	-8.0	
max_knowledge	500	line_nutrition	0.0	-2.25	
max_knowledge	500	line_health	0.0	-3.0	
max_knowledge	500	line_demography	0.0	-1.0	
max_knowledge	500	line_logistics	0.0	-2.0	
max_knowledge	500	line_ecology	0.0	-5.25	
max_knowledge	500	line_security	0.0	-3.5	
max_knowledge	600	population	1117.5710765648726	-3936.371677982729	within
max_knowledge	600	growth_pct	0.22008843494872588	-0.2259390637250419	within
max_knowledge	600	life_expectancy	25.14171787406613	-4.231449527124951	within
max_knowledge	600	infant_mortality	248.61379735560274	63.81107230343861	within
max_knowledge	600	child_mortality_1_4	221.88897548151698	40.773266377866946	within
max_knowledge	600	maternal_per_100k	1587.1010578580542	628.1318543197528	within
max_knowledge	600	tfr	5.771370896090585	0.987587819000364	within
max_knowledge	600	cbr	46.322819364056336	8.182229710277646	ABOVE HIGH
max_knowledge	600	cdr	41.21688892393709	6.031343003567599	within
max_knowledge	600	food_per_worker	4.758311408341766	-1.1495778026092411	
max_knowledge	600	food_security	0.9317639438003213	-0.04604872104633728	
max_knowledge	600	food_share	34.70000000000001	0.0	ABOVE HIGH
max_knowledge	600	diet	0.7648665837302939	-0.09682670315239705	
max_knowledge	600	health	0.9605233082228447	-0.009476691777155155	
max_knowledge	600	labor_efficiency	0.8508770463674769	-0.038491763590182915	
max_knowledge	600	cap_production	0.6245354634550104	-0.0812632042027226	
max_knowledge	600	craft_output	0.1598922703320649	-0.2685077296679351	
max_knowledge	600	tool_quality	0.13408541061494186	-0.17431457442978146	
max_knowledge	600	cap_infrastructure	0.6381153334101253	-0.07882991466844591	
max_knowledge	600	housing_ratio	1.0931796367382005	0.005264299982010501	
max_knowledge	600	construction_rate	0.14914908967382437	-0.27925091032617566	
max_knowledge	600	cap_logistics	0.31771335231279674	-0.1669732410869289	
max_knowledge	600	trade_capacity	0.14343168250412835	-0.2005407666558907	
max_knowledge	600	ecology	0.791617456860842	-0.0010492096463700085	
max_knowledge	600	ground_health	0.9156135423713849	0.1684185895560245	
max_knowledge	600	cap_institutions	0.7053474100975565	-0.08242219556022534	
max_knowledge	600	legitimacy	0.803238885535077	-0.0579318076955978	
max_knowledge	600	state_capacity	0.14932279449403607	-0.18417714506359661	
max_knowledge	600	cap_security	0.4778148085713815	-0.14632199514904842	
max_knowledge	600	warfare_readiness	0.08336851198965435	-0.31325042743590253	
max_knowledge	600	cap_culture	0.5056167720964903	-0.15374517541350785	
max_knowledge	600	cohesion	0.46395263282139254	-0.04301130229932748	
max_knowledge	600	known	165.5	-790.75	
max_knowledge	600	per_century	8.5	-20.75	
max_knowledge	600	per_50	1.7543859649122806	-26.31578947368421	OUT OF BOUNDS
max_knowledge	600	education	0.7435105980543544	-0.09132686884009511	
max_knowledge	600	art_found	511.5	-57.5	
max_knowledge	600	art_studied	511.5	-57.5	
max_knowledge	600	art_bonus	0.35508375000000003	0.06948375000000007	
max_knowledge	600	allure	0.5761233544192981	-0.030749035082701548	
max_knowledge	600	line_knowledge	3.0	-1.0	
max_knowledge	600	line_institutions	1.5	1.0	
max_knowledge	600	line_culture	0.75	-2.75	
max_knowledge	600	line_labor	0.0	-1.0	
max_knowledge	600	line_production	1.25	-4.0	
max_knowledge	600	line_infrastructure	2.0	0.0	
max_knowledge	600	line_nutrition	0.0	-1.0	
max_knowledge	600	line_health	0.0	-2.0	
max_knowledge	600	line_demography	0.0	-1.75	
max_knowledge	600	line_logistics	0.0	-2.5	
max_knowledge	600	line_ecology	0.0	-2.25	
max_knowledge	600	line_security	0.0	-3.5	
max_institutions	100	population	141.74132233219788	-73.83215204959674	within
max_institutions	100	growth_pct	0.5300880196614066	-0.526806074048114	within
max_institutions	100	life_expectancy	25.522625374802214	-3.168553974818078	within
max_institutions	100	infant_mortality	245.95468229918427	51.10131302933357	within
max_institutions	100	child_mortality_1_4	219.29721108812487	32.36404800705236	within
max_institutions	100	maternal_per_100k	1586.7543030441966	482.3501421403971	within
max_institutions	100	tfr	5.896170777718628	0.045858242914056824	within
max_institutions	100	cbr	46.67323869675991	1.582173838041534	within
max_institutions	100	cdr	40.71275194238831	5.622446206380303	within
max_institutions	100	food_per_worker	5.304828906798752	-1.4447777662570243	
max_institutions	100	food_security	0.9754875451028643	-0.004411689597666912	
max_institutions	100	food_share	34.70000000000001	0.0	OUT OF BOUNDS
max_institutions	100	diet	0.7422697520056145	-0.08882184728618592	
max_institutions	100	health	0.9698273510373282	-0.00017264896267166208	
max_institutions	100	labor_efficiency	0.8520289062899954	-0.007562110497073005	
max_institutions	100	cap_production	0.6135803694376394	-0.021931277462933663	
max_institutions	100	craft_output	0.030297099343444697	-0.11074276262218062	
max_institutions	100	tool_quality	0.0800193922734163	-0.04609950807150566	
max_institutions	100	cap_infrastructure	0.5843247294288352	-0.062323200119507205	
max_institutions	100	housing_ratio	1.0858128812240189	0.004787790298954153	
max_institutions	100	construction_rate	0.04808468010023519	-0.12334248590061764	
max_institutions	100	cap_logistics	0.28335036784779793	-0.06996506307103456	
max_institutions	100	trade_capacity	0.04792114416799917	-0.09226009003146204	
max_institutions	100	ecology	0.7929494928395456	0.0001498511190941576	
max_institutions	100	ground_health	0.9999999999998926	0.014624692049955645	
max_institutions	100	cap_institutions	0.6944888197500322	-0.006828161283227718	
max_institutions	100	legitimacy	0.8098394438082608	-0.010506807873016277	
max_institutions	100	state_capacity	0.10684570863480786	-0.02398939899538352	
max_institutions	100	cap_security	0.46046705465271415	-0.04202701952689364	
max_institutions	100	warfare_readiness	0.04250660116937066	-0.09485614009735982	
max_institutions	100	cap_culture	0.4850115949471869	-0.13210169727002768	
max_institutions	100	cohesion	0.4673010608162438	-0.014944940893103054	
max_institutions	100	known	65.0	-266.25	
max_institutions	100	per_century	20.0	-139.0	
max_institutions	100	per_50	5.932203389830509	-55.08474576271186	OUT OF BOUNDS
max_institutions	100	education	0.71904020113686	-0.026904185407974013	
max_institutions	100	art_found	400.0	-60.0	
max_institutions	100	art_studied	168.25	58.75	
max_institutions	100	art_bonus	0.16799999999999957	0.0	
max_institutions	100	allure	0.5720023189894373	-0.026420339454005015	
max_institutions	100	line_knowledge	2.0	-8.25	
max_institutions	100	line_institutions	9.0	-3.25	
max_institutions	100	line_culture	4.0	-11.25	
max_institutions	100	line_labor	0.0	-12.25	
max_institutions	100	line_production	1.0	-14.25	
max_institutions	100	line_infrastructure	1.0	-14.0	
max_institutions	100	line_nutrition	3.0	-16.0	
max_institutions	100	line_health	0.0	-13.0	
max_institutions	100	line_demography	0.0	-13.0	
max_institutions	100	line_logistics	0.0	-11.75	
max_institutions	100	line_ecology	0.0	-12.0	
max_institutions	100	line_security	0.0	-10.0	
max_institutions	200	population	266.35225640538204	-333.1474183286317	within
max_institutions	200	growth_pct	0.6060714409003798	-0.20047453283892902	within
max_institutions	200	life_expectancy	25.504838034733453	-4.355280756201722	within
max_institutions	200	infant_mortality	246.08713178481221	64.02092728890062	within
max_institutions	200	child_mortality_1_4	219.4383628864857	43.39566913728228	within
max_institutions	200	maternal_per_100k	1586.6601343523453	517.1281463178832	within
max_institutions	200	tfr	5.987029484962351	0.17267066716024182	within
max_institutions	200	cbr	47.34437160380094	3.4254302738983995	within
max_institutions	200	cdr	40.397396306427325	7.832891318323114	within
max_institutions	200	food_per_worker	5.433054349023591	-1.3694135989536367	
max_institutions	200	food_security	0.9749873143713794	-0.004555323447561821	
max_institutions	200	food_share	34.70000000000001	0.0	OUT OF BOUNDS
max_institutions	200	diet	0.7478592679288031	-0.15229791831562567	
max_institutions	200	health	0.9695690599998699	-0.0004309400001299979	
max_institutions	200	labor_efficiency	0.8521701000341607	-0.010396142379377693	
max_institutions	200	cap_production	0.6175051395584519	-0.03380056355746419	
max_institutions	200	craft_output	0.03514769251877376	-0.18468303366563427	
max_institutions	200	tool_quality	0.08412900983473282	-0.10283156680127503	
max_institutions	200	cap_infrastructure	0.5880797621769401	-0.07156699903771546	
max_institutions	200	housing_ratio	1.0816023032361919	0.0006105132699358862	
max_institutions	200	construction_rate	0.06349191458718328	-0.15069995546823345	
max_institutions	200	cap_logistics	0.2841971347864611	-0.1004549804188209	
max_institutions	200	trade_capacity	0.07606345263618948	-0.1313246589553438	
max_institutions	200	ecology	0.7926670595758998	2.0817694401653597e-07	
max_institutions	200	ground_health	0.9999999999999986	0.09349703149471844	
max_institutions	200	cap_institutions	0.7067654380166134	-0.02767258069295553	
max_institutions	200	legitimacy	0.8152193406415367	-0.025770379984979885	
max_institutions	200	state_capacity	0.13641344423148521	-0.0507115365185212	
max_institutions	200	cap_security	0.4612170627094755	-0.07528669720936942	
max_institutions	200	warfare_readiness	0.04338497973169375	-0.17658470809298077	
max_institutions	200	cap_culture	0.4914985029384559	-0.14330500175738614	
max_institutions	200	cohesion	0.4697634453268412	-0.019765868898746153	
max_institutions	200	known	90.5	-471.5	
max_institutions	200	per_century	5.0	-68.75	
max_institutions	200	per_50	1.744186046511628	-26.453488372093023	OUT OF BOUNDS
max_institutions	200	education	0.7238932422438706	-0.0451703348797996	
max_institutions	200	art_found	526.5	-40.75	
max_institutions	200	art_studied	467.5	40.5	
max_institutions	200	art_bonus	0.1851	-0.012900000000001022	
max_institutions	200	allure	0.5732997005876912	-0.028661000351477117	
max_institutions	200	line_knowledge	0.5	-8.5	
max_institutions	200	line_institutions	3.5	-1.5	
max_institutions	200	line_culture	1.0	-2.25	
max_institutions	200	line_labor	0.0	-4.5	
max_institutions	200	line_production	0.0	-14.5	
max_institutions	200	line_infrastructure	0.0	-4.25	
max_institutions	200	line_nutrition	0.0	-10.25	
max_institutions	200	line_health	0.0	-4.25	
max_institutions	200	line_demography	0.0	-3.0	
max_institutions	200	line_logistics	0.0	-4.0	
max_institutions	200	line_ecology	0.0	-6.5	
max_institutions	200	line_security	0.0	-5.25	
max_institutions	300	population	439.24628619299807	-1056.3208640589355	within
max_institutions	300	growth_pct	0.5345810103567661	-0.04696537456194694	within
max_institutions	300	life_expectancy	25.504462061259144	-4.24497060483456	within
max_institutions	300	infant_mortality	246.08703777101334	63.247110866353694	within
max_institutions	300	child_mortality_1_4	219.43180516209253	42.25559395658945	within
max_institutions	300	maternal_per_100k	1586.7861573474229	535.9022681504875	within
max_institutions	300	tfr	5.9210929129630765	0.45757976888283736	within
max_institutions	300	cbr	47.38442494909309	-0.3014307176748616	ABOVE HIGH
max_institutions	300	cdr	40.99228483258683	3.44688401862296	within
max_institutions	300	food_per_worker	5.434598873210996	-0.9608949846524819	
max_institutions	300	food_security	0.9750694779393321	-0.004265724685084793	
max_institutions	300	food_share	34.70000000000001	0.0	OUT OF BOUNDS
max_institutions	300	diet	0.7547768609668307	-0.16138747428850153	
max_institutions	300	health	0.9695035649748116	-0.0004964350251882577	
max_institutions	300	labor_efficiency	0.8534520471010177	-0.022523810897137952	
max_institutions	300	cap_production	0.6215804677042317	-0.04631000855611955	
max_institutions	300	craft_output	0.03498304286125828	-0.2320983505677505	
max_institutions	300	tool_quality	0.08377559047746702	-0.13565638485549658	
max_institutions	300	cap_infrastructure	0.5879970809822371	-0.08570593600666798	
max_institutions	300	housing_ratio	1.0830719675125802	-0.005503790782510398	
max_institutions	300	construction_rate	0.06325624732104378	-0.21097680708573924	
max_institutions	300	cap_logistics	0.28789587138488304	-0.132378600693752	
max_institutions	300	trade_capacity	0.08142957999107667	-0.14762031905293865	
max_institutions	300	ecology	0.7926666672125061	2.8920466021986613e-10	
max_institutions	300	ground_health	0.9884401487389397	0.163699845569788	
max_institutions	300	cap_institutions	0.7140391987887958	-0.03843328875308538	
max_institutions	300	legitimacy	0.8176537945664193	-0.03212783107099426	
max_institutions	300	state_capacity	0.15805102581252412	-0.06673204270895247	
max_institutions	300	cap_security	0.46244822130746677	-0.09606550782899725	
max_institutions	300	warfare_readiness	0.04292039857229992	-0.20394531724491083	
max_institutions	300	cap_culture	0.49604643318470926	-0.1482056028525292	
max_institutions	300	cohesion	0.4723647653332373	-0.024986695797007463	
max_institutions	300	known	109.0	-571.5	
max_institutions	300	per_century	11.5	-36.0	
max_institutions	300	per_50	0.0	-23.734177215189874	OUT OF BOUNDS
max_institutions	300	education	0.7266318683535051	-0.061792641290064676	
max_institutions	300	art_found	535.75	-33.25	
max_institutions	300	art_studied	535.75	-33.25	
max_institutions	300	art_bonus	0.20475	-0.01721250000000002	
max_institutions	300	allure	0.5742092866369418	-0.02964112057050583	
max_institutions	300	line_knowledge	3.0	-1.5	
max_institutions	300	line_institutions	2.0	-2.0	
max_institutions	300	line_culture	1.75	-2.5	
max_institutions	300	line_labor	0.0	-1.0	
max_institutions	300	line_production	0.75	-4.25	
max_institutions	300	line_infrastructure	0.0	-8.5	
max_institutions	300	line_nutrition	1.0	-4.0	
max_institutions	300	line_health	0.0	-3.0	
max_institutions	300	line_demography	3.0	3.0	
max_institutions	300	line_logistics	0.0	-6.5	
max_institutions	300	line_ecology	0.0	-3.0	
max_institutions	300	line_security	0.0	-2.75	
max_institutions	400	population	531.7882915415191	-2209.6613194577385	within
max_institutions	400	growth_pct	0.5003713339752275	-0.2859929679098733	within
max_institutions	400	life_expectancy	25.612112041543064	-3.7237549075255814	within
max_institutions	400	infant_mortality	245.08646370467642	60.0499858526845	within
max_institutions	400	child_mortality_1_4	218.46059207991118	37.75260814498239	within
max_institutions	400	maternal_per_100k	1586.808942598366	594.3463772212843	within
max_institutions	400	tfr	6.053773646541014	0.8433367591403407	within
max_institutions	400	cbr	50.45978328981643	9.747446174426557	ABOVE HIGH
max_institutions	400	cdr	43.06462305578886	9.059687157572249	within
max_institutions	400	food_per_worker	5.35672793645641	-0.8309185073686702	
max_institutions	400	food_security	0.9770937588491051	-0.0025977688329996695	
max_institutions	400	food_share	34.70000000000001	0.0	ABOVE HIGH
max_institutions	400	diet	0.7597278578620278	-0.1362568484303751	
max_institutions	400	health	0.9699997431694672	-2.568305326189346e-07	
max_institutions	400	labor_efficiency	0.8508007780071096	-0.03167246031085802	
max_institutions	400	cap_production	0.618603954230014	-0.07022860800085151	
max_institutions	400	craft_output	0.039034172039895614	-0.29624338839632924	
max_institutions	400	tool_quality	0.08421270360347674	-0.20918389336867874	
max_institutions	400	cap_infrastructure	0.5891107989369988	-0.09705204589673555	
max_institutions	400	housing_ratio	1.0820425099134772	-0.0009709921467127014	
max_institutions	400	construction_rate	0.06922433228599377	-0.25063897775120536	
max_institutions	400	cap_logistics	0.298964009896811	-0.14780253204746235	
max_institutions	400	trade_capacity	0.09374306556489415	-0.17216605445498923	
max_institutions	400	ecology	0.792666666667425	8.262922083213109e-05	
max_institutions	400	ground_health	0.9726157945907371	0.20006156257452845	
max_institutions	400	cap_institutions	0.7191643363532538	-0.04807567808921287	
max_institutions	400	legitimacy	0.8199619952101322	-0.03618528808124	
max_institutions	400	state_capacity	0.17851171373691424	-0.08550558711029924	
max_institutions	400	cap_security	0.46274034300958333	-0.11409436962824238	
max_institutions	400	warfare_readiness	0.04336025793004126	-0.24281072262359774	
max_institutions	400	cap_culture	0.497059569325327	-0.1548611588350306	
max_institutions	400	cohesion	0.47288861719463665	-0.029649766348559592	
max_institutions	400	known	125.5	-670.5	
max_institutions	400	per_century	10.5	-47.0	
max_institutions	400	per_50	1.9230769230769234	-26.602564102564102	OUT OF BOUNDS
max_institutions	400	education	0.7368779648658635	-0.0671323258089701	
max_institutions	400	art_found	535.75	-33.25	
max_institutions	400	art_studied	535.75	-33.25	
max_institutions	400	art_bonus	0.222975	-0.025749999999999967	
max_institutions	400	allure	0.5744119138650654	-0.03097223176700603	
max_institutions	400	line_knowledge	2.75	-2.5	
max_institutions	400	line_institutions	5.0	1.0	
max_institutions	400	line_culture	0.75	-6.75	
max_institutions	400	line_labor	0.0	-6.75	
max_institutions	400	line_production	0.0	-4.5	
max_institutions	400	line_infrastructure	1.0	-9.25	
max_institutions	400	line_nutrition	0.0	-5.25	
max_institutions	400	line_health	0.0	-2.75	
max_institutions	400	line_demography	0.0	-1.25	
max_institutions	400	line_logistics	1.0	-4.0	
max_institutions	400	line_ecology	0.0	-1.0	
max_institutions	400	line_security	0.0	-4.0	
max_institutions	500	population	926.719526145348	-2688.57957779555	within
max_institutions	500	growth_pct	0.5167389494955099	0.03906794415332315	within
max_institutions	500	life_expectancy	25.93352348302825	-3.219923561901698	within
max_institutions	500	infant_mortality	239.75554675742555	53.07257848499458	within
max_institutions	500	child_mortality_1_4	214.06522079468516	31.575871471004803	within
max_institutions	500	maternal_per_100k	1586.6559943097286	611.1611605417839	within
max_institutions	500	tfr	5.732193423410312	0.8997050786968677	within
max_institutions	500	cbr	46.445408145263265	6.821714690612232	ABOVE HIGH
max_institutions	500	cdr	40.85252643523093	4.9025790721600515	within
max_institutions	500	food_per_worker	5.24586796802581	-0.8584827064414551	
max_institutions	500	food_security	0.9738485145976674	-0.004745889156419381	
max_institutions	500	food_share	34.70000000000001	0.0	ABOVE HIGH
max_institutions	500	diet	0.7828873284442351	-0.10335945751100284	
max_institutions	500	health	0.9697240768515092	-0.00027592314849067545	
max_institutions	500	labor_efficiency	0.8495548526057732	-0.0335821930895811	
max_institutions	500	cap_production	0.6237633569048653	-0.07783705202759217	
max_institutions	500	craft_output	0.08170287955540993	-0.2898776500342255	
max_institutions	500	tool_quality	0.12542946968932	-0.18261295602845617	
max_institutions	500	cap_infrastructure	0.5995879161105038	-0.10210823159509286	
max_institutions	500	housing_ratio	1.08230005737917	-0.01765972096800006	
max_institutions	500	construction_rate	0.11360697915674044	-0.26347886209067145	
max_institutions	500	cap_logistics	0.3051410893059674	-0.17260405491868025	
max_institutions	500	trade_capacity	0.10012899410209058	-0.21415905563681686	
max_institutions	500	ecology	0.792666666666687	1.147905962506357e-07	
max_institutions	500	ground_health	0.9275354091730207	0.1626304776941554	
max_institutions	500	cap_institutions	0.7233384466717632	-0.05990061941520464	
max_institutions	500	legitimacy	0.8193664933012461	-0.040447211286833484	
max_institutions	500	state_capacity	0.18451536322272685	-0.12808433473597117	
max_institutions	500	cap_security	0.47127408903721657	-0.1269921949161783	
max_institutions	500	warfare_readiness	0.06327537725282013	-0.26102652171414903	
max_institutions	500	cap_culture	0.49695938587354904	-0.15992766806159886	
max_institutions	500	cohesion	0.4714233962715334	-0.036593759805873094	
max_institutions	500	known	159.75	-727.75	
max_institutions	500	per_century	11.25	-35.25	
max_institutions	500	per_50	3.1746031746031744	-34.12698412698413	OUT OF BOUNDS
max_institutions	500	education	0.7401729502990676	-0.08257699710945698	
max_institutions	500	art_found	535.75	-33.25	
max_institutions	500	art_studied	535.75	-33.25	
max_institutions	500	art_bonus	0.23832499999999998	-0.032875000000000015	
max_institutions	500	allure	0.5743918771747097	-0.031985533612319816	
max_institutions	500	line_knowledge	2.25	-4.75	
max_institutions	500	line_institutions	2.25	-2.5	
max_institutions	500	line_culture	1.75	-0.75	
max_institutions	500	line_labor	0.0	-3.0	
max_institutions	500	line_production	1.75	-2.5	
max_institutions	500	line_infrastructure	3.25	-4.75	
max_institutions	500	line_nutrition	0.0	-2.25	
max_institutions	500	line_health	0.0	-3.0	
max_institutions	500	line_demography	0.0	-1.0	
max_institutions	500	line_logistics	0.0	-2.0	
max_institutions	500	line_ecology	0.0	-5.25	
max_institutions	500	line_security	0.0	-3.5	
max_institutions	600	population	1165.1300548397896	-3888.8126997078125	within
max_institutions	600	growth_pct	0.4977458278842217	0.05171832921045394	within
max_institutions	600	life_expectancy	25.758172743580733	-3.6149946576103495	within
max_institutions	600	infant_mortality	241.4000388998674	56.597313847703276	within
max_institutions	600	child_mortality_1_4	215.67664226498016	34.56093316133013	within
max_institutions	600	maternal_per_100k	1586.7009442366902	627.7317406983889	within
max_institutions	600	tfr	5.769625112009181	0.98584203491896	within
max_institutions	600	cbr	45.647996366646765	7.507406712868075	within
max_institutions	600	cdr	40.144531739761334	4.958985819391842	within
max_institutions	600	food_per_worker	4.956520402101227	-0.9513688088497796	
max_institutions	600	food_security	0.9702584811630273	-0.007554183683631366	
max_institutions	600	food_share	34.70000000000001	0.0	ABOVE HIGH
max_institutions	600	diet	0.7730106780807167	-0.08868260880197432	
max_institutions	600	health	0.9693517456800025	-0.0006482543199973767	
max_institutions	600	labor_efficiency	0.857939807321039	-0.03142900263662074	
max_institutions	600	cap_production	0.6276213654634242	-0.07817730219430885	
max_institutions	600	craft_output	0.1394031883487421	-0.2889968116512579	
max_institutions	600	tool_quality	0.1349963684523604	-0.17340361659236292	
max_institutions	600	cap_infrastructure	0.6392402161603498	-0.07770503191822142	
max_institutions	600	housing_ratio	1.0830757864572604	-0.0048395502989295736	
max_institutions	600	construction_rate	0.143248881713734	-0.285151118286266	
max_institutions	600	cap_logistics	0.3073950872998572	-0.17729150609986843	
max_institutions	600	trade_capacity	0.15215011979233828	-0.1918223293676808	
max_institutions	600	ecology	0.7927158219314686	4.915542425665276e-05	
max_institutions	600	ground_health	0.9032076737418527	0.15601272092649232	
max_institutions	600	cap_institutions	0.7268422261934234	-0.060927379464358444	
max_institutions	600	legitimacy	0.8193620739014122	-0.04180861932926261	
max_institutions	600	state_capacity	0.19879283779046825	-0.13470710176716444	
max_institutions	600	cap_security	0.4711197463185365	-0.15301705740189342	
max_institutions	600	warfare_readiness	0.06407847508382164	-0.33254046434173523	
max_institutions	600	cap_culture	0.4977368883640285	-0.16162505914596959	
max_institutions	600	cohesion	0.47131711796137854	-0.03564681715934148	
max_institutions	600	known	185.25	-771.0	
max_institutions	600	per_century	5.25	-24.0	
max_institutions	600	per_50	0.0	-28.07017543859649	OUT OF BOUNDS
max_institutions	600	education	0.7460599674167268	-0.08877749947772273	
max_institutions	600	art_found	535.75	-33.25	
max_institutions	600	art_studied	535.75	-33.25	
max_institutions	600	art_bonus	0.243525	-0.042074999999999974	
max_institutions	600	allure	0.5745473776728057	-0.032325011829193895	
max_institutions	600	line_knowledge	3.0	-1.0	
max_institutions	600	line_institutions	0.25	-0.25	
max_institutions	600	line_culture	0.0	-3.5	
max_institutions	600	line_labor	1.0	0.0	
max_institutions	600	line_production	1.0	-4.25	
max_institutions	600	line_infrastructure	0.0	-2.0	
max_institutions	600	line_nutrition	0.0	-1.0	
max_institutions	600	line_health	0.0	-2.0	
max_institutions	600	line_demography	0.0	-1.75	
max_institutions	600	line_logistics	0.0	-2.5	
max_institutions	600	line_ecology	0.0	-2.25	
max_institutions	600	line_security	0.0	-3.5	
max_culture	100	population	158.16756602548844	-57.405908356306185	within
max_culture	100	growth_pct	0.6156580561100855	-0.4412360375994351	within
max_culture	100	life_expectancy	25.361878928576836	-3.329300421043456	within
max_culture	100	infant_mortality	246.0050506108535	51.151681341002785	within
max_culture	100	child_mortality_1_4	219.8035533292503	32.870390248177785	within
max_culture	100	maternal_per_100k	1602.805714068651	498.4015531648515	within
max_culture	100	tfr	5.882038966138186	0.03172643133361497	within
max_culture	100	cbr	46.92528617847292	1.8342213197545476	within
max_culture	100	cdr	41.04939013719488	5.959084401186871	within
max_culture	100	food_per_worker	5.5047608426945525	-1.244845830361224	
max_culture	100	food_security	0.9772450635042316	-0.002654171196299626	
max_culture	100	food_share	34.70000000000001	0.0	OUT OF BOUNDS
max_culture	100	diet	0.7446458978855715	-0.08644570140622898	
max_culture	100	health	0.9685271891855896	-0.001472810814410308	
max_culture	100	labor_efficiency	0.8485775519465961	-0.011013464840472276	
max_culture	100	cap_production	0.6129339867486838	-0.022577660151889223	
max_culture	100	craft_output	0.06414248252727422	-0.0768973794383511	
max_culture	100	tool_quality	0.08194179579245991	-0.04417710455246204	
max_culture	100	cap_infrastructure	0.5835177133773811	-0.06313021617096126	
max_culture	100	housing_ratio	1.0822710093297832	0.001245918404718438	
max_culture	100	construction_rate	0.05606299667005187	-0.11536416933080096	
max_culture	100	cap_logistics	0.29657299634013956	-0.056742434578692935	
max_culture	100	trade_capacity	0.07610402079748432	-0.06407721340197689	
max_culture	100	ecology	0.7929850561333354	0.0001854144128838886	
max_culture	100	ground_health	0.9999999999999986	0.01462469205006156	
max_culture	100	cap_institutions	0.68426544070614	-0.017051540327119863	
max_culture	100	legitimacy	0.8100637863819066	-0.010282465299370491	
max_culture	100	state_capacity	0.06113963269328775	-0.06969547493690362	
max_culture	100	cap_security	0.46109373347599886	-0.04140034070360893	
max_culture	100	warfare_readiness	0.04832881540590547	-0.08903392586082501	
max_culture	100	cap_culture	0.48841281910119694	-0.12870047311601762	
max_culture	100	cohesion	0.4680597334326403	-0.014186268276706548	
max_culture	100	known	88.0	-243.25	
max_culture	100	per_century	31.0	-128.0	
max_culture	100	per_50	5.084745762711864	-55.93220338983051	OUT OF BOUNDS
max_culture	100	education	0.7237845295546884	-0.022159856990145554	
max_culture	100	art_found	420.25	-39.75	
max_culture	100	art_studied	175.5	66.0	
max_culture	100	art_bonus	0.16440000000000002	-0.003599999999999548	
max_culture	100	allure	0.5726825638202394	-0.025740094623202925	
max_culture	100	line_knowledge	6.0	-4.25	
max_culture	100	line_institutions	5.0	-7.25	
max_culture	100	line_culture	10.0	-5.25	
max_culture	100	line_labor	5.0	-7.25	
max_culture	100	line_production	0.0	-15.25	
max_culture	100	line_infrastructure	3.0	-12.0	
max_culture	100	line_nutrition	1.0	-18.0	
max_culture	100	line_health	0.0	-13.0	
max_culture	100	line_demography	0.0	-13.0	
max_culture	100	line_logistics	1.0	-10.75	
max_culture	100	line_ecology	0.0	-12.0	
max_culture	100	line_security	0.0	-10.0	
max_culture	200	population	285.7583932251508	-313.7412815088629	within
max_culture	200	growth_pct	0.5425937847434725	-0.2639521889958363	within
max_culture	200	life_expectancy	25.265374376649934	-4.594744414285241	within
max_culture	200	infant_mortality	246.884071386507	64.81786689059541	within
max_culture	200	child_mortality_1_4	220.66087059899968	44.61817684979627	within
max_culture	200	maternal_per_100k	1602.3960305134874	532.8640424790253	within
max_culture	200	tfr	5.9281646135956105	0.11380579579350147	within
max_culture	200	cbr	47.01877082308413	3.099829493181595	within
max_culture	200	cdr	40.685492294416036	8.120987306311825	within
max_culture	200	food_per_worker	5.550765649342256	-1.2517022986349717	
max_culture	200	food_security	0.9761049880268379	-0.00343764979210337	
max_culture	200	food_share	34.70000000000001	0.0	OUT OF BOUNDS
max_culture	200	diet	0.7536777073885176	-0.14647947885591117	
max_culture	200	health	0.9671971650796365	-0.002802834920363373	
max_culture	200	labor_efficiency	0.8482982474066206	-0.014267995006917777	
max_culture	200	cap_production	0.613507539499464	-0.03779816361645205	
max_culture	200	craft_output	0.06418998009726423	-0.1556407460871438	
max_culture	200	tool_quality	0.08198623805272683	-0.10497433858328102	
max_culture	200	cap_infrastructure	0.5844473106751218	-0.07519945053953381	
max_culture	200	housing_ratio	1.0813844734583313	0.0003926834920753297	
max_culture	200	construction_rate	0.056096077375907716	-0.15809579267950902	
max_culture	200	cap_logistics	0.2961829150844669	-0.08846920012081505	
max_culture	200	trade_capacity	0.07623501519294275	-0.13115309639859052	
max_culture	200	ecology	0.7926671089813218	2.5758236599227047e-07	
max_culture	200	ground_health	0.9999957587452362	0.09349279023995605	
max_culture	200	cap_institutions	0.692817923376023	-0.04162009533354594	
max_culture	200	legitimacy	0.8138800768985427	-0.027109643727973864	
max_culture	200	state_capacity	0.07907477474893311	-0.1080502060010733	
max_culture	200	cap_security	0.46269631467846695	-0.07380744524037797	
max_culture	200	warfare_readiness	0.053273419879017764	-0.16669626794565676	
max_culture	200	cap_culture	0.4951542552900598	-0.13964924940578222	
max_culture	200	cohesion	0.4699415047556165	-0.01958780946997085	
max_culture	200	known	105.0	-457.0	
max_culture	200	per_century	4.0	-69.75	
max_culture	200	per_50	1.1627906976744187	-27.034883720930235	OUT OF BOUNDS
max_culture	200	education	0.7254739566178071	-0.043589620505863125	
max_culture	200	art_found	538.75	-28.5	
max_culture	200	art_studied	505.75	78.75	
max_culture	200	art_bonus	0.1842	-0.013800000000001006	
max_culture	200	allure	0.5740308510580119	-0.027929849881156432	
max_culture	200	line_knowledge	0.0	-9.0	
max_culture	200	line_institutions	1.0	-4.0	
max_culture	200	line_culture	3.0	-0.25	
max_culture	200	line_labor	0.0	-4.5	
max_culture	200	line_production	0.0	-14.5	
max_culture	200	line_infrastructure	0.0	-4.25	
max_culture	200	line_nutrition	0.0	-10.25	
max_culture	200	line_health	0.0	-4.25	
max_culture	200	line_demography	0.0	-3.0	
max_culture	200	line_logistics	0.0	-4.0	
max_culture	200	line_ecology	0.0	-6.5	
max_culture	200	line_security	0.0	-5.25	
max_culture	300	population	441.6522432667475	-1053.914906985186	within
max_culture	300	growth_pct	0.1616328989969662	-0.4199134859217468	within
max_culture	300	life_expectancy	25.589741423847208	-4.159691242246495	within
max_culture	300	infant_mortality	243.27758216114893	60.43765525648928	within
max_culture	300	child_mortality_1_4	217.12867719627664	39.95246599077356	within
max_culture	300	maternal_per_100k	1602.3979587679632	551.5140695710279	within
max_culture	300	tfr	5.792995929065568	0.3294827849853288	within
max_culture	300	cbr	46.81838341705458	-0.8674722497133729	within
max_culture	300	cdr	41.02962283473738	3.484222020773508	within
max_culture	300	food_per_worker	5.399727265107203	-0.9957665927562749	
max_culture	300	food_security	0.975426336035883	-0.003908866588533844	
max_culture	300	food_share	34.70000000000001	0.0	OUT OF BOUNDS
max_culture	300	diet	0.7745733789149052	-0.14159095634042707	
max_culture	300	health	0.9682369029386869	-0.001763097061312946	
max_culture	300	labor_efficiency	0.8550129264823755	-0.020962931515780214	
max_culture	300	cap_production	0.615147515213638	-0.05274296104671328	
max_culture	300	craft_output	0.0852409430693406	-0.18184045035966817	
max_culture	300	tool_quality	0.09560859814405961	-0.12382337718890399	
max_culture	300	cap_infrastructure	0.6277933259501697	-0.045909691038735434	
max_culture	300	housing_ratio	1.0827694296724908	-0.005806328622599777	
max_culture	300	construction_rate	0.10446316018979823	-0.1697698942169848	
max_culture	300	cap_logistics	0.2999664569078571	-0.12030801517077794	
max_culture	300	trade_capacity	0.0787679025933955	-0.15028199645061982	
max_culture	300	ecology	0.7926666672811414	3.5783997986982286e-10	
max_culture	300	ground_health	0.9829178580534719	0.15817755488432017	
max_culture	300	cap_institutions	0.6992626746283281	-0.05320981291355309	
max_culture	300	legitimacy	0.8162442936587873	-0.033537331978626295	
max_culture	300	state_capacity	0.09525057142500039	-0.12953249709647618	
max_culture	300	cap_security	0.46280410161708274	-0.09570962751938128	
max_culture	300	warfare_readiness	0.05227585191314576	-0.194589863904065	
max_culture	300	cap_culture	0.5003351180505572	-0.14391691798668127	
max_culture	300	cohesion	0.47167546890990486	-0.025675992220339894	
max_culture	300	known	145.25	-535.25	
max_culture	300	per_century	12.0	-35.5	
max_culture	300	per_50	3.1645569620253164	-20.569620253164558	OUT OF BOUNDS
max_culture	300	education	0.7267948589841887	-0.061629650659381086	
max_culture	300	art_found	546.5	-22.5	
max_culture	300	art_studied	546.5	-22.5	
max_culture	300	art_bonus	0.20745	-0.014512500000000012	
max_culture	300	allure	0.5750670236101114	-0.028783383597336232	
max_culture	300	line_knowledge	2.5	-2.0	
max_culture	300	line_institutions	4.5	0.5	
max_culture	300	line_culture	4.5	0.25	
max_culture	300	line_labor	0.5	-0.5	
max_culture	300	line_production	0.0	-5.0	
max_culture	300	line_infrastructure	0.0	-8.5	
max_culture	300	line_nutrition	0.0	-5.0	
max_culture	300	line_health	0.0	-3.0	
max_culture	300	line_demography	0.0	0.0	
max_culture	300	line_logistics	0.0	-6.5	
max_culture	300	line_ecology	0.0	-3.0	
max_culture	300	line_security	0.0	-2.75	
max_culture	400	population	774.7403414969936	-1966.7092695022643	within
max_culture	400	growth_pct	0.7362309519450605	-0.05013334994004026	within
max_culture	400	life_expectancy	25.783389043107036	-3.5524779059616094	within
max_culture	400	infant_mortality	242.06694506704454	57.030467215052624	within
max_culture	400	child_mortality_1_4	215.95137631466318	35.24339237973439	within
max_culture	400	maternal_per_100k	1591.0951185724293	598.6325531953477	within
max_culture	400	tfr	5.972590743211898	0.7621538558112242	within
max_culture	400	cbr	47.7051210557132	6.992783940323328	ABOVE HIGH
max_culture	400	cdr	40.81953204430426	6.814596146087652	within
max_culture	400	food_per_worker	5.350841550073967	-0.8368048937511139	
max_culture	400	food_security	0.9768529024423255	-0.002838625239779291	
max_culture	400	food_share	34.70000000000001	0.0	ABOVE HIGH
max_culture	400	diet	0.7753942811102261	-0.12059042518217677	
max_culture	400	health	0.969335277938316	-0.0006647220616838867	
max_culture	400	labor_efficiency	0.8560703286789957	-0.02640290963897196	
max_culture	400	cap_production	0.6234484031501839	-0.06538415908068163	
max_culture	400	craft_output	0.11123060457506752	-0.22404695586115736	
max_culture	400	tool_quality	0.09901979379509962	-0.19437680317705586	
max_culture	400	cap_infrastructure	0.629808345601206	-0.05635449923252833	
max_culture	400	housing_ratio	1.0826566024298439	-0.00035689963034601924	
max_culture	400	construction_rate	0.10891777864156657	-0.21094553139563257	
max_culture	400	cap_logistics	0.3045610333711228	-0.14220550857315056	
max_culture	400	trade_capacity	0.11544746862469499	-0.15046165139518838	
max_culture	400	ecology	0.7926666666675205	8.262922092761027e-05	
max_culture	400	ground_health	0.9441938775191946	0.17163964550298594	
max_culture	400	cap_institutions	0.709237007562859	-0.05800300687960769	
max_culture	400	legitimacy	0.8215338236701687	-0.034613459621203546	
max_culture	400	state_capacity	0.12763372077396865	-0.13638358007324483	
max_culture	400	cap_security	0.4651423198695961	-0.11169239276822962	
max_culture	400	warfare_readiness	0.053279172688429445	-0.23289180786520955	
max_culture	400	cap_culture	0.5120009759389137	-0.13991975222144393	
max_culture	400	cohesion	0.47917663551652495	-0.023361748026671292	
max_culture	400	known	170.5	-625.5	
max_culture	400	per_century	19.25	-38.25	
max_culture	400	per_50	3.2051282051282053	-25.32051282051282	OUT OF BOUNDS
max_culture	400	education	0.7319764318741859	-0.07203385880064772	
max_culture	400	art_found	546.75	-22.25	
max_culture	400	art_studied	546.75	-22.25	
max_culture	400	art_bonus	0.2249	-0.023824999999999985	
max_culture	400	allure	0.5774001951877827	-0.027983950444288697	
max_culture	400	line_knowledge	1.25	-4.0	
max_culture	400	line_institutions	2.0	-2.0	
max_culture	400	line_culture	5.0	-2.5	
max_culture	400	line_labor	1.0	-5.75	
max_culture	400	line_production	5.0	0.5	
max_culture	400	line_infrastructure	2.5	-7.75	
max_culture	400	line_nutrition	0.0	-5.25	
max_culture	400	line_health	0.0	-2.75	
max_culture	400	line_demography	0.0	-1.25	
max_culture	400	line_logistics	2.5	-2.5	
max_culture	400	line_ecology	0.0	-1.0	
max_culture	400	line_security	0.0	-4.0	
max_culture	500	population	1053.7509264494145	-2561.5481774914833	within
max_culture	500	growth_pct	0.11613913167632661	-0.36153187366586015	within
max_culture	500	life_expectancy	25.167194392872236	-3.9862526520577113	within
max_culture	500	infant_mortality	247.0197008745103	60.33673260207934	within
max_culture	500	child_mortality_1_4	220.7792853848225	38.28993606114213	within
max_culture	500	maternal_per_100k	1586.785980204142	611.2911464361974	within
max_culture	500	tfr	5.713679067129492	0.881190722416048	within
max_culture	500	cbr	51.52683248309484	11.90313902844381	ABOVE HIGH
max_culture	500	cdr	45.99237899175202	10.042431628681143	below low
max_culture	500	food_per_worker	4.879065546518655	-1.2252851279486103	
max_culture	500	food_security	0.8990932208530316	-0.07950118290105523	
max_culture	500	food_share	39.74519839018595	5.045198390185938	ABOVE HIGH
max_culture	500	diet	0.7748132604235114	-0.11143352553172658	
max_culture	500	health	0.9404996857414848	-0.02950031425851507	
max_culture	500	labor_efficiency	0.82873217662453	-0.05440486907082431	
max_culture	500	cap_production	0.6247490601847471	-0.07685134874771038	
max_culture	500	craft_output	0.14369671727180128	-0.22788381231783417	
max_culture	500	tool_quality	0.14123644354812345	-0.16680598216965273	
max_culture	500	cap_infrastructure	0.632671852219682	-0.0690242954859146	
max_culture	500	housing_ratio	1.0929532344680954	-0.007006543879074512	
max_culture	500	construction_rate	0.12424052249243606	-0.25284531875497585	
max_culture	500	cap_logistics	0.3204932766370354	-0.15725186758761223	
max_culture	500	trade_capacity	0.15436753607461226	-0.1599205136642952	
max_culture	500	ecology	0.7915016599181355	-0.0011648919579552164	
max_culture	500	ground_health	0.9140204847953521	0.14911555331648685	
max_culture	500	cap_institutions	0.6889153652576568	-0.09432370082931096	
max_culture	500	legitimacy	0.7893547056324868	-0.07045899895559282	
max_culture	500	state_capacity	0.13862878906219625	-0.17397090889650177	
max_culture	500	cap_security	0.45781013713042595	-0.14045614682296892	
max_culture	500	warfare_readiness	0.07738617719593355	-0.2469157217710356	
max_culture	500	cap_culture	0.49025144330833875	-0.16663561062680915	
max_culture	500	cohesion	0.45019097400256053	-0.057826182074845967	
max_culture	500	known	193.75	-693.75	
max_culture	500	per_century	6.75	-39.75	
max_culture	500	per_50	0.3968253968253968	-36.904761904761905	OUT OF BOUNDS
max_culture	500	education	0.7383319485634214	-0.08441799884510315	
max_culture	500	art_found	546.75	-22.25	
max_culture	500	art_studied	546.75	-22.25	
max_culture	500	art_bonus	0.23409999999999997	-0.03710000000000002	
max_culture	500	allure	0.5730502886616677	-0.03332712212536182	
max_culture	500	line_knowledge	2.75	-4.25	
max_culture	500	line_institutions	0.5	-4.25	
max_culture	500	line_culture	1.75	-0.75	
max_culture	500	line_labor	0.0	-3.0	
max_culture	500	line_production	0.5	-3.75	
max_culture	500	line_infrastructure	0.0	-8.0	
max_culture	500	line_nutrition	0.0	-2.25	
max_culture	500	line_health	0.0	-3.0	
max_culture	500	line_demography	0.0	-1.0	
max_culture	500	line_logistics	1.25	-0.75	
max_culture	500	line_ecology	0.0	-5.25	
max_culture	500	line_security	0.0	-3.5	
max_culture	600	population	1120.2777975665756	-3933.664956981026	within
max_culture	600	growth_pct	0.680585012751872	0.2345575140781042	within
max_culture	600	life_expectancy	25.985674537579126	-3.387492863611957	within
max_culture	600	infant_mortality	238.62788914241287	53.825164090248734	within
max_culture	600	child_mortality_1_4	213.30950281834498	32.19379371469495	within
max_culture	600	maternal_per_100k	1586.870566631156	627.9013630928546	within
max_culture	600	tfr	5.788867448460683	1.0050843713704616	within
max_culture	600	cbr	45.96464034771985	7.82405069394116	within
max_culture	600	cdr	40.19622700972987	5.010681089360375	within
max_culture	600	food_per_worker	5.091173106286748	-0.816716104664259	
max_culture	600	food_security	0.9742538869342026	-0.003558777912456068	
max_culture	600	food_share	34.70000000000001	0.0	ABOVE HIGH
max_culture	600	diet	0.8306674643268072	-0.03102582255588382	
max_culture	600	health	0.9696948026823415	-0.00030519731765832336	
max_culture	600	labor_efficiency	0.840926465388686	-0.04844234456897378	
max_culture	600	cap_production	0.6279995748601924	-0.0777990927975406	
max_culture	600	craft_output	0.15129772428074484	-0.27710227571925516	
max_culture	600	tool_quality	0.1462936424345363	-0.16210634261018703	
max_culture	600	cap_infrastructure	0.6357376944244062	-0.08120755365416499	
max_culture	600	housing_ratio	1.0913109458374781	0.003395609081288109	
max_culture	600	construction_rate	0.14065403657612757	-0.28774596342387243	
max_culture	600	cap_logistics	0.32567537106970673	-0.1590112223300189	
max_culture	600	trade_capacity	0.1776437724850845	-0.16632867667493456	
max_culture	600	ecology	0.7926385072192423	-2.8159287969620195e-05	
max_culture	600	ground_health	0.886252401052634	0.13905744823727362	
max_culture	600	cap_institutions	0.7177884320773273	-0.06998117358045453	
max_culture	600	legitimacy	0.8250393745062016	-0.03613131872447328	
max_culture	600	state_capacity	0.1481403482930171	-0.1853595912646156	
max_culture	600	cap_security	0.4753266709155034	-0.1488101328049265	
max_culture	600	warfare_readiness	0.07842287080199785	-0.31819606862355904	
max_culture	600	cap_culture	0.5185197710076862	-0.1408421765023119	
max_culture	600	cohesion	0.4830942376548461	-0.023869697465873918	
max_culture	600	known	221.75	-734.5	
max_culture	600	per_century	17.5	-11.75	
max_culture	600	per_50	0.43859649122807015	-27.63157894736842	OUT OF BOUNDS
max_culture	600	education	0.7412143824224742	-0.09362308447197532	
max_culture	600	art_found	546.75	-22.25	
max_culture	600	art_studied	546.75	-22.25	
max_culture	600	art_bonus	0.242095	-0.04350499999999996	
max_culture	600	allure	0.5787039542015373	-0.028168435300462313	
max_culture	600	line_knowledge	2.25	-1.75	
max_culture	600	line_institutions	0.0	-0.5	
max_culture	600	line_culture	0.75	-2.75	
max_culture	600	line_labor	1.0	0.0	
max_culture	600	line_production	0.25	-5.0	
max_culture	600	line_infrastructure	0.25	-1.75	
max_culture	600	line_nutrition	12.0	11.0	
max_culture	600	line_health	0.0	-2.0	
max_culture	600	line_demography	0.0	-1.75	
max_culture	600	line_logistics	0.0	-2.5	
max_culture	600	line_ecology	1.0	-1.25	
max_culture	600	line_security	0.0	-3.5	
max_labor	100	population	120.87237774563879	-94.70109663615584	within
max_labor	100	growth_pct	0.18990747091794102	-0.8669866227915796	within
max_labor	100	life_expectancy	23.51151855042933	-5.1796607991909625	within
max_labor	100	infant_mortality	265.47054338957844	70.61717411972774	within
max_labor	100	child_mortality_1_4	237.70637078812956	50.773207707057054	within
max_labor	100	maternal_per_100k	1586.8942600116577	482.4900991078582	within
max_labor	100	tfr	5.772902412967396	-0.07741012183717544	within
max_labor	100	cbr	46.9972904751414	1.906225616423022	within
max_labor	100	cdr	43.4805632807098	8.390257544701797	within
max_labor	100	food_per_worker	5.745924336824206	-1.00368233623157	
max_labor	100	food_security	0.8615225706655594	-0.11837666403497182	
max_labor	100	food_share	36.02854217454967	1.3285421745496606	OUT OF BOUNDS
max_labor	100	diet	0.7349651210565276	-0.09612647823527287	
max_labor	100	health	0.9269165343220114	-0.043083465677988486	
max_labor	100	labor_efficiency	0.8409166277165336	-0.018674389070534758	
max_labor	100	cap_production	0.627527860302885	-0.007983786597688058	
max_labor	100	craft_output	0.020726854088752335	-0.12031300787687299	
max_labor	100	tool_quality	0.09301220351944749	-0.03310669682547447	
max_labor	100	cap_infrastructure	0.5905408624225565	-0.05610706712578584	
max_labor	100	housing_ratio	1.1160339515183924	0.03500886059332764	
max_labor	100	construction_rate	0.08912728017723477	-0.08229988582361807	
max_labor	100	cap_logistics	0.2924396413520678	-0.060875789566764704	
max_labor	100	trade_capacity	0.01755335291010978	-0.12262788128935143	
max_labor	100	ecology	0.7941257791305282	0.0013261374100766998	
max_labor	100	ground_health	0.9917392884497777	0.00636398049984066	
max_labor	100	cap_institutions	0.652993534170676	-0.04832344686258394	
max_labor	100	legitimacy	0.7597440884912185	-0.06060216319005851	
max_labor	100	state_capacity	0.03539917591312427	-0.0954359317170671	
max_labor	100	cap_security	0.4494566102918079	-0.053037463887799896	
max_labor	100	warfare_readiness	0.04235902041891838	-0.0950037208478121	
max_labor	100	cap_culture	0.45131052407058153	-0.16580276814663303	
max_labor	100	cohesion	0.4341122090936574	-0.04813379261568945	
max_labor	100	known	59.0	-272.25	
max_labor	100	per_century	11.0	-148.0	
max_labor	100	per_50	1.694915254237288	-59.32203389830509	OUT OF BOUNDS
max_labor	100	education	0.7008708838543727	-0.04507350269046129	
max_labor	100	art_found	394.0	-66.0	
max_labor	100	art_studied	154.5	45.0	
max_labor	100	art_bonus	0.1670999999999998	-0.0008999999999997621	
max_labor	100	allure	0.5652621048141163	-0.03316055362932602	
max_labor	100	line_knowledge	0.0	-10.25	
max_labor	100	line_institutions	1.0	-11.25	
max_labor	100	line_culture	2.0	-13.25	
max_labor	100	line_labor	6.0	-6.25	
max_labor	100	line_production	2.0	-13.25	
max_labor	100	line_infrastructure	0.0	-15.0	
max_labor	100	line_nutrition	0.0	-19.0	
max_labor	100	line_health	0.0	-13.0	
max_labor	100	line_demography	0.0	-13.0	
max_labor	100	line_logistics	0.0	-11.75	
max_labor	100	line_ecology	0.0	-12.0	
max_labor	100	line_security	0.0	-10.0	
max_labor	200	population	188.1641873586312	-411.3354873753825	within
max_labor	200	growth_pct	0.4775754169545565	-0.3289705567847523	within
max_labor	200	life_expectancy	24.364483515044427	-5.4956352758907485	within
max_labor	200	infant_mortality	256.64748490228675	74.58128040637516	within
max_labor	200	child_mortality_1_4	229.32177339380837	53.27907964460496	within
max_labor	200	maternal_per_100k	1586.7321783536754	517.2001903192133	within
max_labor	200	tfr	5.976659885726913	0.1623010679248038	within
max_labor	200	cbr	48.40608046330795	4.487139133405414	ABOVE HIGH
max_labor	200	cdr	43.10020627907869	10.53570129097448	within
max_labor	200	food_per_worker	5.436843258305112	-1.3656246896721154	
max_labor	200	food_security	0.87793457753013	-0.1016080602888112	
max_labor	200	food_share	37.83627079443933	3.1362707944393193	ABOVE HIGH
max_labor	200	diet	0.7415678281873236	-0.15858935805710517	
max_labor	200	health	0.9278684235926382	-0.04213157640736165	
max_labor	200	labor_efficiency	0.8344069827187334	-0.02815925969480504	
max_labor	200	cap_production	0.6266682516896029	-0.02463745142631313	
max_labor	200	craft_output	0.07614516592914702	-0.143685560255261	
max_labor	200	tool_quality	0.09409558174414853	-0.09286499489185931	
max_labor	200	cap_infrastructure	0.6260999226591575	-0.033546838555498115	
max_labor	200	housing_ratio	1.092110103703962	0.011118313737705998	
max_labor	200	construction_rate	0.10541957838742776	-0.10877229166798898	
max_labor	200	cap_logistics	0.29792232397289065	-0.08672979123239133	
max_labor	200	trade_capacity	0.07121574888502248	-0.13617236270651079	
max_labor	200	ecology	0.7957640189633055	0.0030971675643497454	
max_labor	200	ground_health	0.9772740004037103	0.07077103189843015	
max_labor	200	cap_institutions	0.6557077679186164	-0.07873025079095253	
max_labor	200	legitimacy	0.7577899343032815	-0.0831997863232351	
max_labor	200	state_capacity	0.0656971037098903	-0.12142787704011611	
max_labor	200	cap_security	0.44060107860973113	-0.09590268130911378	
max_labor	200	warfare_readiness	0.043123202107990546	-0.176846485716684	
max_labor	200	cap_culture	0.45007631507575097	-0.18472718962009105	
max_labor	200	cohesion	0.42670988810504107	-0.0628194261205463	
max_labor	200	known	84.0	-478.0	
max_labor	200	per_century	10.5	-63.25	
max_labor	200	per_50	2.616279069767442	-25.581395348837212	OUT OF BOUNDS
max_labor	200	education	0.7172246045196463	-0.051838972604023925	
max_labor	200	art_found	511.0	-56.25	
max_labor	200	art_studied	380.0	-47.0	
max_labor	200	art_bonus	0.18037500000000004	-0.017625000000000973	
max_labor	200	allure	0.5650152630151501	-0.036945437924018165	
max_labor	200	line_knowledge	1.0	-8.0	
max_labor	200	line_institutions	2.0	-3.0	
max_labor	200	line_culture	1.0	-2.25	
max_labor	200	line_labor	3.75	-0.75	
max_labor	200	line_production	1.0	-13.5	
max_labor	200	line_infrastructure	1.0	-3.25	
max_labor	200	line_nutrition	0.75	-9.5	
max_labor	200	line_health	0.0	-4.25	
max_labor	200	line_demography	0.0	-3.0	
max_labor	200	line_logistics	0.0	-4.0	
max_labor	200	line_ecology	0.0	-6.5	
max_labor	200	line_security	0.0	-5.25	
max_labor	300	population	357.2243135901962	-1138.3428366617372	within
max_labor	300	growth_pct	0.7515736865860712	0.17002730166735813	within
max_labor	300	life_expectancy	25.263404753444227	-4.486027912649476	within
max_labor	300	infant_mortality	249.16631719914278	66.32639029448313	within
max_labor	300	child_mortality_1_4	222.0662839708177	44.89007276531461	within
max_labor	300	maternal_per_100k	1585.8836236235873	534.9997344266519	within
max_labor	300	tfr	6.11440728027171	0.6508941361914706	within
max_labor	300	cbr	48.393137097845	0.7072814310770497	ABOVE HIGH
max_labor	300	cdr	40.985858790425084	3.440457976461211	within
max_labor	300	food_per_worker	5.58304574441226	-0.812448113451218	
max_labor	300	food_security	0.9763677961277741	-0.0029674064966427327	
max_labor	300	food_share	34.70000000000001	0.0	OUT OF BOUNDS
max_labor	300	diet	0.7651331051504888	-0.15103123010484343	
max_labor	300	health	0.9682873702579031	-0.0017126297420967385	
max_labor	300	labor_efficiency	0.8586883920923669	-0.01728746590578878	
max_labor	300	cap_production	0.6349604300560465	-0.03293004620430473	
max_labor	300	craft_output	0.09648959065699328	-0.1705918027720155	
max_labor	300	tool_quality	0.0952727087130566	-0.124159266619907	
max_labor	300	cap_infrastructure	0.6261875393289906	-0.047515477659914485	
max_labor	300	housing_ratio	1.0831195570361447	-0.005456201258945859	
max_labor	300	construction_rate	0.10583100501088638	-0.16840204939589665	
max_labor	300	cap_logistics	0.2888707886056936	-0.13140368347294146	
max_labor	300	trade_capacity	0.07604879349865189	-0.15300110554536345	
max_labor	300	ecology	0.7926580174420357	-8.649481265776693e-06	
max_labor	300	ground_health	0.9912029849963682	0.16646268182721646	
max_labor	300	cap_institutions	0.6804776036649136	-0.07199488387696762	
max_labor	300	legitimacy	0.8013040461615359	-0.04847757947587761	
max_labor	300	state_capacity	0.08607347592213917	-0.1387095925993374	
max_labor	300	cap_security	0.4554036477080033	-0.10311008142846073	
max_labor	300	warfare_readiness	0.04333696121932118	-0.20352875459788958	
max_labor	300	cap_culture	0.4824642148276994	-0.16178782120953905	
max_labor	300	cohesion	0.46283306279313247	-0.03451839833711229	
max_labor	300	known	102.75	-577.75	
max_labor	300	per_century	3.0	-44.5	
max_labor	300	per_50	0.31645569620253167	-23.417721518987342	OUT OF BOUNDS
max_labor	300	education	0.719241828940398	-0.0691826807031718	
max_labor	300	art_found	528.75	-40.25	
max_labor	300	art_studied	528.75	-40.25	
max_labor	300	art_bonus	0.2037375	-0.01822500000000002	
max_labor	300	allure	0.5714928429655399	-0.03235756424190772	
max_labor	300	line_knowledge	0.0	-4.5	
max_labor	300	line_institutions	0.0	-4.0	
max_labor	300	line_culture	0.0	-4.25	
max_labor	300	line_labor	2.25	1.25	
max_labor	300	line_production	0.0	-5.0	
max_labor	300	line_infrastructure	0.0	-8.5	
max_labor	300	line_nutrition	0.75	-4.25	
max_labor	300	line_health	0.0	-3.0	
max_labor	300	line_demography	0.0	0.0	
max_labor	300	line_logistics	0.0	-6.5	
max_labor	300	line_ecology	0.0	-3.0	
max_labor	300	line_security	0.0	-2.75	
max_labor	400	population	530.3467790460817	-2211.102831953176	within
max_labor	400	growth_pct	0.5831984047479477	-0.20316589713715305	within
max_labor	400	life_expectancy	25.600276118447194	-3.735590830621451	within
max_labor	400	infant_mortality	245.50742485547846	60.47094700348654	within
max_labor	400	child_mortality_1_4	218.71965288415018	38.01166894922139	within
max_labor	400	maternal_per_100k	1584.84970069956	592.3871353224782	within
max_labor	400	tfr	6.002537223280005	0.7921003358793319	within
max_labor	400	cbr	47.17690668221044	6.464569566820572	ABOVE HIGH
max_labor	400	cdr	40.420097398073096	6.415161499856488	within
max_labor	400	food_per_worker	5.462445141393296	-0.7252013024317847	
max_labor	400	food_security	0.9781635225818963	-0.0015280051002084516	
max_labor	400	food_share	34.70000000000001	0.0	ABOVE HIGH
max_labor	400	diet	0.7751712501540042	-0.12081345613839867	
max_labor	400	health	0.9699998108701284	-1.8912987143071547e-07	
max_labor	400	labor_efficiency	0.8630272395578311	-0.01944599876013653	
max_labor	400	cap_production	0.6406525412097765	-0.04818002102108898	
max_labor	400	craft_output	0.1204245964179664	-0.21485296401825846	
max_labor	400	tool_quality	0.09537604517464768	-0.1980205517975078	
max_labor	400	cap_infrastructure	0.6307429658013297	-0.05541987903240464	
max_labor	400	housing_ratio	1.0814392509032427	-0.001574251156947204	
max_labor	400	construction_rate	0.12182416577407879	-0.19803914426312036	
max_labor	400	cap_logistics	0.30194904206845113	-0.1448174998758222	
max_labor	400	trade_capacity	0.07951376313498473	-0.18639535688489864	
max_labor	400	ecology	0.7926666546509465	8.261720435365216e-05	
max_labor	400	ground_health	0.9640815473216147	0.191527315305406	
max_labor	400	cap_institutions	0.687832247963047	-0.07940776647941972	
max_labor	400	legitimacy	0.806274337517444	-0.0498729457739282	
max_labor	400	state_capacity	0.10226084050672968	-0.1617564603404838	
max_labor	400	cap_security	0.45790920222497505	-0.11892551041285065	
max_labor	400	warfare_readiness	0.04339563491451607	-0.24277534563912292	
max_labor	400	cap_culture	0.48810289545973506	-0.16381783270062256	
max_labor	400	cohesion	0.4661988797774469	-0.03633950376574935	
max_labor	400	known	126.75	-669.25	
max_labor	400	per_century	16.5	-41.0	
max_labor	400	per_50	2.243589743589744	-26.28205128205128	OUT OF BOUNDS
max_labor	400	education	0.7294284989889225	-0.07458179168591117	
max_labor	400	art_found	530.0	-39.0	
max_labor	400	art_studied	530.0	-39.0	
max_labor	400	art_bonus	0.22519999999999998	-0.02352499999999999	
max_labor	400	allure	0.5726205790919471	-0.032763566540124356	
max_labor	400	line_knowledge	5.25	0.0	
max_labor	400	line_institutions	1.5	-2.5	
max_labor	400	line_culture	0.0	-7.5	
max_labor	400	line_labor	5.0	-1.75	
max_labor	400	line_production	0.5	-4.0	
max_labor	400	line_infrastructure	2.25	-8.0	
max_labor	400	line_nutrition	0.25	-5.0	
max_labor	400	line_health	0.0	-2.75	
max_labor	400	line_demography	0.75	-0.5	
max_labor	400	line_logistics	1.0	-4.0	
max_labor	400	line_ecology	0.0	-1.0	
max_labor	400	line_security	0.0	-4.0	
max_labor	500	population	985.8918138451227	-2629.4072900957754	within
max_labor	500	growth_pct	0.4983000403136706	0.02062903497148383	within
max_labor	500	life_expectancy	25.841560849787143	-3.3118861951428045	within
max_labor	500	infant_mortality	242.62477706945143	55.94180879702046	within
max_labor	500	child_mortality_1_4	216.0452537184513	33.55590439477095	within
max_labor	500	maternal_per_100k	1577.8920699679222	602.3972361999776	within
max_labor	500	tfr	5.734122124023863	0.9016337793104192	within
max_labor	500	cbr	46.80589033446632	7.182196879815287	ABOVE HIGH
max_labor	500	cdr	41.345249448281166	5.3953020852102895	within
max_labor	500	food_per_worker	5.199436391127907	-0.904914283339358	
max_labor	500	food_security	0.973794078426315	-0.004800325327771748	
max_labor	500	food_share	34.70000000305355	3.0535431960743153e-09	ABOVE HIGH
max_labor	500	diet	0.7965860187174333	-0.0896607672378047	
max_labor	500	health	0.9697675426706029	-0.00023245732939691788	
max_labor	500	labor_efficiency	0.8736701835144939	-0.009466862180860458	
max_labor	500	cap_production	0.6442892911115541	-0.05731111782090337	
max_labor	500	craft_output	0.13506564269992208	-0.23651488688971337	
max_labor	500	tool_quality	0.09659169748571127	-0.2114507282320649	
max_labor	500	cap_infrastructure	0.6326189943116163	-0.06907715339398035	
max_labor	500	housing_ratio	1.0929947987424489	-0.006964979604721089	
max_labor	500	construction_rate	0.12461264492846634	-0.25247319631894555	
max_labor	500	cap_logistics	0.30462814966165297	-0.17311699456299467	
max_labor	500	trade_capacity	0.08052382974212832	-0.23376421999677913	
max_labor	500	ecology	0.7905192381774951	-0.0021473136985955543	
max_labor	500	ground_health	0.9063888055284	0.14148387404953466	
max_labor	500	cap_institutions	0.6913810534155447	-0.09185801267142313	
max_labor	500	legitimacy	0.803443644930872	-0.05637005965720765	
max_labor	500	state_capacity	0.1117053789777843	-0.2008943189809137	
max_labor	500	cap_security	0.4598889982480378	-0.13837728570535707	
max_labor	500	warfare_readiness	0.043173717382163065	-0.28112818158480607	
max_labor	500	cap_culture	0.49091656502359704	-0.16597048891155086	
max_labor	500	cohesion	0.4666984339979306	-0.0413187220794759	
max_labor	500	known	145.25	-742.25	
max_labor	500	per_century	7.0	-39.5	
max_labor	500	per_50	1.984126984126984	-35.31746031746032	OUT OF BOUNDS
max_labor	500	education	0.7322776957185743	-0.09047225168995032	
max_labor	500	art_found	530.0	-39.0	
max_labor	500	art_studied	530.0	-39.0	
max_labor	500	art_bonus	0.2471	-0.02410000000000001	
max_labor	500	allure	0.5731833130047194	-0.033194097782310195	
max_labor	500	line_knowledge	2.5	-4.5	
max_labor	500	line_institutions	1.0	-3.75	
max_labor	500	line_culture	0.0	-2.5	
max_labor	500	line_labor	2.75	-0.25	
max_labor	500	line_production	0.25	-4.0	
max_labor	500	line_infrastructure	0.0	-8.0	
max_labor	500	line_nutrition	0.5	-1.75	
max_labor	500	line_health	0.0	-3.0	
max_labor	500	line_demography	0.0	-1.0	
max_labor	500	line_logistics	0.0	-2.0	
max_labor	500	line_ecology	0.0	-5.25	
max_labor	500	line_security	0.0	-3.5	
max_labor	600	population	1324.9463195527014	-3728.9964349949005	within
max_labor	600	growth_pct	0.0065639328006433795	-0.4394635658731244	within
max_labor	600	life_expectancy	25.144303735381463	-4.2288636658096195	within
max_labor	600	infant_mortality	249.01722417412105	64.21449912195692	within
max_labor	600	child_mortality_1_4	222.24599563983128	41.130286536181245	within
max_labor	600	maternal_per_100k	1577.4923849413076	618.5231814030062	within
max_labor	600	tfr	5.731081104931945	0.9472980278417236	within
max_labor	600	cbr	46.18628425355836	8.045694599779672	ABOVE HIGH
max_labor	600	cdr	41.22069311572373	6.0351471953542415	within
max_labor	600	food_per_worker	4.850978709855582	-1.056910501095425	
max_labor	600	food_security	0.9394509612842019	-0.03836170356245672	
max_labor	600	food_share	34.70000000000001	0.0	ABOVE HIGH
max_labor	600	diet	0.7787187631875467	-0.08297452369514424	
max_labor	600	health	0.9622124952510706	-0.007787504748929308	
max_labor	600	labor_efficiency	0.8689601714685	-0.020408638489159747	
max_labor	600	cap_production	0.6454193518061095	-0.06037931585162348	
max_labor	600	craft_output	0.15876398395661265	-0.2696360160433874	
max_labor	600	tool_quality	0.09642678143288051	-0.2119732036118428	
max_labor	600	cap_infrastructure	0.6326429910942	-0.08430225698437122	
max_labor	600	housing_ratio	1.0916342346734362	0.003718897917246222	
max_labor	600	construction_rate	0.1247263210220482	-0.30367367897795183	
max_labor	600	cap_logistics	0.3045648687926764	-0.18012172460704923	
max_labor	600	trade_capacity	0.08685004227669665	-0.25712240688332244	
max_labor	600	ecology	0.7922468210417672	-0.0004198454654447126	
max_labor	600	ground_health	0.8986944793750534	0.151499526559693	
max_labor	600	cap_institutions	0.6916709017333877	-0.09609870392439412	
max_labor	600	legitimacy	0.7979724122820935	-0.06319828094858138	
max_labor	600	state_capacity	0.117440478978799	-0.21605946057883368	
max_labor	600	cap_security	0.4593307140102455	-0.1648060897101844	
max_labor	600	warfare_readiness	0.04308625364654026	-0.35353268577901664	
max_labor	600	cap_culture	0.48868461943108654	-0.17067732807891156	
max_labor	600	cohesion	0.46175355097865456	-0.04521038414206546	
max_labor	600	known	151.5	-804.75	
max_labor	600	per_century	1.5	-27.75	
max_labor	600	per_50	1.7543859649122806	-26.31578947368421	OUT OF BOUNDS
max_labor	600	education	0.7337893052386	-0.10104816165584951	
max_labor	600	art_found	530.0	-39.0	
max_labor	600	art_studied	530.0	-39.0	
max_labor	600	art_bonus	0.2601	-0.025499999999999967	
max_labor	600	allure	0.5727369238862173	-0.03413546561578229	
max_labor	600	line_knowledge	0.0	-4.0	
max_labor	600	line_institutions	0.0	-0.5	
max_labor	600	line_culture	0.0	-3.5	
max_labor	600	line_labor	1.5	0.5	
max_labor	600	line_production	0.0	-5.25	
max_labor	600	line_infrastructure	0.0	-2.0	
max_labor	600	line_nutrition	0.0	-1.0	
max_labor	600	line_health	0.0	-2.0	
max_labor	600	line_demography	0.0	-1.75	
max_labor	600	line_logistics	0.0	-2.5	
max_labor	600	line_ecology	0.0	-2.25	
max_labor	600	line_security	0.0	-3.5	
max_production	100	population	120.64126521985696	-94.93220916193766	within
max_production	100	growth_pct	0.19594557993142525	-0.8609485137780953	within
max_production	100	life_expectancy	23.89041072206379	-4.800768627556501	within
max_production	100	infant_mortality	258.90511004770786	64.05174077785716	within
max_production	100	child_mortality_1_4	232.32989102648486	45.39672794541235	within
max_production	100	maternal_per_100k	1597.3357307244803	492.9315698206808	within
max_production	100	tfr	5.706334810840567	-0.14397772396400388	within
max_production	100	cbr	46.44685070591119	1.3557858471928128	within
max_production	100	cdr	42.84267008826029	7.752364352252286	within
max_production	100	food_per_worker	5.517486412087962	-1.2321202609678146	
max_production	100	food_security	0.859258614411099	-0.12064062028943223	
max_production	100	food_share	36.11961288248309	1.4196128824830794	OUT OF BOUNDS
max_production	100	diet	0.7368759915638025	-0.09421560772799797	
max_production	100	health	0.9400349606972642	-0.02996503930273564	
max_production	100	labor_efficiency	0.8345293047837662	-0.025061712003302206	
max_production	100	cap_production	0.6187418445307501	-0.01676980236982295	
max_production	100	craft_output	0.16721064632090613	0.026170784355280807	
max_production	100	tool_quality	0.15968293556291183	0.03356403521798987	
max_production	100	cap_infrastructure	0.5957125384284211	-0.05093539111992129	
max_production	100	housing_ratio	1.1156819225050687	0.03465683158000399	
max_production	100	construction_rate	0.11943492527300448	-0.05199224072784836	
max_production	100	cap_logistics	0.32206011578027194	-0.03125531513856056	
max_production	100	trade_capacity	0.0713165805893861	-0.06886465361007511	
max_production	100	ecology	0.7948659738584998	0.002066332138048299	
max_production	100	ground_health	0.9963003673697739	0.010925059419836902	
max_production	100	cap_institutions	0.6459937437854334	-0.05532323724782651	
max_production	100	legitimacy	0.7560053049707712	-0.06434094671050583	
max_production	100	state_capacity	0.009622286903213501	-0.12121282072697788	
max_production	100	cap_security	0.4512214000563487	-0.05127267412325909	
max_production	100	warfare_readiness	0.06000870207771046	-0.07735403918902002	
max_production	100	cap_culture	0.4392892229798496	-0.17782406923736493	
max_production	100	cohesion	0.42317729450650576	-0.059068707202841075	
max_production	100	known	77.0	-254.25	
max_production	100	per_century	19.25	-139.75	
max_production	100	per_50	6.779661016949152	-54.23728813559322	OUT OF BOUNDS
max_production	100	education	0.7259779120902341	-0.01996647445459987	
max_production	100	art_found	399.25	-60.75	
max_production	100	art_studied	160.75	51.25	
max_production	100	art_bonus	0.16799999999999957	0.0	
max_production	100	allure	0.56285784459597	-0.03556481384747234	
max_production	100	line_knowledge	2.0	-8.25	
max_production	100	line_institutions	0.0	-12.25	
max_production	100	line_culture	0.0	-15.25	
max_production	100	line_labor	1.0	-11.25	
max_production	100	line_production	15.0	-0.25	
max_production	100	line_infrastructure	0.25	-14.75	
max_production	100	line_nutrition	0.0	-19.0	
max_production	100	line_health	0.0	-13.0	
max_production	100	line_demography	0.0	-13.0	
max_production	100	line_logistics	0.0	-11.75	
max_production	100	line_ecology	1.0	-11.0	
max_production	100	line_security	0.0	-10.0	
max_production	200	population	216.76051929910216	-382.7391554349116	within
max_production	200	growth_pct	0.7247542629677084	-0.08179171077160041	within
max_production	200	life_expectancy	25.16492563383929	-4.695193157095886	within
max_production	200	infant_mortality	247.1373525638632	65.07114806795161	within
max_production	200	child_mortality_1_4	220.8965403209053	44.853846571701894	within
max_production	200	maternal_per_100k	1602.1502605811427	532.6182725466806	within
max_production	200	tfr	6.0727503854640785	0.25839156766196947	within
max_production	200	cbr	47.894850429020096	3.9759090991175583	ABOVE HIGH
max_production	200	cdr	40.75361608759295	8.189111099488741	within
max_production	200	food_per_worker	5.4644587478163755	-1.338009200160852	
max_production	200	food_security	0.952238624003117	-0.027304013815824257	
max_production	200	food_share	34.70000000000001	0.0	OUT OF BOUNDS
max_production	200	diet	0.7734667454746934	-0.12669044076973535	
max_production	200	health	0.9623771570818795	-0.0076228429181203206	
max_production	200	labor_efficiency	0.8415356548844399	-0.021030587529098477	
max_production	200	cap_production	0.6200492306817406	-0.03125647243417551	
max_production	200	craft_output	0.18803582485568854	-0.03179490132871948	
max_production	200	tool_quality	0.17271639385587248	-0.014244182780135367	
max_production	200	cap_infrastructure	0.6280209091436633	-0.03162585207099233	
max_production	200	housing_ratio	1.0828882861791675	0.001896496212911547	
max_production	200	construction_rate	0.12085947051127477	-0.09333239954414196	
max_production	200	cap_logistics	0.30795091417595044	-0.07670120102933153	
max_production	200	trade_capacity	0.08247096012700712	-0.12491715146452613	
max_production	200	ecology	0.7927889509029111	0.00012209950395536406	
max_production	200	ground_health	0.9961928534991785	0.0896898849938984	
max_production	200	cap_institutions	0.6600875165890617	-0.0743505021205072	
max_production	200	legitimacy	0.787957705737824	-0.05303201488869258	
max_production	200	state_capacity	0.0236878408130625	-0.16343713993694392	
max_production	200	cap_security	0.45929560459881186	-0.07720815532003306	
max_production	200	warfare_readiness	0.0708820682992491	-0.14908761952542543	
max_production	200	cap_culture	0.4626380905638033	-0.17216541413203873	
max_production	200	cohesion	0.44563800704551987	-0.04389130718006751	
max_production	200	known	99.25	-462.75	
max_production	200	per_century	10.25	-63.5	
max_production	200	per_50	3.488372093023256	-24.709302325581397	OUT OF BOUNDS
max_production	200	education	0.7302596816885512	-0.038803895435119085	
max_production	200	art_found	515.0	-52.25	
max_production	200	art_studied	396.75	-30.25	
max_production	200	art_bonus	0.1929	-0.00510000000000102	
max_production	200	allure	0.5675276181127606	-0.03443308282640767	
max_production	200	line_knowledge	0.0	-9.0	
max_production	200	line_institutions	0.0	-5.0	
max_production	200	line_culture	0.0	-3.25	
max_production	200	line_labor	0.5	-4.0	
max_production	200	line_production	5.5	-9.0	
max_production	200	line_infrastructure	0.0	-4.25	
max_production	200	line_nutrition	4.25	-6.0	
max_production	200	line_health	0.0	-4.25	
max_production	200	line_demography	0.0	-3.0	
max_production	200	line_logistics	0.0	-4.0	
max_production	200	line_ecology	0.0	-6.5	
max_production	200	line_security	0.0	-5.25	
max_production	300	population	420.94220805985674	-1074.6249421920768	within
max_production	300	growth_pct	0.7296756390828718	0.14812925416415879	within
max_production	300	life_expectancy	26.395723409923043	-3.35370925617066	within
max_production	300	infant_mortality	236.10606079012697	53.266133885467326	within
max_production	300	child_mortality_1_4	210.10689887841733	32.930687672914246	within
max_production	300	maternal_per_100k	1602.5487552809705	551.6648660840351	within
max_production	300	tfr	5.948618170293124	0.4851050262128851	within
max_production	300	cbr	47.03272607709674	-0.6531295896712095	ABOVE HIGH
max_production	300	cdr	39.77557805176835	2.230177237804476	within
max_production	300	food_per_worker	5.549627325235397	-0.8458665326280812	
max_production	300	food_security	0.9764259858615214	-0.0029092167628954613	
max_production	300	food_share	34.70000000000001	0.0	OUT OF BOUNDS
max_production	300	diet	0.7901111971841062	-0.1260531380712261	
max_production	300	health	0.9699999999999999	0.0	
max_production	300	labor_efficiency	0.8484790549255367	-0.027496803072619036	
max_production	300	cap_production	0.6295479433761789	-0.03834253288417233	
max_production	300	craft_output	0.21812806264878398	-0.04895333078022479	
max_production	300	tool_quality	0.20990280478040269	-0.009529170552560917	
max_production	300	cap_infrastructure	0.6280296204354575	-0.0456733965534476	
max_production	300	housing_ratio	1.083914350098916	-0.004661408196174666	
max_production	300	construction_rate	0.12089790257446534	-0.1533351518323177	
max_production	300	cap_logistics	0.3102336517527805	-0.11004082032585455	
max_production	300	trade_capacity	0.08819694999513208	-0.14085294904888324	
max_production	300	ecology	0.7926670281213187	3.6119801727352296e-07	
max_production	300	ground_health	0.9863351616327465	0.16159485846359478	
max_production	300	cap_institutions	0.6772981641259541	-0.07517432341592711	
max_production	300	legitimacy	0.8021724026517048	-0.0476092229857088	
max_production	300	state_capacity	0.06280073381143145	-0.16198233471004514	
max_production	300	cap_security	0.46382063224430264	-0.09469309689216138	
max_production	300	warfare_readiness	0.0730314483374484	-0.17383426747976236	
max_production	300	cap_culture	0.47527558313267815	-0.16897645290456031	
max_production	300	cohesion	0.45700797816051775	-0.04034348296972701	
max_production	300	known	124.5	-556.0	
max_production	300	per_century	13.0	-34.5	
max_production	300	per_50	2.5316455696202533	-21.20253164556962	OUT OF BOUNDS
max_production	300	education	0.7411822562805566	-0.04724225336301324	
max_production	300	art_found	531.75	-37.25	
max_production	300	art_studied	531.75	-37.25	
max_production	300	art_bonus	0.21285	-0.009112499999999996	
max_production	300	allure	0.5700551166265356	-0.03379529058091202	
max_production	300	line_knowledge	0.75	-3.75	
max_production	300	line_institutions	1.0	-3.0	
max_production	300	line_culture	5.0	0.75	
max_production	300	line_labor	0.75	-0.25	
max_production	300	line_production	4.5	-0.5	
max_production	300	line_infrastructure	0.0	-8.5	
max_production	300	line_nutrition	0.0	-5.0	
max_production	300	line_health	1.0	-2.0	
max_production	300	line_demography	0.0	0.0	
max_production	300	line_logistics	0.0	-6.5	
max_production	300	line_ecology	0.0	-3.0	
max_production	300	line_security	0.0	-2.75	
max_production	400	population	542.9018455772792	-2198.5477654219785	within
max_production	400	growth_pct	0.2695046828129877	-0.5168596190721131	within
max_production	400	life_expectancy	26.447718610458132	-2.888148338610513	within
max_production	400	infant_mortality	235.63645457264832	50.5999767206564	within
max_production	400	child_mortality_1_4	209.6391786243366	28.931194689407818	within
max_production	400	maternal_per_100k	1602.5405996718166	610.078034294735	within
max_production	400	tfr	5.847763664352239	0.6373267769515651	within
max_production	400	cbr	45.91231210363244	5.199974988242566	within
max_production	400	cdr	39.16077825960802	5.155842361391414	within
max_production	400	food_per_worker	5.341623049791465	-0.8460233940336153	
max_production	400	food_security	0.9775741126321992	-0.002117415049905591	
max_production	400	food_share	34.70000000000001	0.0	ABOVE HIGH
max_production	400	diet	0.796831251777455	-0.09915345451494795	
max_production	400	health	0.9699999999999999	0.0	
max_production	400	labor_efficiency	0.8485711035209083	-0.03390213479705939	
max_production	400	cap_production	0.6403058291176255	-0.04852673311324007	
max_production	400	craft_output	0.23571383167468146	-0.0995637287615434	
max_production	400	tool_quality	0.2837947677448447	-0.009601829227310787	
max_production	400	cap_infrastructure	0.6286635467340935	-0.05749929809964083	
max_production	400	housing_ratio	1.0820342711030877	-0.000979230957102173	
max_production	400	construction_rate	0.12477788601084262	-0.19508542402635654	
max_production	400	cap_logistics	0.3102656770594891	-0.13650086488478425	
max_production	400	trade_capacity	0.10603891183655659	-0.15987020818332678	
max_production	400	ecology	0.7926666671688083	8.262972221539933e-05	
max_production	400	ground_health	0.9668180752122696	0.19426384319606094	
max_production	400	cap_institutions	0.6777859997866214	-0.08945401465584535	
max_production	400	legitimacy	0.8032113916024006	-0.052935891688971615	
max_production	400	state_capacity	0.06404792250018128	-0.1999693783470322	
max_production	400	cap_security	0.46703409350860603	-0.10980061912921968	
max_production	400	warfare_readiness	0.08767115340446935	-0.19849982714916964	
max_production	400	cap_culture	0.4788933379885857	-0.17302739017177193	
max_production	400	cohesion	0.45729226920684035	-0.04524611433635589	
max_production	400	known	136.25	-659.75	
max_production	400	per_century	4.75	-52.75	
max_production	400	per_50	2.5641025641025643	-25.96153846153846	OUT OF BOUNDS
max_production	400	education	0.7439231473660859	-0.06008714330874776	
max_production	400	art_found	531.75	-37.25	
max_production	400	art_studied	531.75	-37.25	
max_production	400	art_bonus	0.2393	-0.009424999999999961	
max_production	400	allure	0.5707786675977171	-0.03460547803435432	
max_production	400	line_knowledge	0.0	-5.25	
max_production	400	line_institutions	0.0	-4.0	
max_production	400	line_culture	0.0	-7.5	
max_production	400	line_labor	0.0	-6.75	
max_production	400	line_production	4.75	0.25	
max_production	400	line_infrastructure	0.0	-10.25	
max_production	400	line_nutrition	0.0	-5.25	
max_production	400	line_health	0.0	-2.75	
max_production	400	line_demography	0.0	-1.25	
max_production	400	line_logistics	0.0	-5.0	
max_production	400	line_ecology	0.0	-1.0	
max_production	400	line_security	0.0	-4.0	
max_production	500	population	866.0138597147245	-2749.2852442261737	within
max_production	500	growth_pct	0.6935869872711387	0.2159159819289519	within
max_production	500	life_expectancy	25.801378122766124	-3.3520689221638236	within
max_production	500	infant_mortality	241.45709270223205	54.77412442980108	within
max_production	500	child_mortality_1_4	215.33643527029588	32.84708594661552	within
max_production	500	maternal_per_100k	1602.5375641849896	627.0427304170449	within
max_production	500	tfr	5.810802513797262	0.9783141690838182	within
max_production	500	cbr	45.967084800416885	6.343391345765852	within
max_production	500	cdr	39.659257796632176	3.709310433561299	within
max_production	500	food_per_worker	5.103867291384845	-1.00048338308242	
max_production	500	food_security	0.9531923072518736	-0.025402096502213145	
max_production	500	food_share	36.69043393866693	1.9904339386669179	ABOVE HIGH
max_production	500	diet	0.7955521622690798	-0.09069462368615822	
max_production	500	health	0.9662103661768141	-0.0037896338231857563	
max_production	500	labor_efficiency	0.8338154440411438	-0.04932160165421051	
max_production	500	cap_production	0.6414432373731999	-0.060157171559257594	
max_production	500	craft_output	0.24846460911614587	-0.12311592047348957	
max_production	500	tool_quality	0.2943080598806115	-0.013734365837164697	
max_production	500	cap_infrastructure	0.6288447884254493	-0.0728513592801473	
max_production	500	housing_ratio	1.085919037884663	-0.014040740462506918	
max_production	500	construction_rate	0.12559469751677538	-0.2514911437306365	
max_production	500	cap_logistics	0.31702776363801893	-0.1607173805866287	
max_production	500	trade_capacity	0.12096220931336517	-0.1933258404255423	
max_production	500	ecology	0.7930484915608766	0.000381939684785948	
max_production	500	ground_health	0.9262252348354996	0.16132030335663428	
max_production	500	cap_institutions	0.669553522977246	-0.11368554310972179	
max_production	500	legitimacy	0.7893245719006202	-0.07048913268745938	
max_production	500	state_capacity	0.06681540595617341	-0.2457842920025246	
max_production	500	cap_security	0.46270995078363764	-0.13555633316975724	
max_production	500	warfare_readiness	0.0916543381378619	-0.23264756082910726	
max_production	500	cap_culture	0.47109266705809383	-0.18579438687705407	
max_production	500	cohesion	0.44413844867093033	-0.06387870740647617	
max_production	500	known	151.0	-736.5	
max_production	500	per_century	8.5	-38.0	
max_production	500	per_50	3.1746031746031744	-34.12698412698413	OUT OF BOUNDS
max_production	500	education	0.7482058502117249	-0.07454409719679966	
max_production	500	art_found	531.75	-37.25	
max_production	500	art_studied	531.75	-37.25	
max_production	500	art_bonus	0.2601	-0.011099999999999999	
max_production	500	allure	0.5692185334116188	-0.03715887737541079	
max_production	500	line_knowledge	0.0	-7.0	
max_production	500	line_institutions	0.0	-4.75	
max_production	500	line_culture	0.0	-2.5	
max_production	500	line_labor	0.0	-3.0	
max_production	500	line_production	4.5	0.25	
max_production	500	line_infrastructure	0.0	-8.0	
max_production	500	line_nutrition	0.0	-2.25	
max_production	500	line_health	0.0	-3.0	
max_production	500	line_demography	0.0	-1.0	
max_production	500	line_logistics	0.0	-2.0	
max_production	500	line_ecology	4.0	-1.25	
max_production	500	line_security	0.0	-3.5	
max_production	600	population	1086.9926935185408	-3966.950061029061	within
max_production	600	growth_pct	-0.12837156340757272	-0.5743990620813405	within
max_production	600	life_expectancy	26.180234389316468	-3.192933011874615	within
max_production	600	infant_mortality	237.89885704662782	53.09613199446369	within
max_production	600	child_mortality_1_4	211.9409434828312	30.825234379181154	within
max_production	600	maternal_per_100k	1602.5322739511255	643.5630704128241	within
max_production	600	tfr	5.73340205308863	0.9496189759984093	within
max_production	600	cbr	45.74926415363157	7.6086744998528815	within
max_production	600	cdr	40.21156873047168	5.026022810102191	within
max_production	600	food_per_worker	4.91095635533919	-0.9969328556118171	
max_production	600	food_security	0.9704925963562064	-0.007320068490452192	
max_production	600	food_share	34.70000000000001	0.0	ABOVE HIGH
max_production	600	diet	0.7911906551312334	-0.07050263175145755	
max_production	600	health	0.9699999999984015	-1.5983880885528379e-12	
max_production	600	labor_efficiency	0.8507377346307424	-0.03863107532691734	
max_production	600	cap_production	0.6422916541453727	-0.06350701351236032	
max_production	600	craft_output	0.2605611756023238	-0.16783882439767622	
max_production	600	tool_quality	0.2947413552416477	-0.01365862980307564	
max_production	600	cap_infrastructure	0.6306305187838781	-0.08631472929469308	
max_production	600	housing_ratio	1.082950105564651	-0.00496523119153891	
max_production	600	construction_rate	0.12897207734815086	-0.29942792265184914	
max_production	600	cap_logistics	0.31106498303089103	-0.1736216103688346	
max_production	600	trade_capacity	0.13172272112829628	-0.2122497280317228	
max_production	600	ecology	0.792754064767982	8.73982607700885e-05	
max_production	600	ground_health	0.9092830130104799	0.16208806019511945	
max_production	600	cap_institutions	0.6789108458687104	-0.10885875978907145	
max_production	600	legitimacy	0.7996921024660028	-0.0614785907646721	
max_production	600	state_capacity	0.06705894728904292	-0.26644099226858975	
max_production	600	cap_security	0.46868273301203617	-0.15545407070839373	
max_production	600	warfare_readiness	0.09190622437277353	-0.30471271505278336	
max_production	600	cap_culture	0.481297869514249	-0.17806407799574908	
max_production	600	cohesion	0.45412900936230866	-0.052834925758411366	
max_production	600	known	162.0	-794.25	
max_production	600	per_century	6.5	-22.75	
max_production	600	per_50	7.017543859649122	-21.052631578947366	OUT OF BOUNDS
max_production	600	education	0.7495038035849478	-0.08533366330950165	
max_production	600	art_found	531.75	-37.25	
max_production	600	art_studied	531.75	-37.25	
max_production	600	art_bonus	0.28019999999999995	-0.005400000000000016	
max_production	600	allure	0.5712595739028499	-0.03561281559914975	
max_production	600	line_knowledge	0.0	-4.0	
max_production	600	line_institutions	0.0	-0.5	
max_production	600	line_culture	0.0	-3.5	
max_production	600	line_labor	0.0	-1.0	
max_production	600	line_production	4.5	-0.75	
max_production	600	line_infrastructure	2.0	0.0	
max_production	600	line_nutrition	0.0	-1.0	
max_production	600	line_health	0.0	-2.0	
max_production	600	line_demography	0.0	-1.75	
max_production	600	line_logistics	0.0	-2.5	
max_production	600	line_ecology	0.0	-2.25	
max_production	600	line_security	0.0	-3.5	
max_infrastructure	100	population	123.72200243414662	-91.85147194764801	within
max_infrastructure	100	growth_pct	0.2217906348803922	-0.8351034588291284	within
max_infrastructure	100	life_expectancy	23.999350728934637	-4.691828620685655	within
max_infrastructure	100	infant_mortality	258.10848547291096	63.255116203060254	within
max_infrastructure	100	child_mortality_1_4	231.75409139913222	44.820928318059714	within
max_infrastructure	100	maternal_per_100k	1588.2476717905972	483.84351088679773	within
max_infrastructure	100	tfr	5.705195622225121	-0.14511691257945003	within
max_infrastructure	100	cbr	46.39812697946725	1.3070621207488742	within
max_infrastructure	100	cdr	42.49948277121571	7.409177035207705	within
max_infrastructure	100	food_per_worker	5.486426050077586	-1.2631806229781901	
max_infrastructure	100	food_security	0.8559169415639873	-0.12398229313654385	
max_infrastructure	100	food_share	36.144126097864635	1.4441260978646255	OUT OF BOUNDS
max_infrastructure	100	diet	0.7190040973254465	-0.11208750196635398	
max_infrastructure	100	health	0.9610745352572095	-0.008925464742790323	
max_infrastructure	100	labor_efficiency	0.8423282543926571	-0.01726276239441127	
max_infrastructure	100	cap_production	0.6154564297657308	-0.020055217134842263	
max_infrastructure	100	craft_output	0.059641001447537846	-0.08139886051808748	
max_infrastructure	100	tool_quality	0.0921515047121545	-0.03396739563276746	
max_infrastructure	100	cap_infrastructure	0.6095405395730392	-0.03710738997530316	
max_infrastructure	100	housing_ratio	1.1052865996666574	0.02426150874159272	
max_infrastructure	100	construction_rate	0.15324298864529454	-0.0181841773555583	
max_infrastructure	100	cap_logistics	0.3296592670306816	-0.023656163888150894	
max_infrastructure	100	trade_capacity	0.017332246204655632	-0.12284898799480558	
max_infrastructure	100	ecology	0.795005393971467	0.0022057522510154914	
max_infrastructure	100	ground_health	0.9960472973755735	0.010671989425636519	
max_infrastructure	100	cap_institutions	0.6536249949031292	-0.047691986130130704	
max_infrastructure	100	legitimacy	0.7598477217716387	-0.06049852990963833	
max_infrastructure	100	state_capacity	0.034846221307382234	-0.09598888632280914	
max_infrastructure	100	cap_security	0.4519901165525113	-0.050503957627096474	
max_infrastructure	100	warfare_readiness	0.047098446453843416	-0.09026429481288706	
max_infrastructure	100	cap_culture	0.4447423060896367	-0.17237098612757784	
max_infrastructure	100	cohesion	0.4254089098092684	-0.05683709190007846	
max_infrastructure	100	known	72.5	-258.75	
max_infrastructure	100	per_century	27.0	-132.0	
max_infrastructure	100	per_50	4.237288135593221	-56.779661016949156	OUT OF BOUNDS
max_infrastructure	100	education	0.7108216356685526	-0.03512275087628136	
max_infrastructure	100	art_found	395.25	-64.75	
max_infrastructure	100	art_studied	158.0	48.5	
max_infrastructure	100	art_bonus	0.16799999999999957	0.0	
max_infrastructure	100	allure	0.5639484612179274	-0.034474197225514924	
max_infrastructure	100	line_knowledge	4.0	-6.25	
max_infrastructure	100	line_institutions	1.0	-11.25	
max_infrastructure	100	line_culture	1.0	-14.25	
max_infrastructure	100	line_labor	8.5	-3.75	
max_infrastructure	100	line_production	0.0	-15.25	
max_infrastructure	100	line_infrastructure	8.0	-7.0	
max_infrastructure	100	line_nutrition	0.0	-19.0	
max_infrastructure	100	line_health	0.0	-13.0	
max_infrastructure	100	line_demography	0.0	-13.0	
max_infrastructure	100	line_logistics	3.0	-8.75	
max_infrastructure	100	line_ecology	0.0	-12.0	
max_infrastructure	100	line_security	1.5	-8.5	
max_infrastructure	200	population	197.8743772281473	-401.62529750586646	within
max_infrastructure	200	growth_pct	0.4925832873677427	-0.3139626863715661	within
max_infrastructure	200	life_expectancy	24.769275835714254	-5.090842955220921	within
max_infrastructure	200	infant_mortality	249.69188138587202	67.62567688996043	within
max_infrastructure	200	child_mortality_1_4	223.5666631517445	47.5239694025411	within
max_infrastructure	200	maternal_per_100k	1586.4205729689204	516.8885849344583	within
max_infrastructure	200	tfr	5.873285590373335	0.05892677257122614	within
max_infrastructure	200	cbr	47.75643526796989	3.837493938067354	ABOVE HIGH
max_infrastructure	200	cdr	42.199197617014335	9.634692628910123	within
max_infrastructure	200	food_per_worker	5.16545256419564	-1.6370153837815877	
max_infrastructure	200	food_security	0.8201392718666711	-0.15940336595227012	
max_infrastructure	200	food_share	37.61765217359483	2.917652173594817	ABOVE HIGH
max_infrastructure	200	diet	0.7368209743137237	-0.16333621193070502	
max_infrastructure	200	health	0.9455496035649168	-0.024450396435083066	
max_infrastructure	200	labor_efficiency	0.8266404623490191	-0.0359257800645193	
max_infrastructure	200	cap_production	0.6124592855794844	-0.0388464175364317	
max_infrastructure	200	craft_output	0.0991602092155111	-0.12067051696889693	
max_infrastructure	200	tool_quality	0.11320548113612301	-0.07375509549988483	
max_infrastructure	200	cap_infrastructure	0.6510185756750229	-0.008628185539632738	
max_infrastructure	200	housing_ratio	1.0923812860984523	0.011389496132196308	
max_infrastructure	200	construction_rate	0.19066371460195564	-0.023528155453461097	
max_infrastructure	200	cap_logistics	0.3320992973134675	-0.052552817891814485	
max_infrastructure	200	trade_capacity	0.07737426397045696	-0.1300138476210763	
max_infrastructure	200	ecology	0.7971312038486332	0.004464352449677467	
max_infrastructure	200	ground_health	0.9726576778192174	0.0661547093139373	
max_infrastructure	200	cap_institutions	0.6575365418347633	-0.07690147687480564	
max_infrastructure	200	legitimacy	0.7455397668130528	-0.09544995381346377	
max_infrastructure	200	state_capacity	0.062261190930585186	-0.12486378981942123	
max_infrastructure	200	cap_security	0.44703167906380054	-0.08947208085504438	
max_infrastructure	200	warfare_readiness	0.05360438667627389	-0.16636530114840065	
max_infrastructure	200	cap_culture	0.4369888624456531	-0.1978146422501889	
max_infrastructure	200	cohesion	0.409789350476514	-0.07973996374907338	
max_infrastructure	200	known	103.5	-458.5	
max_infrastructure	200	per_century	9.0	-64.75	
max_infrastructure	200	per_50	2.0348837209302326	-26.16279069767442	OUT OF BOUNDS
max_infrastructure	200	education	0.729375772611095	-0.03968780451257525	
max_infrastructure	200	art_found	516.5	-50.75	
max_infrastructure	200	art_studied	397.5	-29.5	
max_infrastructure	200	art_bonus	0.1836	-0.014400000000000995	
max_infrastructure	200	allure	0.5623977724891306	-0.039562928450037727	
max_infrastructure	200	line_knowledge	0.0	-9.0	
max_infrastructure	200	line_institutions	0.5	-4.5	
max_infrastructure	200	line_culture	0.0	-3.25	
max_infrastructure	200	line_labor	0.25	-4.25	
max_infrastructure	200	line_production	3.0	-11.5	
max_infrastructure	200	line_infrastructure	4.25	0.0	
max_infrastructure	200	line_nutrition	0.0	-10.25	
max_infrastructure	200	line_health	0.0	-4.25	
max_infrastructure	200	line_demography	0.0	-3.0	
max_infrastructure	200	line_logistics	0.0	-4.0	
max_infrastructure	200	line_ecology	1.0	-5.5	
max_infrastructure	200	line_security	0.0	-5.25	
max_infrastructure	300	population	281.55041966661406	-1214.0167305853195	within
max_infrastructure	300	growth_pct	0.47100994585108635	-0.11053643906762667	within
max_infrastructure	300	life_expectancy	26.424217745694328	-3.3252149203993753	within
max_infrastructure	300	infant_mortality	235.42916249267554	52.589235588015896	within
max_infrastructure	300	child_mortality_1_4	209.66270299808582	32.48649179258274	within
max_infrastructure	300	maternal_per_100k	1586.5394335880712	535.6555443911359	within
max_infrastructure	300	tfr	6.133704308999633	0.6701911649193937	within
max_infrastructure	300	cbr	49.98863401460024	2.3027783478322874	ABOVE HIGH
max_infrastructure	300	cdr	41.15571131043343	3.610310496469559	within
max_infrastructure	300	food_per_worker	5.56224108946582	-0.8332527683976583	
max_infrastructure	300	food_security	0.9760557989819905	-0.003279403642426404	
max_infrastructure	300	food_share	34.70000000000001	0.0	OUT OF BOUNDS
max_infrastructure	300	diet	0.7754814420956163	-0.14068289315971594	
max_infrastructure	300	health	0.9699999999999999	0.0	
max_infrastructure	300	labor_efficiency	0.8461513217291676	-0.029824536268988067	
max_infrastructure	300	cap_production	0.6166885878079205	-0.05120188845243079	
max_infrastructure	300	craft_output	0.1330777072268164	-0.13400368620219238	
max_infrastructure	300	tool_quality	0.1313529753617757	-0.0880789999711879	
max_infrastructure	300	cap_infrastructure	0.6620020588485557	-0.011700958140349438	
max_infrastructure	300	housing_ratio	1.0812585400271788	-0.0073172182679117626	
max_infrastructure	300	construction_rate	0.2448687022418329	-0.02936435216495012	
max_infrastructure	300	cap_logistics	0.34384352968044585	-0.0764309423981892	
max_infrastructure	300	trade_capacity	0.07905190607204725	-0.14999799297196809	
max_infrastructure	300	ecology	0.7932599262379607	0.0005932593146592557	
max_infrastructure	300	ground_health	0.9981097786061193	0.17336947543696757	
max_infrastructure	300	cap_institutions	0.6774465932730278	-0.07502589426885342	
max_infrastructure	300	legitimacy	0.8028501377882402	-0.04693148784917334	
max_infrastructure	300	state_capacity	0.0665034167949526	-0.15827965172652397	
max_infrastructure	300	cap_security	0.4664474951649329	-0.09206623397153113	
max_infrastructure	300	warfare_readiness	0.06612320598415473	-0.180742509833056	
max_infrastructure	300	cap_culture	0.4805021559777119	-0.16374988005952656	
max_infrastructure	300	cohesion	0.45838811309595184	-0.03896334803429291	
max_infrastructure	300	known	140.75	-539.75	
max_infrastructure	300	per_century	15.25	-32.25	
max_infrastructure	300	per_50	3.4810126582278484	-20.253164556962027	OUT OF BOUNDS
max_infrastructure	300	education	0.7346396676854319	-0.05378484195813793	
max_infrastructure	300	art_found	532.25	-36.75	
max_infrastructure	300	art_studied	532.25	-36.75	
max_infrastructure	300	art_bonus	0.21150000000000002	-0.010462499999999986	
max_infrastructure	300	allure	0.5711004311955423	-0.032749976011905324	
max_infrastructure	300	line_knowledge	0.5	-4.0	
max_infrastructure	300	line_institutions	0.0	-4.0	
max_infrastructure	300	line_culture	0.0	-4.25	
max_infrastructure	300	line_labor	0.5	-0.5	
max_infrastructure	300	line_production	1.0	-4.0	
max_infrastructure	300	line_infrastructure	6.75	-1.75	
max_infrastructure	300	line_nutrition	1.25	-3.75	
max_infrastructure	300	line_health	0.0	-3.0	
max_infrastructure	300	line_demography	0.0	0.0	
max_infrastructure	300	line_logistics	5.25	-1.25	
max_infrastructure	300	line_ecology	0.0	-3.0	
max_infrastructure	300	line_security	0.0	-2.75	
max_infrastructure	400	population	559.8814239431763	-2181.5681870560816	within
max_infrastructure	400	growth_pct	0.6113040883115817	-0.17506021357351909	within
max_infrastructure	400	life_expectancy	26.73192386286396	-2.6039430862046835	within
max_infrastructure	400	infant_mortality	231.75767863583053	46.72120078383861	within
max_infrastructure	400	child_mortality_1_4	206.3959793834676	25.6879954485388	within
max_infrastructure	400	maternal_per_100k	1586.5166060724396	594.0540406953579	within
max_infrastructure	400	tfr	5.8618352682239445	0.6513983808232711	within
max_infrastructure	400	cbr	47.79489317083082	7.082556055440946	ABOVE HIGH
max_infrastructure	400	cdr	40.30832143957133	6.3033855413547215	within
max_infrastructure	400	food_per_worker	5.324810976034715	-0.862835467790366	
max_infrastructure	400	food_security	0.9774607559449177	-0.0022307717371871094	
max_infrastructure	400	food_share	34.70000000000001	0.0	ABOVE HIGH
max_infrastructure	400	diet	0.7888275559750888	-0.1071571503173141	
max_infrastructure	400	health	0.9699999999999999	0.0	
max_infrastructure	400	labor_efficiency	0.8526742561980736	-0.02979898211989407	
max_infrastructure	400	cap_production	0.6186863609071378	-0.07014620132372773	
max_infrastructure	400	craft_output	0.15051907652289792	-0.18475848391332694	
max_infrastructure	400	tool_quality	0.13438264731097382	-0.15901394966118165	
max_infrastructure	400	cap_infrastructure	0.6698637476471506	-0.016299097186583733	
max_infrastructure	400	housing_ratio	1.086387185462535	0.003373683402345229	
max_infrastructure	400	construction_rate	0.26884764577980663	-0.05101566425739251	
max_infrastructure	400	cap_logistics	0.3693977343329188	-0.07736880761135456	
max_infrastructure	400	trade_capacity	0.0947150163558114	-0.17119410366407198	
max_infrastructure	400	ecology	0.792667490837784	8.345339119109063e-05	
max_infrastructure	400	ground_health	0.9654802947547014	0.19292606273849278	
max_infrastructure	400	cap_institutions	0.6819854227032652	-0.08525459173920147	
max_infrastructure	400	legitimacy	0.8065393287259726	-0.04960795456539968	
max_infrastructure	400	state_capacity	0.06944565332021234	-0.19457164752700112	
max_infrastructure	400	cap_security	0.4744507518362773	-0.10238396080154843	
max_infrastructure	400	warfare_readiness	0.07418171495228162	-0.21198926560135736	
max_infrastructure	400	cap_culture	0.4863891655627284	-0.16553156259762924	
max_infrastructure	400	cohesion	0.46260767428689076	-0.039930709256305486	
max_infrastructure	400	known	170.75	-625.25	
max_infrastructure	400	per_century	14.0	-43.5	
max_infrastructure	400	per_50	2.8846153846153846	-25.641025641025642	OUT OF BOUNDS
max_infrastructure	400	education	0.7402690685513917	-0.06374122212344191	
max_infrastructure	400	art_found	532.75	-36.25	
max_infrastructure	400	art_studied	532.75	-36.25	
max_infrastructure	400	art_bonus	0.23475	-0.013974999999999987	
max_infrastructure	400	allure	0.5722778331125457	-0.03310631251952578	
max_infrastructure	400	line_knowledge	1.0	-4.25	
max_infrastructure	400	line_institutions	0.0	-4.0	
max_infrastructure	400	line_culture	1.0	-6.5	
max_infrastructure	400	line_labor	0.0	-6.75	
max_infrastructure	400	line_production	2.75	-1.75	
max_infrastructure	400	line_infrastructure	8.0	-2.25	
max_infrastructure	400	line_nutrition	0.25	-5.0	
max_infrastructure	400	line_health	0.0	-2.75	
max_infrastructure	400	line_demography	0.0	-1.25	
max_infrastructure	400	line_logistics	1.0	-4.0	
max_infrastructure	400	line_ecology	0.0	-1.0	
max_infrastructure	400	line_security	0.0	-4.0	
max_infrastructure	500	population	916.8998226135836	-2698.3992813273144	within
max_infrastructure	500	growth_pct	0.5427886446245145	0.06511763928232772	within
max_infrastructure	500	life_expectancy	26.75179320208523	-2.4016538428447163	within
max_infrastructure	500	infant_mortality	231.27938616003337	44.5964178876024	within
max_infrastructure	500	child_mortality_1_4	206.05965296963754	23.570303645957182	within
max_infrastructure	500	maternal_per_100k	1585.9370550054362	610.4422212374915	within
max_infrastructure	500	tfr	5.607793406707094	0.7753050619936497	within
max_infrastructure	500	cbr	45.27365734576582	5.649963891114787	within
max_infrastructure	500	cdr	39.762284820254905	3.8123374571840287	within
max_infrastructure	500	food_per_worker	5.315639903454509	-0.7887107710127559	
max_infrastructure	500	food_security	0.9754825971174506	-0.0031118066366362385	
max_infrastructure	500	food_share	34.70000000000001	0.0	ABOVE HIGH
max_infrastructure	500	diet	0.7982208872251539	-0.08802589873008404	
max_infrastructure	500	health	0.9699999999999999	0.0	
max_infrastructure	500	labor_efficiency	0.8499933933114991	-0.03314365238385519	
max_infrastructure	500	cap_production	0.6224509832657045	-0.07914942566675298	
max_infrastructure	500	craft_output	0.15955345290521208	-0.21202707668442336	
max_infrastructure	500	tool_quality	0.14403257339228134	-0.16400985232549484	
max_infrastructure	500	cap_infrastructure	0.6734355465814934	-0.028260601124103224	
max_infrastructure	500	housing_ratio	1.0877415511525736	-0.01221822719459631	
max_infrastructure	500	construction_rate	0.27765142631957335	-0.09943441492783855	
max_infrastructure	500	cap_logistics	0.38553398371359715	-0.0922111605110505	
max_infrastructure	500	trade_capacity	0.10162000402027929	-0.21266804571862816	
max_infrastructure	500	ecology	0.7926561915196162	-1.0360356474503618e-05	
max_infrastructure	500	ground_health	0.9170968407154395	0.15219190923657422	
max_infrastructure	500	cap_institutions	0.6850258594332048	-0.09821320665376299	
max_infrastructure	500	legitimacy	0.8059045999944323	-0.05390910459364728	
max_infrastructure	500	state_capacity	0.07461621530081142	-0.2379834826578866	
max_infrastructure	500	cap_security	0.47896362874942594	-0.11930265520396893	
max_infrastructure	500	warfare_readiness	0.07697423136562337	-0.24732766760134578	
max_infrastructure	500	cap_culture	0.48846174339807524	-0.16842531053707266	
max_infrastructure	500	cohesion	0.46268016432208425	-0.04533699175532224	
max_infrastructure	500	known	190.25	-697.25	
max_infrastructure	500	per_century	7.75	-38.75	
max_infrastructure	500	per_50	3.1746031746031744	-34.12698412698413	OUT OF BOUNDS
max_infrastructure	500	education	0.7495680349131995	-0.07318191249532513	
max_infrastructure	500	art_found	532.75	-36.25	
max_infrastructure	500	art_studied	532.75	-36.25	
max_infrastructure	500	art_bonus	0.250675	-0.020525000000000015	
max_infrastructure	500	allure	0.5726923486796152	-0.0336850621074144	
max_infrastructure	500	line_knowledge	0.0	-7.0	
max_infrastructure	500	line_institutions	0.0	-4.75	
max_infrastructure	500	line_culture	0.0	-2.5	
max_infrastructure	500	line_labor	0.0	-3.0	
max_infrastructure	500	line_production	1.5	-2.75	
max_infrastructure	500	line_infrastructure	5.25	-2.75	
max_infrastructure	500	line_nutrition	0.0	-2.25	
max_infrastructure	500	line_health	0.0	-3.0	
max_infrastructure	500	line_demography	0.0	-1.0	
max_infrastructure	500	line_logistics	1.0	-1.0	
max_infrastructure	500	line_ecology	0.0	-5.25	
max_infrastructure	500	line_security	0.0	-3.5	
max_infrastructure	600	population	1326.4181604884793	-3727.5245940591226	within
max_infrastructure	600	growth_pct	0.31526968396379806	-0.13075781470996972	within
max_infrastructure	600	life_expectancy	26.398628277321883	-2.9745391238691994	within
max_infrastructure	600	infant_mortality	234.06550074098084	49.2627756888167	within
max_infrastructure	600	child_mortality_1_4	208.9669719154838	27.851262811833777	within
max_infrastructure	600	maternal_per_100k	1585.792829969577	626.8236264312757	within
max_infrastructure	600	tfr	5.55371314111159	0.7699300640213691	within
max_infrastructure	600	cbr	46.03155676044481	7.890967106666118	ABOVE HIGH
max_infrastructure	600	cdr	40.902648371859115	5.717102451489623	within
max_infrastructure	600	food_per_worker	4.700445475939064	-1.2074437350119425	
max_infrastructure	600	food_security	0.9646336439011334	-0.013179020945525255	
max_infrastructure	600	food_share	34.70000000000001	0.0	ABOVE HIGH
max_infrastructure	600	diet	0.7783851037221443	-0.08330818316054667	
max_infrastructure	600	health	0.9699999999999999	0.0	
max_infrastructure	600	labor_efficiency	0.8106698496251125	-0.07869896033254731	
max_infrastructure	600	cap_production	0.6238935486852424	-0.08190511897249064	
max_infrastructure	600	craft_output	0.16690845883366595	-0.26149154116633405	
max_infrastructure	600	tool_quality	0.15416009658209673	-0.1542398884626266	
max_infrastructure	600	cap_infrastructure	0.685296046968398	-0.03164920111017322	
max_infrastructure	600	housing_ratio	1.0942006520041125	0.006285315247922529	
max_infrastructure	600	construction_rate	0.3232112602092544	-0.10518873979074561	
max_infrastructure	600	cap_logistics	0.3997370494651886	-0.08494954393453702	
max_infrastructure	600	trade_capacity	0.10707590290745647	-0.2368965462525626	
max_infrastructure	600	ecology	0.7926666521143287	-1.4392883218583563e-08	
max_infrastructure	600	ground_health	0.8845096714606349	0.13731471864527445	
max_infrastructure	600	cap_institutions	0.6868966515762988	-0.10087295408148311	
max_infrastructure	600	legitimacy	0.8025967962701752	-0.05857389696049964	
max_infrastructure	600	state_capacity	0.0818964244503266	-0.25160351510730605	
max_infrastructure	600	cap_security	0.4798629188127763	-0.14427388490765358	
max_infrastructure	600	warfare_readiness	0.0785345418901061	-0.31808439753545076	
max_infrastructure	600	cap_culture	0.4885017207785458	-0.1708602267314523	
max_infrastructure	600	cohesion	0.4602152505438615	-0.046748684576858546	
max_infrastructure	600	known	211.5	-744.75	
max_infrastructure	600	per_century	10.75	-18.5	
max_infrastructure	600	per_50	3.947368421052632	-24.122807017543856	OUT OF BOUNDS
max_infrastructure	600	education	0.7605389136942301	-0.07429855320021939	
max_infrastructure	600	art_found	532.75	-36.25	
max_infrastructure	600	art_studied	532.75	-36.25	
max_infrastructure	600	art_bonus	0.2679	-0.017699999999999938	
max_infrastructure	600	allure	0.5727003441557093	-0.03417204534629037	
max_infrastructure	600	line_knowledge	0.0	-4.0	
max_infrastructure	600	line_institutions	0.0	-0.5	
max_infrastructure	600	line_culture	0.0	-3.5	
max_infrastructure	600	line_labor	0.0	-1.0	
max_infrastructure	600	line_production	1.75	-3.5	
max_infrastructure	600	line_infrastructure	7.75	5.75	
max_infrastructure	600	line_nutrition	0.0	-1.0	
max_infrastructure	600	line_health	0.0	-2.0	
max_infrastructure	600	line_demography	0.0	-1.75	
max_infrastructure	600	line_logistics	1.25	-1.25	
max_infrastructure	600	line_ecology	0.0	-2.25	
max_infrastructure	600	line_security	0.0	-3.5	
max_nutrition	100	population	188.221959430833	-27.351514950961615	within
max_nutrition	100	growth_pct	0.7209956783788329	-0.33589841533068765	within
max_nutrition	100	life_expectancy	26.909426463771585	-1.7817528858487073	within
max_nutrition	100	infant_mortality	228.19720158043546	33.34383231058476	within
max_nutrition	100	child_mortality_1_4	203.86980918828067	16.936646107208162	within
max_nutrition	100	maternal_per_100k	1603.8575750782165	499.45341417441705	within
max_nutrition	100	tfr	5.721584387495641	-0.12872814730893012	within
max_nutrition	100	cbr	45.61331040940672	0.5222455506883463	within
max_nutrition	100	cdr	38.80875237124873	3.718446635240724	within
max_nutrition	100	food_per_worker	6.416244588009167	-0.333362085046609	
max_nutrition	100	food_security	0.9797856241862664	-0.00011361051426483915	
max_nutrition	100	food_share	34.70000000000001	0.0	OUT OF BOUNDS
max_nutrition	100	diet	0.8403200339904254	0.009228434698624999	
max_nutrition	100	health	0.9699999999999999	0.0	
max_nutrition	100	labor_efficiency	0.8458449042119003	-0.013746112575168112	
max_nutrition	100	cap_production	0.6103109582001099	-0.025200688700463103	
max_nutrition	100	craft_output	0.06879321421809215	-0.07224664774753317	
max_nutrition	100	tool_quality	0.0931629310678575	-0.032955969277064456	
max_nutrition	100	cap_infrastructure	0.5896158831978981	-0.05703204635044423	
max_nutrition	100	housing_ratio	1.0833369011251082	0.0023118102000434515	
max_nutrition	100	construction_rate	0.0868664487837447	-0.08456071721710813	
max_nutrition	100	cap_logistics	0.3020168007900804	-0.051298630128752076	
max_nutrition	100	trade_capacity	0.008282719674592567	-0.13189851452486864	
max_nutrition	100	ecology	0.7927890230262851	-1.0618694166408815e-05	
max_nutrition	100	ground_health	0.9994051844828886	0.014029876532951624	
max_nutrition	100	cap_institutions	0.666660206119221	-0.034656774914038846	
max_nutrition	100	legitimacy	0.8008231157289746	-0.019523135952302484	
max_nutrition	100	state_capacity	0.03599999994288043	-0.09483510768731095	
max_nutrition	100	cap_security	0.46230126879370304	-0.04019280538590475	
max_nutrition	100	warfare_readiness	0.06519998347572764	-0.07216275779100284	
max_nutrition	100	cap_culture	0.468400717097107	-0.14871257512010755	
max_nutrition	100	cohesion	0.4579710349644265	-0.024274966744920357	
max_nutrition	100	known	84.0	-247.25	
max_nutrition	100	per_century	21.75	-137.25	
max_nutrition	100	per_50	7.838983050847458	-53.17796610169491	OUT OF BOUNDS
max_nutrition	100	education	0.7012791902512872	-0.044665196293546816	
max_nutrition	100	art_found	445.0	-15.0	
max_nutrition	100	art_studied	194.75	85.25	
max_nutrition	100	art_bonus	0.16799999999999957	0.0	
max_nutrition	100	allure	0.5686801434194215	-0.02974251502402081	
max_nutrition	100	line_knowledge	1.0	-9.25	
max_nutrition	100	line_institutions	0.0	-12.25	
max_nutrition	100	line_culture	0.0	-15.25	
max_nutrition	100	line_labor	0.0	-12.25	
max_nutrition	100	line_production	2.25	-13.0	
max_nutrition	100	line_infrastructure	3.0	-12.0	
max_nutrition	100	line_nutrition	14.5	-4.5	
max_nutrition	100	line_health	0.0	-13.0	
max_nutrition	100	line_demography	1.0	-12.0	
max_nutrition	100	line_logistics	0.0	-11.75	
max_nutrition	100	line_ecology	0.0	-12.0	
max_nutrition	100	line_security	0.0	-10.0	
max_nutrition	200	population	370.8418808139136	-228.65779392010018	within
max_nutrition	200	growth_pct	0.6701570025557879	-0.1363889711835209	within
max_nutrition	200	life_expectancy	26.963224649189893	-2.896894141745282	within
max_nutrition	200	infant_mortality	227.39920972268416	45.33300522677257	within
max_nutrition	200	child_mortality_1_4	203.11916440032525	27.076470651121838	within
max_nutrition	200	maternal_per_100k	1603.8524157817792	534.3204277473171	within
max_nutrition	200	tfr	5.685814630324259	-0.1285441874778499	within
max_nutrition	200	cbr	45.25584334810566	1.3369020182031193	within
max_nutrition	200	cdr	38.67849574324587	6.113990755141657	within
max_nutrition	200	food_per_worker	6.388583203583975	-0.4138847443932523	
max_nutrition	200	food_security	0.9794213597243447	-0.00012127809459649974	
max_nutrition	200	food_share	34.70000000000001	0.0	OUT OF BOUNDS
max_nutrition	200	diet	0.8642575637463298	-0.03589962249809897	
max_nutrition	200	health	0.9699999999999999	0.0	
max_nutrition	200	labor_efficiency	0.8454001033761617	-0.017166139037376738	
max_nutrition	200	cap_production	0.609689812607209	-0.041615890508707065	
max_nutrition	200	craft_output	0.07788462234635446	-0.14194610383805356	
max_nutrition	200	tool_quality	0.093161483613805	-0.09379909302220285	
max_nutrition	200	cap_infrastructure	0.6234173424336216	-0.03622941878103403	
max_nutrition	200	housing_ratio	1.0821767870023211	0.0011849970360651163	
max_nutrition	200	construction_rate	0.0943467245946984	-0.11984514546071834	
max_nutrition	200	cap_logistics	0.312727958099555	-0.07192415710572697	
max_nutrition	200	trade_capacity	0.017083027192020372	-0.19030508439951288	
max_nutrition	200	ecology	0.7926668366471988	-1.4751756927111614e-08	
max_nutrition	200	ground_health	0.9644747907430892	0.057971822237809056	
max_nutrition	200	cap_institutions	0.669896951663072	-0.06454106704649698	
max_nutrition	200	legitimacy	0.8008228422960645	-0.04016687833045207	
max_nutrition	200	state_capacity	0.04997555162206899	-0.13714942912793743	
max_nutrition	200	cap_security	0.4632320133028687	-0.07327174661597624	
max_nutrition	200	warfare_readiness	0.06517638397779513	-0.1547933038468794	
max_nutrition	200	cap_culture	0.47400434745083386	-0.16079915724500815	
max_nutrition	200	cohesion	0.4593309777001282	-0.03019833652545917	
max_nutrition	200	known	112.0	-450.0	
max_nutrition	200	per_century	13.0	-60.75	
max_nutrition	200	per_50	2.3255813953488373	-25.872093023255815	OUT OF BOUNDS
max_nutrition	200	education	0.702570540969879	-0.06649303615379121	
max_nutrition	200	art_found	544.25	-23.0	
max_nutrition	200	art_studied	544.25	117.25	
max_nutrition	200	art_bonus	0.198	-9.992007221626409e-16	
max_nutrition	200	allure	0.5698008694901667	-0.032159831449001586	
max_nutrition	200	line_knowledge	0.0	-9.0	
max_nutrition	200	line_institutions	2.0	-3.0	
max_nutrition	200	line_culture	0.0	-3.25	
max_nutrition	200	line_labor	0.0	-4.5	
max_nutrition	200	line_production	1.0	-13.5	
max_nutrition	200	line_infrastructure	1.0	-3.25	
max_nutrition	200	line_nutrition	9.0	-1.25	
max_nutrition	200	line_health	0.0	-4.25	
max_nutrition	200	line_demography	0.0	-3.0	
max_nutrition	200	line_logistics	0.0	-4.0	
max_nutrition	200	line_ecology	0.0	-6.5	
max_nutrition	200	line_security	0.0	-5.25	
max_nutrition	300	population	639.0075130933976	-856.5596371585359	within
max_nutrition	300	growth_pct	0.4661312177647092	-0.1154151671540038	within
max_nutrition	300	life_expectancy	27.009121578648266	-2.7403110874454377	within
max_nutrition	300	infant_mortality	226.75842192724832	43.91849502258867	within
max_nutrition	300	child_mortality_1_4	202.4845272884373	25.308316082934226	within
max_nutrition	300	maternal_per_100k	1603.8501713220253	552.96628212509	within
max_nutrition	300	tfr	5.56983311651719	0.10631997243695057	within
max_nutrition	300	cbr	44.12058251552822	-3.5652731512397295	within
max_nutrition	300	cdr	38.39354088710997	0.848140073146098	within
max_nutrition	300	food_per_worker	6.270038053554934	-0.12545580430854386	
max_nutrition	300	food_security	0.9793370124474081	1.8098229912499875e-06	
max_nutrition	300	food_share	34.70000000000001	0.0	OUT OF BOUNDS
max_nutrition	300	diet	0.8987535789903498	-0.017410756264982452	
max_nutrition	300	health	0.9699999999999999	0.0	
max_nutrition	300	labor_efficiency	0.855532110236719	-0.020443747761436648	
max_nutrition	300	cap_production	0.610146010397838	-0.05774446586251325	
max_nutrition	300	craft_output	0.0778980298745631	-0.18918336355444568	
max_nutrition	300	tool_quality	0.09317561044256803	-0.12625636489039557	
max_nutrition	300	cap_infrastructure	0.6234221481488607	-0.05028086884004446	
max_nutrition	300	housing_ratio	1.083713942123454	-0.004861816171636502	
max_nutrition	300	construction_rate	0.09436778947761897	-0.17986526492916405	
max_nutrition	300	cap_logistics	0.31560854680001665	-0.1046659252786184	
max_nutrition	300	trade_capacity	0.020364428333418515	-0.20868547071059682	
max_nutrition	300	ecology	0.7926666669028081	-2.049338476695084e-11	
max_nutrition	300	ground_health	0.9091077184676633	0.08436741529851155	
max_nutrition	300	cap_institutions	0.6737149685206736	-0.07875751902120764	
max_nutrition	300	legitimacy	0.8021964739133297	-0.04758515172408384	
max_nutrition	300	state_capacity	0.06150711235620774	-0.16327595616526885	
max_nutrition	300	cap_security	0.4646073309347818	-0.09390639820168223	
max_nutrition	300	warfare_readiness	0.06519523075942736	-0.18167048505778338	
max_nutrition	300	cap_culture	0.476666728737019	-0.16758530730021948	
max_nutrition	300	cohesion	0.4613564867886134	-0.03599497434163135	
max_nutrition	300	known	127.0	-553.5	
max_nutrition	300	per_century	13.0	-34.5	
max_nutrition	300	per_50	2.5316455696202533	-21.20253164556962	OUT OF BOUNDS
max_nutrition	300	education	0.7036360571817136	-0.08478845246185618	
max_nutrition	300	art_found	547.75	-21.25	
max_nutrition	300	art_studied	547.75	-21.25	
max_nutrition	300	art_bonus	0.20664	-0.015322500000000017	
max_nutrition	300	allure	0.5703333457474038	-0.03351706146004385	
max_nutrition	300	line_knowledge	5.0	0.5	
max_nutrition	300	line_institutions	2.0	-2.0	
max_nutrition	300	line_culture	0.0	-4.25	
max_nutrition	300	line_labor	0.0	-1.0	
max_nutrition	300	line_production	0.0	-5.0	
max_nutrition	300	line_infrastructure	0.0	-8.5	
max_nutrition	300	line_nutrition	5.0	0.0	
max_nutrition	300	line_health	0.0	-3.0	
max_nutrition	300	line_demography	0.0	0.0	
max_nutrition	300	line_logistics	1.0	-5.5	
max_nutrition	300	line_ecology	0.0	-3.0	
max_nutrition	300	line_security	0.0	-2.75	
max_nutrition	400	population	903.5899809230167	-1837.859630076241	within
max_nutrition	400	growth_pct	0.4609360810441304	-0.32542822084097034	within
max_nutrition	400	life_expectancy	27.34501194681588	-1.990855002252765	within
max_nutrition	400	infant_mortality	218.0987028470328	33.06222499504088	within
max_nutrition	400	child_mortality_1_4	198.24416495167762	17.536181016748827	within
max_nutrition	400	maternal_per_100k	1501.677064844805	509.2144994677234	within
max_nutrition	400	tfr	5.6359594693317	0.4255225819310269	within
max_nutrition	400	cbr	45.22711237317483	4.514775257784962	within
max_nutrition	400	cdr	38.411263077815235	4.406327179598627	within
max_nutrition	400	food_per_worker	5.842325676371022	-0.3453207674540586	
max_nutrition	400	food_security	0.979302300508675	-0.00038922717342981805	
max_nutrition	400	food_share	34.70000000000001	0.0	ABOVE HIGH
max_nutrition	400	diet	0.9270039703339433	0.03101926404154043	
max_nutrition	400	health	0.9699999999999999	0.0	
max_nutrition	400	labor_efficiency	0.8470343297474664	-0.03543890857050125	
max_nutrition	400	cap_production	0.6110834163928199	-0.0777491458380456	
max_nutrition	400	craft_output	0.10550783527959776	-0.2297697251566271	
max_nutrition	400	tool_quality	0.09421837347335225	-0.1991782234988032	
max_nutrition	400	cap_infrastructure	0.6275394591048233	-0.058623385728911015	
max_nutrition	400	housing_ratio	1.0820829619390138	-0.0009305401211761044	
max_nutrition	400	construction_rate	0.1044348094061545	-0.21542850063104463	
max_nutrition	400	cap_logistics	0.3170341355295223	-0.12973240641475103	
max_nutrition	400	trade_capacity	0.08586827848232646	-0.1800408415375569	
max_nutrition	400	ecology	0.7926666666669949	8.262922040203069e-05	
max_nutrition	400	ground_health	0.8817575276811134	0.10920329566490472	
max_nutrition	400	cap_institutions	0.6835454463383172	-0.08369456810414955	
max_nutrition	400	legitimacy	0.8067128272110433	-0.049434456080328926	
max_nutrition	400	state_capacity	0.08481382151113886	-0.1792034793360746	
max_nutrition	400	cap_security	0.46358685671157507	-0.11324785592625064	
max_nutrition	400	warfare_readiness	0.0637724656165787	-0.22239851493706028	
max_nutrition	400	cap_culture	0.4828061050040772	-0.1691146231562804	
max_nutrition	400	cohesion	0.46322991125811397	-0.039308472285082274	
max_nutrition	400	known	164.0	-632.0	
max_nutrition	400	per_century	19.25	-38.25	
max_nutrition	400	per_50	1.2820512820512822	-27.243589743589745	OUT OF BOUNDS
max_nutrition	400	education	0.720057348974661	-0.08395294170017265	
max_nutrition	400	art_found	547.75	-21.25	
max_nutrition	400	art_studied	547.75	-21.25	
max_nutrition	400	art_bonus	0.23020000000000002	-0.018524999999999958	
max_nutrition	400	allure	0.5715612210008154	-0.033822924631256024	
max_nutrition	400	line_knowledge	1.0	-4.25	
max_nutrition	400	line_institutions	0.0	-4.0	
max_nutrition	400	line_culture	1.0	-6.5	
max_nutrition	400	line_labor	6.5	-0.25	
max_nutrition	400	line_production	1.0	-3.5	
max_nutrition	400	line_infrastructure	4.0	-6.25	
max_nutrition	400	line_nutrition	3.5	-1.75	
max_nutrition	400	line_health	0.0	-2.75	
max_nutrition	400	line_demography	0.0	-1.25	
max_nutrition	400	line_logistics	0.25	-4.75	
max_nutrition	400	line_ecology	2.0	1.0	
max_nutrition	400	line_security	0.0	-4.0	
max_nutrition	500	population	1480.2167391659968	-2135.082364774901	within
max_nutrition	500	growth_pct	0.6329075767643688	0.15523657142218206	within
max_nutrition	500	life_expectancy	27.333084114410244	-1.8203629305197033	within
max_nutrition	500	infant_mortality	218.18657440407304	31.503606131642073	within
max_nutrition	500	child_mortality_1_4	198.37177109869725	15.882421775016894	within
max_nutrition	500	maternal_per_100k	1501.3933258209995	525.8984920530548	within
max_nutrition	500	tfr	5.588268503589042	0.7557801588755977	within
max_nutrition	500	cbr	42.90299859332062	3.279305138669585	within
max_nutrition	500	cdr	36.72750907561185	0.7775617125409724	within
max_nutrition	500	food_per_worker	6.059018023608785	-0.04533265085848015	
max_nutrition	500	food_security	0.9791931547582033	0.0005987510041165489	
max_nutrition	500	food_share	34.70000000000001	0.0	ABOVE HIGH
max_nutrition	500	diet	0.9216996371894715	0.03545285123423347	
max_nutrition	500	health	0.9699999999999999	0.0	
max_nutrition	500	labor_efficiency	0.8469521209027268	-0.03618492479262758	
max_nutrition	500	cap_production	0.6130394833530204	-0.08856092557943707	
max_nutrition	500	craft_output	0.12100981929958805	-0.2505707102900474	
max_nutrition	500	tool_quality	0.0985236003293565	-0.20951882538841968	
max_nutrition	500	cap_infrastructure	0.631254822607866	-0.0704413250977306	
max_nutrition	500	housing_ratio	1.082998559978394	-0.016961218368775954	
max_nutrition	500	construction_rate	0.12168577846135685	-0.25540006278605504	
max_nutrition	500	cap_logistics	0.3302204494332602	-0.14752469479138747	
max_nutrition	500	trade_capacity	0.16650167708734998	-0.14778637265155747	
max_nutrition	500	ecology	0.7926666666666868	1.147905961396134e-07	
max_nutrition	500	ground_health	0.8338975287930861	0.0689925973142208	
max_nutrition	500	cap_institutions	0.6866456805831429	-0.0965933855038249	
max_nutrition	500	legitimacy	0.8071973731694604	-0.05261633141861921	
max_nutrition	500	state_capacity	0.0967065688406721	-0.21589312911802594	
max_nutrition	500	cap_security	0.4656877595601745	-0.13257852439322038	
max_nutrition	500	warfare_readiness	0.06518271157818013	-0.25911918738878903	
max_nutrition	500	cap_culture	0.4872637123884322	-0.1696233415467157	
max_nutrition	500	cohesion	0.4648723951803327	-0.04314476089707381	
max_nutrition	500	known	183.75	-703.75	
max_nutrition	500	per_century	4.25	-42.25	
max_nutrition	500	per_50	2.7777777777777777	-34.523809523809526	OUT OF BOUNDS
max_nutrition	500	education	0.7243877544874368	-0.09836219292108783	
max_nutrition	500	art_found	547.75	-21.25	
max_nutrition	500	art_studied	547.75	-21.25	
max_nutrition	500	art_bonus	0.2497	-0.02149999999999999	
max_nutrition	500	allure	0.5724527424776864	-0.03392466830934315	
max_nutrition	500	line_knowledge	1.5	-5.5	
max_nutrition	500	line_institutions	0.0	-4.75	
max_nutrition	500	line_culture	0.0	-2.5	
max_nutrition	500	line_labor	0.0	-3.0	
max_nutrition	500	line_production	0.0	-4.25	
max_nutrition	500	line_infrastructure	0.0	-8.0	
max_nutrition	500	line_nutrition	2.75	0.5	
max_nutrition	500	line_health	0.0	-3.0	
max_nutrition	500	line_demography	0.0	-1.0	
max_nutrition	500	line_logistics	0.0	-2.0	
max_nutrition	500	line_ecology	0.0	-5.25	
max_nutrition	500	line_security	0.0	-3.5	
max_nutrition	600	population	2787.7338999576887	-2266.2088545899132	within
max_nutrition	600	growth_pct	0.49211021061213167	0.046082711938363885	within
max_nutrition	600	life_expectancy	26.908084662443404	-2.465082738747679	within
max_nutrition	600	infant_mortality	221.99817366000278	37.19544860783864	within
max_nutrition	600	child_mortality_1_4	202.27477113387044	21.15906203022041	within
max_nutrition	600	maternal_per_100k	1500.7936960656305	541.8244925273291	within
max_nutrition	600	tfr	5.244555102277732	0.46077202518751115	within
max_nutrition	600	cbr	42.97089393737501	4.83030428359632	within
max_nutrition	600	cdr	40.256133896652756	5.070587976283264	within
max_nutrition	600	food_per_worker	5.325356816991974	-0.582532393959033	
max_nutrition	600	food_security	0.9761863444367526	-0.001626320409906068	
max_nutrition	600	food_share	34.70000000000001	0.0	ABOVE HIGH
max_nutrition	600	diet	0.8798232362270647	0.01812994934437373	
max_nutrition	600	health	0.9699999761959567	-2.3804043181030465e-08	
max_nutrition	600	labor_efficiency	0.8564355853186765	-0.032933224638983294	
max_nutrition	600	cap_production	0.6158357387565496	-0.0899629289011834	
max_nutrition	600	craft_output	0.12082546320471305	-0.30757453679528696	
max_nutrition	600	tool_quality	0.09832598202096653	-0.21007400302375678	
max_nutrition	600	cap_infrastructure	0.6311006832027297	-0.08584456487584147	
max_nutrition	600	housing_ratio	1.0876008571398157	-0.0003144796163743191	
max_nutrition	600	construction_rate	0.12106737060512165	-0.3073326293948784	
max_nutrition	600	cap_logistics	0.33252071943690037	-0.15216587396282527	
max_nutrition	600	trade_capacity	0.1677252355766545	-0.17624721358336456	
max_nutrition	600	ecology	0.7926788461769801	1.2179669768186407e-05	
max_nutrition	600	ground_health	0.7702561836000427	0.023061230784682252	
max_nutrition	600	cap_institutions	0.691316595896995	-0.09645300976078686	
max_nutrition	600	legitimacy	0.8057281974461272	-0.05544249578454763	
max_nutrition	600	state_capacity	0.10611696907743758	-0.22738297048019512	
max_nutrition	600	cap_security	0.4684894598998066	-0.15564734382062329	
max_nutrition	600	warfare_readiness	0.06472418349204317	-0.3318947559335137	
max_nutrition	600	cap_culture	0.4878120767681398	-0.1715498707418583	
max_nutrition	600	cohesion	0.46456181547092107	-0.04240211964979895	
max_nutrition	600	known	190.75	-765.5	
max_nutrition	600	per_century	3.25	-26.0	
max_nutrition	600	per_50	1.7543859649122806	-26.31578947368421	OUT OF BOUNDS
max_nutrition	600	education	0.7261974374297515	-0.10864002946469797	
max_nutrition	600	art_found	547.75	-21.25	
max_nutrition	600	art_studied	547.75	-21.25	
max_nutrition	600	art_bonus	0.2588	-0.02679999999999999	
max_nutrition	600	allure	0.572562415353628	-0.03430997414837167	
max_nutrition	600	line_knowledge	0.5	-3.5	
max_nutrition	600	line_institutions	0.75	0.25	
max_nutrition	600	line_culture	0.0	-3.5	
max_nutrition	600	line_labor	0.0	-1.0	
max_nutrition	600	line_production	0.0	-5.25	
max_nutrition	600	line_infrastructure	0.0	-2.0	
max_nutrition	600	line_nutrition	2.0	1.0	
max_nutrition	600	line_health	0.0	-2.0	
max_nutrition	600	line_demography	0.0	-1.75	
max_nutrition	600	line_logistics	0.0	-2.5	
max_nutrition	600	line_ecology	0.0	-2.25	
max_nutrition	600	line_security	0.0	-3.5	
max_health	100	population	142.18175880294024	-73.39171557885439	within
max_health	100	growth_pct	0.3863097426304418	-0.6705843510790788	within
max_health	100	life_expectancy	26.391301303952932	-2.2998780456673593	within
max_health	100	infant_mortality	228.2644463919668	33.4110771221161	within
max_health	100	child_mortality_1_4	206.84328740292113	19.910124321848627	within
max_health	100	maternal_per_100k	1557.730858298914	453.3266973951145	within
max_health	100	tfr	5.503250682216005	-0.34706185258856603	within
max_health	100	cbr	44.497887359423984	-0.5931774992943915	within
max_health	100	cdr	39.184867174436945	4.09456143842894	within
max_health	100	food_per_worker	5.512043416961795	-1.2375632560939813	
max_health	100	food_security	0.8974497418512194	-0.0824494928493118	
max_health	100	food_share	34.70551577395316	0.005515773953149505	OUT OF BOUNDS
max_health	100	diet	0.7376926287413716	-0.09339897055042878	
max_health	100	health	0.9699999999999999	0.0	
max_health	100	labor_efficiency	0.8511194107913099	-0.008471605995758469	
max_health	100	cap_production	0.6147593237681187	-0.020752323132454342	
max_health	100	craft_output	0.03742434233575899	-0.10361551962986633	
max_health	100	tool_quality	0.09331341679630982	-0.03280548354861214	
max_health	100	cap_infrastructure	0.5923706928093238	-0.05427723673901863	
max_health	100	housing_ratio	1.1007766173531799	0.019751526428115174	
max_health	100	construction_rate	0.09015418884053318	-0.08127297716031966	
max_health	100	cap_logistics	0.2868656843140466	-0.06644974660478592	
max_health	100	trade_capacity	0.0	-0.1401812341994612	
max_health	100	ecology	0.7937203908574	0.0009207491369485066	
max_health	100	ground_health	0.9925334413147661	0.007158133364829067	
max_health	100	cap_institutions	0.6586204732131893	-0.04269650782007062	
max_health	100	legitimacy	0.7769076359987811	-0.04343861568249596	
max_health	100	state_capacity	0.019562458064690896	-0.11127264956550048	
max_health	100	cap_security	0.4536899869530433	-0.048804087226564485	
max_health	100	warfare_readiness	0.042434925062330806	-0.09492781620439968	
max_health	100	cap_culture	0.45860636778952835	-0.1585069244276862	
max_health	100	cohesion	0.44184431009278013	-0.040401691616566704	
max_health	100	known	72.0	-259.25	
max_health	100	per_century	23.0	-136.0	
max_health	100	per_50	4.237288135593221	-56.779661016949156	OUT OF BOUNDS
max_health	100	education	0.6994075711251773	-0.04653681541965671	
max_health	100	art_found	415.5	-44.5	
max_health	100	art_studied	175.5	66.0	
max_health	100	art_bonus	0.16799999999999957	0.0	
max_health	100	allure	0.5667212735579057	-0.03170138488553664	
max_health	100	line_knowledge	0.0	-10.25	
max_health	100	line_institutions	0.0	-12.25	
max_health	100	line_culture	0.0	-15.25	
max_health	100	line_labor	0.0	-12.25	
max_health	100	line_production	3.0	-12.25	
max_health	100	line_infrastructure	3.0	-12.0	
max_health	100	line_nutrition	0.0	-19.0	
max_health	100	line_health	11.0	-2.0	
max_health	100	line_demography	3.0	-10.0	
max_health	100	line_logistics	2.0	-9.75	
max_health	100	line_ecology	1.0	-11.0	
max_health	100	line_security	0.0	-10.0	
max_health	200	population	286.8747396852821	-312.62493504873163	within
max_health	200	growth_pct	0.7041835421563725	-0.10236243158293634	within
max_health	200	life_expectancy	28.447637757060463	-1.4124810338747125	within
max_health	200	infant_mortality	209.77574346416574	27.70953896825415	within
max_health	200	child_mortality_1_4	189.16385681584305	13.121163066639639	within
max_health	200	maternal_per_100k	1554.8197154654029	485.2877274309408	within
max_health	200	tfr	5.64654501526972	-0.16781380253238876	within
max_health	200	cbr	44.512169324526766	0.5932279946242289	within
max_health	200	cdr	36.55776253725659	3.993257549152382	within
max_health	200	food_per_worker	5.5005369525557635	-1.301930995421464	
max_health	200	food_security	0.9763252748616447	-0.0032173629572965767	
max_health	200	food_share	34.70000000000001	0.0	OUT OF BOUNDS
max_health	200	diet	0.782960817860559	-0.11719636838386971	
max_health	200	health	0.9699999999999999	0.0	
max_health	200	labor_efficiency	0.8531621294843833	-0.009404112929155106	
max_health	200	cap_production	0.6167212966489444	-0.034584406466971696	
max_health	200	craft_output	0.04688198620855869	-0.17294873997584934	
max_health	200	tool_quality	0.09440524104367809	-0.09255533559232976	
max_health	200	cap_infrastructure	0.5934075605582164	-0.06623920065643918	
max_health	200	housing_ratio	1.0846515592156063	0.0036597692493502976	
max_health	200	construction_rate	0.09167585890539849	-0.12251601115001824	
max_health	200	cap_logistics	0.2864463815425846	-0.09820573366269736	
max_health	200	trade_capacity	0.0	-0.20738811159153325	
max_health	200	ecology	0.7926707360066132	3.884607657433925e-06	
max_health	200	ground_health	0.9998480520477521	0.09334508354247195	
max_health	200	cap_institutions	0.661839800223919	-0.07259821848564996	
max_health	200	legitimacy	0.7958273875617934	-0.04516233306472317	
max_health	200	state_capacity	0.01999338074518798	-0.16713160000481844	
max_health	200	cap_security	0.45470514189544753	-0.08179861802339738	
max_health	200	warfare_readiness	0.04338573893588396	-0.17658394888879056	
max_health	200	cap_culture	0.4737671675948588	-0.1610363371009832	
max_health	200	cohesion	0.4560611072988162	-0.03346820692677116	
max_health	200	known	91.0	-471.0	
max_health	200	per_century	5.0	-68.75	
max_health	200	per_50	1.1627906976744187	-27.034883720930235	OUT OF BOUNDS
max_health	200	education	0.6994473883808553	-0.06961618874281494	
max_health	200	art_found	540.25	-27.0	
max_health	200	art_studied	481.0	54.0	
max_health	200	art_bonus	0.1905	-0.007500000000001006	
max_health	200	allure	0.5697534335189718	-0.03220726742019653	
max_health	200	line_knowledge	0.0	-9.0	
max_health	200	line_institutions	0.0	-5.0	
max_health	200	line_culture	0.0	-3.25	
max_health	200	line_labor	0.0	-4.5	
max_health	200	line_production	0.0	-14.5	
max_health	200	line_infrastructure	1.0	-3.25	
max_health	200	line_nutrition	0.0	-10.25	
max_health	200	line_health	4.0	-0.25	
max_health	200	line_demography	0.0	-3.0	
max_health	200	line_logistics	0.0	-4.0	
max_health	200	line_ecology	0.0	-6.5	
max_health	200	line_security	0.0	-5.25	
max_health	300	population	624.6512814997249	-870.9158687522087	within
max_health	300	growth_pct	0.5302435893480062	-0.05130279557070683	within
max_health	300	life_expectancy	28.76062607031328	-0.9888065957804244	within
max_health	300	infant_mortality	206.32421576112833	23.48428885646868	within
max_health	300	child_mortality_1_4	186.1215704496856	8.945359244182526	within
max_health	300	maternal_per_100k	1549.65376920904	498.76988001210475	within
max_health	300	tfr	5.4528366526443035	-0.010676491435935631	within
max_health	300	cbr	45.19275994357792	-2.493095723190031	within
max_health	300	cdr	38.178127770348254	0.6327269563843814	within
max_health	300	food_per_worker	5.168861842025424	-1.226632015838054	
max_health	300	food_security	0.9716141766986426	-0.007721025925774283	
max_health	300	food_share	34.70000000000001	0.0	OUT OF BOUNDS
max_health	300	diet	0.7975803540490465	-0.11858398120628577	
max_health	300	health	0.9699999999999999	0.0	
max_health	300	labor_efficiency	0.854696112664312	-0.02127974533384369	
max_health	300	cap_production	0.6206566915378882	-0.04723378472246309	
max_health	300	craft_output	0.06930571444132244	-0.19777567898768633	
max_health	300	tool_quality	0.09474950135251062	-0.12468247398045298	
max_health	300	cap_infrastructure	0.5942091946063444	-0.07949382238256075	
max_health	300	housing_ratio	1.0811316664373705	-0.007444091857720103	
max_health	300	construction_rate	0.09289015731486756	-0.18134289709191548	
max_health	300	cap_logistics	0.28842869188877707	-0.131845780189858	
max_health	300	trade_capacity	0.0	-0.22904989904401532	
max_health	300	ecology	0.7926731075031849	6.440579883415509e-06	
max_health	300	ground_health	0.957910657549062	0.13317035437991032	
max_health	300	cap_institutions	0.6616797251862769	-0.0907927623556043	
max_health	300	legitimacy	0.7930577318392956	-0.05672389379811793	
max_health	300	state_capacity	0.019696490601181896	-0.2050865779202947	
max_health	300	cap_security	0.45415739363659435	-0.10435633549986967	
max_health	300	warfare_readiness	0.04276874028969513	-0.20409697552751563	
max_health	300	cap_culture	0.47144447336874984	-0.17280756266848862	
max_health	300	cohesion	0.45262260194463977	-0.044728859185604986	
max_health	300	known	112.0	-568.5	
max_health	300	per_century	9.75	-37.75	
max_health	300	per_50	0.949367088607595	-22.78481012658228	OUT OF BOUNDS
max_health	300	education	0.700649753634024	-0.08777475600954576	
max_health	300	art_found	551.0	-18.0	
max_health	300	art_studied	551.0	-18.0	
max_health	300	art_bonus	0.20583	-0.016132499999999994	
max_health	300	allure	0.56928889467375	-0.03456151253369766	
max_health	300	line_knowledge	0.0	-4.5	
max_health	300	line_institutions	0.0	-4.0	
max_health	300	line_culture	0.0	-4.25	
max_health	300	line_labor	1.0	0.0	
max_health	300	line_production	3.0	-2.0	
max_health	300	line_infrastructure	1.0	-7.5	
max_health	300	line_nutrition	0.0	-5.0	
max_health	300	line_health	3.75	0.75	
max_health	300	line_demography	0.0	0.0	
max_health	300	line_logistics	0.0	-6.5	
max_health	300	line_ecology	1.0	-2.0	
max_health	300	line_security	0.0	-2.75	
max_health	400	population	1217.5345380170406	-1523.9150729822172	within
max_health	400	growth_pct	0.583762934304477	-0.20260136758062375	within
max_health	400	life_expectancy	29.10656922305204	-0.22929772601660403	within
max_health	400	infant_mortality	202.108760407924	17.072282555932077	within
max_health	400	child_mortality_1_4	182.5028927653188	1.7949088303899998	within
max_health	400	maternal_per_100k	1546.734366244083	554.2718008670014	within
max_health	400	tfr	5.21559338473295	0.005156497332276189	within
max_health	400	cbr	41.67734871468512	0.965011599295245	within
max_health	400	cdr	36.78417852728397	2.7792426290673617	within
max_health	400	food_per_worker	5.155298589199708	-1.0323478546253728	
max_health	400	food_security	0.9760495293198158	-0.0036419983622889562	
max_health	400	food_share	34.70000000000001	0.0	ABOVE HIGH
max_health	400	diet	0.8308785887516992	-0.06510611754070372	
max_health	400	health	0.9699999999999999	0.0	
max_health	400	labor_efficiency	0.857168158652973	-0.025305079664994623	
max_health	400	cap_production	0.6215596254627784	-0.0672729367680871	
max_health	400	craft_output	0.0827734460349534	-0.25250411440127146	
max_health	400	tool_quality	0.09739088642684228	-0.19600571054531318	
max_health	400	cap_infrastructure	0.6264795626241111	-0.05968328220962327	
max_health	400	housing_ratio	1.0980478270240068	0.015034324963816958	
max_health	400	construction_rate	0.09389086392489622	-0.22597244611230294	
max_health	400	cap_logistics	0.29441662827002457	-0.15234991367424877	
max_health	400	trade_capacity	0.003400006254005724	-0.26250911376587766	
max_health	400	ecology	0.7927590427050263	0.00017500525843339165	
max_health	400	ground_health	0.8920503930491238	0.11949616103291516	
max_health	400	cap_institutions	0.6765739775959086	-0.09066603684655805	
max_health	400	legitimacy	0.8007483493810329	-0.05539893391033934	
max_health	400	state_capacity	0.06303568727198994	-0.20098161357522354	
max_health	400	cap_security	0.46052195886634906	-0.11631275377147665	
max_health	400	warfare_readiness	0.04338721366538282	-0.24278376688825618	
max_health	400	cap_culture	0.4824351930652794	-0.16948553509507824	
max_health	400	cohesion	0.4643695184823304	-0.038168865060865864	
max_health	400	known	147.5	-648.5	
max_health	400	per_century	23.5	-34.0	
max_health	400	per_50	3.8461538461538463	-24.67948717948718	OUT OF BOUNDS
max_health	400	education	0.7046767165037754	-0.09933357417105826	
max_health	400	art_found	551.25	-17.75	
max_health	400	art_studied	551.25	-17.75	
max_health	400	art_bonus	0.221885	-0.026839999999999975	
max_health	400	allure	0.5714870386130559	-0.03389710701901549	
max_health	400	line_knowledge	7.0	1.75	
max_health	400	line_institutions	2.0	-2.0	
max_health	400	line_culture	0.0	-7.5	
max_health	400	line_labor	0.0	-6.75	
max_health	400	line_production	4.0	-0.5	
max_health	400	line_infrastructure	0.0	-10.25	
max_health	400	line_nutrition	6.0	0.75	
max_health	400	line_health	3.5	0.75	
max_health	400	line_demography	0.0	-1.25	
max_health	400	line_logistics	0.0	-5.0	
max_health	400	line_ecology	1.0	0.0	
max_health	400	line_security	0.0	-4.0	
max_health	500	population	1311.055380745338	-2304.24372319556	within
max_health	500	growth_pct	0.23215800290550814	-0.24551300243667862	within
max_health	500	life_expectancy	29.252103415754785	0.09865637082483758	within
max_health	500	infant_mortality	200.55262020719294	13.869651934761976	within
max_health	500	child_mortality_1_4	181.36908542678182	-1.1202638968985354	within
max_health	500	maternal_per_100k	1532.1348166942905	556.6399829263459	within
max_health	500	tfr	5.22539462840974	0.39290628369629577	within
max_health	500	cbr	40.76245117898568	1.1387577243346456	within
max_health	500	cdr	35.751870404420046	-0.1980769586508302	within
max_health	500	food_per_worker	5.148018566590128	-0.9563321078771372	
max_health	500	food_security	0.973821703686606	-0.004772700067480762	
max_health	500	food_share	34.70000000000001	0.0	ABOVE HIGH
max_health	500	diet	0.84148391448852	-0.04476287146671798	
max_health	500	health	0.9699999999999999	0.0	
max_health	500	labor_efficiency	0.8551227368217473	-0.028014308873607008	
max_health	500	cap_production	0.6214912992591739	-0.08010910967328355	
max_health	500	craft_output	0.08976522030636896	-0.2818153092832665	
max_health	500	tool_quality	0.11288556789730786	-0.19515685782046832	
max_health	500	cap_infrastructure	0.626473660961248	-0.07522248674434862	
max_health	500	housing_ratio	1.0919547382446728	-0.00800504010249714	
max_health	500	construction_rate	0.09387286379937346	-0.2832129774480384	
max_health	500	cap_logistics	0.2961359545558412	-0.18160918966880646	
max_health	500	trade_capacity	0.012258967905289547	-0.3020290818336179	
max_health	500	ecology	0.7921814773524667	-0.00048507452362400727	
max_health	500	ground_health	0.882007311682268	0.11710238020340269	
max_health	500	cap_institutions	0.6880367433883151	-0.0952023226986527	
max_health	500	legitimacy	0.8032512422106711	-0.05656246237740847	
max_health	500	state_capacity	0.09739367719297902	-0.21520602076571899	
max_health	500	cap_security	0.4603637023716054	-0.13790258158178947	
max_health	500	warfare_readiness	0.04334373955005159	-0.28095815941691754	
max_health	500	cap_culture	0.4864312122297944	-0.1704558417053535	
max_health	500	cohesion	0.46478735490869777	-0.043229801168708726	
max_health	500	known	165.0	-722.5	
max_health	500	per_century	11.0	-35.5	
max_health	500	per_50	0.0	-37.301587301587304	OUT OF BOUNDS
max_health	500	education	0.7084823179848325	-0.11426762942369206	
max_health	500	art_found	551.25	-17.75	
max_health	500	art_studied	551.25	-17.75	
max_health	500	art_bonus	0.22837999999999997	-0.042820000000000025	
max_health	500	allure	0.5722862424459588	-0.03409116834107073	
max_health	500	line_knowledge	2.0	-5.0	
max_health	500	line_institutions	5.0	0.25	
max_health	500	line_culture	3.0	0.5	
max_health	500	line_labor	0.0	-3.0	
max_health	500	line_production	0.0	-4.25	
max_health	500	line_infrastructure	0.0	-8.0	
max_health	500	line_nutrition	0.0	-2.25	
max_health	500	line_health	1.0	-2.0	
max_health	500	line_demography	0.0	-1.0	
max_health	500	line_logistics	0.0	-2.0	
max_health	500	line_ecology	0.0	-5.25	
max_health	500	line_security	0.0	-3.5	
max_health	600	population	1841.7865750520368	-3212.156179495565	within
max_health	600	growth_pct	0.02174487945513781	-0.42428261921863	within
max_health	600	life_expectancy	28.187833641618216	-1.1853337595728668	within
max_health	600	infant_mortality	209.09630018786083	24.2935751356967	within
max_health	600	child_mortality_1_4	189.78453169660463	8.668822592954598	within
max_health	600	maternal_per_100k	1532.4719666526448	573.5027631143435	within
max_health	600	tfr	5.238429641490337	0.4546465644001163	within
max_health	600	cbr	41.25370715374001	3.1131174999613194	within
max_health	600	cdr	36.0324020748941	0.8468561545246089	within
max_health	600	food_per_worker	4.573535742536146	-1.3343534684148608	
max_health	600	food_security	0.9555236163580477	-0.022289048488610907	
max_health	600	food_share	34.700000003794415	3.794404790369299e-09	ABOVE HIGH
max_health	600	diet	0.8295038321236832	-0.03218945475900781	
max_health	600	health	0.9699999999999999	0.0	
max_health	600	labor_efficiency	0.8337284431296597	-0.05564036682800011	
max_health	600	cap_production	0.6207564237704172	-0.08504224388731585	
max_health	600	craft_output	0.08801629494619903	-0.340383705053801	
max_health	600	tool_quality	0.11047112115060656	-0.19792886389411676	
max_health	600	cap_infrastructure	0.6256853890678291	-0.09125985901074207	
max_health	600	housing_ratio	1.0808606223613806	-0.007054714394809425	
max_health	600	construction_rate	0.0909732647953245	-0.3374267352046755	
max_health	600	cap_logistics	0.2967504371001653	-0.18793615629956034	
max_health	600	trade_capacity	0.011915193171739707	-0.33205725598827934	
max_health	600	ecology	0.7911744914563112	-0.0014921750509007126	
max_health	600	ground_health	0.8570047333453852	0.10980978053002477	
max_health	600	cap_institutions	0.6999292143698974	-0.08784039128788446	
max_health	600	legitimacy	0.8050779367027664	-0.05609275652790846	
max_health	600	state_capacity	0.11830522150842125	-0.21519471804921142	
max_health	600	cap_security	0.4599393272373512	-0.1641974764830787	
max_health	600	warfare_readiness	0.041369621768922726	-0.35524931765663414	
max_health	600	cap_culture	0.4865646488135823	-0.1727972986964158	
max_health	600	cohesion	0.4613596750069942	-0.045604260113725814	
max_health	600	known	175.0	-781.25	
max_health	600	per_century	10.0	-19.25	
max_health	600	per_50	0.0	-28.07017543859649	OUT OF BOUNDS
max_health	600	education	0.7103388578285413	-0.12449860906590815	
max_health	600	art_found	551.25	-17.75	
max_health	600	art_studied	551.25	-17.75	
max_health	600	art_bonus	0.22837999999999997	-0.05721999999999999	
max_health	600	allure	0.5723129297627165	-0.034559459739283094	
max_health	600	line_knowledge	2.0	-2.0	
max_health	600	line_institutions	4.0	3.5	
max_health	600	line_culture	4.0	0.5	
max_health	600	line_labor	0.0	-1.0	
max_health	600	line_production	0.0	-5.25	
max_health	600	line_infrastructure	0.0	-2.0	
max_health	600	line_nutrition	0.0	-1.0	
max_health	600	line_health	0.0	-2.0	
max_health	600	line_demography	0.0	-1.75	
max_health	600	line_logistics	0.0	-2.5	
max_health	600	line_ecology	0.0	-2.25	
max_health	600	line_security	0.0	-3.5	
max_demography	100	population	168.50679291988757	-47.06668146190705	within
max_demography	100	growth_pct	0.7533733465888481	-0.30352074712067245	within
max_demography	100	life_expectancy	27.01522045722588	-1.6759588923944122	within
max_demography	100	infant_mortality	210.7008556580354	15.847486388184706	within
max_demography	100	child_mortality_1_4	201.44544847768412	14.512285396611617	within
max_demography	100	maternal_per_100k	1137.4333047038122	33.02914380001266	within
max_demography	100	tfr	5.963055394263582	0.11274285945901141	within
max_demography	100	cbr	46.161691499892726	1.07062664117435	within
max_demography	100	cdr	37.70597310996589	2.6156673739578835	within
max_demography	100	food_per_worker	5.357057610699117	-1.3925490623566592	
max_demography	100	food_security	0.9765251046330128	-0.0033741300675184105	
max_demography	100	food_share	34.70000000000001	0.0	OUT OF BOUNDS
max_demography	100	diet	0.7802367398393482	-0.05085485945245227	
max_demography	100	health	0.9699999999999999	0.0	
max_demography	100	labor_efficiency	0.8425990408411614	-0.016991975945906956	
max_demography	100	cap_production	0.6061040628498693	-0.02940758405070376	
max_demography	100	craft_output	0.012708112463620969	-0.12833174950200435	
max_demography	100	tool_quality	0.08003007942705924	-0.04608882091786272	
max_demography	100	cap_infrastructure	0.5497184520295264	-0.09692947751881598	
max_demography	100	housing_ratio	1.0819301875421163	0.0009050966170516261	
max_demography	100	construction_rate	0.038464804388087186	-0.13296236161276564	
max_demography	100	cap_logistics	0.2802194298428486	-0.07309600107598391	
max_demography	100	trade_capacity	0.014482458069409542	-0.12569877613005168	
max_demography	100	ecology	0.7929548573300557	0.0001552156096041868	
max_demography	100	ground_health	0.9999999999699387	0.014624692020001717	
max_demography	100	cap_institutions	0.6582585149402689	-0.04305846609299102	
max_demography	100	legitimacy	0.7930282791116086	-0.027317972569668503	
max_demography	100	state_capacity	0.02099305435741578	-0.1098420532727756	
max_demography	100	cap_security	0.4500542813176232	-0.05243979286198458	
max_demography	100	warfare_readiness	0.04250212664697635	-0.09486061461975413	
max_demography	100	cap_culture	0.4665403485498216	-0.15057294366739293	
max_demography	100	cohesion	0.45222789673498637	-0.03001810497436047	
max_demography	100	known	62.0	-269.25	
max_demography	100	per_century	22.0	-137.0	
max_demography	100	per_50	5.932203389830509	-55.08474576271186	OUT OF BOUNDS
max_demography	100	education	0.6995397582226252	-0.04640462832220882	
max_demography	100	art_found	424.25	-35.75	
max_demography	100	art_studied	172.0	62.5	
max_demography	100	art_bonus	0.16799999999999957	0.0	
max_demography	100	allure	0.5683080697099644	-0.030114588733477943	
max_demography	100	line_knowledge	1.0	-9.25	
max_demography	100	line_institutions	2.0	-10.25	
max_demography	100	line_culture	1.0	-14.25	
max_demography	100	line_labor	0.0	-12.25	
max_demography	100	line_production	0.0	-15.25	
max_demography	100	line_infrastructure	2.0	-13.0	
max_demography	100	line_nutrition	3.0	-16.0	
max_demography	100	line_health	0.0	-13.0	
max_demography	100	line_demography	12.0	-1.0	
max_demography	100	line_logistics	1.0	-10.75	
max_demography	100	line_ecology	0.0	-12.0	
max_demography	100	line_security	0.0	-10.0	
max_demography	200	population	454.99757343625674	-144.502101297757	within
max_demography	200	growth_pct	0.9950136936790865	0.18846771993977773	within
max_demography	200	life_expectancy	27.028885425393167	-2.8312333655420083	within
max_demography	200	infant_mortality	209.89894037686742	27.832735880955823	within
max_demography	200	child_mortality_1_4	201.32231412024734	25.279620371043933	within
max_demography	200	maternal_per_100k	1120.863149941901	51.331161907438855	within
max_demography	200	tfr	5.972526858461537	0.1581680406594277	within
max_demography	200	cbr	46.69275945874875	2.773818128846216	within
max_demography	200	cdr	37.03303886654972	4.4685338784455055	within
max_demography	200	food_per_worker	5.441253466145544	-1.3612144818316834	
max_demography	200	food_security	0.9753237471445609	-0.0042188906743803045	
max_demography	200	food_share	34.70000000000001	0.0	OUT OF BOUNDS
max_demography	200	diet	0.7934962705033677	-0.10666091574106107	
max_demography	200	health	0.9699999999999999	0.0	
max_demography	200	labor_efficiency	0.8429146372102312	-0.01965160520330722	
max_demography	200	cap_production	0.6075892459597906	-0.04371645715612549	
max_demography	200	craft_output	0.012897751514703229	-0.20693297466970478	
max_demography	200	tool_quality	0.08090341000679555	-0.1060571666292123	
max_demography	200	cap_infrastructure	0.5501379914434397	-0.10950876977121593	
max_demography	200	housing_ratio	1.0810439104611824	5.212049492642201e-05	
max_demography	200	construction_rate	0.04039524374587345	-0.1737966263095433	
max_demography	200	cap_logistics	0.28071363086010237	-0.1039384843451796	
max_demography	200	trade_capacity	0.01809372503191981	-0.18929438655961345	
max_demography	200	ecology	0.7926670670283844	2.1562942864594703e-07	
max_demography	200	ground_health	0.9857218469044201	0.07921887839913999	
max_demography	200	cap_institutions	0.661696111841025	-0.07274190686854398	
max_demography	200	legitimacy	0.7926861902315387	-0.04830353039497781	
max_demography	200	state_capacity	0.035330716716435	-0.1517942640335714	
max_demography	200	cap_security	0.45120284453475473	-0.08530091538409018	
max_demography	200	warfare_readiness	0.04338535872868307	-0.17658432909599145	
max_demography	200	cap_culture	0.4704925505399499	-0.16431095415589209	
max_demography	200	cohesion	0.4533909101140578	-0.036138404111529576	
max_demography	200	known	77.0	-485.0	
max_demography	200	per_century	8.0	-65.75	
max_demography	200	per_50	0.0	-28.197674418604652	OUT OF BOUNDS
max_demography	200	education	0.7008645582245985	-0.06819901889907176	
max_demography	200	art_found	544.75	-22.5	
max_demography	200	art_studied	535.5	108.5	
max_demography	200	art_bonus	0.189	-0.009000000000001007	
max_demography	200	allure	0.56909851010799	-0.03286219083117836	
max_demography	200	line_knowledge	0.0	-9.0	
max_demography	200	line_institutions	0.0	-5.0	
max_demography	200	line_culture	0.0	-3.25	
max_demography	200	line_labor	0.0	-4.5	
max_demography	200	line_production	0.0	-14.5	
max_demography	200	line_infrastructure	0.0	-4.25	
max_demography	200	line_nutrition	0.0	-10.25	
max_demography	200	line_health	5.0	0.75	
max_demography	200	line_demography	3.0	0.0	
max_demography	200	line_logistics	0.0	-4.0	
max_demography	200	line_ecology	0.0	-6.5	
max_demography	200	line_security	0.0	-5.25	
max_demography	300	population	932.8569078404441	-562.7102424114894	within
max_demography	300	growth_pct	0.14691474179943653	-0.4346316431192765	within
max_demography	300	life_expectancy	25.7660785614319	-3.983354104661803	within
max_demography	300	infant_mortality	220.7781263299573	37.938199425297654	within
max_demography	300	child_mortality_1_4	212.18845444864473	35.012243243141654	within
max_demography	300	maternal_per_100k	1110.262202084478	59.378312887542734	within
max_demography	300	tfr	5.635080960631894	0.1715678165516552	within
max_demography	300	cbr	53.99586067579207	6.310005009024124	ABOVE HIGH
max_demography	300	cdr	46.18952517800711	8.644124364043236	below low
max_demography	300	food_per_worker	4.655752621160604	-1.7397412367028737	
max_demography	300	food_security	0.9089491151905384	-0.07038608743387842	
max_demography	300	food_share	41.71617139336676	7.016171393366747	ABOVE HIGH
max_demography	300	diet	0.787163769345281	-0.12900056591005127	
max_demography	300	health	0.9680542651279562	-0.0019457348720436363	
max_demography	300	labor_efficiency	0.8420998460430488	-0.03387601195510692	
max_demography	300	cap_production	0.6062924386774828	-0.061598037582868415	
max_demography	300	craft_output	0.012567488456834213	-0.2545139049721746	
max_demography	300	tool_quality	0.07999383238736521	-0.1394381429455984	
max_demography	300	cap_infrastructure	0.5499023727631476	-0.12380064422575754	
max_demography	300	housing_ratio	1.1000614846887955	0.011485726393704931	
max_demography	300	construction_rate	0.03997692996839563	-0.2342561244383874	
max_demography	300	cap_logistics	0.2856142927883309	-0.13466017929030416	
max_demography	300	trade_capacity	0.01716278190009398	-0.21188711714392133	
max_demography	300	ecology	0.7897058650395539	-0.002960801883747588	
max_demography	300	ground_health	0.9178060644660012	0.09306576129684951	
max_demography	300	cap_institutions	0.6352327677468015	-0.11723971979507974	
max_demography	300	legitimacy	0.7615273046894868	-0.08825432094792673	
max_demography	300	state_capacity	0.03501886609007142	-0.18976420243140518	
max_demography	300	cap_security	0.4318027434406631	-0.12671098569580092	
max_demography	300	warfare_readiness	0.04150249856884313	-0.20536321724836762	
max_demography	300	cap_culture	0.44789249293650707	-0.1963595431007314	
max_demography	300	cohesion	0.42172684243345687	-0.07562461869678788	
max_demography	300	known	83.0	-597.5	
max_demography	300	per_century	0.0	-47.5	
max_demography	300	per_50	0.0	-23.734177215189874	OUT OF BOUNDS
max_demography	300	education	0.7008357432267225	-0.08758876641684732	
max_demography	300	art_found	547.25	-21.75	
max_demography	300	art_studied	547.25	-21.75	
max_demography	300	art_bonus	0.198	-0.023962499999999998	
max_demography	300	allure	0.5645784985873015	-0.03927190862014618	
max_demography	300	line_knowledge	0.0	-4.5	
max_demography	300	line_institutions	0.0	-4.0	
max_demography	300	line_culture	0.0	-4.25	
max_demography	300	line_labor	0.0	-1.0	
max_demography	300	line_production	0.0	-5.0	
max_demography	300	line_infrastructure	0.0	-8.5	
max_demography	300	line_nutrition	0.0	-5.0	
max_demography	300	line_health	0.0	-3.0	
max_demography	300	line_demography	0.0	0.0	
max_demography	300	line_logistics	0.0	-6.5	
max_demography	300	line_ecology	0.0	-3.0	
max_demography	300	line_security	0.0	-2.75	
max_demography	400	population	1671.5472065847791	-1069.9024044144787	within
max_demography	400	growth_pct	0.6013287894982289	-0.18503551238687188	within
max_demography	400	life_expectancy	26.059061248706037	-3.2768057003626083	within
max_demography	400	infant_mortality	217.20887950048586	32.172401648493945	within
max_demography	400	child_mortality_1_4	209.85206277973526	29.144078844806472	within
max_demography	400	maternal_per_100k	1077.5244422888818	85.06187691180014	within
max_demography	400	tfr	5.4347529448183	0.22431605741762617	within
max_demography	400	cbr	43.72854956530918	3.0162124499193084	within
max_demography	400	cdr	38.95917832411595	4.954242425899345	within
max_demography	400	food_per_worker	4.801576465450616	-1.386069978374465	
max_demography	400	food_security	0.9536845829484026	-0.02600694473370213	
max_demography	400	food_share	34.70000000000001	0.0	ABOVE HIGH
max_demography	400	diet	0.7742702181354018	-0.12171448815700114	
max_demography	400	health	0.9699999999999999	0.0	
max_demography	400	labor_efficiency	0.8491054050633526	-0.03336783325461501	
max_demography	400	cap_production	0.6125456143362279	-0.07628694789463764	
max_demography	400	craft_output	0.01609603481553474	-0.31918152562069013	
max_demography	400	tool_quality	0.08457692257563611	-0.20881967439651938	
max_demography	400	cap_infrastructure	0.5823011264976202	-0.10386171833611413	
max_demography	400	housing_ratio	1.0949064575823737	0.011892955522183835	
max_demography	400	construction_rate	0.04129521936036258	-0.2785680906768366	
max_demography	400	cap_logistics	0.28849617389335896	-0.15827036805091438	
max_demography	400	trade_capacity	0.025218881279165304	-0.24069023874071807	
max_demography	400	ecology	0.7926452675749885	6.123012839565067e-05	
max_demography	400	ground_health	0.8662844554729601	0.09373022345675142	
max_demography	400	cap_institutions	0.6959884925339662	-0.07125152190850048	
max_demography	400	legitimacy	0.8064430693718919	-0.04970421391948032	
max_demography	400	state_capacity	0.10646993804122507	-0.1575473628059884	
max_demography	400	cap_security	0.4618576540835095	-0.11497705855431622	
max_demography	400	warfare_readiness	0.04836533715937384	-0.23780564339426513	
max_demography	400	cap_culture	0.4931709047014713	-0.15874982345888633	
max_demography	400	cohesion	0.46707144380372323	-0.035466939739473013	
max_demography	400	known	122.75	-673.25	
max_demography	400	per_century	14.5	-43.0	
max_demography	400	per_50	2.5641025641025643	-25.96153846153846	OUT OF BOUNDS
max_demography	400	education	0.7080708362935447	-0.09593945438128892	
max_demography	400	art_found	547.25	-21.75	
max_demography	400	art_studied	547.25	-21.75	
max_demography	400	art_bonus	0.21474	-0.03398499999999999	
max_demography	400	allure	0.5736341809402943	-0.031749964691777155	
max_demography	400	line_knowledge	3.75	-1.5	
max_demography	400	line_institutions	1.5	-2.5	
max_demography	400	line_culture	1.0	-6.5	
max_demography	400	line_labor	6.0	-0.75	
max_demography	400	line_production	0.0	-4.5	
max_demography	400	line_infrastructure	0.0	-10.25	
max_demography	400	line_nutrition	0.0	-5.25	
max_demography	400	line_health	0.0	-2.75	
max_demography	400	line_demography	2.25	1.0	
max_demography	400	line_logistics	0.0	-5.0	
max_demography	400	line_ecology	0.0	-1.0	
max_demography	400	line_security	0.0	-4.0	
max_demography	500	population	2454.2790400758413	-1161.0200638650567	within
max_demography	500	growth_pct	0.5116901383884542	0.03401913304626747	within
max_demography	500	life_expectancy	25.408338779548064	-3.7451082653818837	within
max_demography	500	infant_mortality	222.8203670145137	36.13739874208272	within
max_demography	500	child_mortality_1_4	215.27791757727533	32.788568253594974	within
max_demography	500	maternal_per_100k	1052.3667118728774	76.87187810493276	within
max_demography	500	tfr	5.1215571057444516	0.2890687610310074	within
max_demography	500	cbr	42.59562111644888	2.9719276617978494	within
max_demography	500	cdr	40.65963467097869	4.709687307907814	within
max_demography	500	food_per_worker	4.771098191538567	-1.3332524829286987	
max_demography	500	food_security	0.9365809551220793	-0.04201344863200751	
max_demography	500	food_share	34.70000000000001	0.0	ABOVE HIGH
max_demography	500	diet	0.7479696381512361	-0.1382771478040019	
max_demography	500	health	0.9699999999999999	0.0	
max_demography	500	labor_efficiency	0.8309844231130279	-0.05215262258232645	
max_demography	500	cap_production	0.6162535635254693	-0.08534684540698811	
max_demography	500	craft_output	0.05496134867172728	-0.3166191809179082	
max_demography	500	tool_quality	0.08461550642435531	-0.22342691929342087	
max_demography	500	cap_infrastructure	0.5833693049122386	-0.11832684279335803	
max_demography	500	housing_ratio	1.0895743518281031	-0.01038542651906682	
max_demography	500	construction_rate	0.04349656809079579	-0.33358927315661613	
max_demography	500	cap_logistics	0.29423381728088094	-0.1835113269437667	
max_demography	500	trade_capacity	0.02524270642376482	-0.28904534331514264	
max_demography	500	ecology	0.7926570202776853	-9.531598405443376e-06	
max_demography	500	ground_health	0.8176149567441515	0.05271002526528623	
max_demography	500	cap_institutions	0.7052388922620481	-0.07800017382491975	
max_demography	500	legitimacy	0.8046974667673669	-0.05511623782071273	
max_demography	500	state_capacity	0.12460281351379077	-0.18799688444490725	
max_demography	500	cap_security	0.4677336702050676	-0.13053261374832725	
max_demography	500	warfare_readiness	0.04838612641609837	-0.2759157725508708	
max_demography	500	cap_culture	0.4959422686848232	-0.16094478525032468	
max_demography	500	cohesion	0.46670806126843045	-0.04130909480897604	
max_demography	500	known	139.0	-748.5	
max_demography	500	per_century	5.0	-41.5	
max_demography	500	per_50	1.5873015873015872	-35.714285714285715	OUT OF BOUNDS
max_demography	500	education	0.7112627316218204	-0.11148721578670417	
max_demography	500	art_found	547.25	-21.75	
max_demography	500	art_studied	547.25	-21.75	
max_demography	500	art_bonus	0.2406	-0.03059999999999999	
max_demography	500	allure	0.5741884537369647	-0.03218895705006486	
max_demography	500	line_knowledge	2.0	-5.0	
max_demography	500	line_institutions	1.0	-3.75	
max_demography	500	line_culture	1.0	-1.5	
max_demography	500	line_labor	0.0	-3.0	
max_demography	500	line_production	0.0	-4.25	
max_demography	500	line_infrastructure	0.0	-8.0	
max_demography	500	line_nutrition	0.0	-2.25	
max_demography	500	line_health	0.0	-3.0	
max_demography	500	line_demography	1.0	0.0	
max_demography	500	line_logistics	0.0	-2.0	
max_demography	500	line_ecology	0.0	-5.25	
max_demography	500	line_security	0.0	-3.5	
max_demography	600	population	2819.459534303711	-2234.483220243891	within
max_demography	600	growth_pct	0.31670685843003255	-0.12932064024373524	within
max_demography	600	life_expectancy	25.570571341853537	-3.802596059337546	within
max_demography	600	infant_mortality	220.08570573178923	35.2829806796251	within
max_demography	600	child_mortality_1_4	213.11107683010022	31.995367726450183	within
max_demography	600	maternal_per_100k	1045.597275628436	86.62807209013454	within
max_demography	600	tfr	5.330192534952558	0.5464094578623371	within
max_demography	600	cbr	41.73712059017592	3.5965309363972295	within
max_demography	600	cdr	37.90162469768925	2.7160787773197583	within
max_demography	600	food_per_worker	4.471354441506061	-1.436534769444946	
max_demography	600	food_security	0.9260074558638056	-0.05180520898285301	
max_demography	600	food_share	37.38772530268911	2.6877253026891026	ABOVE HIGH
max_demography	600	diet	0.7621994215220937	-0.09949386536059723	
max_demography	600	health	0.9692780519703579	-0.0007219480296419833	
max_demography	600	labor_efficiency	0.8484171328977244	-0.04095167705993541	
max_demography	600	cap_production	0.6140311945713428	-0.09176747308639022	
max_demography	600	craft_output	0.08169914351248952	-0.3467008564875105	
max_demography	600	tool_quality	0.09657937128927152	-0.2118206137554518	
max_demography	600	cap_infrastructure	0.6279847244615512	-0.08896052361702	
max_demography	600	housing_ratio	1.0849960171703046	-0.002919319585885427	
max_demography	600	construction_rate	0.1037276420965067	-0.3246723579034933	
max_demography	600	cap_logistics	0.29908790247651257	-0.18559869092321307	
max_demography	600	trade_capacity	0.08665537351462482	-0.25731707564539424	
max_demography	600	ecology	0.7928422633734475	0.00017559686623558335	
max_demography	600	ground_health	0.8003531900354298	0.053158237220069404	
max_demography	600	cap_institutions	0.6957467825356046	-0.09202282312217724	
max_demography	600	legitimacy	0.7977630620564381	-0.06340763117423676	
max_demography	600	state_capacity	0.1434614350848504	-0.19003850447278228	
max_demography	600	cap_security	0.45980669548254144	-0.16433010823788846	
max_demography	600	warfare_readiness	0.04812016148973439	-0.3484987779358225	
max_demography	600	cap_culture	0.49058915394121094	-0.16877279356878716	
max_demography	600	cohesion	0.45812322530819144	-0.04884070981252858	
max_demography	600	known	165.25	-791.0	
max_demography	600	per_century	11.75	-17.5	
max_demography	600	per_50	0.0	-28.07017543859649	OUT OF BOUNDS
max_demography	600	education	0.7266806069799412	-0.1081568599145083	
max_demography	600	art_found	547.25	-21.75	
max_demography	600	art_studied	547.25	-21.75	
max_demography	600	art_bonus	0.24593	-0.039669999999999955	
max_demography	600	allure	0.5731178307882422	-0.03375455871375743	
max_demography	600	line_knowledge	2.0	-2.0	
max_demography	600	line_institutions	2.25	1.75	
max_demography	600	line_culture	1.0	-2.5	
max_demography	600	line_labor	2.0	1.0	
max_demography	600	line_production	0.0	-5.25	
max_demography	600	line_infrastructure	2.0	0.0	
max_demography	600	line_nutrition	2.5	1.5	
max_demography	600	line_health	0.0	-2.0	
max_demography	600	line_demography	0.0	-1.75	
max_demography	600	line_logistics	0.0	-2.5	
max_demography	600	line_ecology	0.0	-2.25	
max_demography	600	line_security	0.0	-3.5	
max_logistics	100	population	117.0309673135153	-98.54250706827932	within
max_logistics	100	growth_pct	0.17209785995410676	-0.8847962337554138	within
max_logistics	100	life_expectancy	23.621604075636867	-5.069575273983425	within
max_logistics	100	infant_mortality	263.9570393746565	69.10367010480581	within
max_logistics	100	child_mortality_1_4	236.3871963103	49.45403322922749	within
max_logistics	100	maternal_per_100k	1588.1000329982621	483.69587209446263	within
max_logistics	100	tfr	5.7447634801993726	-0.10554905460519848	within
max_logistics	100	cbr	46.708573271356606	1.6175084126382302	within
max_logistics	100	cdr	43.356000452529216	8.26569471652121	within
max_logistics	100	food_per_worker	5.635349846664082	-1.1142568263916948	
max_logistics	100	food_security	0.8580525536457724	-0.12184668105475882	
max_logistics	100	food_share	36.02854217593519	1.3285421759351834	OUT OF BOUNDS
max_logistics	100	diet	0.7289482582019187	-0.10214334108988177	
max_logistics	100	health	0.9290087314105258	-0.040991268589474106	
max_logistics	100	labor_efficiency	0.8338663760058994	-0.025724640781168984	
max_logistics	100	cap_production	0.6115257126957067	-0.023985934204866388	
max_logistics	100	craft_output	0.022902601136690244	-0.11813726082893508	
max_logistics	100	tool_quality	0.0926418020889812	-0.03347709825594075	
max_logistics	100	cap_infrastructure	0.5512905123414847	-0.09535741720685764	
max_logistics	100	housing_ratio	1.12	0.03897490907493539	
max_logistics	100	construction_rate	0.0627250685638033	-0.10870209743704953	
max_logistics	100	cap_logistics	0.34534451425633444	-0.007970916662498051	
max_logistics	100	trade_capacity	0.08740715605459423	-0.05277407814486698	
max_logistics	100	ecology	0.7945007760701562	0.0017011343497047582	
max_logistics	100	ground_health	0.9954054363756872	0.01003012842575024	
max_logistics	100	cap_institutions	0.6523487767854884	-0.048968204247771485	
max_logistics	100	legitimacy	0.7581126500512119	-0.062233601630065194	
max_logistics	100	state_capacity	0.03485805654658638	-0.09597705108360499	
max_logistics	100	cap_security	0.4522149008471542	-0.050279173332453575	
max_logistics	100	warfare_readiness	0.04237582577726334	-0.09498691548946714	
max_logistics	100	cap_culture	0.4477582953751792	-0.16935499684203537	
max_logistics	100	cohesion	0.4315049193860497	-0.05074108232329716	
max_logistics	100	known	58.5	-272.75	
max_logistics	100	per_century	22.5	-136.5	
max_logistics	100	per_50	5.084745762711864	-55.93220338983051	OUT OF BOUNDS
max_logistics	100	education	0.7155798495706606	-0.030364536974173406	
max_logistics	100	art_found	373.75	-86.25	
max_logistics	100	art_studied	158.75	49.25	
max_logistics	100	art_bonus	0.16799999999999957	0.0	
max_logistics	100	allure	0.5645516590750359	-0.03387099936840643	
max_logistics	100	line_knowledge	4.0	-6.25	
max_logistics	100	line_institutions	1.0	-11.25	
max_logistics	100	line_culture	0.0	-15.25	
max_logistics	100	line_labor	0.0	-12.25	
max_logistics	100	line_production	4.75	-10.5	
max_logistics	100	line_infrastructure	0.0	-15.0	
max_logistics	100	line_nutrition	2.0	-17.0	
max_logistics	100	line_health	0.0	-13.0	
max_logistics	100	line_demography	0.0	-13.0	
max_logistics	100	line_logistics	9.75	-2.0	
max_logistics	100	line_ecology	1.0	-11.0	
max_logistics	100	line_security	0.0	-10.0	
max_logistics	200	population	184.4748295677157	-415.02484516629806	within
max_logistics	200	growth_pct	0.4636267893884327	-0.3429191843508761	within
max_logistics	200	life_expectancy	23.90357040665143	-5.956548384283746	within
max_logistics	200	infant_mortality	260.7192482221519	78.65304372624033	within
max_logistics	200	child_mortality_1_4	233.27104220453856	57.22834845533515	within
max_logistics	200	maternal_per_100k	1586.7336139280494	517.2016258935873	within
max_logistics	200	tfr	5.980586463529981	0.1662276457278722	within
max_logistics	200	cbr	48.85244465528867	4.933503325386134	ABOVE HIGH
max_logistics	200	cdr	43.63533516014941	11.070830172045198	within
max_logistics	200	food_per_worker	5.319732900850612	-1.4827350471266154	
max_logistics	200	food_security	0.8364656356740005	-0.1430770021449408	
max_logistics	200	food_share	37.44167722742938	2.7416772274293706	ABOVE HIGH
max_logistics	200	diet	0.7394204359906758	-0.160736750253753	
max_logistics	200	health	0.9138245632936964	-0.05617543670630343	
max_logistics	200	labor_efficiency	0.8203766767193834	-0.042189565694154996	
max_logistics	200	cap_production	0.6107462675298099	-0.040559435586106196	
max_logistics	200	craft_output	0.08374308743618707	-0.13608763874822094	
max_logistics	200	tool_quality	0.09812095822980749	-0.08883961840620036	
max_logistics	200	cap_infrastructure	0.5598563973858932	-0.09979036382876239	
max_logistics	200	housing_ratio	1.0922105900817731	0.011218800115517125	
max_logistics	200	construction_rate	0.10039972685990851	-0.11379214319550822	
max_logistics	200	cap_logistics	0.3701292834596614	-0.014522831745620579	
max_logistics	200	trade_capacity	0.15441290760965884	-0.052975203981874414	
max_logistics	200	ecology	0.7962575085698864	0.0035906571709306556	
max_logistics	200	ground_health	0.9693347917627428	0.06283182325746273	
max_logistics	200	cap_institutions	0.6475456644884958	-0.08689235422107311	
max_logistics	200	legitimacy	0.7398641624999566	-0.10112555812655999	
max_logistics	200	state_capacity	0.04962926594266023	-0.13749571480734618	
max_logistics	200	cap_security	0.4432766768334258	-0.0932270830854191	
max_logistics	200	warfare_readiness	0.04310201267064165	-0.17686767515403287	
max_logistics	200	cap_culture	0.43587361337374186	-0.19892989132210015	
max_logistics	200	cohesion	0.4130214362390443	-0.07650787798654307	
max_logistics	200	known	83.0	-479.0	
max_logistics	200	per_century	4.0	-69.75	
max_logistics	200	per_50	1.1627906976744187	-27.034883720930235	OUT OF BOUNDS
max_logistics	200	education	0.7360119316942797	-0.03305164542939054	
max_logistics	200	art_found	493.5	-73.75	
max_logistics	200	art_studied	379.75	-47.25	
max_logistics	200	art_bonus	0.1845	-0.013500000000001011	
max_logistics	200	allure	0.5621747226747483	-0.039785978264419986	
max_logistics	200	line_knowledge	1.0	-8.0	
max_logistics	200	line_institutions	0.0	-5.0	
max_logistics	200	line_culture	0.0	-3.25	
max_logistics	200	line_labor	0.0	-4.5	
max_logistics	200	line_production	0.0	-14.5	
max_logistics	200	line_infrastructure	0.0	-4.25	
max_logistics	200	line_nutrition	0.0	-10.25	
max_logistics	200	line_health	0.0	-4.25	
max_logistics	200	line_demography	0.0	-3.0	
max_logistics	200	line_logistics	3.0	-1.0	
max_logistics	200	line_ecology	0.0	-6.5	
max_logistics	200	line_security	0.0	-5.25	
max_logistics	300	population	320.3349943514503	-1175.2321559004831	within
max_logistics	300	growth_pct	0.5363751416392004	-0.04517124327951261	within
max_logistics	300	life_expectancy	25.258697443270364	-4.490735222823339	within
max_logistics	300	infant_mortality	249.2347188529515	66.39479194829184	within
max_logistics	300	child_mortality_1_4	222.13269579857376	44.956484593070684	within
max_logistics	300	maternal_per_100k	1585.661392066229	534.7775028692936	within
max_logistics	300	tfr	6.189100032306863	0.7255868882266236	within
max_logistics	300	cbr	51.45393542514799	3.76807975838004	ABOVE HIGH
max_logistics	300	cdr	42.90939522387097	5.3639944099071	within
max_logistics	300	food_per_worker	5.484549148695773	-0.9109447091677048	
max_logistics	300	food_security	0.9755153435184836	-0.0038198591059332987	
max_logistics	300	food_share	34.70000000000001	0.0	OUT OF BOUNDS
max_logistics	300	diet	0.7635514431899529	-0.1526128920653793	
max_logistics	300	health	0.9687114604413787	-0.0012885395586211823	
max_logistics	300	labor_efficiency	0.849095800333593	-0.026880057664562695	
max_logistics	300	cap_production	0.6144482407568934	-0.053442235503457836	
max_logistics	300	craft_output	0.10084526987502415	-0.16623612355398462	
max_logistics	300	tool_quality	0.09745834370447332	-0.12197363162849029	
max_logistics	300	cap_infrastructure	0.6320033279713423	-0.041699689017562824	
max_logistics	300	housing_ratio	1.0820687966157512	-0.006506961679339396	
max_logistics	300	construction_rate	0.13589822092212261	-0.1383348334846604	
max_logistics	300	cap_logistics	0.36936424523704986	-0.05091022684158519	
max_logistics	300	trade_capacity	0.1763342328726383	-0.05271566617137702	
max_logistics	300	ecology	0.7926804540069962	1.378708369470516e-05	
max_logistics	300	ground_health	0.9955110652489576	0.1707707620798059	
max_logistics	300	cap_institutions	0.6715738700362971	-0.08089861750558414	
max_logistics	300	legitimacy	0.7958090291317004	-0.05397259650571318	
max_logistics	300	state_capacity	0.07023998843496612	-0.15454308008651046	
max_logistics	300	cap_security	0.45784424905928894	-0.10066948007717508	
max_logistics	300	warfare_readiness	0.042639872594846744	-0.204225843222364	
max_logistics	300	cap_culture	0.47768607755243886	-0.1665659584847996	
max_logistics	300	cohesion	0.45780347886998807	-0.03954798226025669	
max_logistics	300	known	106.75	-573.75	
max_logistics	300	per_century	9.5	-38.0	
max_logistics	300	per_50	5.063291139240507	-18.67088607594937	OUT OF BOUNDS
max_logistics	300	education	0.7401082679823665	-0.048316241661203296	
max_logistics	300	art_found	512.0	-57.0	
max_logistics	300	art_studied	512.0	-57.0	
max_logistics	300	art_bonus	0.21784499999999998	-0.004117500000000024	
max_logistics	300	allure	0.5705372155104877	-0.0333131916969599	
max_logistics	300	line_knowledge	0.5	-4.0	
max_logistics	300	line_institutions	2.0	-2.0	
max_logistics	300	line_culture	0.0	-4.25	
max_logistics	300	line_labor	0.0	-1.0	
max_logistics	300	line_production	0.0	-5.0	
max_logistics	300	line_infrastructure	1.0	-7.5	
max_logistics	300	line_nutrition	0.0	-5.0	
max_logistics	300	line_health	0.0	-3.0	
max_logistics	300	line_demography	0.0	0.0	
max_logistics	300	line_logistics	6.0	-0.5	
max_logistics	300	line_ecology	0.0	-3.0	
max_logistics	300	line_security	0.0	-2.75	
max_logistics	400	population	590.5413396716945	-2150.9082713275634	within
max_logistics	400	growth_pct	0.6273261078151016	-0.1590381940699992	within
max_logistics	400	life_expectancy	26.009241612883514	-3.3266253361851312	within
max_logistics	400	infant_mortality	240.82807324072024	55.791595388728325	within
max_logistics	400	child_mortality_1_4	214.28561830215702	33.57763436722823	within
max_logistics	400	maternal_per_100k	1583.9812413039424	591.5186759268607	within
max_logistics	400	tfr	5.878729708172074	0.6682928207714003	within
max_logistics	400	cbr	46.72528588226632	6.012948766876448	ABOVE HIGH
max_logistics	400	cdr	40.306270175033085	6.301334276816476	within
max_logistics	400	food_per_worker	5.367499007307028	-0.8201474365180523	
max_logistics	400	food_security	0.9778867220241094	-0.0018048056579953453	
max_logistics	400	food_share	34.70000000000001	0.0	ABOVE HIGH
max_logistics	400	diet	0.7913001780040898	-0.1046845282883131	
max_logistics	400	health	0.9699999502177202	-4.978227963192694e-08	
max_logistics	400	labor_efficiency	0.8536183636028535	-0.028854874715114165	
max_logistics	400	cap_production	0.6232498440186436	-0.06558271821222195	
max_logistics	400	craft_output	0.12147116021983846	-0.21380640021638642	
max_logistics	400	tool_quality	0.1319584687032753	-0.16143812826888018	
max_logistics	400	cap_infrastructure	0.6397270728684127	-0.04643577196532167	
max_logistics	400	housing_ratio	1.0827222396818734	-0.0002912623783164481	
max_logistics	400	construction_rate	0.1502667142177035	-0.16959659581949565	
max_logistics	400	cap_logistics	0.3806209265353952	-0.06614561540887814	
max_logistics	400	trade_capacity	0.19234895969537227	-0.0735601603245111	
max_logistics	400	ecology	0.7926666858203864	8.264837379345913e-05	
max_logistics	400	ground_health	0.9562959263790677	0.18374169436285903	
max_logistics	400	cap_institutions	0.6835560444944415	-0.08368396994802518	
max_logistics	400	legitimacy	0.8049560973939579	-0.05119118589741434	
max_logistics	400	state_capacity	0.08810033812409193	-0.17591696272312154	
max_logistics	400	cap_security	0.46740980229757606	-0.10942491034024965	
max_logistics	400	warfare_readiness	0.05945367772560353	-0.22671730282803546	
max_logistics	400	cap_culture	0.487331305296012	-0.16458942286434564	
max_logistics	400	cohesion	0.4650186581438441	-0.037519725399352166	
max_logistics	400	known	146.0	-650.0	
max_logistics	400	per_century	23.5	-34.0	
max_logistics	400	per_50	2.2435897435897436	-26.28205128205128	OUT OF BOUNDS
max_logistics	400	education	0.7465483044694207	-0.057461986205412985	
max_logistics	400	art_found	512.75	-56.25	
max_logistics	400	art_studied	512.75	-56.25	
max_logistics	400	art_bonus	0.23117500000000002	-0.017549999999999955	
max_logistics	400	allure	0.5724662610592024	-0.03291788457286904	
max_logistics	400	line_knowledge	0.75	-4.5	
max_logistics	400	line_institutions	0.5	-3.5	
max_logistics	400	line_culture	0.75	-6.75	
max_logistics	400	line_labor	3.25	-3.5	
max_logistics	400	line_production	6.25	1.75	
max_logistics	400	line_infrastructure	6.25	-4.0	
max_logistics	400	line_nutrition	2.0	-3.25	
max_logistics	400	line_health	0.0	-2.75	
max_logistics	400	line_demography	0.0	-1.25	
max_logistics	400	line_logistics	2.75	-2.25	
max_logistics	400	line_ecology	1.0	0.0	
max_logistics	400	line_security	0.0	-4.0	
max_logistics	500	population	899.1512179344156	-2716.1478860064826	within
max_logistics	500	growth_pct	0.26165430181994964	-0.21601670352223712	within
max_logistics	500	life_expectancy	26.27617188079278	-2.877275164137167	within
max_logistics	500	infant_mortality	236.72765411903418	50.044685846603215	within
max_logistics	500	child_mortality_1_4	210.94452003803883	28.455170714358474	within
max_logistics	500	maternal_per_100k	1586.4275677836608	610.9327340157162	within
max_logistics	500	tfr	5.629824213754585	0.7973358690411407	within
max_logistics	500	cbr	46.60135761117405	6.977664156523019	ABOVE HIGH
max_logistics	500	cdr	41.36740345489555	5.4174560918246755	within
max_logistics	500	food_per_worker	5.226926532459729	-0.8774241420075359	
max_logistics	500	food_security	0.9743823196698741	-0.004212084084212697	
max_logistics	500	food_share	34.70010135997078	0.00010135997077043157	ABOVE HIGH
max_logistics	500	diet	0.7989928074655827	-0.08725397848965533	
max_logistics	500	health	0.9699999990440398	-9.559600888664477e-10	
max_logistics	500	labor_efficiency	0.8622903724856228	-0.020846673209731548	
max_logistics	500	cap_production	0.626477613014589	-0.07512279591786841	
max_logistics	500	craft_output	0.1377787970438929	-0.23380173254574255	
max_logistics	500	tool_quality	0.14277433490187103	-0.16526809081590516	
max_logistics	500	cap_infrastructure	0.6430101762172905	-0.05868597148830612	
max_logistics	500	housing_ratio	1.0920443849489427	-0.007915393398227222	
max_logistics	500	construction_rate	0.16806086036548765	-0.20902498088192425	
max_logistics	500	cap_logistics	0.3905208178439189	-0.08722432638072875	
max_logistics	500	trade_capacity	0.19469810577066812	-0.11958994396823933	
max_logistics	500	ecology	0.7903452361284661	-0.0023213157476246193	
max_logistics	500	ground_health	0.9191687480772542	0.15426381659838895	
max_logistics	500	cap_institutions	0.6886333262886264	-0.09460573979834142	
max_logistics	500	legitimacy	0.8036303195112273	-0.05618338507685228	
max_logistics	500	state_capacity	0.10366181202157164	-0.20893788593712637	
max_logistics	500	cap_security	0.47179307886663446	-0.1264732050867604	
max_logistics	500	warfare_readiness	0.07006241587053584	-0.2542394830964333	
max_logistics	500	cap_culture	0.4871789563101269	-0.16970809762502098	
max_logistics	500	cohesion	0.4653139775135006	-0.042703178563905875	
max_logistics	500	known	170.75	-716.75	
max_logistics	500	per_century	9.0	-37.5	
max_logistics	500	per_50	0.0	-37.301587301587304	OUT OF BOUNDS
max_logistics	500	education	0.7536688187535348	-0.06908112865498983	
max_logistics	500	art_found	512.75	-56.25	
max_logistics	500	art_studied	512.75	-56.25	
max_logistics	500	art_bonus	0.2315	-0.039699999999999985	
max_logistics	500	allure	0.5724357912620254	-0.033941619525004185	
max_logistics	500	line_knowledge	3.25	-3.75	
max_logistics	500	line_institutions	0.0	-4.75	
max_logistics	500	line_culture	0.75	-1.75	
max_logistics	500	line_labor	1.75	-1.25	
max_logistics	500	line_production	1.25	-3.0	
max_logistics	500	line_infrastructure	1.75	-6.25	
max_logistics	500	line_nutrition	0.0	-2.25	
max_logistics	500	line_health	0.0	-3.0	
max_logistics	500	line_demography	0.0	-1.0	
max_logistics	500	line_logistics	0.25	-1.75	
max_logistics	500	line_ecology	0.0	-5.25	
max_logistics	500	line_security	0.0	-3.5	
max_logistics	600	population	1509.3521983356572	-3544.5905562119447	within
max_logistics	600	growth_pct	0.5165904841808178	0.07056298550704998	within
max_logistics	600	life_expectancy	25.930210714348068	-3.442956686843015	within
max_logistics	600	infant_mortality	239.92775504991496	55.12502999775083	within
max_logistics	600	child_mortality_1_4	214.1128858085883	32.997176704938255	within
max_logistics	600	maternal_per_100k	1586.3122596572118	627.3430561189105	within
max_logistics	600	tfr	5.6465532236415	0.8627701465512789	within
max_logistics	600	cbr	45.42583165605352	7.285242002274828	within
max_logistics	600	cdr	40.437902497113285	5.252356576743793	within
max_logistics	600	food_per_worker	4.752023717220299	-1.1558654937307082	
max_logistics	600	food_security	0.966426610503962	-0.011386054342696683	
max_logistics	600	food_share	34.70000000000001	0.0	ABOVE HIGH
max_logistics	600	diet	0.7745997570217777	-0.08709352986091323	
max_logistics	600	health	0.9699999999999999	0.0	
max_logistics	600	labor_efficiency	0.8554689179168192	-0.03389989204084054	
max_logistics	600	cap_production	0.62470934661622	-0.08108932104151301	
max_logistics	600	craft_output	0.13907098429963866	-0.28932901570036135	
max_logistics	600	tool_quality	0.1434075855702054	-0.16499239947451794	
max_logistics	600	cap_infrastructure	0.6447169336832882	-0.07222831439528299	
max_logistics	600	housing_ratio	1.0844156129068614	-0.0034997238493286176	
max_logistics	600	construction_rate	0.17655359651722083	-0.2518464034827792	
max_logistics	600	cap_logistics	0.4108322950369748	-0.07385429836275081	
max_logistics	600	trade_capacity	0.19840683064730294	-0.14556561851271613	
max_logistics	600	ecology	0.7926634416857492	-3.2248214627550453e-06	
max_logistics	600	ground_health	0.8674690490921708	0.1202740962768104	
max_logistics	600	cap_institutions	0.6900090400561957	-0.09776056560158619	
max_logistics	600	legitimacy	0.8007397273107362	-0.060430965919938684	
max_logistics	600	state_capacity	0.11130448808037267	-0.22219545147726	
max_logistics	600	cap_security	0.4748848801989527	-0.1492519235214772	
max_logistics	600	warfare_readiness	0.07786127244628796	-0.3187576669792689	
max_logistics	600	cap_culture	0.485356451693463	-0.17400549581653513	
max_logistics	600	cohesion	0.46157380027499534	-0.04539013484572468	
max_logistics	600	known	181.75	-774.5	
max_logistics	600	per_century	4.75	-24.5	
max_logistics	600	per_50	0.0	-28.07017543859649	OUT OF BOUNDS
max_logistics	600	education	0.7587553151599711	-0.07608215173447841	
max_logistics	600	art_found	512.75	-56.25	
max_logistics	600	art_studied	512.75	-56.25	
max_logistics	600	art_bonus	0.23800000000000002	-0.04759999999999995	
max_logistics	600	allure	0.5720712903386926	-0.03480109916330698	
max_logistics	600	line_knowledge	1.75	-2.25	
max_logistics	600	line_institutions	0.0	-0.5	
max_logistics	600	line_culture	0.0	-3.5	
max_logistics	600	line_labor	0.0	-1.0	
max_logistics	600	line_production	0.0	-5.25	
max_logistics	600	line_infrastructure	1.25	-0.75	
max_logistics	600	line_nutrition	0.0	-1.0	
max_logistics	600	line_health	0.0	-2.0	
max_logistics	600	line_demography	0.0	-1.75	
max_logistics	600	line_logistics	1.25	-1.25	
max_logistics	600	line_ecology	0.0	-2.25	
max_logistics	600	line_security	0.5	-3.0	
max_ecology	100	population	157.6936395079373	-57.879834873857334	within
max_ecology	100	growth_pct	0.6175378145792498	-0.43935627913027075	within
max_ecology	100	life_expectancy	25.86066858336566	-2.8305107662546334	within
max_ecology	100	infant_mortality	241.02682620921058	46.17345693935988	within
max_ecology	100	child_mortality_1_4	215.3146434784973	28.38148039742478	within
max_ecology	100	maternal_per_100k	1586.8671691637921	482.46300825999265	within
max_ecology	100	tfr	5.870149781826909	0.01983724702233758	within
max_ecology	100	cbr	46.989386395939505	1.898321537221129	within
max_ecology	100	cdr	40.47531661505086	5.385010879042852	within
max_ecology	100	food_per_worker	6.102937918791934	-0.6466687542638425	
max_ecology	100	food_security	0.9793846936679442	-0.0005145410325869682	
max_ecology	100	food_share	34.70000000000001	0.0	OUT OF BOUNDS
max_ecology	100	diet	0.7498021850326115	-0.0812894142591889	
max_ecology	100	health	0.9699999999999999	0.0	
max_ecology	100	labor_efficiency	0.8520718225371553	-0.007519194249913097	
max_ecology	100	cap_production	0.6151438696570481	-0.0203677772435249	
max_ecology	100	craft_output	0.006818782716154285	-0.13422107924947102	
max_ecology	100	tool_quality	0.07994261357909267	-0.046176286765829286	
max_ecology	100	cap_infrastructure	0.5519942538369753	-0.09465367571136707	
max_ecology	100	housing_ratio	1.0817677070944298	0.0007426161693651068	
max_ecology	100	construction_rate	0.04327542405317907	-0.12815174194767376	
max_ecology	100	cap_logistics	0.2827982021440592	-0.07051722877477329	
max_ecology	100	trade_capacity	0.0024566057280876966	-0.1377246284713735	
max_ecology	100	ecology	0.7927991438017618	-4.979186897235977e-07	
max_ecology	100	ground_health	0.9999999999999833	0.01462469205004635	
max_ecology	100	cap_institutions	0.6802625754845734	-0.02105440554868654	
max_ecology	100	legitimacy	0.8077521226344158	-0.012594129046861302	
max_ecology	100	state_capacity	0.06575971344324316	-0.06507539418694822	
max_ecology	100	cap_security	0.4577883247273945	-0.044705749452213284	
max_ecology	100	warfare_readiness	0.04251234065417561	-0.09485040061255487	
max_ecology	100	cap_culture	0.4803687894668072	-0.13674450275040734	
max_ecology	100	cohesion	0.4649759002919102	-0.017270101417436623	
max_ecology	100	known	78.0	-253.25	
max_ecology	100	per_century	35.0	-124.0	
max_ecology	100	per_50	5.084745762711864	-55.93220338983051	OUT OF BOUNDS
max_ecology	100	education	0.7036761975221557	-0.04226818902267826	
max_ecology	100	art_found	404.5	-55.5	
max_ecology	100	art_studied	173.0	63.5	
max_ecology	100	art_bonus	0.16799999999999957	0.0	
max_ecology	100	allure	0.5710737578933615	-0.02734890055008088	
max_ecology	100	line_knowledge	3.0	-7.25	
max_ecology	100	line_institutions	5.0	-7.25	
max_ecology	100	line_culture	6.0	-9.25	
max_ecology	100	line_labor	0.0	-12.25	
max_ecology	100	line_production	3.0	-12.25	
max_ecology	100	line_infrastructure	4.0	-11.0	
max_ecology	100	line_nutrition	2.0	-17.0	
max_ecology	100	line_health	0.0	-13.0	
max_ecology	100	line_demography	0.0	-13.0	
max_ecology	100	line_logistics	0.0	-11.75	
max_ecology	100	line_ecology	12.0	0.0	
max_ecology	100	line_security	0.0	-10.0	
max_ecology	200	population	308.15434259461307	-291.3453321394007	within
max_ecology	200	growth_pct	0.65319465271656	-0.15335132102274884	within
max_ecology	200	life_expectancy	26.424937252839165	-3.4351815380960105	within
max_ecology	200	infant_mortality	233.928714408603	51.86250991269142	within
max_ecology	200	child_mortality_1_4	209.1017612346616	33.0590674854582	within
max_ecology	200	maternal_per_100k	1586.36774044438	516.8357524099179	within
max_ecology	200	tfr	5.890469631021428	0.07611081321931934	within
max_ecology	200	cbr	46.48038947570678	2.561448145804242	within
max_ecology	200	cdr	39.04138083085343	6.476875842749216	within
max_ecology	200	food_per_worker	6.309239956453298	-0.4932279915239297	
max_ecology	200	food_security	0.9789387177544238	-0.0006039200645174825	
max_ecology	200	food_share	34.70000000000001	0.0	OUT OF BOUNDS
max_ecology	200	diet	0.7600864090083852	-0.14007077723604355	
max_ecology	200	health	0.9699999999999999	0.0	
max_ecology	200	labor_efficiency	0.8516605527882742	-0.01090568962526417	
max_ecology	200	cap_production	0.6165341017377806	-0.03477160137813551	
max_ecology	200	craft_output	0.04627334102965931	-0.17355738515474872	
max_ecology	200	tool_quality	0.09316834867029605	-0.0937922279657118	
max_ecology	200	cap_infrastructure	0.5949642043229202	-0.06468255689173541	
max_ecology	200	housing_ratio	1.081542492355311	0.0005507023890549689	
max_ecology	200	construction_rate	0.09367109628747054	-0.12052077376794619	
max_ecology	200	cap_logistics	0.28233304758341893	-0.10231906762186305	
max_ecology	200	trade_capacity	0.010914082527526918	-0.19647402906400632	
max_ecology	200	ecology	0.792666850707235	-6.917207917567225e-10	
max_ecology	200	ground_health	0.9839978493298928	0.07749488082461264	
max_ecology	200	cap_institutions	0.6810247029067835	-0.05341331580278541	
max_ecology	200	legitimacy	0.8074348465498418	-0.03355487407667479	
max_ecology	200	state_capacity	0.07007672218921557	-0.11704825856079085	
max_ecology	200	cap_security	0.45989496688399706	-0.07660879303484786	
max_ecology	200	warfare_readiness	0.04338531472237857	-0.17658437310229597	
max_ecology	200	cap_culture	0.48541508004016465	-0.14938842465567737	
max_ecology	200	cohesion	0.46541529843810614	-0.024114015787481236	
max_ecology	200	known	111.75	-450.25	
max_ecology	200	per_century	21.75	-52.0	
max_ecology	200	per_50	2.0348837209302326	-26.16279069767442	OUT OF BOUNDS
max_ecology	200	education	0.7040750891302835	-0.06498848799338675	
max_ecology	200	art_found	524.0	-43.25	
max_ecology	200	art_studied	498.25	71.25	
max_ecology	200	art_bonus	0.19537500000000002	-0.0026250000000009877	
max_ecology	200	allure	0.5720830160080329	-0.029877684931135406	
max_ecology	200	line_knowledge	0.0	-9.0	
max_ecology	200	line_institutions	0.0	-5.0	
max_ecology	200	line_culture	0.0	-3.25	
max_ecology	200	line_labor	0.0	-4.5	
max_ecology	200	line_production	9.0	-5.5	
max_ecology	200	line_infrastructure	2.0	-2.25	
max_ecology	200	line_nutrition	3.0	-7.25	
max_ecology	200	line_health	0.0	-4.25	
max_ecology	200	line_demography	0.0	-3.0	
max_ecology	200	line_logistics	0.0	-4.0	
max_ecology	200	line_ecology	6.75	0.25	
max_ecology	200	line_security	1.0	-4.25	
max_ecology	300	population	581.5180030363872	-914.0491472155463	within
max_ecology	300	growth_pct	0.5298421412220977	-0.051704243696615304	within
max_ecology	300	life_expectancy	26.462026523472304	-3.2874061426214	within
max_ecology	300	infant_mortality	233.35425020362456	50.51432329896491	within
max_ecology	300	child_mortality_1_4	208.57845014660822	31.40223894110514	within
max_ecology	300	maternal_per_100k	1586.2971341506825	535.4132449537472	within
max_ecology	300	tfr	5.654293446137408	0.19078030205716878	within
max_ecology	300	cbr	45.16155317255302	-2.524302494214929	within
max_ecology	300	cdr	39.33684109262738	1.791440278663508	within
max_ecology	300	food_per_worker	6.183625745518937	-0.21186811234454073	
max_ecology	300	food_security	0.9785864410652698	-0.0007487615591470487	
max_ecology	300	food_share	34.70000000000001	0.0	OUT OF BOUNDS
max_ecology	300	diet	0.7790800898347549	-0.1370842454205774	
max_ecology	300	health	0.9699999999999999	0.0	
max_ecology	300	labor_efficiency	0.8531269693117745	-0.02284888868638124	
max_ecology	300	cap_production	0.6182474711673931	-0.04964300509295816	
max_ecology	300	craft_output	0.05547582618569584	-0.21160556724331292	
max_ecology	300	tool_quality	0.09316727958147429	-0.1262646957514893	
max_ecology	300	cap_infrastructure	0.5956445870494127	-0.07805842993949241	
max_ecology	300	housing_ratio	1.0813334200927551	-0.007242338202335441	
max_ecology	300	construction_rate	0.09493775925948902	-0.179295295147294	
max_ecology	300	cap_logistics	0.28385052530190774	-0.1364239467767273	
max_ecology	300	trade_capacity	0.011866865809603095	-0.21718303323441224	
max_ecology	300	ecology	0.7926668981309296	2.3120762815409535e-07	
max_ecology	300	ground_health	0.9342069015501668	0.10946659838101513	
max_ecology	300	cap_institutions	0.6831166913042299	-0.06935579623765131	
max_ecology	300	legitimacy	0.8086106088285628	-0.04117101680885071	
max_ecology	300	state_capacity	0.07003797531998182	-0.15474509320149477	
max_ecology	300	cap_security	0.4622434639059533	-0.09627026523051074	
max_ecology	300	warfare_readiness	0.04336326708734878	-0.20350244872986198	
max_ecology	300	cap_culture	0.4877653230899384	-0.15648671294730004	
max_ecology	300	cohesion	0.46677854393544194	-0.030572917194802818	
max_ecology	300	known	120.0	-560.5	
max_ecology	300	per_century	3.0	-44.5	
max_ecology	300	per_50	1.2658227848101267	-22.468354430379748	OUT OF BOUNDS
max_ecology	300	education	0.7040715089195664	-0.08435300072400342	
max_ecology	300	art_found	533.0	-36.0	
max_ecology	300	art_studied	533.0	-36.0	
max_ecology	300	art_bonus	0.20664	-0.015322500000000017	
max_ecology	300	allure	0.5725530646179877	-0.03129734258945993	
max_ecology	300	line_knowledge	0.0	-4.5	
max_ecology	300	line_institutions	0.0	-4.0	
max_ecology	300	line_culture	0.0	-4.25	
max_ecology	300	line_labor	0.0	-1.0	
max_ecology	300	line_production	0.0	-5.0	
max_ecology	300	line_infrastructure	0.0	-8.5	
max_ecology	300	line_nutrition	0.0	-5.0	
max_ecology	300	line_health	0.0	-3.0	
max_ecology	300	line_demography	0.0	0.0	
max_ecology	300	line_logistics	0.0	-6.5	
max_ecology	300	line_ecology	3.0	0.0	
max_ecology	300	line_security	0.0	-2.75	
max_ecology	400	population	969.5952440373505	-1771.8543669619073	within
max_ecology	400	growth_pct	0.5543904897710256	-0.2319738121140752	within
max_ecology	400	life_expectancy	26.56572105523974	-2.7701458938289036	within
max_ecology	400	infant_mortality	231.8484994545457	46.812021602553784	within
max_ecology	400	child_mortality_1_4	207.33240167457743	26.624417739648635	within
max_ecology	400	maternal_per_100k	1586.6337256662798	594.1711602891982	within
max_ecology	400	tfr	5.753307063099325	0.5428701756986518	within
max_ecology	400	cbr	44.974360360751305	4.2620232453614335	within
max_ecology	400	cdr	38.694819274437236	4.689883376220628	within
max_ecology	400	food_per_worker	5.980375057557142	-0.20727138626793895	
max_ecology	400	food_security	0.9789066691415338	-0.0007848585405709763	
max_ecology	400	food_share	34.70000000000001	0.0	ABOVE HIGH
max_ecology	400	diet	0.7741626101308186	-0.12182209616158435	
max_ecology	400	health	0.9699999999999999	0.0	
max_ecology	400	labor_efficiency	0.8521946260989248	-0.030278612219042822	
max_ecology	400	cap_production	0.6161279008057768	-0.07270466142508869	
max_ecology	400	craft_output	0.09420587929415722	-0.24107168114206765	
max_ecology	400	tool_quality	0.09309849556508915	-0.20029810140706633	
max_ecology	400	cap_infrastructure	0.6314656953968496	-0.05469714943688475	
max_ecology	400	housing_ratio	1.0831688391950425	0.0001553371348526067	
max_ecology	400	construction_rate	0.10860391666904073	-0.2112593933681584	
max_ecology	400	cap_logistics	0.2891060591710906	-0.15766048277318273	
max_ecology	400	trade_capacity	0.06951287466161937	-0.196396245358264	
max_ecology	400	ecology	0.7926666669882229	8.262954162996383e-05	
max_ecology	400	ground_health	0.8999446138022996	0.12739038178609097	
max_ecology	400	cap_institutions	0.692407054773843	-0.07483295966862369	
max_ecology	400	legitimacy	0.8104590084401165	-0.045688274851255706	
max_ecology	400	state_capacity	0.10976034022299044	-0.15425696062422303	
max_ecology	400	cap_security	0.4628688512911078	-0.11396586134671793	
max_ecology	400	warfare_readiness	0.043282721446873174	-0.2428882591067658	
max_ecology	400	cap_culture	0.4939255696387329	-0.1579951585216247	
max_ecology	400	cohesion	0.47060202685089136	-0.03193635669230488	
max_ecology	400	known	139.0	-657.0	
max_ecology	400	per_century	5.0	-52.5	
max_ecology	400	per_50	3.8461538461538463	-24.67948717948718	OUT OF BOUNDS
max_ecology	400	education	0.7226741294339118	-0.0813361612409218	
max_ecology	400	art_found	533.0	-36.0	
max_ecology	400	art_studied	533.0	-36.0	
max_ecology	400	art_bonus	0.2328	-0.015924999999999967	
max_ecology	400	allure	0.5737851139277466	-0.031599031704324876	
max_ecology	400	line_knowledge	0.0	-5.25	
max_ecology	400	line_institutions	1.0	-3.0	
max_ecology	400	line_culture	0.0	-7.5	
max_ecology	400	line_labor	0.0	-6.75	
max_ecology	400	line_production	0.0	-4.5	
max_ecology	400	line_infrastructure	1.0	-9.25	
max_ecology	400	line_nutrition	0.0	-5.25	
max_ecology	400	line_health	0.0	-2.75	
max_ecology	400	line_demography	0.0	-1.25	
max_ecology	400	line_logistics	0.0	-5.0	
max_ecology	400	line_ecology	3.0	2.0	
max_ecology	400	line_security	0.0	-4.0	
max_ecology	500	population	1576.8347317187504	-2038.4643722221476	within
max_ecology	500	growth_pct	0.5632417154607494	0.08557071011856265	within
max_ecology	500	life_expectancy	26.473408973318286	-2.680038071611662	within
max_ecology	500	infant_mortality	232.7026253897711	46.01965711734013	within
max_ecology	500	child_mortality_1_4	208.17639004621037	25.687040722530014	within
max_ecology	500	maternal_per_100k	1586.1666812610522	610.6718474931075	within
max_ecology	500	tfr	5.534544839598667	0.7020564948852233	within
max_ecology	500	cbr	45.07164564265015	5.447952187999114	within
max_ecology	500	cdr	40.30848824727936	4.35854088420848	within
max_ecology	500	food_per_worker	5.889772626691924	-0.2145780477753414	
max_ecology	500	food_security	0.977032935717126	-0.001561468036960778	
max_ecology	500	food_share	34.70000000000001	0.0	ABOVE HIGH
max_ecology	500	diet	0.7730279299505809	-0.11321885600465709	
max_ecology	500	health	0.9699999999999999	0.0	
max_ecology	500	labor_efficiency	0.8556645945968744	-0.027472451098479955	
max_ecology	500	cap_production	0.6176299757191839	-0.08397043321327358	
max_ecology	500	craft_output	0.10306185363305001	-0.2685186759565854	
max_ecology	500	tool_quality	0.09376736333355945	-0.21427506238421673	
max_ecology	500	cap_infrastructure	0.6314955710527157	-0.07020057665288093	
max_ecology	500	housing_ratio	1.0838984224512118	-0.01606135589595814	
max_ecology	500	construction_rate	0.10869651379265129	-0.26838932745476063	
max_ecology	500	cap_logistics	0.3013100690932204	-0.17643507513142725	
max_ecology	500	trade_capacity	0.07516125620537922	-0.23912679353352823	
max_ecology	500	ecology	0.7926666666671282	1.1479103745326569e-07	
max_ecology	500	ground_health	0.8446365623065657	0.0797316308277004	
max_ecology	500	cap_institutions	0.7054998970700043	-0.07773916901696354	
max_ecology	500	legitimacy	0.8145924851401022	-0.04522121944797741	
max_ecology	500	state_capacity	0.13593120820137322	-0.1766684897573248	
max_ecology	500	cap_security	0.46605307977028543	-0.13221320418310945	
max_ecology	500	warfare_readiness	0.04339999182275986	-0.28090190714420926	
max_ecology	500	cap_culture	0.49780106783076594	-0.15908598610438196	
max_ecology	500	cohesion	0.4726670129642372	-0.03535014311316931	
max_ecology	500	known	163.75	-723.75	
max_ecology	500	per_century	13.75	-32.75	
max_ecology	500	per_50	1.5873015873015872	-35.714285714285715	OUT OF BOUNDS
max_ecology	500	education	0.7257336490900959	-0.09701629831842873	
max_ecology	500	art_found	533.0	-36.0	
max_ecology	500	art_studied	533.0	-36.0	
max_ecology	500	art_bonus	0.23995000000000002	-0.031249999999999972	
max_ecology	500	allure	0.5745602135661532	-0.03181719722087639	
max_ecology	500	line_knowledge	1.25	-5.75	
max_ecology	500	line_institutions	1.0	-3.75	
max_ecology	500	line_culture	1.0	-1.5	
max_ecology	500	line_labor	0.0	-3.0	
max_ecology	500	line_production	4.0	-0.25	
max_ecology	500	line_infrastructure	0.0	-8.0	
max_ecology	500	line_nutrition	1.0	-1.25	
max_ecology	500	line_health	0.0	-3.0	
max_ecology	500	line_demography	0.0	-1.0	
max_ecology	500	line_logistics	1.75	-0.25	
max_ecology	500	line_ecology	3.75	-1.5	
max_ecology	500	line_security	0.0	-3.5	
max_ecology	600	population	2295.551448660722	-2758.3913058868798	within
max_ecology	600	growth_pct	0.5943730666393809	0.14834556796561316	within
max_ecology	600	life_expectancy	26.526251729290912	-2.8469156719001703	within
max_ecology	600	infant_mortality	231.7612951035951	46.95857005143097	within
max_ecology	600	child_mortality_1_4	207.2414796638625	26.12577056021246	within
max_ecology	600	maternal_per_100k	1586.4099911668263	627.440787628525	within
max_ecology	600	tfr	5.569528551656751	0.7857454745665304	within
max_ecology	600	cbr	42.55864017217985	4.418050518401159	within
max_ecology	600	cdr	37.73039146521964	2.5448455448501477	within
max_ecology	600	food_per_worker	5.282859878964909	-0.6250293319860978	
max_ecology	600	food_security	0.9735176336082311	-0.00429503123842756	
max_ecology	600	food_share	34.70000000000001	0.0	ABOVE HIGH
max_ecology	600	diet	0.7630711830884065	-0.09862210379428449	
max_ecology	600	health	0.9693547993585163	-0.0006452006414835454	
max_ecology	600	labor_efficiency	0.8522711705649842	-0.03709763939267552	
max_ecology	600	cap_production	0.6150649408531578	-0.09073372680457525	
max_ecology	600	craft_output	0.10416099041855925	-0.32423900958144075	
max_ecology	600	tool_quality	0.09494663963147246	-0.21345334541325087	
max_ecology	600	cap_infrastructure	0.6312402864573131	-0.08570496162125807	
max_ecology	600	housing_ratio	1.070916962487289	-0.01699837426890105	
max_ecology	600	construction_rate	0.10805011332869449	-0.3203498866713055	
max_ecology	600	cap_logistics	0.30123838462755703	-0.1834482087721686	
max_ecology	600	trade_capacity	0.07777081352901853	-0.2662016356310005	
max_ecology	600	ecology	0.7926639170052108	-2.749502001186954e-06	
max_ecology	600	ground_health	0.8225013925388177	0.0753064397234573	
max_ecology	600	cap_institutions	0.705849463493609	-0.08192014216417287	
max_ecology	600	legitimacy	0.8106840233070303	-0.05048666992364459	
max_ecology	600	state_capacity	0.14266598612634646	-0.19083395343128623	
max_ecology	600	cap_security	0.4638308770381387	-0.1603059266822912	
max_ecology	600	warfare_readiness	0.04298197761731318	-0.35363696180824367	
max_ecology	600	cap_culture	0.4971474479765397	-0.1622144995334584	
max_ecology	600	cohesion	0.4672210667357777	-0.03974286838494234	
max_ecology	600	known	179.25	-777.0	
max_ecology	600	per_century	7.0	-22.25	
max_ecology	600	per_50	1.7543859649122806	-26.31578947368421	OUT OF BOUNDS
max_ecology	600	education	0.7265460433223221	-0.1082914235721274	
max_ecology	600	art_found	533.0	-36.0	
max_ecology	600	art_studied	533.0	-36.0	
max_ecology	600	art_bonus	0.2663	-0.019299999999999984	
max_ecology	600	allure	0.5744294895953079	-0.03244289990669169	
max_ecology	600	line_knowledge	2.75	-1.25	
max_ecology	600	line_institutions	1.0	0.5	
max_ecology	600	line_culture	0.0	-3.5	
max_ecology	600	line_labor	0.0	-1.0	
max_ecology	600	line_production	1.0	-4.25	
max_ecology	600	line_infrastructure	0.0	-2.0	
max_ecology	600	line_nutrition	0.0	-1.0	
max_ecology	600	line_health	0.0	-2.0	
max_ecology	600	line_demography	0.25	-1.5	
max_ecology	600	line_logistics	0.0	-2.5	
max_ecology	600	line_ecology	2.0	-0.25	
max_ecology	600	line_security	0.0	-3.5	
max_security	100	population	121.42440625530884	-94.14906812648579	within
max_security	100	growth_pct	0.20166293438793337	-0.8552311593215872	within
max_security	100	life_expectancy	23.548981282255152	-5.14219806736514	within
max_security	100	infant_mortality	264.49189793699884	69.63852866714814	within
max_security	100	child_mortality_1_4	236.90069029739715	49.96752721632464	within
max_security	100	maternal_per_100k	1597.631258241857	493.22709733805755	within
max_security	100	tfr	5.776358812093935	-0.07395372271063572	within
max_security	100	cbr	46.990816595467415	1.8997517367490389	within
max_security	100	cdr	43.34932664555186	8.259020909543857	within
max_security	100	food_per_worker	5.648015806493277	-1.1015908665624998	
max_security	100	food_security	0.8613855085886511	-0.11851372611188005	
max_security	100	food_share	36.02854217454967	1.3285421745496606	OUT OF BOUNDS
max_security	100	diet	0.7344501028185467	-0.09664149647325371	
max_security	100	health	0.9295548641920011	-0.0404451358079988	
max_security	100	labor_efficiency	0.828116964186951	-0.031474052600117375	
max_security	100	cap_production	0.605301085307266	-0.03021056159330704	
max_security	100	craft_output	0.05514301631606264	-0.08589684564956268	
max_security	100	tool_quality	0.09227662616488208	-0.03384227418003988	
max_security	100	cap_infrastructure	0.5919190196322051	-0.054728909916137325	
max_security	100	housing_ratio	1.1143491863766797	0.033324095451614966	
max_security	100	construction_rate	0.09207438395720396	-0.07935278204364887	
max_security	100	cap_logistics	0.30042632913034417	-0.052889101788488324	
max_security	100	trade_capacity	0.01605428344157549	-0.12412695075788573	
max_security	100	ecology	0.7942319042106731	0.0014322624902216585	
max_security	100	ground_health	0.9927955054254629	0.007420197475525914	
max_security	100	cap_institutions	0.6469102393942164	-0.054406741639043465	
max_security	100	legitimacy	0.7606505594827968	-0.059695692198480255	
max_security	100	state_capacity	0.0	-0.13083510763019138	
max_security	100	cap_security	0.48795563357999683	-0.014538440599610958	
max_security	100	warfare_readiness	0.14251968350912264	0.00515694224239216	
max_security	100	cap_culture	0.4425739728944164	-0.17453931932279815	
max_security	100	cohesion	0.42623021073938366	-0.056015790969963175	
max_security	100	known	68.25	-263.0	
max_security	100	per_century	24.25	-134.75	
max_security	100	per_50	4.4491525423728815	-56.567796610169495	OUT OF BOUNDS
max_security	100	education	0.6976	-0.04834438654483397	
max_security	100	art_found	388.5	-71.5	
max_security	100	art_studied	158.5	49.0	
max_security	100	art_bonus	0.16620000000000001	-0.001799999999999552	
max_security	100	allure	0.5635147945788832	-0.03490786386455913	
max_security	100	line_knowledge	4.0	-6.25	
max_security	100	line_institutions	0.0	-12.25	
max_security	100	line_culture	4.0	-11.25	
max_security	100	line_labor	5.25	-7.0	
max_security	100	line_production	0.0	-15.25	
max_security	100	line_infrastructure	3.0	-12.0	
max_security	100	line_nutrition	0.0	-19.0	
max_security	100	line_health	0.0	-13.0	
max_security	100	line_demography	0.0	-13.0	
max_security	100	line_logistics	0.0	-11.75	
max_security	100	line_ecology	0.0	-12.0	
max_security	100	line_security	8.0	-2.0	
max_security	200	population	190.7845813166031	-408.7150934174107	within
max_security	200	growth_pct	0.45717959179951695	-0.34936638193979186	within
max_security	200	life_expectancy	24.120784117087368	-5.739334673847807	within
max_security	200	infant_mortality	258.21644330957577	76.15023881366417	within
max_security	200	child_mortality_1_4	230.85460443827384	54.81191068907043	within
max_security	200	maternal_per_100k	1585.8446895222557	516.3127014877937	within
max_security	200	tfr	5.937718589351917	0.12335977154980782	within
max_security	200	cbr	48.52153459934181	4.602593269439275	ABOVE HIGH
max_security	200	cdr	43.34476014532093	10.780255157216722	within
max_security	200	food_per_worker	5.320988918030453	-1.4814790299467742	
max_security	200	food_security	0.8354293867837607	-0.14411325103518058	
max_security	200	food_share	37.43786614551542	2.7378661455154116	ABOVE HIGH
max_security	200	diet	0.753039324516938	-0.14711786172749075	
max_security	200	health	0.9139409931939737	-0.05605900680602616	
max_security	200	labor_efficiency	0.8210832429508648	-0.04148299946267364	
max_security	200	cap_production	0.6178377974311697	-0.033467905684746335	
max_security	200	craft_output	0.09191425815747081	-0.1279164680269372	
max_security	200	tool_quality	0.12551620165386476	-0.061444374982143085	
max_security	200	cap_infrastructure	0.5941937360266731	-0.06545302518798246	
max_security	200	housing_ratio	1.0902306110211242	0.009238821054868174	
max_security	200	construction_rate	0.09653558433725229	-0.11765628571816444	
max_security	200	cap_logistics	0.3077397641569004	-0.07691235104838157	
max_security	200	trade_capacity	0.02590266905059249	-0.18148544254094076	
max_security	200	ecology	0.7963177695767926	0.003650918177836804	
max_security	200	ground_health	0.9666730551672588	0.06017008666197865	
max_security	200	cap_institutions	0.6449705555574236	-0.08946746315214538	
max_security	200	legitimacy	0.7438020327491884	-0.09718768787732812	
max_security	200	state_capacity	0.019848449027688318	-0.1672765317223181	
max_security	200	cap_security	0.49979706440318566	-0.03670669551565925	
max_security	200	warfare_readiness	0.20227647627927003	-0.017693211545404486	
max_security	200	cap_culture	0.43669338927603957	-0.19811011541980245	
max_security	200	cohesion	0.41052124121766503	-0.07900807300792234	
max_security	200	known	100.5	-461.5	
max_security	200	per_century	6.5	-67.25	
max_security	200	per_50	2.3255813953488373	-25.872093023255815	OUT OF BOUNDS
max_security	200	education	0.7046681314749135	-0.06439544564875677	
max_security	200	art_found	503.5	-63.75	
max_security	200	art_studied	379.75	-47.25	
max_security	200	art_bonus	0.192	-0.0060000000000010045	
max_security	200	allure	0.562338677855208	-0.039622023083960345	
max_security	200	line_knowledge	0.0	-9.0	
max_security	200	line_institutions	0.0	-5.0	
max_security	200	line_culture	1.0	-2.25	
max_security	200	line_labor	0.0	-4.5	
max_security	200	line_production	0.0	-14.5	
max_security	200	line_infrastructure	1.0	-3.25	
max_security	200	line_nutrition	0.0	-10.25	
max_security	200	line_health	0.0	-4.25	
max_security	200	line_demography	0.0	-3.0	
max_security	200	line_logistics	0.0	-4.0	
max_security	200	line_ecology	0.0	-6.5	
max_security	200	line_security	4.5	-0.75	
max_security	300	population	285.23609397151824	-1210.3310562804154	within
max_security	300	growth_pct	0.6253325157925788	0.043786130873865736	within
max_security	300	life_expectancy	25.599753002245503	-4.1496796638482	within
max_security	300	infant_mortality	245.61146998398257	62.771543079322925	within
max_security	300	child_mortality_1_4	218.5934771651781	41.41726595967501	within
max_security	300	maternal_per_100k	1583.4839034275738	532.6000142306384	within
max_security	300	tfr	6.301240857284593	0.8377277132043535	within
max_security	300	cbr	51.85628465145052	4.170428984682573	ABOVE HIGH
max_security	300	cdr	42.21130870751311	4.665907893549239	within
max_security	300	food_per_worker	5.621674297349573	-0.7738195605139051	
max_security	300	food_security	0.9768682778049493	-0.002466924819467531	
max_security	300	food_share	34.70000000000001	0.0	OUT OF BOUNDS
max_security	300	diet	0.7744285962676006	-0.14173573898773162	
max_security	300	health	0.968743156699823	-0.0012568433001768353	
max_security	300	labor_efficiency	0.8504189575519517	-0.025556900446203956	
max_security	300	cap_production	0.6241323803152072	-0.043758095945144015	
max_security	300	craft_output	0.10746716273699174	-0.15961423069201702	
max_security	300	tool_quality	0.12482325596449743	-0.09460871936846617	
max_security	300	cap_infrastructure	0.628938925058956	-0.044764091929949124	
max_security	300	housing_ratio	1.0823578579803574	-0.006217900314733127	
max_security	300	construction_rate	0.102190883427238	-0.17204217097954502	
max_security	300	cap_logistics	0.30103507100881743	-0.11923940106981762	
max_security	300	trade_capacity	0.02564536320585603	-0.2034045358381593	
max_security	300	ecology	0.7928479362207619	0.00018126929746042908	
max_security	300	ground_health	0.9978308264486607	0.17309052327950902	
max_security	300	cap_institutions	0.6752463585290511	-0.0772261290128301	
max_security	300	legitimacy	0.801499672427281	-0.04828195321013251	
max_security	300	state_capacity	0.0720911769499299	-0.15269189157154667	
max_security	300	cap_security	0.5232962969003905	-0.03521743223607354	
max_security	300	warfare_readiness	0.22175229497178306	-0.025113420845427697	
max_security	300	cap_culture	0.4784062457397626	-0.16584579029747587	
max_security	300	cohesion	0.4579902329696382	-0.039361228160606554	
max_security	300	known	130.0	-550.5	
max_security	300	per_century	19.0	-28.5	
max_security	300	per_50	2.5316455696202533	-21.20253164556962	OUT OF BOUNDS
max_security	300	education	0.7106351942154743	-0.07778931542809553	
max_security	300	art_found	518.75	-50.25	
max_security	300	art_studied	518.75	-50.25	
max_security	300	art_bonus	0.2088	-0.013162499999999994	
max_security	300	allure	0.5706812491479525	-0.03316915805949516	
max_security	300	line_knowledge	6.0	1.5	
max_security	300	line_institutions	0.0	-4.0	
max_security	300	line_culture	1.0	-3.25	
max_security	300	line_labor	0.0	-1.0	
max_security	300	line_production	1.0	-4.0	
max_security	300	line_infrastructure	1.0	-7.5	
max_security	300	line_nutrition	2.0	-3.0	
max_security	300	line_health	0.0	-3.0	
max_security	300	line_demography	3.0	3.0	
max_security	300	line_logistics	3.0	-3.5	
max_security	300	line_ecology	0.0	-3.0	
max_security	300	line_security	2.0	-0.75	
max_security	400	population	578.5842176125643	-2162.8653933866935	within
max_security	400	growth_pct	0.6818616157971524	-0.10450268608794833	within
max_security	400	life_expectancy	25.690984063589113	-3.6448828854795323	within
max_security	400	infant_mortality	244.72474259861215	59.688264746620234	within
max_security	400	child_mortality_1_4	217.72677773080443	37.01879379587564	within
max_security	400	maternal_per_100k	1582.6867634046696	590.2241980275879	within
max_security	400	tfr	5.952643783024024	0.742206895623351	within
max_security	400	cbr	47.665377638623674	6.953040523233803	ABOVE HIGH
max_security	400	cdr	40.74083512471919	6.735899226502582	within
max_security	400	food_per_worker	5.35220595607519	-0.8354404877498904	
max_security	400	food_security	0.9776010673807568	-0.002090460301347963	
max_security	400	food_share	34.70000000000001	0.0	ABOVE HIGH
max_security	400	diet	0.7899294414124963	-0.10605526487990657	
max_security	400	health	0.9693178836357715	-0.0006821163642283246	
max_security	400	labor_efficiency	0.8518389693309343	-0.030634268987033364	
max_security	400	cap_production	0.627558121584778	-0.06127444064608756	
max_security	400	craft_output	0.11306758772367455	-0.22220997271255033	
max_security	400	tool_quality	0.13559771942133517	-0.1577988775508203	
max_security	400	cap_infrastructure	0.6301447479617142	-0.056018096872020195	
max_security	400	housing_ratio	1.0826826326105903	-0.0003308694495995912	
max_security	400	construction_rate	0.10562987461019521	-0.21423343542700393	
max_security	400	cap_logistics	0.3045904003447604	-0.14217614159951292	
max_security	400	trade_capacity	0.027029710172647117	-0.23887940984723627	
max_security	400	ecology	0.7926669184908904	8.288104429754473e-05	
max_security	400	ground_health	0.9600101534890273	0.18745592147281864	
max_security	400	cap_institutions	0.6850994234497856	-0.08214059099268112	
max_security	400	legitimacy	0.8084197671713996	-0.04772751611997261	
max_security	400	state_capacity	0.08204069133520087	-0.1819766095120126	
max_security	400	cap_security	0.5329430436785856	-0.04389166895924013	
max_security	400	warfare_readiness	0.23295958494194835	-0.05321139561169064	
max_security	400	cap_culture	0.4845322026232176	-0.16738852553714	
max_security	400	cohesion	0.46309059933519287	-0.03944778420800338	
max_security	400	known	141.5	-654.5	
max_security	400	per_century	7.5	-50.0	
max_security	400	per_50	0.32051282051282054	-28.205128205128204	OUT OF BOUNDS
max_security	400	education	0.7124682618428749	-0.09154202883195872	
max_security	400	art_found	519.25	-49.75	
max_security	400	art_studied	519.25	-49.75	
max_security	400	art_bonus	0.21771	-0.031014999999999987	
max_security	400	allure	0.5719064405246436	-0.03347770510742787	
max_security	400	line_knowledge	0.75	-4.5	
max_security	400	line_institutions	0.75	-3.25	
max_security	400	line_culture	0.75	-6.75	
max_security	400	line_labor	0.75	-6.0	
max_security	400	line_production	1.0	-3.5	
max_security	400	line_infrastructure	0.75	-9.5	
max_security	400	line_nutrition	0.0	-5.25	
max_security	400	line_health	0.0	-2.75	
max_security	400	line_demography	0.0	-1.25	
max_security	400	line_logistics	0.75	-4.25	
max_security	400	line_ecology	0.0	-1.0	
max_security	400	line_security	2.0	-2.0	
max_security	500	population	910.1216042596244	-2705.1774996812737	within
max_security	500	growth_pct	0.5547121195207505	0.07704111417856374	within
max_security	500	life_expectancy	25.544504967205377	-3.6089420777245707	within
max_security	500	infant_mortality	246.10597823332225	59.42300996089128	within
max_security	500	child_mortality_1_4	219.07751332214295	36.58816399846259	within
max_security	500	maternal_per_100k	1581.005044873651	605.5102111057064	within
max_security	500	tfr	5.751976382949371	0.9194880382359267	within
max_security	500	cbr	46.42373924852295	6.8000457938719165	ABOVE HIGH
max_security	500	cdr	41.14000658478791	5.190059221717036	within
max_security	500	food_per_worker	5.315383459902077	-0.7889672145651883	
max_security	500	food_security	0.9752027476567054	-0.003391656097381346	
max_security	500	food_share	34.70000000000001	0.0	ABOVE HIGH
max_security	500	diet	0.7989927763030977	-0.08725400965214025	
max_security	500	health	0.9681570262881185	-0.0018429737118813572	
max_security	500	labor_efficiency	0.85104238649434	-0.032094659201014286	
max_security	500	cap_production	0.6302073797582372	-0.0713930291742203	
max_security	500	craft_output	0.15156030808955412	-0.22002022150008133	
max_security	500	tool_quality	0.1491099781128314	-0.1589324476049448	
max_security	500	cap_infrastructure	0.6359732003496227	-0.06572294735597395	
max_security	500	housing_ratio	1.0831093736058286	-0.016850404741341363	
max_security	500	construction_rate	0.13744753667336274	-0.23963830457404917	
max_security	500	cap_logistics	0.32048433730591475	-0.1572608069187329	
max_security	500	trade_capacity	0.08461702200247528	-0.22967102773643217	
max_security	500	ecology	0.7926666670165072	1.1514041653448714e-07	
max_security	500	ground_health	0.9147054210015242	0.1498004895226589	
max_security	500	cap_institutions	0.6914882957784699	-0.09175077030849788	
max_security	500	legitimacy	0.8086589293584895	-0.05115477522959011	
max_security	500	state_capacity	0.09917791213014923	-0.2134217858285488	
max_security	500	cap_security	0.5466918740930218	-0.051574409860373094	
max_security	500	warfare_readiness	0.2665803841335565	-0.057721514833412646	
max_security	500	cap_culture	0.4856728004726929	-0.171214253462455	
max_security	500	cohesion	0.46336871377500566	-0.04464844230240084	
max_security	500	known	163.75	-723.75	
max_security	500	per_century	12.5	-34.0	
max_security	500	per_50	2.380952380952381	-34.920634920634924	OUT OF BOUNDS
max_security	500	education	0.7281703612330787	-0.09457958617544593	
max_security	500	art_found	519.25	-49.75	
max_security	500	art_studied	519.25	-49.75	
max_security	500	art_bonus	0.22398749999999998	-0.04721250000000002	
max_security	500	allure	0.5721345600945386	-0.034242850692491	
max_security	500	line_knowledge	0.5	-6.5	
max_security	500	line_institutions	0.0	-4.75	
max_security	500	line_culture	0.0	-2.5	
max_security	500	line_labor	2.0	-1.0	
max_security	500	line_production	2.0	-2.25	
max_security	500	line_infrastructure	0.25	-7.75	
max_security	500	line_nutrition	0.0	-2.25	
max_security	500	line_health	0.0	-3.0	
max_security	500	line_demography	0.0	-1.0	
max_security	500	line_logistics	6.0	4.0	
max_security	500	line_ecology	0.0	-5.25	
max_security	500	line_security	1.75	-1.75	
max_security	600	population	1073.6896706910775	-3980.2530838565244	within
max_security	600	growth_pct	0.41049306424415233	-0.03553443442961546	within
max_security	600	life_expectancy	25.659044804147655	-3.7141225970434277	within
max_security	600	infant_mortality	244.0565470443716	59.25382199220746	within
max_security	600	child_mortality_1_4	217.43286211389622	36.31715301024619	within
max_security	600	maternal_per_100k	1584.489445572984	625.5202420346827	within
max_security	600	tfr	5.931611812630206	1.147828735539985	within
max_security	600	cbr	46.80368816617185	8.663098512393162	ABOVE HIGH
max_security	600	cdr	40.286925844172444	5.101379923802952	within
max_security	600	food_per_worker	5.003524382114598	-0.9043648288364086	
max_security	600	food_security	0.9705182585789437	-0.007294406267714937	
max_security	600	food_share	34.70000000000001	0.0	ABOVE HIGH
max_security	600	diet	0.7865144119492914	-0.07517887493339959	
max_security	600	health	0.9695822450320897	-0.00041775496791018885	
max_security	600	labor_efficiency	0.8543704945520222	-0.03499831540563758	
max_security	600	cap_production	0.6280531941470526	-0.0777454735106804	
max_security	600	craft_output	0.16558248469121103	-0.26281751530878894	
max_security	600	tool_quality	0.15482773147473067	-0.15357225356999266	
max_security	600	cap_infrastructure	0.6449041515347461	-0.07204109654382507	
max_security	600	housing_ratio	1.0827741699201214	-0.005141166836068578	
max_security	600	construction_rate	0.16018859799268328	-0.26821140200731675	
max_security	600	cap_logistics	0.34625219778705635	-0.1384343956126693	
max_security	600	trade_capacity	0.10580990902031621	-0.23816254013970284	
max_security	600	ecology	0.7926637917391564	-2.874768055605159e-06	
max_security	600	ground_health	0.9118554219895474	0.16466046917418697	
max_security	600	cap_institutions	0.6926491853330903	-0.09512042032469159	
max_security	600	legitimacy	0.8079771922353167	-0.053193500995358134	
max_security	600	state_capacity	0.11132067011804309	-0.2221792694395896	
max_security	600	cap_security	0.5563650861126992	-0.06777171760773071	
max_security	600	warfare_readiness	0.29862506187662086	-0.09799387754893601	
max_security	600	cap_culture	0.48638558349274646	-0.17297636401725164	
max_security	600	cohesion	0.46204973208794425	-0.04491420303277577	
max_security	600	known	195.0	-761.25	
max_security	600	per_century	11.0	-18.25	
max_security	600	per_50	0.0	-28.07017543859649	OUT OF BOUNDS
max_security	600	education	0.7399522284688979	-0.09488523842555163	
max_security	600	art_found	519.25	-49.75	
max_security	600	art_studied	519.25	-49.75	
max_security	600	art_bonus	0.2298375	-0.055762499999999965	
max_security	600	allure	0.5722771166985493	-0.034595272803450317	
max_security	600	line_knowledge	3.25	-0.75	
max_security	600	line_institutions	0.0	-0.5	
max_security	600	line_culture	0.0	-3.5	
max_security	600	line_labor	0.0	-1.0	
max_security	600	line_production	3.0	-2.25	
max_security	600	line_infrastructure	3.5	1.5	
max_security	600	line_nutrition	0.0	-1.0	
max_security	600	line_health	0.0	-2.0	
max_security	600	line_demography	0.0	-1.75	
max_security	600	line_logistics	1.0	-1.5	
max_security	600	line_ecology	0.0	-2.25	
max_security	600	line_security	0.25	-3.25	
lead_knowledge	100	population	154.19496093410137	-61.37851344769325	within
lead_knowledge	100	growth_pct	0.39082836348956485	-0.6660657302199557	within
lead_knowledge	100	life_expectancy	28.11618605395951	-0.5749932956607822	within
lead_knowledge	100	infant_mortality	209.67282164051912	14.819452370668415	within
lead_knowledge	100	child_mortality_1_4	192.1654650456018	5.2323019645292845	within
lead_knowledge	100	maternal_per_100k	1494.8004206040769	390.39625970027737	within
lead_knowledge	100	tfr	5.787429907237605	-0.06288262756696561	within
lead_knowledge	100	cbr	45.057666670062986	-0.033398188655390015	within
lead_knowledge	100	cdr	36.80077860306737	1.7104728670593659	within
lead_knowledge	100	food_per_worker	5.797603332889004	-0.9520033401667725	
lead_knowledge	100	food_security	0.9787569351234764	-0.0011422995770548061	
lead_knowledge	100	food_share	34.70000000000001	0.0	OUT OF BOUNDS
lead_knowledge	100	diet	0.7695856429163886	-0.061505956375411786	
lead_knowledge	100	health	0.9699999999999999	0.0	
lead_knowledge	100	labor_efficiency	0.8604513637451514	0.0008603469580830136	
lead_knowledge	100	cap_production	0.632081324212344	-0.0034303226882290705	
lead_knowledge	100	craft_output	0.10276452745379587	-0.03827533451182945	
lead_knowledge	100	tool_quality	0.09468847567515985	-0.031430424669762105	
lead_knowledge	100	cap_infrastructure	0.6375222250880066	-0.009125704460335782	
lead_knowledge	100	housing_ratio	1.0825459392938854	0.0015208483688207153	
lead_knowledge	100	construction_rate	0.1438769505319804	-0.02755021546887243	
lead_knowledge	100	cap_logistics	0.3434282761294114	-0.009887154789421093	
lead_knowledge	100	trade_capacity	0.0780593645680052	-0.06212186963145601	
lead_knowledge	100	ecology	0.7928066233925426	6.981672091121993e-06	
lead_knowledge	100	ground_health	0.9999999999999816	0.014624692050044574	
lead_knowledge	100	cap_institutions	0.682319048168889	-0.018997932864370903	
lead_knowledge	100	legitimacy	0.8064923443064314	-0.013853907374845709	
lead_knowledge	100	state_capacity	0.09363311038095973	-0.03720199724923165	
lead_knowledge	100	cap_security	0.4868908132899268	-0.015603260889681003	
lead_knowledge	100	warfare_readiness	0.11774210931709136	-0.019620631949639117	
lead_knowledge	100	cap_culture	0.6016878075829013	-0.015425484634313258	
lead_knowledge	100	cohesion	0.4700727132449397	-0.012173288464407128	
lead_knowledge	100	known	204.0	-127.25	
lead_knowledge	100	per_century	86.75	-72.25	
lead_knowledge	100	per_50	22.45762711864407	-38.559322033898304	below low
lead_knowledge	100	education	0.7294383749857218	-0.016506011559112133	
lead_knowledge	100	art_found	417.5	-42.5	
lead_knowledge	100	art_studied	102.25	-7.25	
lead_knowledge	100	art_bonus	0.19339004347826078	0.02539004347826121	
lead_knowledge	100	allure	0.5953375615165275	-0.003085096926914832	
lead_knowledge	100	line_knowledge	8.0	-2.25	
lead_knowledge	100	line_institutions	6.0	-6.25	
lead_knowledge	100	line_culture	7.75	-7.5	
lead_knowledge	100	line_labor	7.75	-4.5	
lead_knowledge	100	line_production	7.75	-7.5	
lead_knowledge	100	line_infrastructure	7.75	-7.25	
lead_knowledge	100	line_nutrition	11.0	-8.0	
lead_knowledge	100	line_health	6.25	-6.75	
lead_knowledge	100	line_demography	7.0	-6.0	
lead_knowledge	100	line_logistics	5.0	-6.75	
lead_knowledge	100	line_ecology	6.0	-6.0	
lead_knowledge	100	line_security	6.5	-3.5	
lead_knowledge	200	population	419.0026558041958	-180.49701892981795	within
lead_knowledge	200	growth_pct	1.1143880242874216	0.30784205054811276	above high (allowed)
lead_knowledge	200	life_expectancy	28.93974220020437	-0.9203765907308039	within
lead_knowledge	200	infant_mortality	191.6651157799846	9.598911284073012	within
lead_knowledge	200	child_mortality_1_4	184.51672327226265	8.474029523059244	within
lead_knowledge	200	maternal_per_100k	1137.4542491425682	67.92226110810611	within
lead_knowledge	200	tfr	5.8859620823624414	0.07160326456033239	within
lead_knowledge	200	cbr	45.36786970425225	1.4489283743497126	within
lead_knowledge	200	cdr	34.6338671365967	2.0693621484924876	within
lead_knowledge	200	food_per_worker	6.486927955328833	-0.31553999264839483	
lead_knowledge	200	food_security	0.9794388622124254	-0.0001037756065158657	
lead_knowledge	200	food_share	34.70000000000001	0.0	OUT OF BOUNDS
lead_knowledge	200	diet	0.8669378134882424	-0.03321937275618636	
lead_knowledge	200	health	0.9699999999999999	0.0	
lead_knowledge	200	labor_efficiency	0.8597438084622707	-0.002822433951267689	
lead_knowledge	200	cap_production	0.637667340785132	-0.013638362330784082	
lead_knowledge	200	craft_output	0.14615104883891847	-0.07367967734548955	
lead_knowledge	200	tool_quality	0.116313197240001	-0.07064737939600685	
lead_knowledge	200	cap_infrastructure	0.6532027958786034	-0.006443965336052182	
lead_knowledge	200	housing_ratio	1.0823674962299996	0.0013757062637436146	
lead_knowledge	200	construction_rate	0.2010619193144626	-0.013129950740954133	
lead_knowledge	200	cap_logistics	0.3683418225697383	-0.016310292635543677	
lead_knowledge	200	trade_capacity	0.16419158051257193	-0.04319653107896132	
lead_knowledge	200	ecology	0.7926668610980705	9.699114733585645e-09	
lead_knowledge	200	ground_health	0.9453143739116062	0.038811405406326105	
lead_knowledge	200	cap_institutions	0.7066838126559778	-0.027754206053591135	
lead_knowledge	200	legitimacy	0.8237886348933465	-0.01720108573317003	
lead_knowledge	200	state_capacity	0.13545732469437716	-0.05166765605562926	
lead_knowledge	200	cap_security	0.5119140080884067	-0.02458975183043821	
lead_knowledge	200	warfare_readiness	0.15838130016990043	-0.06158838765477409	
lead_knowledge	200	cap_culture	0.6247647578877987	-0.010038746808043286	
lead_knowledge	200	cohesion	0.48176181819457425	-0.007767496031013121	
lead_knowledge	200	known	404.5	-157.5	
lead_knowledge	200	per_century	104.75	31.0	
lead_knowledge	200	per_50	22.965116279069765	-5.232558139534888	below low
lead_knowledge	200	education	0.7460792424507474	-0.022984334672922824	
lead_knowledge	200	art_found	531.5	-35.75	
lead_knowledge	200	art_studied	323.25	-103.75	
lead_knowledge	200	art_bonus	0.2215125	0.023512499999998993	
lead_knowledge	200	allure	0.5999529515775597	-0.002007749361608635	
lead_knowledge	200	line_knowledge	6.5	-2.5	
lead_knowledge	200	line_institutions	8.75	3.75	
lead_knowledge	200	line_culture	12.25	9.0	
lead_knowledge	200	line_labor	7.0	2.5	
lead_knowledge	200	line_production	6.25	-8.25	
lead_knowledge	200	line_infrastructure	8.5	4.25	
lead_knowledge	200	line_nutrition	11.5	1.25	
lead_knowledge	200	line_health	9.75	5.5	
lead_knowledge	200	line_demography	10.25	7.25	
lead_knowledge	200	line_logistics	8.75	4.75	
lead_knowledge	200	line_ecology	8.0	1.5	
lead_knowledge	200	line_security	7.25	2.0	
lead_knowledge	300	population	774.2741205843635	-721.2930296675701	within
lead_knowledge	300	growth_pct	0.7137947126181959	0.13224832769948291	within
lead_knowledge	300	life_expectancy	29.78693786260267	0.037505196508966776	within
lead_knowledge	300	infant_mortality	182.87156886845008	0.0316419637904346	within
lead_knowledge	300	child_mortality_1_4	177.03241437909898	-0.14379682640409897	within
lead_knowledge	300	maternal_per_100k	1063.4931146328643	12.60922543592892	within
lead_knowledge	300	tfr	5.882002829588964	0.41848968550872456	within
lead_knowledge	300	cbr	48.26954503280727	0.583689366039323	ABOVE HIGH
lead_knowledge	300	cdr	35.65168156120086	-1.8937192527630131	within
lead_knowledge	300	food_per_worker	6.451394999312715	0.055901141449236746	
lead_knowledge	300	food_security	0.9793309088915069	-4.293732909999015e-06	
lead_knowledge	300	food_share	34.70000000000001	0.0	OUT OF BOUNDS
lead_knowledge	300	diet	0.9207272393738335	0.004562904118501243	
lead_knowledge	300	health	0.9699999999999999	0.0	
lead_knowledge	300	labor_efficiency	0.8634821711475479	-0.01249368685060781	
lead_knowledge	300	cap_production	0.64959355411075	-0.018296922149601214	
lead_knowledge	300	craft_output	0.21632575449026992	-0.050755638938738856	
lead_knowledge	300	tool_quality	0.14249334857298723	-0.07693862675997637	
lead_knowledge	300	cap_infrastructure	0.6629476649694037	-0.010755352019501396	
lead_knowledge	300	housing_ratio	1.0827522961555731	-0.005823462139517455	
lead_knowledge	300	construction_rate	0.23161474513955888	-0.04261830926722415	
lead_knowledge	300	cap_logistics	0.39426004491664157	-0.02601442716199348	
lead_knowledge	300	trade_capacity	0.19639424563151292	-0.0326556534125024	
lead_knowledge	300	ecology	0.7926666669367752	1.3473777649153362e-11	
lead_knowledge	300	ground_health	0.8857894751463805	0.06104917197722881	
lead_knowledge	300	cap_institutions	0.7333558900172679	-0.019116597524613366	
lead_knowledge	300	legitimacy	0.8382303596033779	-0.011551266034035668	
lead_knowledge	300	state_capacity	0.1944929588873756	-0.030290109634100976	
lead_knowledge	300	cap_security	0.5404170635698162	-0.018096665566647796	
lead_knowledge	300	warfare_readiness	0.2225675207621649	-0.02429819505504585	
lead_knowledge	300	cap_culture	0.6372787275441837	-0.006973308493054775	
lead_knowledge	300	cohesion	0.48789921791962926	-0.009452243210615496	
lead_knowledge	300	known	589.75	-90.75	
lead_knowledge	300	per_century	75.0	27.5	
lead_knowledge	300	per_50	29.746835443037973	6.0126582278481	below low
lead_knowledge	300	education	0.7612376600510828	-0.02718684959248696	
lead_knowledge	300	art_found	538.5	-30.5	
lead_knowledge	300	art_studied	538.5	-30.5	
lead_knowledge	300	art_bonus	0.2523403858695652	0.03037788586956519	
lead_knowledge	300	allure	0.6024557455088367	-0.0013946616986109106	
lead_knowledge	300	line_knowledge	3.75	-0.75	
lead_knowledge	300	line_institutions	4.25	0.25	
lead_knowledge	300	line_culture	6.5	2.25	
lead_knowledge	300	line_labor	4.0	3.0	
lead_knowledge	300	line_production	9.0	4.0	
lead_knowledge	300	line_infrastructure	5.25	-3.25	
lead_knowledge	300	line_nutrition	12.25	7.25	
lead_knowledge	300	line_health	5.75	2.75	
lead_knowledge	300	line_demography	2.75	2.75	
lead_knowledge	300	line_logistics	8.75	2.25	
lead_knowledge	300	line_ecology	7.0	4.0	
lead_knowledge	300	line_security	5.75	3.0	
lead_knowledge	400	population	2495.198649830765	-246.25096116849272	within
lead_knowledge	400	growth_pct	1.3037013965663147	0.5173370946812139	ABOVE HIGH
lead_knowledge	400	life_expectancy	29.56925337875842	0.23338642968977652	within
lead_knowledge	400	infant_mortality	182.9594171982851	-2.077060653706809	within
lead_knowledge	400	child_mortality_1_4	178.68710053942215	-2.020883395506644	within
lead_knowledge	400	maternal_per_100k	1004.5982401218224	12.135674744740754	within
lead_knowledge	400	tfr	5.46090391631285	0.2504670289121762	within
lead_knowledge	400	cbr	41.266583279578946	0.5542461641890739	within
lead_knowledge	400	cdr	32.63173401818044	-1.37320188003617	within
lead_knowledge	400	food_per_worker	6.226629293733929	0.03898284990884804	
lead_knowledge	400	food_security	0.9797295256336183	3.7997951513490946e-05	
lead_knowledge	400	food_share	34.70000000000001	0.0	ABOVE HIGH
lead_knowledge	400	diet	0.900265458042256	0.004280751749853096	
lead_knowledge	400	health	0.9699999999999999	0.0	
lead_knowledge	400	labor_efficiency	0.8736685453246467	-0.008804692993320984	
lead_knowledge	400	cap_production	0.6710794454974958	-0.017753116733369767	
lead_knowledge	400	craft_output	0.3022004246295069	-0.03307713580671795	
lead_knowledge	400	tool_quality	0.18792947776686011	-0.10546711920529536	
lead_knowledge	400	cap_infrastructure	0.6774832910723918	-0.008679553761342551	
lead_knowledge	400	housing_ratio	1.0837748137430299	0.0007613116828399935	
lead_knowledge	400	construction_rate	0.29150617877634183	-0.028357131260857316	
lead_knowledge	400	cap_logistics	0.43209604722080536	-0.014670494723467986	
lead_knowledge	400	trade_capacity	0.24216956174128154	-0.02373955827860183	
lead_knowledge	400	ecology	0.7926666666670421	8.262922044921517e-05	
lead_knowledge	400	ground_health	0.780908286676036	0.008354054659827304	
lead_knowledge	400	cap_institutions	0.7573049999942887	-0.009935014448178014	
lead_knowledge	400	legitimacy	0.8516928837841404	-0.00445439950723181	
lead_knowledge	400	state_capacity	0.2390124113619619	-0.025004889485251564	
lead_knowledge	400	cap_security	0.5663622100344039	-0.010472502603421807	
lead_knowledge	400	warfare_readiness	0.2653064576985419	-0.0208645228550971	
lead_knowledge	400	cap_culture	0.6513585583425126	-0.0005621698178450707	
lead_knowledge	400	cohesion	0.49765052641829854	-0.004887857124897699	
lead_knowledge	400	known	728.25	-67.75	
lead_knowledge	400	per_century	72.5	15.0	
lead_knowledge	400	per_50	34.61538461538461	6.089743589743588	below low
lead_knowledge	400	education	0.7862233366038431	-0.017786954070990513	
lead_knowledge	400	art_found	538.5	-30.5	
lead_knowledge	400	art_studied	538.5	-30.5	
lead_knowledge	400	art_bonus	0.28573069565217396	0.03700569565217399	
lead_knowledge	400	allure	0.6052717116685025	-0.00011243396356896973	
lead_knowledge	400	line_knowledge	6.75	1.5	
lead_knowledge	400	line_institutions	6.5	2.5	
lead_knowledge	400	line_culture	6.5	-1.0	
lead_knowledge	400	line_labor	6.5	-0.25	
lead_knowledge	400	line_production	9.25	4.75	
lead_knowledge	400	line_infrastructure	9.25	-1.0	
lead_knowledge	400	line_nutrition	6.75	1.5	
lead_knowledge	400	line_health	4.0	1.25	
lead_knowledge	400	line_demography	2.0	0.75	
lead_knowledge	400	line_logistics	6.0	1.0	
lead_knowledge	400	line_ecology	5.75	4.75	
lead_knowledge	400	line_security	3.25	-0.75	
lead_knowledge	500	population	3180.888842393309	-434.410261547589	within
lead_knowledge	500	growth_pct	0.13197365484770018	-0.3456973504944866	within
lead_knowledge	500	life_expectancy	29.445781693504514	0.2923346485745668	within
lead_knowledge	500	infant_mortality	184.18306113479906	-2.499907137631908	within
lead_knowledge	500	child_mortality_1_4	180.03198075367123	-2.4573685700091232	within
lead_knowledge	500	maternal_per_100k	981.2150174591792	5.720183691234524	within
lead_knowledge	500	tfr	4.888648065466672	0.05615972075322784	within
lead_knowledge	500	cbr	40.95093509513298	1.3272416404819438	within
lead_knowledge	500	cdr	37.02086804125194	1.0709206781810607	within
lead_knowledge	500	food_per_worker	6.158466828515823	0.05411615404855752	
lead_knowledge	500	food_security	0.9787622963700986	0.00016789261601179994	
lead_knowledge	500	food_share	34.70000000000001	0.0	ABOVE HIGH
lead_knowledge	500	diet	0.8993287879203797	0.013082001965141754	
lead_knowledge	500	health	0.9699999999999999	0.0	
lead_knowledge	500	labor_efficiency	0.8784800316402344	-0.004657014055119979	
lead_knowledge	500	cap_production	0.6871706848437721	-0.01442972408868537	
lead_knowledge	500	craft_output	0.3574395416734829	-0.014140987916152536	
lead_knowledge	500	tool_quality	0.23791130868654212	-0.07013111703123406	
lead_knowledge	500	cap_infrastructure	0.6955389005185271	-0.006157247187069559	
lead_knowledge	500	housing_ratio	1.0847892333715543	-0.015170544975615652	
lead_knowledge	500	construction_rate	0.36786012845405724	-0.009225712793354657	
lead_knowledge	500	cap_logistics	0.4622177239890142	-0.015527420235633471	
lead_knowledge	500	trade_capacity	0.30185869035514795	-0.012429359383759497	
lead_knowledge	500	ecology	0.792666666666687	1.147905962506357e-07	
lead_knowledge	500	ground_health	0.7735325661194887	0.008627634640623438	
lead_knowledge	500	cap_institutions	0.7764346149625029	-0.0068044511244649275	
lead_knowledge	500	legitimacy	0.8559023424149433	-0.003911362173136257	
lead_knowledge	500	state_capacity	0.30207914981655415	-0.01052054814214387	
lead_knowledge	500	cap_security	0.5865348995278206	-0.01173138442557431	
lead_knowledge	500	warfare_readiness	0.3036176505405472	-0.02068424842642197	
lead_knowledge	500	cap_culture	0.6584467020927779	0.0015596481576299892	
lead_knowledge	500	cohesion	0.5031027234092869	-0.004914432668119639	
lead_knowledge	500	known	852.5	-35.0	
lead_knowledge	500	per_century	59.75	13.25	
lead_knowledge	500	per_50	38.888888888888886	1.5873015873015817	within
lead_knowledge	500	education	0.814820738537212	-0.007929208871312543	
lead_knowledge	500	art_found	538.5	-30.5	
lead_knowledge	500	art_studied	538.5	-30.5	
lead_knowledge	500	art_bonus	0.31428508695652174	0.043085086956521745	
lead_knowledge	500	allure	0.6066893404185556	0.00031192963152604225	
lead_knowledge	500	line_knowledge	6.75	-0.25	
lead_knowledge	500	line_institutions	4.0	-0.75	
lead_knowledge	500	line_culture	5.0	2.5	
lead_knowledge	500	line_labor	3.0	0.0	
lead_knowledge	500	line_production	12.25	8.0	
lead_knowledge	500	line_infrastructure	6.75	-1.25	
lead_knowledge	500	line_nutrition	3.0	0.75	
lead_knowledge	500	line_health	3.0	0.0	
lead_knowledge	500	line_demography	1.0	0.0	
lead_knowledge	500	line_logistics	5.25	3.25	
lead_knowledge	500	line_ecology	5.75	0.5	
lead_knowledge	500	line_security	4.0	0.5	
lead_knowledge	600	population	4187.722828277827	-866.219926269775	within
lead_knowledge	600	growth_pct	0.24749215846828765	-0.19853534020548014	within
lead_knowledge	600	life_expectancy	29.617645928182068	0.24447852699098505	within
lead_knowledge	600	infant_mortality	182.75001617214812	-2.052708880016013	within
lead_knowledge	600	child_mortality_1_4	179.03465742026052	-2.081051683389518	within
lead_knowledge	600	maternal_per_100k	966.6067118434487	7.637508305147321	within
lead_knowledge	600	tfr	4.860456117658727	0.07667304056850632	within
lead_knowledge	600	cbr	41.352195939913315	3.211606286134625	within
lead_knowledge	600	cdr	37.146914761773644	1.961368841404152	within
lead_knowledge	600	food_per_worker	5.910576764830305	0.002687553879297866	
lead_knowledge	600	food_security	0.9782879392157406	0.0004752743690820127	
lead_knowledge	600	food_share	34.70000000000001	0.0	ABOVE HIGH
lead_knowledge	600	diet	0.879153978057461	0.017460691174770004	
lead_knowledge	600	health	0.9699999999999999	0.0	
lead_knowledge	600	labor_efficiency	0.8937751717139337	0.004406361756273958	
lead_knowledge	600	cap_production	0.6980097124186668	-0.007788955239066198	
lead_knowledge	600	craft_output	0.4220936729845596	-0.006306327015440427	
lead_knowledge	600	tool_quality	0.2543552998464404	-0.05404468519828293	
lead_knowledge	600	cap_infrastructure	0.7117138938736868	-0.005231354204884409	
lead_knowledge	600	housing_ratio	1.0842477247755267	-0.0036676119806633434	
lead_knowledge	600	construction_rate	0.4204501620082082	-0.00794983799179183	
lead_knowledge	600	cap_logistics	0.4829281851630599	-0.0017584082366657316	
lead_knowledge	600	trade_capacity	0.3310905369155328	-0.01288191224448626	
lead_knowledge	600	ecology	0.792666666666687	1.5947498877011412e-10	
lead_knowledge	600	ground_health	0.7599620749022169	0.012767122086856486	
lead_knowledge	600	cap_institutions	0.7867138330229477	-0.00105577263483414	
lead_knowledge	600	legitimacy	0.8607487864938725	-0.0004219067368023133	
lead_knowledge	600	state_capacity	0.32826814643222096	-0.005231793125411721	
lead_knowledge	600	cap_security	0.616636494840991	-0.007500308879438866	
lead_knowledge	600	warfare_readiness	0.37226368647551566	-0.024355252950041206	
lead_knowledge	600	cap_culture	0.6638210307406287	0.0044590832306306005	
lead_knowledge	600	cohesion	0.5063173110079944	-0.0006466241127256467	
lead_knowledge	600	known	930.5	-25.75	
lead_knowledge	600	per_century	33.5	4.25	
lead_knowledge	600	per_50	30.26315789473684	2.1929824561403493	below low
lead_knowledge	600	education	0.8329310386587863	-0.0019064282356632267	
lead_knowledge	600	art_found	538.5	-30.5	
lead_knowledge	600	art_studied	538.5	-30.5	
lead_knowledge	600	art_bonus	0.3334069565217391	0.04780695652173911	
lead_knowledge	600	allure	0.6077642061481257	0.0008918166461260313	
lead_knowledge	600	line_knowledge	3.25	-0.75	
lead_knowledge	600	line_institutions	0.0	-0.5	
lead_knowledge	600	line_culture	2.0	-1.5	
lead_knowledge	600	line_labor	1.0	0.0	
lead_knowledge	600	line_production	5.25	0.0	
lead_knowledge	600	line_infrastructure	8.75	6.75	
lead_knowledge	600	line_nutrition	1.0	0.0	
lead_knowledge	600	line_health	2.5	0.5	
lead_knowledge	600	line_demography	0.0	-1.75	
lead_knowledge	600	line_logistics	2.25	-0.25	
lead_knowledge	600	line_ecology	2.0	-0.25	
lead_knowledge	600	line_security	5.5	2.0	
lead_institutions	100	population	179.93865984494116	-35.63481453685347	within
lead_institutions	100	growth_pct	0.773302816991539	-0.28359127671798157	within
lead_institutions	100	life_expectancy	28.206683838181593	-0.4844955114386984	within
lead_institutions	100	infant_mortality	204.58971690268518	9.73634763283448	within
lead_institutions	100	child_mortality_1_4	190.74953532051273	3.816372239440227	within
lead_institutions	100	maternal_per_100k	1476.1718703900958	371.7677094862963	within
lead_institutions	100	tfr	5.670605939630462	-0.17970659517410947	within
lead_institutions	100	cbr	45.24737720048043	0.1563123417620531	within
lead_institutions	100	cdr	37.32166335263139	2.2313576166233844	within
lead_institutions	100	food_per_worker	5.954618664937697	-0.7949880081180796	
lead_institutions	100	food_security	0.9791010789266646	-0.000798155773866549	
lead_institutions	100	food_share	34.70000000000001	0.0	OUT OF BOUNDS
lead_institutions	100	diet	0.7766336723904328	-0.05445792690136764	
lead_institutions	100	health	0.9699999999999999	0.0	
lead_institutions	100	labor_efficiency	0.8612235800597257	0.0016325632726572614	
lead_institutions	100	cap_production	0.6280093778750093	-0.007502269025563724	
lead_institutions	100	craft_output	0.10541267093125466	-0.03562719103437066	
lead_institutions	100	tool_quality	0.09181971807997608	-0.03429918226494588	
lead_institutions	100	cap_infrastructure	0.6000621617969919	-0.04658576775135048	
lead_institutions	100	housing_ratio	1.0823385624321467	0.0013134715070819425	
lead_institutions	100	construction_rate	0.11574678470645716	-0.055680381294395676	
lead_institutions	100	cap_logistics	0.3344555992213292	-0.01885983169750327	
lead_institutions	100	trade_capacity	0.0710784446565641	-0.06910278954289711	
lead_institutions	100	ecology	0.7928063570710202	6.715350568731182e-06	
lead_institutions	100	ground_health	0.9999999999999986	0.01462469205006156	
lead_institutions	100	cap_institutions	0.7013738164604124	5.6835427152512885e-05	
lead_institutions	100	legitimacy	0.8198661943623837	-0.00048005731889333436	
lead_institutions	100	state_capacity	0.11485280571975971	-0.015982301910431665	
lead_institutions	100	cap_security	0.49332292148446755	-0.009171152695140239	
lead_institutions	100	warfare_readiness	0.11635377896623722	-0.02100896230049326	
lead_institutions	100	cap_culture	0.6062372311327865	-0.010876061084428068	
lead_institutions	100	cohesion	0.4750821708686985	-0.007163830840648366	
lead_institutions	100	known	212.75	-118.5	
lead_institutions	100	per_century	91.5	-67.5	
lead_institutions	100	per_50	27.754237288135595	-33.26271186440678	below low
lead_institutions	100	education	0.7308750171089604	-0.015069369435873559	
lead_institutions	100	art_found	440.5	-19.5	
lead_institutions	100	art_studied	104.75	-4.75	
lead_institutions	100	art_bonus	0.16754999999999967	-0.00044999999999989493	
lead_institutions	100	allure	0.596247446226557	-0.002175212216885325	
lead_institutions	100	line_knowledge	5.75	-4.5	
lead_institutions	100	line_institutions	9.75	-2.5	
lead_institutions	100	line_culture	7.75	-7.5	
lead_institutions	100	line_labor	9.25	-3.0	
lead_institutions	100	line_production	6.5	-8.75	
lead_institutions	100	line_infrastructure	7.75	-7.25	
lead_institutions	100	line_nutrition	11.0	-8.0	
lead_institutions	100	line_health	6.75	-6.25	
lead_institutions	100	line_demography	8.0	-5.0	
lead_institutions	100	line_logistics	5.25	-6.5	
lead_institutions	100	line_ecology	6.75	-5.25	
lead_institutions	100	line_security	7.0	-3.0	
lead_institutions	200	population	486.3201574936023	-113.17951724041143	within
lead_institutions	200	growth_pct	1.0800878080744092	0.2735418343351004	within
lead_institutions	200	life_expectancy	28.96962588326164	-0.8904929076735364	within
lead_institutions	200	infant_mortality	191.78198550416505	9.715781008253458	within
lead_institutions	200	child_mortality_1_4	184.37298779371883	8.330294044515426	within
lead_institutions	200	maternal_per_100k	1092.7795827856226	23.247594751160477	within
lead_institutions	200	tfr	5.8152056596538895	0.000846841851780411	within
lead_institutions	200	cbr	45.05203260203363	1.1330912721310895	within
lead_institutions	200	cdr	34.66604592293721	2.1015409348329968	within
lead_institutions	200	food_per_worker	6.5285151878510765	-0.2739527601261509	
lead_institutions	200	food_security	0.9795218523404028	-2.078547853845425e-05	
lead_institutions	200	food_share	34.70000000000001	0.0	OUT OF BOUNDS
lead_institutions	200	diet	0.8820733524427213	-0.018083833801707416	
lead_institutions	200	health	0.9699999999999999	0.0	
lead_institutions	200	labor_efficiency	0.8614208410288602	-0.001145401384678224	
lead_institutions	200	cap_production	0.6386791678807948	-0.01262653523512125	
lead_institutions	200	craft_output	0.15113157346464443	-0.0686991527197636	
lead_institutions	200	tool_quality	0.11840065626348938	-0.06855992037251847	
lead_institutions	200	cap_infrastructure	0.6553851181028516	-0.004261643111803992	
lead_institutions	200	housing_ratio	1.0842003597023333	0.0032085697360773047	
lead_institutions	200	construction_rate	0.2018757561432042	-0.012316113912212545	
lead_institutions	200	cap_logistics	0.3694099948276755	-0.015242120377606472	
lead_institutions	200	trade_capacity	0.1151966688484922	-0.09219144274304106	
lead_institutions	200	ecology	0.7926668607280898	9.329134020852337e-09	
lead_institutions	200	ground_health	0.9254287137771441	0.01892574527186397	
lead_institutions	200	cap_institutions	0.7188040687856478	-0.015633949923921087	
lead_institutions	200	legitimacy	0.8322940407857502	-0.008695679840766357	
lead_institutions	200	state_capacity	0.14868003454351225	-0.03844494620649416	
lead_institutions	200	cap_security	0.5153870747761404	-0.021116685142704483	
lead_institutions	200	warfare_readiness	0.1600496103629406	-0.05992007746173392	
lead_institutions	200	cap_culture	0.6250146954775527	-0.009788809218289285	
lead_institutions	200	cohesion	0.48402306314306964	-0.005506251082517732	
lead_institutions	200	known	416.0	-146.0	
lead_institutions	200	per_century	95.0	21.25	
lead_institutions	200	per_50	27.61627906976744	-0.5813953488372121	below low
lead_institutions	200	education	0.7468093999454144	-0.02225417717825584	
lead_institutions	200	art_found	547.5	-19.75	
lead_institutions	200	art_studied	352.25	-74.75	
lead_institutions	200	art_bonus	0.18975000000000003	-0.008250000000000979	
lead_institutions	200	allure	0.6000029390955105	-0.0019577618436578126	
lead_institutions	200	line_knowledge	6.0	-3.0	
lead_institutions	200	line_institutions	3.5	-1.5	
lead_institutions	200	line_culture	10.25	7.0	
lead_institutions	200	line_labor	6.75	2.25	
lead_institutions	200	line_production	7.0	-7.5	
lead_institutions	200	line_infrastructure	8.25	4.0	
lead_institutions	200	line_nutrition	13.0	2.75	
lead_institutions	200	line_health	10.75	6.5	
lead_institutions	200	line_demography	8.25	5.25	
lead_institutions	200	line_logistics	5.75	1.75	
lead_institutions	200	line_ecology	8.5	2.0	
lead_institutions	200	line_security	7.0	1.75	
lead_institutions	300	population	1057.7722079985454	-437.7949422533882	within
lead_institutions	300	growth_pct	0.6376148996889403	0.05606851477022723	within
lead_institutions	300	life_expectancy	30.01044916551545	0.2610164994217463	within
lead_institutions	300	infant_mortality	180.61141672387413	-2.22851018078552	within
lead_institutions	300	child_mortality_1_4	174.9829853874135	-2.193225818089587	within
lead_institutions	300	maternal_per_100k	1060.2608092235882	9.376920026652897	within
lead_institutions	300	tfr	5.870287303811775	0.40677415973153597	within
lead_institutions	300	cbr	48.95575144348239	1.269895776714442	ABOVE HIGH
lead_institutions	300	cdr	36.03680302341629	-1.508597790547583	within
lead_institutions	300	food_per_worker	6.379943802757838	-0.015550055105640226	
lead_institutions	300	food_security	0.9788488519501132	-0.0004863506743036927	
lead_institutions	300	food_share	34.70000000000001	0.0	OUT OF BOUNDS
lead_institutions	300	diet	0.9176492864961053	0.0014849512407730803	
lead_institutions	300	health	0.9699999999999999	0.0	
lead_institutions	300	labor_efficiency	0.8764150934376695	0.000439235439513852	
lead_institutions	300	cap_production	0.6493945147302812	-0.01849596153007005	
lead_institutions	300	craft_output	0.22544333318098822	-0.04163806024802055	
lead_institutions	300	tool_quality	0.1391373968309286	-0.080294578502035	
lead_institutions	300	cap_infrastructure	0.6614064818907155	-0.01229653509818962	
lead_institutions	300	housing_ratio	1.0835805495431865	-0.004995208751904068	
lead_institutions	300	construction_rate	0.2189085185093536	-0.05532453589742942	
lead_institutions	300	cap_logistics	0.4008440763021765	-0.019430395776458553	
lead_institutions	300	trade_capacity	0.16744814870782676	-0.06160175033618856	
lead_institutions	300	ecology	0.7926666669362614	1.295996643335684e-11	
lead_institutions	300	ground_health	0.8662036550028178	0.04146335183366612	
lead_institutions	300	cap_institutions	0.739790228621108	-0.012682258920773237	
lead_institutions	300	legitimacy	0.8408811105746422	-0.008900515062771341	
lead_institutions	300	state_capacity	0.20964400712965386	-0.015139061391822722	
lead_institutions	300	cap_security	0.541932652223078	-0.01658107691338606	
lead_institutions	300	warfare_readiness	0.22594929927990431	-0.020916416537306443	
lead_institutions	300	cap_culture	0.6352683153308134	-0.008983720706425058	
lead_institutions	300	cohesion	0.4892319200339037	-0.008119541096341054	
lead_institutions	300	known	602.75	-77.75	
lead_institutions	300	per_century	69.5	22.0	
lead_institutions	300	per_50	31.32911392405063	7.594936708860757	below low
lead_institutions	300	education	0.7649140944750914	-0.023510415168478405	
lead_institutions	300	art_found	551.0	-18.0	
lead_institutions	300	art_studied	551.0	-18.0	
lead_institutions	300	art_bonus	0.21743999999999997	-0.00452250000000004	
lead_institutions	300	allure	0.6020536630661627	-0.001796744141284945	
lead_institutions	300	line_knowledge	5.0	0.5	
lead_institutions	300	line_institutions	3.25	-0.75	
lead_institutions	300	line_culture	6.0	1.75	
lead_institutions	300	line_labor	2.25	1.25	
lead_institutions	300	line_production	9.75	4.75	
lead_institutions	300	line_infrastructure	6.0	-2.5	
lead_institutions	300	line_nutrition	9.5	4.5	
lead_institutions	300	line_health	3.5	0.5	
lead_institutions	300	line_demography	1.0	1.0	
lead_institutions	300	line_logistics	9.75	3.25	
lead_institutions	300	line_ecology	7.5	4.5	
lead_institutions	300	line_security	6.0	3.25	
lead_institutions	400	population	2523.8078832782717	-217.64172772098618	within
lead_institutions	400	growth_pct	0.9603950018676533	0.1740306999825525	above high (allowed)
lead_institutions	400	life_expectancy	29.562539761414836	0.22667281234619097	within
lead_institutions	400	infant_mortality	183.05000914933743	-1.9864687026544914	within
lead_institutions	400	child_mortality_1_4	178.77318629767177	-1.9347976372570201	within
lead_institutions	400	maternal_per_100k	1008.4541159880653	15.991550610983609	within
lead_institutions	400	tfr	5.2103082720555	-0.00012861534517316642	within
lead_institutions	400	cbr	39.14283657261829	-1.5695005427715785	within
lead_institutions	400	cdr	32.95637749241676	-1.0485584057998452	within
lead_institutions	400	food_per_worker	6.267879746387961	0.0802333025628803	
lead_institutions	400	food_security	0.979758670084426	6.714240232119639e-05	
lead_institutions	400	food_share	34.70000000000001	0.0	ABOVE HIGH
lead_institutions	400	diet	0.8981805059448271	0.002195799652424224	
lead_institutions	400	health	0.9699999999999999	0.0	
lead_institutions	400	labor_efficiency	0.8768814637933234	-0.005591774524644211	
lead_institutions	400	cap_production	0.6725845373197881	-0.016248024911077463	
lead_institutions	400	craft_output	0.2936208411512702	-0.04165671928495468	
lead_institutions	400	tool_quality	0.20085296942367262	-0.09254362754848286	
lead_institutions	400	cap_infrastructure	0.676124446903769	-0.010038397929965304	
lead_institutions	400	housing_ratio	1.0839558404354146	0.0009423383752247272	
lead_institutions	400	construction_rate	0.28299653029095756	-0.036866779746241585	
lead_institutions	400	cap_logistics	0.43012563775308044	-0.016640904191192907	
lead_institutions	400	trade_capacity	0.23296030908998624	-0.03294881092989713	
lead_institutions	400	ecology	0.7926666666670414	8.262922044854903e-05	
lead_institutions	400	ground_health	0.7792121587425332	0.006657926726324592	
lead_institutions	400	cap_institutions	0.7584298807034466	-0.008810133739020065	
lead_institutions	400	legitimacy	0.852216844730519	-0.003930438560853289	
lead_institutions	400	state_capacity	0.24228943876141407	-0.02172786208579941	
lead_institutions	400	cap_security	0.5670359373014628	-0.009798775336362864	
lead_institutions	400	warfare_readiness	0.2674121506115996	-0.018758829942039368	
lead_institutions	400	cap_culture	0.646927523836872	-0.0049932043234856005	
lead_institutions	400	cohesion	0.49841655873269064	-0.004121824810505603	
lead_institutions	400	known	730.25	-65.75	
lead_institutions	400	per_century	65.5	8.0	
lead_institutions	400	per_50	36.85897435897436	8.333333333333332	within
lead_institutions	400	education	0.7909420622902585	-0.013068228384575109	
lead_institutions	400	art_found	551.0	-18.0	
lead_institutions	400	art_studied	551.0	-18.0	
lead_institutions	400	art_bonus	0.24352499999999996	-0.00520000000000001	
lead_institutions	400	allure	0.6043855047673744	-0.0009986408646970313	
lead_institutions	400	line_knowledge	5.0	-0.25	
lead_institutions	400	line_institutions	3.25	-0.75	
lead_institutions	400	line_culture	5.5	-2.0	
lead_institutions	400	line_labor	6.5	-0.25	
lead_institutions	400	line_production	10.25	5.75	
lead_institutions	400	line_infrastructure	9.5	-0.75	
lead_institutions	400	line_nutrition	6.0	0.75	
lead_institutions	400	line_health	4.0	1.25	
lead_institutions	400	line_demography	2.25	1.0	
lead_institutions	400	line_logistics	6.25	1.25	
lead_institutions	400	line_ecology	4.0	3.0	
lead_institutions	400	line_security	3.0	-1.0	
lead_institutions	500	population	3490.3633884294663	-124.93571551143168	within
lead_institutions	500	growth_pct	0.5596477508726883	0.0819767455305015	within
lead_institutions	500	life_expectancy	29.205911464312138	0.05246441938218993	within
lead_institutions	500	infant_mortality	185.9835736742002	-0.6993945982307821	within
lead_institutions	500	child_mortality_1_4	181.80232231077053	-0.687027012909823	within
lead_institutions	500	maternal_per_100k	981.2422398971353	5.747406129190608	within
lead_institutions	500	tfr	4.931016393571208	0.098528048857764	within
lead_institutions	500	cbr	40.21247623123921	0.5887827765881752	within
lead_institutions	500	cdr	35.9903399682507	0.040392605179825125	within
lead_institutions	500	food_per_worker	6.014991415040931	-0.0893592594263346	
lead_institutions	500	food_security	0.97831168021936	-0.0002827235347268031	
lead_institutions	500	food_share	34.70000000000001	0.0	ABOVE HIGH
lead_institutions	500	diet	0.8918504124306528	0.005603626475414791	
lead_institutions	500	health	0.9699999999999999	0.0	
lead_institutions	500	labor_efficiency	0.8589027334344297	-0.02423431226092465	
lead_institutions	500	cap_production	0.6880499890829627	-0.013550419849494788	
lead_institutions	500	craft_output	0.35321684067191506	-0.01836368891772039	
lead_institutions	500	tool_quality	0.24333095009267322	-0.06471147562510296	
lead_institutions	500	cap_infrastructure	0.6912437434544789	-0.010452404251117708	
lead_institutions	500	housing_ratio	1.090446946200544	-0.009512832146626016	
lead_institutions	500	construction_rate	0.3383298078432158	-0.03875603340419609	
lead_institutions	500	cap_logistics	0.464166447667794	-0.01357869655685362	
lead_institutions	500	trade_capacity	0.2879218101324814	-0.026366239606426034	
lead_institutions	500	ecology	0.792666666666687	1.147905962506357e-07	
lead_institutions	500	ground_health	0.7694307626650604	0.004525831186195095	
lead_institutions	500	cap_institutions	0.7739530360212329	-0.009286030065734918	
lead_institutions	500	legitimacy	0.8545464085415059	-0.005267296046573722	
lead_institutions	500	state_capacity	0.29254647396473976	-0.020053223993958258	
lead_institutions	500	cap_security	0.5860800484264621	-0.012186235526932765	
lead_institutions	500	warfare_readiness	0.30675724004866445	-0.0175446589183047	
lead_institutions	500	cap_culture	0.6514652583348917	-0.005421795600256241	
lead_institutions	500	cohesion	0.5022048880794392	-0.005812267997967302	
lead_institutions	500	known	842.0	-45.5	
lead_institutions	500	per_century	52.25	5.75	
lead_institutions	500	per_50	40.079365079365076	2.7777777777777715	within
lead_institutions	500	education	0.8091982995995793	-0.013551647808945244	
lead_institutions	500	art_found	551.0	-18.0	
lead_institutions	500	art_studied	551.0	-18.0	
lead_institutions	500	art_bonus	0.26802	-0.003180000000000016	
lead_institutions	500	allure	0.6052930516669783	-0.001084359120051226	
lead_institutions	500	line_knowledge	5.75	-1.25	
lead_institutions	500	line_institutions	3.5	-1.25	
lead_institutions	500	line_culture	4.75	2.25	
lead_institutions	500	line_labor	3.0	0.0	
lead_institutions	500	line_production	5.75	1.5	
lead_institutions	500	line_infrastructure	8.5	0.5	
lead_institutions	500	line_nutrition	3.25	1.0	
lead_institutions	500	line_health	2.5	-0.5	
lead_institutions	500	line_demography	1.75	0.75	
lead_institutions	500	line_logistics	4.5	2.5	
lead_institutions	500	line_ecology	5.5	0.25	
lead_institutions	500	line_security	3.5	0.0	
lead_institutions	600	population	4070.942942276818	-982.9998122707839	within
lead_institutions	600	growth_pct	0.47672123549623024	0.03069373682246246	within
lead_institutions	600	life_expectancy	29.386886727542738	0.01371932635165507	within
lead_institutions	600	infant_mortality	184.5192363132621	-0.28348873890203663	within
lead_institutions	600	child_mortality_1_4	180.81831348065032	-0.29739562299971567	within
lead_institutions	600	maternal_per_100k	965.2644285645822	6.295225026280832	within
lead_institutions	600	tfr	5.050699144240795	0.26691606715057414	within
lead_institutions	600	cbr	40.77192824704839	2.631338593269703	within
lead_institutions	600	cdr	35.002660999301746	-0.18288492106774612	within
lead_institutions	600	food_per_worker	6.000332510595868	0.0924432996448612	
lead_institutions	600	food_security	0.9784404104780418	0.0006277456313831253	
lead_institutions	600	food_share	34.70000000000001	0.0	ABOVE HIGH
lead_institutions	600	diet	0.8809733622568479	0.01928007537415688	
lead_institutions	600	health	0.9699999999999999	0.0	
lead_institutions	600	labor_efficiency	0.8879479727137229	-0.0014208372439368233	
lead_institutions	600	cap_production	0.6968464981871062	-0.008952169470626825	
lead_institutions	600	craft_output	0.4195932058212539	-0.00880679417874608	
lead_institutions	600	tool_quality	0.26725803506466883	-0.04114194998005449	
lead_institutions	600	cap_infrastructure	0.7119289763987925	-0.005016271679778694	
lead_institutions	600	housing_ratio	1.0848325862853487	-0.003082750470841278	
lead_institutions	600	construction_rate	0.4216222513488644	-0.006777748651135618	
lead_institutions	600	cap_logistics	0.482493885574858	-0.0021927078248676346	
lead_institutions	600	trade_capacity	0.3246006256255887	-0.019371823534430344	
lead_institutions	600	ecology	0.7926671542385094	4.877312974604919e-07	
lead_institutions	600	ground_health	0.7562438203201606	0.009048867504800162	
lead_institutions	600	cap_institutions	0.7855226016737051	-0.002247003984076734	
lead_institutions	600	legitimacy	0.8603017855640014	-0.0008689076666734685	
lead_institutions	600	state_capacity	0.3279972671624744	-0.005502672395158281	
lead_institutions	600	cap_security	0.6099870693242084	-0.01414973439622147	
lead_institutions	600	warfare_readiness	0.3503131883533489	-0.04630575107220797	
lead_institutions	600	cap_culture	0.6578386103394209	-0.001523337170577177	
lead_institutions	600	cohesion	0.5061754601028517	-0.0007884750178682731	
lead_institutions	600	known	918.25	-38.0	
lead_institutions	600	per_century	32.25	3.0	
lead_institutions	600	per_50	30.263157894736842	2.192982456140353	below low
lead_institutions	600	education	0.8271023531011801	-0.00773511379326941	
lead_institutions	600	art_found	551.0	-18.0	
lead_institutions	600	art_studied	551.0	-18.0	
lead_institutions	600	art_bonus	0.28379999999999994	-0.0018000000000000238	
lead_institutions	600	allure	0.6065677220678842	-0.000304667434115391	
lead_institutions	600	line_knowledge	5.5	1.5	
lead_institutions	600	line_institutions	0.0	-0.5	
lead_institutions	600	line_culture	3.0	-0.5	
lead_institutions	600	line_labor	1.0	0.0	
lead_institutions	600	line_production	4.75	-0.5	
lead_institutions	600	line_infrastructure	5.75	3.75	
lead_institutions	600	line_nutrition	1.0	0.0	
lead_institutions	600	line_health	2.5	0.5	
lead_institutions	600	line_demography	0.0	-1.75	
lead_institutions	600	line_logistics	2.25	-0.25	
lead_institutions	600	line_ecology	2.75	0.5	
lead_institutions	600	line_security	3.75	0.25	
lead_culture	100	population	181.49165756859537	-34.081816813199254	within
lead_culture	100	growth_pct	0.7650282973261591	-0.2918657963833615	within
lead_culture	100	life_expectancy	28.22926350124076	-0.46191584837953314	within
lead_culture	100	infant_mortality	207.4673324877274	12.613963217876687	within
lead_culture	100	child_mortality_1_4	190.19628056342526	3.2631174823527545	within
lead_culture	100	maternal_per_100k	1503.1749630357072	398.77080213190766	within
lead_culture	100	tfr	5.677709124724993	-0.1726034100795779	within
lead_culture	100	cbr	45.222114311480404	0.13104945276202784	within
lead_culture	100	cdr	37.18310846930432	2.092802733296317	within
lead_culture	100	food_per_worker	5.88254615399012	-0.8670605190656566	
lead_culture	100	food_security	0.9788551344551448	-0.0010441002453863701	
lead_culture	100	food_share	34.70000000000001	0.0	OUT OF BOUNDS
lead_culture	100	diet	0.7867326773920594	-0.044358921899741	
lead_culture	100	health	0.9699999999999999	0.0	
lead_culture	100	labor_efficiency	0.8602088650474033	0.0006178482603349522	
lead_culture	100	cap_production	0.6308853437462638	-0.00462630315430923	
lead_culture	100	craft_output	0.1207332612841367	-0.020306600681488624	
lead_culture	100	tool_quality	0.09179706082295419	-0.03432183952196777	
lead_culture	100	cap_infrastructure	0.6002791623530401	-0.04636876719530225	
lead_culture	100	housing_ratio	1.0814279946663152	0.0004029037412505154	
lead_culture	100	construction_rate	0.11951244050482876	-0.05191472549602408	
lead_culture	100	cap_logistics	0.32880758308942715	-0.02450784782940535	
lead_culture	100	trade_capacity	0.09303675879269734	-0.04714447540676388	
lead_culture	100	ecology	0.7928065558339926	6.914113541145461e-06	
lead_culture	100	ground_health	0.9999999999999986	0.01462469205006156	
lead_culture	100	cap_institutions	0.6956138994081552	-0.005703081625104689	
lead_culture	100	legitimacy	0.8195230803700955	-0.0008231713111815919	
lead_culture	100	state_capacity	0.09134133630958777	-0.03949377132060361	
lead_culture	100	cap_security	0.4924454726877272	-0.010048601491880582	
lead_culture	100	warfare_readiness	0.12079555713809287	-0.016567184128637613	
lead_culture	100	cap_culture	0.6125607328292049	-0.0045525593880096915	
lead_culture	100	cohesion	0.47770434303815984	-0.004541658671186999	
lead_culture	100	known	218.75	-112.5	
lead_culture	100	per_century	88.0	-71.0	
lead_culture	100	per_50	31.56779661016949	-29.449152542372882	below low
lead_culture	100	education	0.729633129170917	-0.01631125737391692	
lead_culture	100	art_found	421.0	-39.0	
lead_culture	100	art_studied	108.5	-1.0	
lead_culture	100	art_bonus	0.16628999999999977	-0.001709999999999795	
lead_culture	100	allure	0.5975121465658404	-0.0009105118776019383	
lead_culture	100	line_knowledge	7.0	-3.25	
lead_culture	100	line_institutions	8.5	-3.75	
lead_culture	100	line_culture	10.25	-5.0	
lead_culture	100	line_labor	8.75	-3.5	
lead_culture	100	line_production	6.0	-9.25	
lead_culture	100	line_infrastructure	5.75	-9.25	
lead_culture	100	line_nutrition	11.75	-7.25	
lead_culture	100	line_health	6.25	-6.75	
lead_culture	100	line_demography	7.25	-5.75	
lead_culture	100	line_logistics	5.25	-6.5	
lead_culture	100	line_ecology	5.25	-6.75	
lead_culture	100	line_security	6.0	-4.0	
lead_culture	200	population	475.37541812931966	-124.1242566046941	within
lead_culture	200	growth_pct	1.0802619390714308	0.27371596533212195	within
lead_culture	200	life_expectancy	28.718402480533307	-1.1417163104018684	within
lead_culture	200	infant_mortality	194.37487033249414	12.308665836582549	within
lead_culture	200	child_mortality_1_4	186.9227804183151	10.880086669111705	within
lead_culture	200	maternal_per_100k	1079.917506355621	10.385518321158997	within
lead_culture	200	tfr	5.838294227222944	0.02393540942083483	within
lead_culture	200	cbr	45.137473732091514	1.218532402188977	within
lead_culture	200	cdr	34.68554394444929	2.1210389563450818	within
lead_culture	200	food_per_worker	6.6053327095343315	-0.19713523844289593	
lead_culture	200	food_security	0.9795712791496434	2.8641330702128265e-05	
lead_culture	200	food_share	34.70000000000001	0.0	OUT OF BOUNDS
lead_culture	200	diet	0.8844948552745858	-0.01566233096984293	
lead_culture	200	health	0.9699999999999999	0.0	
lead_culture	200	labor_efficiency	0.8609565226579683	-0.001609719755570116	
lead_culture	200	cap_production	0.6370658517499814	-0.014239851365934642	
lead_culture	200	craft_output	0.15515868853745265	-0.06467203764695537	
lead_culture	200	tool_quality	0.10305839405829344	-0.08390218257771441	
lead_culture	200	cap_infrastructure	0.6524641867202311	-0.0071825744944244985	
lead_culture	200	housing_ratio	1.082707791422965	0.0017160014567090265	
lead_culture	200	construction_rate	0.18998339288849847	-0.024208477166918263	
lead_culture	200	cap_logistics	0.3672037246276387	-0.017448390577643302	
lead_culture	200	trade_capacity	0.11139151139555867	-0.09599660019597459	
lead_culture	200	ecology	0.7926668610042165	9.605260697931328e-09	
lead_culture	200	ground_health	0.9274366724161837	0.020933703910903545	
lead_culture	200	cap_institutions	0.7139506663521419	-0.020487352357427047	
lead_culture	200	legitimacy	0.8325031667551815	-0.008486553871335012	
lead_culture	200	state_capacity	0.12495720183306938	-0.06216777891693703	
lead_culture	200	cap_security	0.5171728521946086	-0.01933090772423629	
lead_culture	200	warfare_readiness	0.16785923611638262	-0.0521104517082919	
lead_culture	200	cap_culture	0.6269193392471861	-0.007884165448655889	
lead_culture	200	cohesion	0.48379443801864486	-0.0057348762069425185	
lead_culture	200	known	426.25	-135.75	
lead_culture	200	per_century	102.5	28.75	
lead_culture	200	per_50	28.19767441860465	-3.552713678800501e-15	below low
lead_culture	200	education	0.7516651525961666	-0.01739842452750362	
lead_culture	200	art_found	539.25	-28.0	
lead_culture	200	art_studied	354.5	-72.5	
lead_culture	200	art_bonus	0.19125000000000003	-0.0067500000000009774	
lead_culture	200	allure	0.6003838678494372	-0.0015768330897311111	
lead_culture	200	line_knowledge	5.75	-3.25	
lead_culture	200	line_institutions	8.25	3.25	
lead_culture	200	line_culture	3.25	0.0	
lead_culture	200	line_labor	8.25	3.75	
lead_culture	200	line_production	12.75	-1.75	
lead_culture	200	line_infrastructure	8.75	4.5	
lead_culture	200	line_nutrition	11.5	1.25	
lead_culture	200	line_health	10.0	5.75	
lead_culture	200	line_demography	8.75	5.75	
lead_culture	200	line_logistics	4.25	0.25	
lead_culture	200	line_ecology	12.75	6.25	
lead_culture	200	line_security	8.25	3.0	
lead_culture	300	population	1127.4628902328318	-368.10426001910173	within
lead_culture	300	growth_pct	0.7736888137678144	0.19214242884910138	within
lead_culture	300	life_expectancy	29.754452874044453	0.0050202079507499775	within
lead_culture	300	infant_mortality	183.17981537239126	0.33988846773161185	within
lead_culture	300	child_mortality_1_4	177.32439171276582	0.14818050726273668	within
lead_culture	300	maternal_per_100k	1061.577747531414	10.693858334478591	within
lead_culture	300	tfr	5.8818830467439644	0.4183699026637253	within
lead_culture	300	cbr	48.340849817072915	0.6549941503049652	ABOVE HIGH
lead_culture	300	cdr	35.648190895439825	-1.897209918524048	within
lead_culture	300	food_per_worker	6.204246130503452	-0.19124772736002615	
lead_culture	300	food_security	0.9781183979629661	-0.0012168046614507988	
lead_culture	300	food_share	34.70000000000001	0.0	OUT OF BOUNDS
lead_culture	300	diet	0.9120033661358958	-0.0041609691194364196	
lead_culture	300	health	0.9699999999999999	0.0	
lead_culture	300	labor_efficiency	0.8387994000796911	-0.03717645791846458	
lead_culture	300	cap_production	0.6500170682028462	-0.017873408057505036	
lead_culture	300	craft_output	0.23204648328468813	-0.03503491014432064	
lead_culture	300	tool_quality	0.1449762055771418	-0.0744557697558218	
lead_culture	300	cap_infrastructure	0.6659621768543973	-0.00774084013450782	
lead_culture	300	housing_ratio	1.0826288485923108	-0.005946909702779779	
lead_culture	300	construction_rate	0.2413423621508249	-0.032890692255958115	
lead_culture	300	cap_logistics	0.39914532404675884	-0.02112914803187621	
lead_culture	300	trade_capacity	0.1856463220687092	-0.04340357697530611	
lead_culture	300	ecology	0.7926666669366451	1.3343659510667294e-11	
lead_culture	300	ground_health	0.8653936577780236	0.04065335460887187	
lead_culture	300	cap_institutions	0.7407625539968871	-0.011709933544994167	
lead_culture	300	legitimacy	0.8424039677401765	-0.0073776578972371	
lead_culture	300	state_capacity	0.20290317810194913	-0.021879890419527454	
lead_culture	300	cap_security	0.5422774397063105	-0.01623628943015354	
lead_culture	300	warfare_readiness	0.2262001230982297	-0.020665592718981052	
lead_culture	300	cap_culture	0.6368980085021707	-0.007354027535067753	
lead_culture	300	cohesion	0.4893128544477661	-0.008038606682478633	
lead_culture	300	known	613.75	-66.75	
lead_culture	300	per_century	66.0	18.5	
lead_culture	300	per_50	29.430379746835442	5.696202531645568	below low
lead_culture	300	education	0.7713692476959337	-0.01705526194763607	
lead_culture	300	art_found	546.0	-23.0	
lead_culture	300	art_studied	546.0	-23.0	
lead_culture	300	art_bonus	0.2162925	-0.005670000000000008	
lead_culture	300	allure	0.6023796017004341	-0.0014708055070135062	
lead_culture	300	line_knowledge	4.5	0.0	
lead_culture	300	line_institutions	5.0	1.0	
lead_culture	300	line_culture	4.75	0.5	
lead_culture	300	line_labor	2.75	1.75	
lead_culture	300	line_production	7.75	2.75	
lead_culture	300	line_infrastructure	5.25	-3.25	
lead_culture	300	line_nutrition	9.5	4.5	
lead_culture	300	line_health	3.0	0.0	
lead_culture	300	line_demography	1.25	1.25	
lead_culture	300	line_logistics	9.25	2.75	
lead_culture	300	line_ecology	7.5	4.5	
lead_culture	300	line_security	5.5	2.75	
lead_culture	400	population	2490.213025693013	-251.2365853062447	within
lead_culture	400	growth_pct	1.0721513055712506	0.28578700368614984	ABOVE HIGH
lead_culture	400	life_expectancy	29.622102579458574	0.2862356303899283	within
lead_culture	400	infant_mortality	182.583197823438	-2.4532800285539054	within
lead_culture	400	child_mortality_1_4	178.2950114650062	-2.412972469922579	within
lead_culture	400	maternal_per_100k	1006.1277086180401	13.6651432409584	within
lead_culture	400	tfr	5.278492196122619	0.06805530872194598	within
lead_culture	400	cbr	40.08083991580241	-0.6314971995874643	within
lead_culture	400	cdr	33.31917647506898	-0.6857594231476298	within
lead_culture	400	food_per_worker	6.230061474918875	0.0424150310937943	
lead_culture	400	food_security	0.9797405256829927	4.8998000887978677e-05	
lead_culture	400	food_share	34.70000000000001	0.0	ABOVE HIGH
lead_culture	400	diet	0.9001353206183256	0.004150614325922675	
lead_culture	400	health	0.9699999999999999	0.0	
lead_culture	400	labor_efficiency	0.881453538200947	-0.0010197001170206832	
lead_culture	400	cap_production	0.6711048165485913	-0.0177277456822742	
lead_culture	400	craft_output	0.2911411377436428	-0.044136422692582056	
lead_culture	400	tool_quality	0.19446192041644594	-0.09893467655570953	
lead_culture	400	cap_infrastructure	0.677972450799384	-0.008190394034350401	
lead_culture	400	housing_ratio	1.093120133851309	0.010106631791119147	
lead_culture	400	construction_rate	0.29086257200019566	-0.029000738037003482	
lead_culture	400	cap_logistics	0.42867665364116425	-0.018089888303109092	
lead_culture	400	trade_capacity	0.24312965503863723	-0.02277946498124614	
lead_culture	400	ecology	0.792666666667042	8.262922044910415e-05	
lead_culture	400	ground_health	0.781049694312709	0.008495462296500333	
lead_culture	400	cap_institutions	0.7574655742391803	-0.009774440203286439	
lead_culture	400	legitimacy	0.852513358010253	-0.003633925281119277	
lead_culture	400	state_capacity	0.23751299748478483	-0.02650430336242865	
lead_culture	400	cap_security	0.5659863665305108	-0.010848346107314888	
lead_culture	400	warfare_readiness	0.26521010874896217	-0.020960871804676817	
lead_culture	400	cap_culture	0.6490071640461799	-0.002913564114177758	
lead_culture	400	cohesion	0.5000321475232501	-0.002506236019946151	
lead_culture	400	known	733.5	-62.5	
lead_culture	400	per_century	62.25	4.75	
lead_culture	400	per_50	33.97435897435897	5.448717948717945	below low
lead_culture	400	education	0.7888060600914983	-0.01520423058333531	
lead_culture	400	art_found	546.0	-23.0	
lead_culture	400	art_studied	546.0	-23.0	
lead_culture	400	art_bonus	0.2445	-0.004224999999999979	
lead_culture	400	allure	0.6048014328092359	-0.0005827128228355072	
lead_culture	400	line_knowledge	5.25	0.0	
lead_culture	400	line_institutions	3.5	-0.5	
lead_culture	400	line_culture	6.0	-1.5	
lead_culture	400	line_labor	6.25	-0.5	
lead_culture	400	line_production	7.0	2.5	
lead_culture	400	line_infrastructure	8.0	-2.25	
lead_culture	400	line_nutrition	6.0	0.75	
lead_culture	400	line_health	4.25	1.5	
lead_culture	400	line_demography	2.75	1.5	
lead_culture	400	line_logistics	6.0	1.0	
lead_culture	400	line_ecology	4.0	3.0	
lead_culture	400	line_security	3.25	-0.75	
lead_culture	500	population	3535.0157897960166	-80.28331414488139	within
lead_culture	500	growth_pct	0.4005965992999516	-0.07707440604223514	within
lead_culture	500	life_expectancy	29.117749810969244	-0.03569723396070401	within
lead_culture	500	infant_mortality	186.6332683388781	-0.04969993355285851	within
lead_culture	500	child_mortality_1_4	182.46671424052244	-0.02263508315792251	within
lead_culture	500	maternal_per_100k	981.9853626318521	6.490528863907457	within
lead_culture	500	tfr	4.891204557802531	0.058716213089087255	within
lead_culture	500	cbr	38.978006958145855	-0.6456864965051778	within
lead_culture	500	cdr	35.10116765571724	-0.8487797073536356	within
lead_culture	500	food_per_worker	6.192913990104321	0.08856331563705577	
lead_culture	500	food_security	0.9787177424987992	0.00012333874471237571	
lead_culture	500	food_share	34.70000000000001	0.0	ABOVE HIGH
lead_culture	500	diet	0.8890553866899964	0.002808600734758415	
lead_culture	500	health	0.9699999999999999	0.0	
lead_culture	500	labor_efficiency	0.8804190927280899	-0.002717952967264403	
lead_culture	500	cap_production	0.6892474891248256	-0.012352919807631868	
lead_culture	500	craft_output	0.3506399246173169	-0.020940604972318533	
lead_culture	500	tool_quality	0.24478343694055082	-0.06325898877722536	
lead_culture	500	cap_infrastructure	0.6904767633728423	-0.011219384332754379	
lead_culture	500	housing_ratio	1.0822161650415243	-0.017743613305645667	
lead_culture	500	construction_rate	0.339032465429149	-0.0380533758182629	
lead_culture	500	cap_logistics	0.4648259025750897	-0.012919241649557933	
lead_culture	500	trade_capacity	0.2954388518456408	-0.018849197893266667	
lead_culture	500	ecology	0.792666666666687	1.147905962506357e-07	
lead_culture	500	ground_health	0.7633805219394335	-0.0015244095394317814	
lead_culture	500	cap_institutions	0.7752524212720399	-0.007986644814927946	
lead_culture	500	legitimacy	0.8565288632001278	-0.00328484138795182	
lead_culture	500	state_capacity	0.29020841840166656	-0.022391279557031463	
lead_culture	500	cap_security	0.5879502837066561	-0.010316000246738732	
lead_culture	500	warfare_readiness	0.30582823372982276	-0.018473665237146386	
lead_culture	500	cap_culture	0.6533413462578799	-0.0035457076772680285	
lead_culture	500	cohesion	0.5030788251056423	-0.004938330971764215	
lead_culture	500	known	838.25	-49.25	
lead_culture	500	per_century	49.75	3.25	
lead_culture	500	per_50	37.698412698412696	0.39682539682539186	within
lead_culture	500	education	0.8097040537738792	-0.013045893634645367	
lead_culture	500	art_found	546.0	-23.0	
lead_culture	500	art_studied	546.0	-23.0	
lead_culture	500	art_bonus	0.26789999999999997	-0.003300000000000025	
lead_culture	500	allure	0.6056682692515759	-0.0007091415354536501	
lead_culture	500	line_knowledge	4.5	-2.5	
lead_culture	500	line_institutions	3.75	-1.0	
lead_culture	500	line_culture	3.25	0.75	
lead_culture	500	line_labor	3.0	0.0	
lead_culture	500	line_production	8.0	3.75	
lead_culture	500	line_infrastructure	7.5	-0.5	
lead_culture	500	line_nutrition	3.25	1.0	
lead_culture	500	line_health	2.5	-0.5	
lead_culture	500	line_demography	1.25	0.25	
lead_culture	500	line_logistics	3.25	1.25	
lead_culture	500	line_ecology	6.0	0.75	
lead_culture	500	line_security	3.5	0.0	
lead_culture	600	population	4322.787640829209	-731.1551137183933	within
lead_culture	600	growth_pct	0.3012434845482054	-0.1447840141255624	within
lead_culture	600	life_expectancy	29.055422040154863	-0.31774536103622	within
lead_culture	600	infant_mortality	186.93025293194904	2.127527879784907	within
lead_culture	600	child_mortality_1_4	183.16032304777903	2.044613944128997	within
lead_culture	600	maternal_per_100k	967.6040180686666	8.634814530365247	within
lead_culture	600	tfr	4.76892134845795	-0.014861728632270754	within
lead_culture	600	cbr	39.34588075912122	1.205291105342532	within
lead_culture	600	cdr	36.2531204431008	1.0675745227313058	within
lead_culture	600	food_per_worker	5.84534117010548	-0.06254804084552656	
lead_culture	600	food_security	0.978103180675112	0.0002905158284534082	
lead_culture	600	food_share	34.70000000000001	0.0	ABOVE HIGH
lead_culture	600	diet	0.8751845442972506	0.013491257414559588	
lead_culture	600	health	0.9699999999999999	0.0	
lead_culture	600	labor_efficiency	0.8960481670522944	0.00667935709463463	
lead_culture	600	cap_production	0.6970771294471578	-0.008721538210575197	
lead_culture	600	craft_output	0.41724711705360185	-0.011152882946398157	
lead_culture	600	tool_quality	0.25039642035600695	-0.05800356468871637	
lead_culture	600	cap_infrastructure	0.7106974644192956	-0.006247783659275585	
lead_culture	600	housing_ratio	1.0947565591739359	0.006841222417745874	
lead_culture	600	construction_rate	0.4185307010211087	-0.009869298978891328	
lead_culture	600	cap_logistics	0.4832551975372649	-0.001431395862460716	
lead_culture	600	trade_capacity	0.32398850741748286	-0.019983941742536204	
lead_culture	600	ecology	0.792666666666687	1.5947498877011412e-10	
lead_culture	600	ground_health	0.7546972771340683	0.007502324318707898	
lead_culture	600	cap_institutions	0.7865518245626705	-0.001217781095111392	
lead_culture	600	legitimacy	0.8611375553710473	-3.3137859627552224e-05	
lead_culture	600	state_capacity	0.32417707961435793	-0.009322859943274753	
lead_culture	600	cap_security	0.6140379903899786	-0.010098813330451262	
lead_culture	600	warfare_readiness	0.3622018399001269	-0.034417099525429984	
lead_culture	600	cap_culture	0.6591736498128826	-0.0001882976971154804	
lead_culture	600	cohesion	0.5084781596579566	0.001514224537236597	
lead_culture	600	known	913.0	-43.25	
lead_culture	600	per_century	33.5	4.25	
lead_culture	600	per_50	25.87719298245614	-2.1929824561403493	below low
lead_culture	600	education	0.8263048594097385	-0.008532607484710963	
lead_culture	600	art_found	546.0	-23.0	
lead_culture	600	art_studied	546.0	-23.0	
lead_culture	600	art_bonus	0.28439999999999993	-0.0012000000000000344	
lead_culture	600	allure	0.6068347299625765	-3.765953942314049e-05	
lead_culture	600	line_knowledge	6.25	2.25	
lead_culture	600	line_institutions	0.5	0.0	
lead_culture	600	line_culture	3.25	-0.25	
lead_culture	600	line_labor	1.0	0.0	
lead_culture	600	line_production	4.25	-1.0	
lead_culture	600	line_infrastructure	6.25	4.25	
lead_culture	600	line_nutrition	1.0	0.0	
lead_culture	600	line_health	1.75	-0.25	
lead_culture	600	line_demography	0.25	-1.5	
lead_culture	600	line_logistics	2.0	-0.5	
lead_culture	600	line_ecology	2.75	0.5	
lead_culture	600	line_security	4.25	0.75	
lead_labor	100	population	170.77931799049367	-44.79415639130096	within
lead_labor	100	growth_pct	0.6512864411807207	-0.40560765252879993	within
lead_labor	100	life_expectancy	28.083086391163576	-0.6080929584567158	within
lead_labor	100	infant_mortality	209.54730754391136	14.693938274060656	within
lead_labor	100	child_mortality_1_4	192.62786294577228	5.694699864699771	within
lead_labor	100	maternal_per_100k	1491.1564235082049	386.75226260440536	within
lead_labor	100	tfr	5.731747881782164	-0.11856465302240693	within
lead_labor	100	cbr	45.69194383565937	0.6008789769409972	within
lead_labor	100	cdr	37.69469388448569	2.604388148477682	within
lead_labor	100	food_per_worker	6.049779687937008	-0.6998269851187686	
lead_labor	100	food_security	0.979459182366221	-0.00044005233431021473	
lead_labor	100	food_share	34.70000000000001	0.0	OUT OF BOUNDS
lead_labor	100	diet	0.7745776494972652	-0.05651394979453528	
lead_labor	100	health	0.9699999999999999	0.0	
lead_labor	100	labor_efficiency	0.8613823378811515	0.001791321094083087	
lead_labor	100	cap_production	0.6349591350263821	-0.0005525118741909196	
lead_labor	100	craft_output	0.08871204790486023	-0.05232781406076509	
lead_labor	100	tool_quality	0.09504087036875469	-0.031078029976167265	
lead_labor	100	cap_infrastructure	0.6217403620743613	-0.02490756747398104	
lead_labor	100	housing_ratio	1.081839413618884	0.0008143226938193138	
lead_labor	100	construction_rate	0.13871398626375483	-0.032713179737098	
lead_labor	100	cap_logistics	0.3355061386672511	-0.0178092922515814	
lead_labor	100	trade_capacity	0.08802782023617119	-0.05215341396329003	
lead_labor	100	ecology	0.7928524482166391	5.2806496187662866e-05	
lead_labor	100	ground_health	0.9996347499933923	0.014259442043455306	
lead_labor	100	cap_institutions	0.6794078458473392	-0.021909135185920747	
lead_labor	100	legitimacy	0.8082164643252707	-0.012129787356006339	
lead_labor	100	state_capacity	0.07332717310344616	-0.057507934526745214	
lead_labor	100	cap_security	0.4831515755386804	-0.019342498640927408	
lead_labor	100	warfare_readiness	0.1057616000491832	-0.031601141217547285	
lead_labor	100	cap_culture	0.6007391392728386	-0.01637415294437594	
lead_labor	100	cohesion	0.47132159183350675	-0.010924409875840091	
lead_labor	100	known	206.25	-125.0	
lead_labor	100	per_century	83.5	-75.5	
lead_labor	100	per_50	19.703389830508478	-41.313559322033896	OUT OF BOUNDS
lead_labor	100	education	0.7255258054589565	-0.020418581085877463	
lead_labor	100	art_found	442.25	-17.75	
lead_labor	100	art_studied	103.75	-5.75	
lead_labor	100	art_bonus	0.1661999999999999	-0.001799999999999663	
lead_labor	100	allure	0.5951478278545675	-0.0032748305888747886	
lead_labor	100	line_knowledge	5.0	-5.25	
lead_labor	100	line_institutions	5.5	-6.75	
lead_labor	100	line_culture	8.25	-7.0	
lead_labor	100	line_labor	7.0	-5.25	
lead_labor	100	line_production	6.25	-9.0	
lead_labor	100	line_infrastructure	6.75	-8.25	
lead_labor	100	line_nutrition	11.5	-7.5	
lead_labor	100	line_health	6.75	-6.25	
lead_labor	100	line_demography	7.75	-5.25	
lead_labor	100	line_logistics	4.75	-7.0	
lead_labor	100	line_ecology	5.75	-6.25	
lead_labor	100	line_security	8.25	-1.75	
lead_labor	200	population	451.23039411551986	-148.2692806184939	within
lead_labor	200	growth_pct	1.0817385532409463	0.27519257950163745	within
lead_labor	200	life_expectancy	28.674670969457594	-1.185447821477581	within
lead_labor	200	infant_mortality	194.67052514674876	12.604320650837167	within
lead_labor	200	child_mortality_1_4	187.10224151738146	11.05954776817805	within
lead_labor	200	maternal_per_100k	1095.0661900569128	25.5342020224507	within
lead_labor	200	tfr	5.845802923572954	0.031444105770845	within
lead_labor	200	cbr	45.28653031949054	1.3675889895880005	within
lead_labor	200	cdr	34.818846013552076	2.2543410254478644	within
lead_labor	200	food_per_worker	6.530460574983544	-0.2720073729936834	
lead_labor	200	food_security	0.9794610735503166	-8.156426862460098e-05	
lead_labor	200	food_share	34.70000000000001	0.0	OUT OF BOUNDS
lead_labor	200	diet	0.8814752633268044	-0.018681922917624383	
lead_labor	200	health	0.9699999999999999	0.0	
lead_labor	200	labor_efficiency	0.8606021052174193	-0.001964137196119098	
lead_labor	200	cap_production	0.6389848417990498	-0.012320861316866272	
lead_labor	200	craft_output	0.15493857816637469	-0.06489214801803334	
lead_labor	200	tool_quality	0.11626131457021074	-0.0706992620657971	
lead_labor	200	cap_infrastructure	0.6542543866385219	-0.005392374576133729	
lead_labor	200	housing_ratio	1.0830994716729987	0.0021076817067426923	
lead_labor	200	construction_rate	0.20395732519064166	-0.01023454486477507	
lead_labor	200	cap_logistics	0.36699980764702617	-0.01765230755825581	
lead_labor	200	trade_capacity	0.11020097421763546	-0.0971871373738978	
lead_labor	200	ecology	0.7926669247590684	7.336011265124398e-08	
lead_labor	200	ground_health	0.9340186202222912	0.02751565171701109	
lead_labor	200	cap_institutions	0.7063842460502052	-0.028053772659363707	
lead_labor	200	legitimacy	0.8264862167551008	-0.014503503871415746	
lead_labor	200	state_capacity	0.11773354407354114	-0.06939143667646527	
lead_labor	200	cap_security	0.5143771743266019	-0.02212658559224301	
lead_labor	200	warfare_readiness	0.16619277114679532	-0.053776916677879205	
lead_labor	200	cap_culture	0.6207003446950898	-0.01410316000075218	
lead_labor	200	cohesion	0.4804979647364046	-0.009031349489182772	
lead_labor	200	known	398.0	-164.0	
lead_labor	200	per_century	99.25	25.5	
lead_labor	200	per_50	26.453488372093023	-1.7441860465116292	below low
lead_labor	200	education	0.741868647316	-0.027194929807670243	
lead_labor	200	art_found	560.75	-6.5	
lead_labor	200	art_studied	333.75	-93.25	
lead_labor	200	art_bonus	0.189525	-0.00847500000000101	
lead_labor	200	allure	0.599140068939018	-0.0028206320001503693	
lead_labor	200	line_knowledge	6.5	-2.5	
lead_labor	200	line_institutions	6.75	1.75	
lead_labor	200	line_culture	11.0	7.75	
lead_labor	200	line_labor	5.0	0.5	
lead_labor	200	line_production	6.75	-7.75	
lead_labor	200	line_infrastructure	8.25	4.0	
lead_labor	200	line_nutrition	11.5	1.25	
lead_labor	200	line_health	9.25	5.0	
lead_labor	200	line_demography	9.0	6.0	
lead_labor	200	line_logistics	9.0	5.0	
lead_labor	200	line_ecology	9.0	2.5	
lead_labor	200	line_security	7.25	2.0	
lead_labor	300	population	1050.1479267954605	-445.419223456473	within
lead_labor	300	growth_pct	0.7848547142082135	0.2033083292895005	within
lead_labor	300	life_expectancy	30.046873278304446	0.29744061221074247	within
lead_labor	300	infant_mortality	180.2890483599611	-2.5508785446985485	within
lead_labor	300	child_mortality_1_4	174.68551337329654	-2.4906978322065356	within
lead_labor	300	maternal_per_100k	1058.347202495495	7.463313298559569	within
lead_labor	300	tfr	5.771741111126056	0.30822796704581723	within
lead_labor	300	cbr	47.70413449896469	0.0182788321967422	ABOVE HIGH
lead_labor	300	cdr	35.7240896926661	-1.821311121297775	within
lead_labor	300	food_per_worker	6.118798718173265	-0.2766951396902133	
lead_labor	300	food_security	0.9790926041477777	-0.00024259847663921086	
lead_labor	300	food_share	34.70000000000001	0.0	OUT OF BOUNDS
lead_labor	300	diet	0.9248779821455639	0.008713646890231685	
lead_labor	300	health	0.9699999999999999	0.0	
lead_labor	300	labor_efficiency	0.8666971942409702	-0.009278663757185446	
lead_labor	300	cap_production	0.6491923765494043	-0.018698099710946936	
lead_labor	300	craft_output	0.22516510668512354	-0.04191628674388523	
lead_labor	300	tool_quality	0.1394304281910057	-0.0800015471419579	
lead_labor	300	cap_infrastructure	0.6616213410334628	-0.012081675955442295	
lead_labor	300	housing_ratio	1.0835131128600441	-0.00506264543504642	
lead_labor	300	construction_rate	0.22214314447019493	-0.0520899099365881	
lead_labor	300	cap_logistics	0.39978142034724384	-0.02049305173139121	
lead_labor	300	trade_capacity	0.15534275431032252	-0.0737071447336928	
lead_labor	300	ecology	0.7926666670252154	1.0191392174618841e-10	
lead_labor	300	ground_health	0.8625305129397928	0.03779020977064107	
lead_labor	300	cap_institutions	0.7374702404444673	-0.015002247097413934	
lead_labor	300	legitimacy	0.840418007522588	-0.009363618114825556	
lead_labor	300	state_capacity	0.1992898214013108	-0.02549324712016579	
lead_labor	300	cap_security	0.5429942275252206	-0.01551950161124338	
lead_labor	300	warfare_readiness	0.2253191799781907	-0.021546535839020053	
lead_labor	300	cap_culture	0.6342771211554146	-0.009974914881823893	
lead_labor	300	cohesion	0.4885982123905054	-0.008753248739739372	
lead_labor	300	known	596.75	-83.75	
lead_labor	300	per_century	84.5	37.0	
lead_labor	300	per_50	29.430379746835442	5.696202531645568	below low
lead_labor	300	education	0.7607452148497699	-0.027679294793799936	
lead_labor	300	art_found	565.5	-3.5	
lead_labor	300	art_studied	565.5	-3.5	
lead_labor	300	art_bonus	0.21656250000000002	-0.005399999999999988	
lead_labor	300	allure	0.601855424231083	-0.00199498297636469	
lead_labor	300	line_knowledge	6.0	1.5	
lead_labor	300	line_institutions	8.25	4.25	
lead_labor	300	line_culture	6.0	1.75	
lead_labor	300	line_labor	1.0	0.0	
lead_labor	300	line_production	10.75	5.75	
lead_labor	300	line_infrastructure	6.25	-2.25	
lead_labor	300	line_nutrition	12.25	7.25	
lead_labor	300	line_health	7.25	4.25	
lead_labor	300	line_demography	1.75	1.75	
lead_labor	300	line_logistics	8.0	1.5	
lead_labor	300	line_ecology	10.5	7.5	
lead_labor	300	line_security	6.5	3.75	
lead_labor	400	population	2519.2448492527024	-222.2047617465555	within
lead_labor	400	growth_pct	0.8715797967742023	0.08521549488910152	within
lead_labor	400	life_expectancy	29.598373366837368	0.26250641776872286	within
lead_labor	400	infant_mortality	182.8055942037186	-2.2308836482733057	within
lead_labor	400	child_mortality_1_4	178.5260084866498	-2.1819754482789904	within
lead_labor	400	maternal_per_100k	1005.4161284784184	12.953563101336727	within
lead_labor	400	tfr	5.228068875892759	0.01763198849208525	within
lead_labor	400	cbr	40.38531305632976	-0.3270240590601148	within
lead_labor	400	cdr	33.93571135641761	-0.06922454179899518	within
lead_labor	400	food_per_worker	5.995506040639171	-0.19214040318590975	
lead_labor	400	food_security	0.9792087148882616	-0.0004828127938432125	
lead_labor	400	food_share	34.70000000000001	0.0	ABOVE HIGH
lead_labor	400	diet	0.8999809674252428	0.003996261132839907	
lead_labor	400	health	0.9699999999999999	0.0	
lead_labor	400	labor_efficiency	0.8781637098538059	-0.0043095284641617715	
lead_labor	400	cap_production	0.671316261478962	-0.01751630075190358	
lead_labor	400	craft_output	0.2952465559793632	-0.04003100445686164	
lead_labor	400	tool_quality	0.18726977714743415	-0.10612681982472133	
lead_labor	400	cap_infrastructure	0.6772993323138461	-0.008863512519888261	
lead_labor	400	housing_ratio	1.0910633334616497	0.008049831401459873	
lead_labor	400	construction_rate	0.2869248723396082	-0.03293843769759097	
lead_labor	400	cap_logistics	0.43298075673267744	-0.013785785211595902	
lead_labor	400	trade_capacity	0.22790883302995857	-0.0380002869899248	
lead_labor	400	ecology	0.7926666666671651	8.262922057222788e-05	
lead_labor	400	ground_health	0.786456107476457	0.013901875460248347	
lead_labor	400	cap_institutions	0.758125855480592	-0.00911415896187473	
lead_labor	400	legitimacy	0.8514757260101633	-0.004671557281208938	
lead_labor	400	state_capacity	0.2408609971300696	-0.02315630371714389	
lead_labor	400	cap_security	0.5684373863608638	-0.00839732627696188	
lead_labor	400	warfare_readiness	0.2689684764770805	-0.01720250407655849	
lead_labor	400	cap_culture	0.6468673692367363	-0.005053358923621354	
lead_labor	400	cohesion	0.49864970699604927	-0.003888676547146974	
lead_labor	400	known	733.5	-62.5	
lead_labor	400	per_century	71.75	14.25	
lead_labor	400	per_50	38.782051282051285	10.256410256410259	within
lead_labor	400	education	0.7934996741305527	-0.010510616544280982	
lead_labor	400	art_found	565.5	-3.5	
lead_labor	400	art_studied	565.5	-3.5	
lead_labor	400	art_bonus	0.24384999999999996	-0.004875000000000018	
lead_labor	400	allure	0.6043734738473472	-0.0010106717847242486	
lead_labor	400	line_knowledge	5.75	0.5	
lead_labor	400	line_institutions	4.0	0.0	
lead_labor	400	line_culture	6.25	-1.25	
lead_labor	400	line_labor	6.5	-0.25	
lead_labor	400	line_production	10.25	5.75	
lead_labor	400	line_infrastructure	10.25	0.0	
lead_labor	400	line_nutrition	5.5	0.25	
lead_labor	400	line_health	4.0	1.25	
lead_labor	400	line_demography	2.0	0.75	
lead_labor	400	line_logistics	9.25	4.25	
lead_labor	400	line_ecology	4.75	3.75	
lead_labor	400	line_security	3.25	-0.75	
lead_labor	500	population	3493.0417768570874	-122.25732708381065	within
lead_labor	500	growth_pct	0.8133946068852649	0.3357236015430781	within
lead_labor	500	life_expectancy	29.231708853351822	0.07826180842187469	within
lead_labor	500	infant_mortality	185.89029912002906	-0.7926691524019134	within
lead_labor	500	child_mortality_1_4	181.71738391517997	-0.7719654085003924	within
lead_labor	500	maternal_per_100k	981.4467866186178	5.951952850673138	within
lead_labor	500	tfr	5.022734897723855	0.19024655301041093	within
lead_labor	500	cbr	39.12632478938076	-0.49736866527027246	within
lead_labor	500	cdr	34.42602544751679	-1.5239219155540837	within
lead_labor	500	food_per_worker	6.1773220397196305	0.07297136525236514	
lead_labor	500	food_security	0.9787265167416018	0.00013211298751503175	
lead_labor	500	food_share	34.70000000000001	0.0	ABOVE HIGH
lead_labor	500	diet	0.8889346489491378	0.002687862993899781	
lead_labor	500	health	0.9699999999999999	0.0	
lead_labor	500	labor_efficiency	0.8832832260072659	0.0001461803119116034	
lead_labor	500	cap_production	0.6872588007695973	-0.01434160816286012	
lead_labor	500	craft_output	0.34890034868069575	-0.022680180908939696	
lead_labor	500	tool_quality	0.22651969042798914	-0.08152273528978704	
lead_labor	500	cap_infrastructure	0.6907017481604873	-0.010994399545109279	
lead_labor	500	housing_ratio	1.1024611036824057	0.0025013253352357268	
lead_labor	500	construction_rate	0.3372661785301103	-0.039819662717301585	
lead_labor	500	cap_logistics	0.4613063874727738	-0.01643875675187384	
lead_labor	500	trade_capacity	0.2979297551999783	-0.016358294538929175	
lead_labor	500	ecology	0.792666666666687	1.147905962506357e-07	
lead_labor	500	ground_health	0.7655784066901064	0.0006734752112410591	
lead_labor	500	cap_institutions	0.7757058761599478	-0.007533189927020012	
lead_labor	500	legitimacy	0.8571883494720325	-0.0026253551160471122	
lead_labor	500	state_capacity	0.2912553378598111	-0.021344360098886905	
lead_labor	500	cap_security	0.5896817446957859	-0.008584539257608936	
lead_labor	500	warfare_readiness	0.30596783701316327	-0.01833406195380588	
lead_labor	500	cap_culture	0.655352990756838	-0.0015340631783099523	
lead_labor	500	cohesion	0.5067407266155665	-0.001276429461840034	
lead_labor	500	known	837.75	-49.75	
lead_labor	500	per_century	50.25	3.75	
lead_labor	500	per_50	41.666666666666664	4.36507936507936	within
lead_labor	500	education	0.8129130071154247	-0.009836940293099894	
lead_labor	500	art_found	565.5	-3.5	
lead_labor	500	art_studied	565.5	-3.5	
lead_labor	500	art_bonus	0.26639999999999997	-0.0048000000000000265	
lead_labor	500	allure	0.6060705981513675	-0.00030681263566201267	
lead_labor	500	line_knowledge	4.5	-2.5	
lead_labor	500	line_institutions	4.0	-0.75	
lead_labor	500	line_culture	3.75	1.25	
lead_labor	500	line_labor	2.25	-0.75	
lead_labor	500	line_production	9.5	5.25	
lead_labor	500	line_infrastructure	6.25	-1.75	
lead_labor	500	line_nutrition	3.0	0.75	
lead_labor	500	line_health	2.25	-0.75	
lead_labor	500	line_demography	1.75	0.75	
lead_labor	500	line_logistics	3.5	1.5	
lead_labor	500	line_ecology	5.5	0.25	
lead_labor	500	line_security	4.0	0.5	
lead_labor	600	population	4390.972199702403	-662.9705548451993	within
lead_labor	600	growth_pct	0.20091566018217155	-0.24511183849159623	within
lead_labor	600	life_expectancy	28.992444340458896	-0.380723060732187	within
lead_labor	600	infant_mortality	187.38367042599108	2.5809453738269497	within
lead_labor	600	child_mortality_1_4	183.64614714206422	2.5304380384141894	within
lead_labor	600	maternal_per_100k	966.8757805937765	7.906577055475168	within
lead_labor	600	tfr	4.627499695661076	-0.15628338142914533	within
lead_labor	600	cbr	38.23200963263859	0.09141997885989639	within
lead_labor	600	cdr	36.683064359203335	1.4975184388338434	within
lead_labor	600	food_per_worker	5.76022583030454	-0.1476633806464669	
lead_labor	600	food_security	0.9777019480437487	-0.00011071680290997143	
lead_labor	600	food_share	34.70000000000001	0.0	ABOVE HIGH
lead_labor	600	diet	0.8749189007405126	0.013225613857821616	
lead_labor	600	health	0.9699999999999999	0.0	
lead_labor	600	labor_efficiency	0.885735937394806	-0.0036328725628537173	
lead_labor	600	cap_production	0.6987743719352741	-0.007024295722458884	
lead_labor	600	craft_output	0.41800298267597463	-0.01039701732402537	
lead_labor	600	tool_quality	0.25410641855550115	-0.05429356648922218	
lead_labor	600	cap_infrastructure	0.7117080380868108	-0.005237209991760361	
lead_labor	600	housing_ratio	1.1018189345563085	0.013903597800118517	
lead_labor	600	construction_rate	0.4219541681097863	-0.0064458318902136935	
lead_labor	600	cap_logistics	0.48622652249218296	0.001539929092457315	
lead_labor	600	trade_capacity	0.32659855452231445	-0.017373894637704612	
lead_labor	600	ecology	0.792666666666687	1.5947498877011412e-10	
lead_labor	600	ground_health	0.7560622493724258	0.008867296557065418	
lead_labor	600	cap_institutions	0.7886322659532985	0.0008626602955166263	
lead_labor	600	legitimacy	0.8620722108443786	0.0009015176137037173	
lead_labor	600	state_capacity	0.32862981344628606	-0.004870126111346629	
lead_labor	600	cap_security	0.6181096518845852	-0.00602715183584468	
lead_labor	600	warfare_readiness	0.3666921365398051	-0.02992680288575178	
lead_labor	600	cap_culture	0.6604338109714781	0.001071863461480027	
lead_labor	600	cohesion	0.5100926731949362	0.0031287380742162085	
lead_labor	600	known	915.75	-40.5	
lead_labor	600	per_century	33.75	4.5	
lead_labor	600	per_50	26.75438596491228	-1.3157894736842088	below low
lead_labor	600	education	0.831741928886433	-0.0030955380080165407	
lead_labor	600	art_found	565.5	-3.5	
lead_labor	600	art_studied	565.5	-3.5	
lead_labor	600	art_bonus	0.2849999999999999	-0.0006000000000000449	
lead_labor	600	allure	0.6070867621942957	0.00021437269229607203	
lead_labor	600	line_knowledge	6.0	2.0	
lead_labor	600	line_institutions	0.5	0.0	
lead_labor	600	line_culture	2.25	-1.25	
lead_labor	600	line_labor	1.0	0.0	
lead_labor	600	line_production	5.25	0.0	
lead_labor	600	line_infrastructure	8.0	6.0	
lead_labor	600	line_nutrition	1.0	0.0	
lead_labor	600	line_health	1.5	-0.5	
lead_labor	600	line_demography	0.0	-1.75	
lead_labor	600	line_logistics	2.0	-0.5	
lead_labor	600	line_ecology	2.0	-0.25	
lead_labor	600	line_security	4.25	0.75	
lead_production	100	population	152.69171645773952	-62.88175792405511	within
lead_production	100	growth_pct	0.40185556996299443	-0.6550385237465262	within
lead_production	100	life_expectancy	28.293058885782102	-0.39812046383818966	within
lead_production	100	infant_mortality	202.82088177462285	7.967512504772145	within
lead_production	100	child_mortality_1_4	189.84543240323916	2.912269322166651	within
lead_production	100	maternal_per_100k	1463.1964808939688	358.7923199901693	within
lead_production	100	tfr	5.734478639978498	-0.11583389482607309	within
lead_production	100	cbr	44.633877736283765	-0.4571871224346111	within
lead_production	100	cdr	36.36653217457008	1.2762264385620767	within
lead_production	100	food_per_worker	5.772025079198205	-0.9775815938575718	
lead_production	100	food_security	0.9787229475984087	-0.0011762871021224752	
lead_production	100	food_share	34.70000000000001	0.0	OUT OF BOUNDS
lead_production	100	diet	0.7797409492503882	-0.05135065004141226	
lead_production	100	health	0.9699999999999999	0.0	
lead_production	100	labor_efficiency	0.8598755047258455	0.00028448793877711154	
lead_production	100	cap_production	0.6358356942852602	0.000324047384687165	
lead_production	100	craft_output	0.17720705202839274	0.03616719006276742	
lead_production	100	tool_quality	0.15804088699802724	0.03192198665310528	
lead_production	100	cap_infrastructure	0.6368386741634906	-0.009809255384851778	
lead_production	100	housing_ratio	1.0822271736816342	0.0012020827565695225	
lead_production	100	construction_rate	0.14206603511230056	-0.029361130888552273	
lead_production	100	cap_logistics	0.33799727283615016	-0.015318158082682332	
lead_production	100	trade_capacity	0.09648284047121762	-0.04369839372824359	
lead_production	100	ecology	0.7928108245188125	1.11827983609869e-05	
lead_production	100	ground_health	0.9999999999999356	0.014624692049998611	
lead_production	100	cap_institutions	0.6748643354298934	-0.026452645603366465	
lead_production	100	legitimacy	0.8056223729588656	-0.014723878722411432	
lead_production	100	state_capacity	0.062291837578066854	-0.06854327005212452	
lead_production	100	cap_security	0.4897751557712723	-0.0127189184083355	
lead_production	100	warfare_readiness	0.14170661609143156	0.004343874824701083	
lead_production	100	cap_culture	0.5970807232455134	-0.020032568971701137	
lead_production	100	cohesion	0.46760389020741655	-0.014642111501930288	
lead_production	100	known	220.75	-110.5	
lead_production	100	per_century	92.75	-66.25	
lead_production	100	per_50	25.847457627118644	-35.16949152542373	below low
lead_production	100	education	0.740418881045507	-0.005525505499326955	
lead_production	100	art_found	418.75	-41.25	
lead_production	100	art_studied	93.5	-16.0	
lead_production	100	art_bonus	0.1661999999999999	-0.001799999999999663	
lead_production	100	allure	0.5944161446490924	-0.0040065137943499085	
lead_production	100	line_knowledge	6.0	-4.25	
lead_production	100	line_institutions	5.75	-6.5	
lead_production	100	line_culture	7.75	-7.5	
lead_production	100	line_labor	8.25	-4.0	
lead_production	100	line_production	16.25	1.0	
lead_production	100	line_infrastructure	8.0	-7.0	
lead_production	100	line_nutrition	11.25	-7.75	
lead_production	100	line_health	5.5	-7.5	
lead_production	100	line_demography	7.5	-5.5	
lead_production	100	line_logistics	4.5	-7.25	
lead_production	100	line_ecology	6.0	-6.0	
lead_production	100	line_security	6.0	-4.0	
lead_production	200	population	428.24292940659143	-171.25674532742232	within
lead_production	200	growth_pct	1.097950539153686	0.2914045654143771	within
lead_production	200	life_expectancy	28.58502565559214	-1.2750931353430346	within
lead_production	200	infant_mortality	195.08268803511635	13.016483539204756	within
lead_production	200	child_mortality_1_4	187.3569005621774	11.314206812973993	within
lead_production	200	maternal_per_100k	1134.6495356647463	65.11754763028421	within
lead_production	200	tfr	5.877113126271646	0.062754308469537	within
lead_production	200	cbr	45.460857162149935	1.5419158322473976	within
lead_production	200	cdr	34.863019577292974	2.2985145891887626	within
lead_production	200	food_per_worker	6.5346075189042825	-0.26786042907294494	
lead_production	200	food_security	0.9795543097596121	1.167194067086541e-05	
lead_production	200	food_share	34.70000000000001	0.0	OUT OF BOUNDS
lead_production	200	diet	0.8770130420184973	-0.023144144225931473	
lead_production	200	health	0.9699999999999999	0.0	
lead_production	200	labor_efficiency	0.8593685519119623	-0.0031976905015761448	
lead_production	200	cap_production	0.6440357488850826	-0.007269954230833431	
lead_production	200	craft_output	0.21802516938571204	-0.0018055567986959842	
lead_production	200	tool_quality	0.18289541323111527	-0.0040651634048925744	
lead_production	200	cap_infrastructure	0.6508288726384188	-0.008817888576236776	
lead_production	200	housing_ratio	1.0846061448222395	0.0036143548559834926	
lead_production	200	construction_rate	0.19151749728598264	-0.022674372769434098	
lead_production	200	cap_logistics	0.36519134103549655	-0.019460774169785422	
lead_production	200	trade_capacity	0.13409741835037686	-0.07329069324115639	
lead_production	200	ecology	0.7926668669343807	1.553542494647786e-08	
lead_production	200	ground_health	0.9400510205532233	0.0335480520479432	
lead_production	200	cap_institutions	0.7038844025836246	-0.030553616125944316	
lead_production	200	legitimacy	0.8252037900065734	-0.015785930619943156	
lead_production	200	state_capacity	0.11386397720697558	-0.07326100354303083	
lead_production	200	cap_security	0.5170892302816316	-0.01941452963721335	
lead_production	200	warfare_readiness	0.18854636644259015	-0.03142332138208437	
lead_production	200	cap_culture	0.6193438900751554	-0.015459614620686568	
lead_production	200	cohesion	0.4793749169809097	-0.010154397244677649	
lead_production	200	known	409.0	-153.0	
lead_production	200	per_century	94.75	21.0	
lead_production	200	per_50	28.488372093023255	0.2906976744186025	below low
lead_production	200	education	0.75707781765654	-0.011985759467130208	
lead_production	200	art_found	533.75	-33.5	
lead_production	200	art_studied	321.0	-106.0	
lead_production	200	art_bonus	0.1914	-0.006600000000001022	
lead_production	200	allure	0.5988687780150311	-0.0030919229241371804	
lead_production	200	line_knowledge	5.5	-3.5	
lead_production	200	line_institutions	8.75	3.75	
lead_production	200	line_culture	13.5	10.25	
lead_production	200	line_labor	5.5	1.0	
lead_production	200	line_production	7.0	-7.5	
lead_production	200	line_infrastructure	6.75	2.5	
lead_production	200	line_nutrition	12.5	2.25	
lead_production	200	line_health	8.0	3.75	
lead_production	200	line_demography	7.75	4.75	
lead_production	200	line_logistics	6.25	2.25	
lead_production	200	line_ecology	6.5	0.0	
lead_production	200	line_security	6.75	1.5	
lead_production	300	population	991.3483921579146	-504.2187580940189	within
lead_production	300	growth_pct	0.6517544815944132	0.07020809667570016	within
lead_production	300	life_expectancy	29.73042163645879	-0.019011029634913967	within
lead_production	300	infant_mortality	183.83386778475887	0.9939408800992169	within
lead_production	300	child_mortality_1_4	177.69128995052597	0.5150787450228904	within
lead_production	300	maternal_per_100k	1066.1266473130088	15.242758116073446	within
lead_production	300	tfr	5.88143507459743	0.41792193051719106	within
lead_production	300	cbr	49.15560786822718	1.4697522014592295	ABOVE HIGH
lead_production	300	cdr	36.376275303936694	-1.169125510027179	within
lead_production	300	food_per_worker	6.162443618949891	-0.23305023891358712	
lead_production	300	food_security	0.978991025127246	-0.0003441774971708611	
lead_production	300	food_share	34.70000000000001	0.0	OUT OF BOUNDS
lead_production	300	diet	0.9086886797499508	-0.007475655505381429	
lead_production	300	health	0.9699999999999999	0.0	
lead_production	300	labor_efficiency	0.8650230820638528	-0.010952775934302883	
lead_production	300	cap_production	0.6592098652779046	-0.008680610982446657	
lead_production	300	craft_output	0.267006179002282	-7.521442672675516e-05	
lead_production	300	tool_quality	0.21745849316701027	-0.001973482165953333	
lead_production	300	cap_infrastructure	0.6599992063063158	-0.013703810682589301	
lead_production	300	housing_ratio	1.0816419475404766	-0.006933810754613967	
lead_production	300	construction_rate	0.22085193955492505	-0.05338111485185798	
lead_production	300	cap_logistics	0.3931794304512666	-0.027095041627368477	
lead_production	300	trade_capacity	0.1637392749661825	-0.06531062407783281	
lead_production	300	ecology	0.7926666669448832	2.158173639799088e-11	
lead_production	300	ground_health	0.874188086094046	0.04944778292489427	
lead_production	300	cap_institutions	0.7327562156586553	-0.01971627188322589	
lead_production	300	legitimacy	0.8379991893333241	-0.011782436304089483	
lead_production	300	state_capacity	0.190320561549305	-0.0344625069721716	
lead_production	300	cap_security	0.5393863705157672	-0.01912735862069681	
lead_production	300	warfare_readiness	0.22836266841375263	-0.018503047403458123	
lead_production	300	cap_culture	0.6320068789669164	-0.012245157070322032	
lead_production	300	cohesion	0.4868486573763252	-0.010502803753919543	
lead_production	300	known	589.25	-91.25	
lead_production	300	per_century	74.25	26.75	
lead_production	300	per_50	30.063291139240505	6.329113924050631	below low
lead_production	300	education	0.777223069338082	-0.011201440305487753	
lead_production	300	art_found	540.0	-29.0	
lead_production	300	art_studied	535.0	-34.0	
lead_production	300	art_bonus	0.21615749999999997	-0.005805000000000032	
lead_production	300	allure	0.6014013757933833	-0.0024490314140643843	
lead_production	300	line_knowledge	6.0	1.5	
lead_production	300	line_institutions	7.25	3.25	
lead_production	300	line_culture	6.75	2.5	
lead_production	300	line_labor	4.25	3.25	
lead_production	300	line_production	3.75	-1.25	
lead_production	300	line_infrastructure	6.5	-2.0	
lead_production	300	line_nutrition	9.75	4.75	
lead_production	300	line_health	5.5	2.5	
lead_production	300	line_demography	2.25	2.25	
lead_production	300	line_logistics	7.25	0.75	
lead_production	300	line_ecology	8.75	5.75	
lead_production	300	line_security	6.25	3.5	
lead_production	400	population	2401.750174257064	-339.69943674219394	within
lead_production	400	growth_pct	0.8579531854425837	0.07158888355748294	within
lead_production	400	life_expectancy	29.14742807505882	-0.18843887400982595	within
lead_production	400	infant_mortality	186.8673423300774	1.8308644780854877	within
lead_production	400	child_mortality_1_4	182.37345111309082	1.6654671781620323	within
lead_production	400	maternal_per_100k	1003.9751718613452	11.512606484263529	within
lead_production	400	tfr	4.90626934910266	-0.3041675382980138	within
lead_production	400	cbr	38.532112521077664	-2.1802245943122074	within
lead_production	400	cdr	35.310515138574075	1.305579240357467	within
lead_production	400	food_per_worker	6.231775804986384	0.04412936116130339	
lead_production	400	food_security	0.9798524213205351	0.0001608936384303039	
lead_production	400	food_share	34.70000000000001	0.0	ABOVE HIGH
lead_production	400	diet	0.9040341508076501	0.00804944451524725	
lead_production	400	health	0.9699999999999999	0.0	
lead_production	400	labor_efficiency	0.8799808588441103	-0.002492379473857387	
lead_production	400	cap_production	0.6884095929001923	-0.0004229693306732063	
lead_production	400	craft_output	0.3133832006550635	-0.021894359781161388	
lead_production	400	tool_quality	0.29037489197601307	-0.0030217049961424047	
lead_production	400	cap_infrastructure	0.674494314960195	-0.01166852987353939	
lead_production	400	housing_ratio	1.101725357454578	0.018711855394388133	
lead_production	400	construction_rate	0.2740941476849168	-0.045769162352282344	
lead_production	400	cap_logistics	0.4276210623558844	-0.01914547958838897	
lead_production	400	trade_capacity	0.21443187451347187	-0.0514772455064115	
lead_production	400	ecology	0.7926666666670534	8.262922046053944e-05	
lead_production	400	ground_health	0.7854517208150771	0.012897488798868428	
lead_production	400	cap_institutions	0.7602384496745898	-0.007001564767876944	
lead_production	400	legitimacy	0.8551996677622804	-0.0009476155290918387	
lead_production	400	state_capacity	0.23452169376177814	-0.029495607085435332	
lead_production	400	cap_security	0.5712463131667758	-0.005588399471049943	
lead_production	400	warfare_readiness	0.2688628342338696	-0.017308146319769402	
lead_production	400	cap_culture	0.6500570889709543	-0.0018636391894033544	
lead_production	400	cohesion	0.5035863307391206	0.0010479471959243813	
lead_production	400	known	723.0	-73.0	
lead_production	400	per_century	66.5	9.0	
lead_production	400	per_50	32.371794871794876	3.8461538461538503	below low
lead_production	400	education	0.7946381230984896	-0.00937216757634407	
lead_production	400	art_found	540.0	-29.0	
lead_production	400	art_studied	540.0	-29.0	
lead_production	400	art_bonus	0.24319999999999997	-0.005525000000000002	
lead_production	400	allure	0.6050114177941908	-0.0003727278378806709	
lead_production	400	line_knowledge	6.0	0.75	
lead_production	400	line_institutions	5.0	1.0	
lead_production	400	line_culture	6.0	-1.5	
lead_production	400	line_labor	6.0	-0.75	
lead_production	400	line_production	4.5	0.0	
lead_production	400	line_infrastructure	8.5	-1.75	
lead_production	400	line_nutrition	5.75	0.5	
lead_production	400	line_health	4.25	1.5	
lead_production	400	line_demography	2.25	1.0	
lead_production	400	line_logistics	9.25	4.25	
lead_production	400	line_ecology	6.0	5.0	
lead_production	400	line_security	3.0	-1.0	
lead_production	500	population	3422.222128883053	-193.07697505784517	within
lead_production	500	growth_pct	0.795303903409017	0.31763289806683026	within
lead_production	500	life_expectancy	29.227236590323628	0.0737895453936801	within
lead_production	500	infant_mortality	185.9898551319855	-0.6931131404454618	within
lead_production	500	child_mortality_1_4	181.82335937850425	-0.6659899451761078	within
lead_production	500	maternal_per_100k	978.31198682421	2.8171530562652833	within
lead_production	500	tfr	5.086991901016864	0.2545035563034199	within
lead_production	500	cbr	40.546778803371964	0.9230853487209316	within
lead_production	500	cdr	34.78558843171554	-1.1643589313553377	within
lead_production	500	food_per_worker	6.213839394414864	0.10948871994759912	
lead_production	500	food_security	0.9787724097039652	0.00017800594987837925	
lead_production	500	food_share	34.70000000000001	0.0	ABOVE HIGH
lead_production	500	diet	0.8911006317138627	0.004853845758624686	
lead_production	500	health	0.9699999999999999	0.0	
lead_production	500	labor_efficiency	0.8814834914714654	-0.001653554223888909	
lead_production	500	cap_production	0.6979916973732248	-0.0036087115592327024	
lead_production	500	craft_output	0.3634529757290734	-0.00812755386056202	
lead_production	500	tool_quality	0.30675685762911126	-0.0012855680886649234	
lead_production	500	cap_infrastructure	0.6833090714882253	-0.018387076217371345	
lead_production	500	housing_ratio	1.0933764471665386	-0.006583331180631369	
lead_production	500	construction_rate	0.3072320376413545	-0.06985380360605742	
lead_production	500	cap_logistics	0.4653047454613992	-0.012440398763248428	
lead_production	500	trade_capacity	0.284113275181757	-0.030174774557150452	
lead_production	500	ecology	0.792666666666687	1.147905962506357e-07	
lead_production	500	ground_health	0.7658857525034414	0.000980821024576084	
lead_production	500	cap_institutions	0.7737859661442944	-0.009453099942673404	
lead_production	500	legitimacy	0.8568089444344154	-0.003004760153664243	
lead_production	500	state_capacity	0.28285977415233793	-0.02973992380636009	
lead_production	500	cap_security	0.5887799227617891	-0.00948636119160573	
lead_production	500	warfare_readiness	0.3095165081337964	-0.014785390833172762	
lead_production	500	cap_culture	0.6539179755655846	-0.0029690783695632827	
lead_production	500	cohesion	0.5046127772308753	-0.0034043788465312197	
lead_production	500	known	836.75	-50.75	
lead_production	500	per_century	51.75	5.25	
lead_production	500	per_50	37.698412698412696	0.39682539682539186	within
lead_production	500	education	0.8118444348524622	-0.010905512556062424	
lead_production	500	art_found	540.0	-29.0	
lead_production	500	art_studied	540.0	-29.0	
lead_production	500	art_bonus	0.26711999999999997	-0.004080000000000028	
lead_production	500	allure	0.605783595113117	-0.0005938156739125899	
lead_production	500	line_knowledge	5.0	-2.0	
lead_production	500	line_institutions	4.0	-0.75	
lead_production	500	line_culture	5.25	2.75	
lead_production	500	line_labor	3.25	0.25	
lead_production	500	line_production	5.0	0.75	
lead_production	500	line_infrastructure	7.25	-0.75	
lead_production	500	line_nutrition	4.25	2.0	
lead_production	500	line_health	2.25	-0.75	
lead_production	500	line_demography	2.0	1.0	
lead_production	500	line_logistics	4.75	2.75	
lead_production	500	line_ecology	5.25	0.0	
lead_production	500	line_security	3.5	0.0	
lead_production	600	population	4387.27710184446	-666.6656527031419	within
lead_production	600	growth_pct	0.2594932919808335	-0.1865342066929343	within
lead_production	600	life_expectancy	29.0122721951817	-0.3608952060093813	within
lead_production	600	infant_mortality	187.3965929003282	2.5938678481640522	within
lead_production	600	child_mortality_1_4	183.6646021719787	2.5488930683286526	within
lead_production	600	maternal_per_100k	963.9258352159906	4.956631677689188	within
lead_production	600	tfr	4.620115114047003	-0.16366796304321785	within
lead_production	600	cbr	38.51524837489675	0.37465872111805965	within
lead_production	600	cdr	36.85983045302059	1.6742845326511002	within
lead_production	600	food_per_worker	5.936329305325293	0.028440094374285962	
lead_production	600	food_security	0.9783686834126377	0.0005560185659790884	
lead_production	600	food_share	34.70000000000001	0.0	ABOVE HIGH
lead_production	600	diet	0.8727919798662109	0.011098692983519953	
lead_production	600	health	0.9699999999999999	0.0	
lead_production	600	labor_efficiency	0.8951125094648407	0.005743699507180899	
lead_production	600	cap_production	0.7069677811899343	0.0011691135322012824	
lead_production	600	craft_output	0.4299985945443434	0.0015985945443434124	
lead_production	600	tool_quality	0.30839948632462344	-4.987200998840535e-07	
lead_production	600	cap_infrastructure	0.7083718685926108	-0.008573379485960375	
lead_production	600	housing_ratio	1.1018275537214353	0.01391221696524525	
lead_production	600	construction_rate	0.40756559657720715	-0.020834403422792858	
lead_production	600	cap_logistics	0.48572518934240655	0.0010385959426809088	
lead_production	600	trade_capacity	0.33346833990408886	-0.010504109255930205	
lead_production	600	ecology	0.792666666666687	1.5947498877011412e-10	
lead_production	600	ground_health	0.7509770398571896	0.003782087041829141	
lead_production	600	cap_institutions	0.7876803391665147	-8.926649126717034e-05	
lead_production	600	legitimacy	0.86295834539375	0.001787652163075193	
lead_production	600	state_capacity	0.3236030782563498	-0.009896861301282867	
lead_production	600	cap_security	0.617950496655663	-0.0061863070647668605	
lead_production	600	warfare_readiness	0.3800391595781764	-0.01657977984738046	
lead_production	600	cap_culture	0.6604744974975585	0.001112549987560385	
lead_production	600	cohesion	0.5102997146848808	0.003335779564160757	
lead_production	600	known	920.75	-35.5	
lead_production	600	per_century	37.25	8.0	
lead_production	600	per_50	25.0	-3.0701754385964897	below low
lead_production	600	education	0.8316021568548679	-0.0032353100395815515	
lead_production	600	art_found	540.0	-29.0	
lead_production	600	art_studied	540.0	-29.0	
lead_production	600	art_bonus	0.2844	-0.0011999999999999789	
lead_production	600	allure	0.6070948994995117	0.0002225099975120548	
lead_production	600	line_knowledge	5.5	1.5	
lead_production	600	line_institutions	1.0	0.5	
lead_production	600	line_culture	3.0	-0.5	
lead_production	600	line_labor	1.0	0.0	
lead_production	600	line_production	4.0	-1.25	
lead_production	600	line_infrastructure	9.5	7.5	
lead_production	600	line_nutrition	1.0	0.0	
lead_production	600	line_health	1.75	-0.25	
lead_production	600	line_demography	0.0	-1.75	
lead_production	600	line_logistics	2.75	0.25	
lead_production	600	line_ecology	3.0	0.75	
lead_production	600	line_security	4.75	1.25	
lead_infrastructure	100	population	166.76865340575637	-48.80482097603826	within
lead_infrastructure	100	growth_pct	0.6407988411030741	-0.41609525260644653	within
lead_infrastructure	100	life_expectancy	28.327919872372558	-0.363259477247734	within
lead_infrastructure	100	infant_mortality	202.92881868344904	8.075449413598335	within
lead_infrastructure	100	child_mortality_1_4	189.62336527984712	2.690202198774614	within
lead_infrastructure	100	maternal_per_100k	1473.853569013826	369.4494081100265	within
lead_infrastructure	100	tfr	5.68773137568076	-0.16258115912381133	within
lead_infrastructure	100	cbr	45.29220540326537	0.2011405445469947	within
lead_infrastructure	100	cdr	37.39402184896217	2.303716112954163	within
lead_infrastructure	100	food_per_worker	5.849815409250669	-0.8997912638051071	
lead_infrastructure	100	food_security	0.9791458876735559	-0.0007533470269752707	
lead_infrastructure	100	food_share	34.70000000000001	0.0	OUT OF BOUNDS
lead_infrastructure	100	diet	0.7749095193831183	-0.05618207990868218	
lead_infrastructure	100	health	0.9699999999999999	0.0	
lead_infrastructure	100	labor_efficiency	0.8568608062055961	-0.00273021058147227	
lead_infrastructure	100	cap_production	0.6275245160806695	-0.007987130819903543	
lead_infrastructure	100	craft_output	0.1036221980416718	-0.037417663923953515	
lead_infrastructure	100	tool_quality	0.09346059454877523	-0.03265830579614673	
lead_infrastructure	100	cap_infrastructure	0.6455153343393337	-0.0011325952090086577	
lead_infrastructure	100	housing_ratio	1.0832103057710654	0.0021852148460006493	
lead_infrastructure	100	construction_rate	0.16461003569932883	-0.006817130301524005	
lead_infrastructure	100	cap_logistics	0.34629162127271873	-0.007023809646113766	
lead_infrastructure	100	trade_capacity	0.045771144786190536	-0.09441008941327067	
lead_infrastructure	100	ecology	0.7929237607664852	0.0001241190460337105	
lead_infrastructure	100	ground_health	0.999999999830469	0.01462469188053206	
lead_infrastructure	100	cap_institutions	0.6795167249969847	-0.021800256036275223	
lead_infrastructure	100	legitimacy	0.8086239394038208	-0.011722312277456237	
lead_infrastructure	100	state_capacity	0.06898731682982519	-0.06184779080036619	
lead_infrastructure	100	cap_security	0.48649601419514044	-0.01599805998446735	
lead_infrastructure	100	warfare_readiness	0.1132066088681059	-0.024156132398624575	
lead_infrastructure	100	cap_culture	0.6002656928703884	-0.016847599346826114	
lead_infrastructure	100	cohesion	0.4702995537416044	-0.011946447967742413	
lead_infrastructure	100	known	210.75	-120.5	
lead_infrastructure	100	per_century	98.75	-60.25	
lead_infrastructure	100	per_50	24.78813559322034	-36.228813559322035	below low
lead_infrastructure	100	education	0.7184149795196794	-0.027529407025154606	
lead_infrastructure	100	art_found	428.25	-31.75	
lead_infrastructure	100	art_studied	103.0	-6.5	
lead_infrastructure	100	art_bonus	0.16493999999999992	-0.0030599999999996463	
lead_infrastructure	100	allure	0.5950531385740754	-0.003369519869366955	
lead_infrastructure	100	line_knowledge	8.5	-1.75	
lead_infrastructure	100	line_institutions	5.5	-6.75	
lead_infrastructure	100	line_culture	8.75	-6.5	
lead_infrastructure	100	line_labor	6.75	-5.5	
lead_infrastructure	100	line_production	8.75	-6.5	
lead_infrastructure	100	line_infrastructure	13.25	-1.75	
lead_infrastructure	100	line_nutrition	10.75	-8.25	
lead_infrastructure	100	line_health	6.25	-6.75	
lead_infrastructure	100	line_demography	8.0	-5.0	
lead_infrastructure	100	line_logistics	8.25	-3.5	
lead_infrastructure	100	line_ecology	7.0	-5.0	
lead_infrastructure	100	line_security	7.0	-3.0	
lead_infrastructure	200	population	407.4444970195848	-192.05517771442896	within
lead_infrastructure	200	growth_pct	0.8783797012941907	0.07183372755488193	within
lead_infrastructure	200	life_expectancy	28.87840384618655	-0.9817149447486244	within
lead_infrastructure	200	infant_mortality	192.7205183151646	10.65431381925302	within
lead_infrastructure	200	child_mortality_1_4	185.2442346352999	9.201540886096495	within
lead_infrastructure	200	maternal_per_100k	1090.6549206179684	21.122932583506326	within
lead_infrastructure	200	tfr	5.839829747116006	0.025470929313897273	within
lead_infrastructure	200	cbr	47.859622638878534	3.9406813089759964	ABOVE HIGH
lead_infrastructure	200	cdr	36.694934912207074	4.130429924102863	within
lead_infrastructure	200	food_per_worker	6.634716469435524	-0.16775147854170314	
lead_infrastructure	200	food_security	0.9796185878065415	7.594998760029892e-05	
lead_infrastructure	200	food_share	34.70000000000001	0.0	OUT OF BOUNDS
lead_infrastructure	200	diet	0.8581420824847193	-0.042015103759709405	
lead_infrastructure	200	health	0.9699999999999999	0.0	
lead_infrastructure	200	labor_efficiency	0.8611015073234656	-0.0014647350900728329	
lead_infrastructure	200	cap_production	0.6399703192902257	-0.011335383825690326	
lead_infrastructure	200	craft_output	0.1676454292312624	-0.05218529695314561	
lead_infrastructure	200	tool_quality	0.13298969081241496	-0.053970885823592885	
lead_infrastructure	200	cap_infrastructure	0.6579605137974593	-0.0016862474171962516	
lead_infrastructure	200	housing_ratio	1.0911326600061397	0.010140870039883731	
lead_infrastructure	200	construction_rate	0.21329324787229664	-0.0008986221831200902	
lead_infrastructure	200	cap_logistics	0.36931028318406656	-0.015341832021215418	
lead_infrastructure	200	trade_capacity	0.1151599506735595	-0.09222816091797376	
lead_infrastructure	200	ecology	0.7926670238282564	1.7242930061556194e-07	
lead_infrastructure	200	ground_health	0.9462520300724139	0.03974906156713376	
lead_infrastructure	200	cap_institutions	0.7078052975336331	-0.026632721175935847	
lead_infrastructure	200	legitimacy	0.8280175765553311	-0.01297214407118541	
lead_infrastructure	200	state_capacity	0.11983525741744379	-0.06728972333256263	
lead_infrastructure	200	cap_security	0.5167058185743375	-0.019797941344507408	
lead_infrastructure	200	warfare_readiness	0.17975421598833846	-0.04021547183633606	
lead_infrastructure	200	cap_culture	0.6219375068789733	-0.012865997816868702	
lead_infrastructure	200	cohesion	0.48192880816643385	-0.007600506059153522	
lead_infrastructure	200	known	406.25	-155.75	
lead_infrastructure	200	per_century	100.5	26.75	
lead_infrastructure	200	per_50	26.74418604651163	-1.4534883720930232	below low
lead_infrastructure	200	education	0.7470614766116257	-0.022002100512044542	
lead_infrastructure	200	art_found	549.75	-17.5	
lead_infrastructure	200	art_studied	334.0	-93.0	
lead_infrastructure	200	art_bonus	0.192	-0.0060000000000010045	
lead_infrastructure	200	allure	0.5993875013757947	-0.0025731995633736515	
lead_infrastructure	200	line_knowledge	4.75	-4.25	
lead_infrastructure	200	line_institutions	8.25	3.25	
lead_infrastructure	200	line_culture	12.5	9.25	
lead_infrastructure	200	line_labor	10.0	5.5	
lead_infrastructure	200	line_production	7.75	-6.75	
lead_infrastructure	200	line_infrastructure	4.75	0.5	
lead_infrastructure	200	line_nutrition	13.25	3.0	
lead_infrastructure	200	line_health	9.25	5.0	
lead_infrastructure	200	line_demography	8.75	5.75	
lead_infrastructure	200	line_logistics	3.5	-0.5	
lead_infrastructure	200	line_ecology	11.5	5.0	
lead_infrastructure	200	line_security	6.25	1.0	
lead_infrastructure	300	population	1186.4880451786287	-309.07910507330485	within
lead_infrastructure	300	growth_pct	0.9523054065218389	0.3707590216031259	within
lead_infrastructure	300	life_expectancy	30.068627035539716	0.31919436944601287	within
lead_infrastructure	300	infant_mortality	180.11733870267682	-2.7225882019828305	within
lead_infrastructure	300	child_mortality_1_4	174.48077903352038	-2.695432171982702	within
lead_infrastructure	300	maternal_per_100k	1059.106093445334	8.222204248398612	within
lead_infrastructure	300	tfr	5.7616647900730085	0.29815164599276933	within
lead_infrastructure	300	cbr	46.90938645600194	-0.7764692107660096	within
lead_infrastructure	300	cdr	35.01477454836251	-2.530626265601363	within
lead_infrastructure	300	food_per_worker	6.297387231197297	-0.09810662666618075	
lead_infrastructure	300	food_security	0.97920172204259	-0.0001334805818268281	
lead_infrastructure	300	food_share	34.70000000000001	0.0	OUT OF BOUNDS
lead_infrastructure	300	diet	0.9222008479406034	0.006036512685271167	
lead_infrastructure	300	health	0.9699999999999999	0.0	
lead_infrastructure	300	labor_efficiency	0.8648664131994278	-0.011109444798727885	
lead_infrastructure	300	cap_production	0.6496117096318659	-0.018278766628485377	
lead_infrastructure	300	craft_output	0.23231612336756277	-0.034765270061446	
lead_infrastructure	300	tool_quality	0.13874593531757703	-0.08068604001538657	
lead_infrastructure	300	cap_infrastructure	0.6734464932446805	-0.00025652374422457935	
lead_infrastructure	300	housing_ratio	1.0832073857007907	-0.005368372594299897	
lead_infrastructure	300	construction_rate	0.2705607820534077	-0.0036722723533753054	
lead_infrastructure	300	cap_logistics	0.40788131012811546	-0.012393161950519593	
lead_infrastructure	300	trade_capacity	0.14074725337679134	-0.08830264566722398	
lead_infrastructure	300	ecology	0.7926666671628444	2.3954294103845086e-10	
lead_infrastructure	300	ground_health	0.8481164782661498	0.023376175096998075	
lead_infrastructure	300	cap_institutions	0.7393298328691593	-0.01314265467272191	
lead_infrastructure	300	legitimacy	0.8417409891151242	-0.008040636522289368	
lead_infrastructure	300	state_capacity	0.20334732297860303	-0.021435745542873558	
lead_infrastructure	300	cap_security	0.5448328159252666	-0.013680913211197465	
lead_infrastructure	300	warfare_readiness	0.22560291577105604	-0.021262800046154717	
lead_infrastructure	300	cap_culture	0.6359847410509941	-0.008267294986244345	
lead_infrastructure	300	cohesion	0.48970787246238895	-0.007643588667855805	
lead_infrastructure	300	known	611.25	-69.25	
lead_infrastructure	300	per_century	82.25	34.75	
lead_infrastructure	300	per_50	34.177215189873415	10.443037974683541	below low
lead_infrastructure	300	education	0.7653898585408158	-0.023034651102754045	
lead_infrastructure	300	art_found	555.0	-14.0	
lead_infrastructure	300	art_studied	555.0	-14.0	
lead_infrastructure	300	art_bonus	0.2185875	-0.003375000000000017	
lead_infrastructure	300	allure	0.6021969482101988	-0.0016534589972488911	
lead_infrastructure	300	line_knowledge	6.0	1.5	
lead_infrastructure	300	line_institutions	5.25	1.25	
lead_infrastructure	300	line_culture	6.75	2.5	
lead_infrastructure	300	line_labor	4.0	3.0	
lead_infrastructure	300	line_production	7.5	2.5	
lead_infrastructure	300	line_infrastructure	7.75	-0.75	
lead_infrastructure	300	line_nutrition	12.5	7.5	
lead_infrastructure	300	line_health	6.25	3.25	
lead_infrastructure	300	line_demography	2.25	2.25	
lead_infrastructure	300	line_logistics	6.75	0.25	
lead_infrastructure	300	line_ecology	9.75	6.75	
lead_infrastructure	300	line_security	7.5	4.75	
lead_infrastructure	400	population	2748.103092491048	6.653481491789989	within
lead_infrastructure	400	growth_pct	0.6492471763077573	-0.13711712557734346	within
lead_infrastructure	400	life_expectancy	29.228594275573887	-0.10727267349475866	within
lead_infrastructure	400	infant_mortality	185.66445616975307	0.6279783177611478	within
lead_infrastructure	400	child_mortality_1_4	181.31830002977838	0.610316094849594	within
lead_infrastructure	400	maternal_per_100k	1004.5259252260553	12.063359848973619	within
lead_infrastructure	400	tfr	4.727304016980485	-0.4831328704201887	within
lead_infrastructure	400	cbr	37.85081366895706	-2.8615234464328125	within
lead_infrastructure	400	cdr	35.723586565303414	1.7186506670868056	within
lead_infrastructure	400	food_per_worker	6.22117024353513	0.03352379971004904	
lead_infrastructure	400	food_security	0.9797271551265415	3.56274444367477e-05	
lead_infrastructure	400	food_share	34.70000000000001	0.0	ABOVE HIGH
lead_infrastructure	400	diet	0.8927495030700954	-0.0032352032223075256	
lead_infrastructure	400	health	0.9699999999999999	0.0	
lead_infrastructure	400	labor_efficiency	0.881052078835616	-0.0014211594823516638	
lead_infrastructure	400	cap_production	0.6802622352778398	-0.008570326953025731	
lead_infrastructure	400	craft_output	0.30729867527003807	-0.027978885166186795	
lead_infrastructure	400	tool_quality	0.21780144075629948	-0.075595156215856	
lead_infrastructure	400	cap_infrastructure	0.6854185178859546	-0.0007443269477797054	
lead_infrastructure	400	housing_ratio	1.1014676378646149	0.01845413580442501	
lead_infrastructure	400	construction_rate	0.31405617511887796	-0.0058071349183211884	
lead_infrastructure	400	cap_logistics	0.4386661959048347	-0.008100346039438655	
lead_infrastructure	400	trade_capacity	0.21703854954986465	-0.04887057047001872	
lead_infrastructure	400	ecology	0.7926666666673561	8.262922076318624e-05	
lead_infrastructure	400	ground_health	0.7704522670995269	-0.0021019649166817977	
lead_infrastructure	400	cap_institutions	0.7656711939829612	-0.00156882045950546	
lead_infrastructure	400	legitimacy	0.8576509940130175	0.001503710721645235	
lead_infrastructure	400	state_capacity	0.24683181866483045	-0.017185482182383027	
lead_infrastructure	400	cap_security	0.5777709021007051	0.0009361894628794332	
lead_infrastructure	400	warfare_readiness	0.27893644702509135	-0.0072345335285476375	
lead_infrastructure	400	cap_culture	0.6533908326284892	0.0014701044681315611	
lead_infrastructure	400	cohesion	0.5058896638064806	0.003351280263284351	
lead_infrastructure	400	known	755.75	-40.25	
lead_infrastructure	400	per_century	71.25	13.75	
lead_infrastructure	400	per_50	36.85897435897436	8.333333333333332	within
lead_infrastructure	400	education	0.7982718794951719	-0.005738411179661784	
lead_infrastructure	400	art_found	555.0	-14.0	
lead_infrastructure	400	art_studied	555.0	-14.0	
lead_infrastructure	400	art_bonus	0.245995	-0.0027299999999999824	
lead_infrastructure	400	allure	0.6056781665256978	0.00029402089362640105	
lead_infrastructure	400	line_knowledge	5.5	0.25	
lead_infrastructure	400	line_institutions	3.0	-1.0	
lead_infrastructure	400	line_culture	6.75	-0.75	
lead_infrastructure	400	line_labor	7.0	0.25	
lead_infrastructure	400	line_production	14.25	9.75	
lead_infrastructure	400	line_infrastructure	8.75	-1.5	
lead_infrastructure	400	line_nutrition	5.5	0.25	
lead_infrastructure	400	line_health	4.0	1.25	
lead_infrastructure	400	line_demography	2.0	0.75	
lead_infrastructure	400	line_logistics	6.0	1.0	
lead_infrastructure	400	line_ecology	4.75	3.75	
lead_infrastructure	400	line_security	3.75	-0.25	
lead_infrastructure	500	population	3202.5507280068605	-412.74837593403754	within
lead_infrastructure	500	growth_pct	0.1646993491377452	-0.31297165620444156	within
lead_infrastructure	500	life_expectancy	29.417637186498965	0.2641901415690171	within
lead_infrastructure	500	infant_mortality	184.5979340870136	-2.0850341854173564	within
lead_infrastructure	500	child_mortality_1_4	180.38082897342062	-2.108520350259738	within
lead_infrastructure	500	maternal_per_100k	979.5345200810742	4.03968631312955	within
lead_infrastructure	500	tfr	4.940007134331648	0.10751878961820349	within
lead_infrastructure	500	cbr	38.767128760601466	-0.8565646940495668	within
lead_infrastructure	500	cdr	34.4492826545884	-1.500664708482475	within
lead_infrastructure	500	food_per_worker	6.077025052377022	-0.027325622090243584	
lead_infrastructure	500	food_security	0.9786886350854227	9.423133133590333e-05	
lead_infrastructure	500	food_share	34.70000000000001	0.0	ABOVE HIGH
lead_infrastructure	500	diet	0.8975740552162929	0.011327269261054873	
lead_infrastructure	500	health	0.9699999999999999	0.0	
lead_infrastructure	500	labor_efficiency	0.8705439796004985	-0.012593066094855887	
lead_infrastructure	500	cap_production	0.6937437828096581	-0.00785662612279936	
lead_infrastructure	500	craft_output	0.3544441841980408	-0.017136345391594643	
lead_infrastructure	500	tool_quality	0.2797773809817484	-0.028265044736027756	
lead_infrastructure	500	cap_infrastructure	0.6960977935044991	-0.005598354201097555	
lead_infrastructure	500	housing_ratio	1.0918560824693082	-0.00810369587786175	
lead_infrastructure	500	construction_rate	0.3518435147614267	-0.025242326485985178	
lead_infrastructure	500	cap_logistics	0.4706337619443607	-0.00711138228028696	
lead_infrastructure	500	trade_capacity	0.29212403243656326	-0.022164017302344186	
lead_infrastructure	500	ecology	0.792666666666687	1.147905962506357e-07	
lead_infrastructure	500	ground_health	0.7765745005319101	0.011669569053044837	
lead_infrastructure	500	cap_institutions	0.7755446629294134	-0.00769440315755443	
lead_infrastructure	500	legitimacy	0.856305673094994	-0.0035080314930856504	
lead_infrastructure	500	state_capacity	0.29307792721863285	-0.01952177074006517	
lead_infrastructure	500	cap_security	0.5875123605752114	-0.010753923378183483	
lead_infrastructure	500	warfare_readiness	0.3077782610543854	-0.016523637912583766	
lead_infrastructure	500	cap_culture	0.6542907392095039	-0.0025963147256440333	
lead_infrastructure	500	cohesion	0.5045132892535595	-0.0035038668238469572	
lead_infrastructure	500	known	863.0	-24.5	
lead_infrastructure	500	per_century	53.25	6.75	
lead_infrastructure	500	per_50	43.65079365079365	6.349206349206348	within
lead_infrastructure	500	education	0.8152172387965371	-0.007532708611987515	
lead_infrastructure	500	art_found	555.0	-14.0	
lead_infrastructure	500	art_studied	555.0	-14.0	
lead_infrastructure	500	art_bonus	0.26832	-0.0028799999999999937	
lead_infrastructure	500	allure	0.6058581478419007	-0.0005192629451288289	
lead_infrastructure	500	line_knowledge	4.5	-2.5	
lead_infrastructure	500	line_institutions	4.0	-0.75	
lead_infrastructure	500	line_culture	3.0	0.5	
lead_infrastructure	500	line_labor	3.0	0.0	
lead_infrastructure	500	line_production	10.75	6.5	
lead_infrastructure	500	line_infrastructure	8.0	0.0	
lead_infrastructure	500	line_nutrition	2.75	0.5	
lead_infrastructure	500	line_health	2.5	-0.5	
lead_infrastructure	500	line_demography	1.0	0.0	
lead_infrastructure	500	line_logistics	4.75	2.75	
lead_infrastructure	500	line_ecology	5.5	0.25	
lead_infrastructure	500	line_security	3.5	0.0	
lead_infrastructure	600	population	4217.804625741763	-836.1381288058392	within
lead_infrastructure	600	growth_pct	0.36516992961027617	-0.08085756906349162	within
lead_infrastructure	600	life_expectancy	29.351082661813805	-0.022084739377277174	within
lead_infrastructure	600	infant_mortality	184.92394209171985	0.12121703955571661	within
lead_infrastructure	600	child_mortality_1_4	181.20267275909893	0.08696365544889773	within
lead_infrastructure	600	maternal_per_100k	962.3419405246685	3.3727369863671584	within
lead_infrastructure	600	tfr	4.872368326778975	0.08858524968875425	within
lead_infrastructure	600	cbr	39.141367309574676	1.0007776557959858	within
lead_infrastructure	600	cdr	35.11647918427472	-0.06906673609476854	within
lead_infrastructure	600	food_per_worker	5.986643863641511	0.0787546526905043	
lead_infrastructure	600	food_security	0.9783608424262547	0.0005481775795960209	
lead_infrastructure	600	food_share	34.70000000000001	0.0	ABOVE HIGH
lead_infrastructure	600	diet	0.8772048854936154	0.015511598610924437	
lead_infrastructure	600	health	0.9699999999999999	0.0	
lead_infrastructure	600	labor_efficiency	0.8971754439406359	0.007806633982976097	
lead_infrastructure	600	cap_production	0.7022811582791351	-0.0035175093785979605	
lead_infrastructure	600	craft_output	0.42486101684620214	-0.003538983153797859	
lead_infrastructure	600	tool_quality	0.2882686713444558	-0.02013131370026755	
lead_infrastructure	600	cap_infrastructure	0.716090592974566	-0.0008546551040051753	
lead_infrastructure	600	housing_ratio	1.0931756590169976	0.005260322260807637	
lead_infrastructure	600	construction_rate	0.4306731925389632	0.002273192538963187	
lead_infrastructure	600	cap_logistics	0.48507576462936425	0.0003891712296386074	
lead_infrastructure	600	trade_capacity	0.3261809801280082	-0.017791469032010843	
lead_infrastructure	600	ecology	0.792666666666687	1.5947498877011412e-10	
lead_infrastructure	600	ground_health	0.7536776142377031	0.0064826614223426615	
lead_infrastructure	600	cap_institutions	0.7872425034249275	-0.0005271022328543484	
lead_infrastructure	600	legitimacy	0.8618664406282761	0.000695747397601254	
lead_infrastructure	600	state_capacity	0.32892538371290986	-0.004574555844722827	
lead_infrastructure	600	cap_security	0.6160942909308111	-0.008042512789618761	
lead_infrastructure	600	warfare_readiness	0.36875268205420164	-0.02786625737135523	
lead_infrastructure	600	cap_culture	0.6595818145320747	0.00021986702207654751	
lead_infrastructure	600	cohesion	0.5083699126521894	0.0014059775314694267	
lead_infrastructure	600	known	930.75	-25.5	
lead_infrastructure	600	per_century	30.25	1.0	
lead_infrastructure	600	per_50	27.19298245614035	-0.8771929824561404	below low
lead_infrastructure	600	education	0.8325486332812148	-0.002288833613234731	
lead_infrastructure	600	art_found	555.0	-14.0	
lead_infrastructure	600	art_studied	555.0	-14.0	
lead_infrastructure	600	art_bonus	0.28469999999999995	-0.0009000000000000119	
lead_infrastructure	600	allure	0.6069163629064149	4.39734044153095e-05	
lead_infrastructure	600	line_knowledge	6.5	2.5	
lead_infrastructure	600	line_institutions	0.5	0.0	
lead_infrastructure	600	line_culture	3.0	-0.5	
lead_infrastructure	600	line_labor	1.0	0.0	
lead_infrastructure	600	line_production	5.0	-0.25	
lead_infrastructure	600	line_infrastructure	2.0	0.0	
lead_infrastructure	600	line_nutrition	1.0	0.0	
lead_infrastructure	600	line_health	2.0	0.0	
lead_infrastructure	600	line_demography	0.25	-1.5	
lead_infrastructure	600	line_logistics	2.0	-0.5	
lead_infrastructure	600	line_ecology	2.5	0.25	
lead_infrastructure	600	line_security	4.5	1.0	
lead_nutrition	100	population	209.4840527417436	-6.089421640051029	within
lead_nutrition	100	growth_pct	0.8709670557238758	-0.1859270379856448	within
lead_nutrition	100	life_expectancy	28.407608507226165	-0.283570842394127	within
lead_nutrition	100	infant_mortality	202.18981470757342	7.336445437722716	within
lead_nutrition	100	child_mortality_1_4	188.20089400962664	1.2677309285541298	within
lead_nutrition	100	maternal_per_100k	1493.7279274441967	389.3237665403972	within
lead_nutrition	100	tfr	5.660444670180379	-0.18986786462419225	within
lead_nutrition	100	cbr	44.60564010562634	-0.48542475309203326	within
lead_nutrition	100	cdr	36.328853972425705	1.2385482364176994	within
lead_nutrition	100	food_per_worker	6.765261372308515	0.01565469925273888	
lead_nutrition	100	food_security	0.979925496833427	2.626213289580459e-05	
lead_nutrition	100	food_share	34.70000000000001	0.0	OUT OF BOUNDS
lead_nutrition	100	diet	0.855853583915682	0.024761984623881572	
lead_nutrition	100	health	0.9699999999999999	0.0	
lead_nutrition	100	labor_efficiency	0.861211738645369	0.0016207218583006444	
lead_nutrition	100	cap_production	0.6326722272874572	-0.0028394196131158456	
lead_nutrition	100	craft_output	0.12852896629800714	-0.012510895667618177	
lead_nutrition	100	tool_quality	0.09544354717721808	-0.03067535316770388	
lead_nutrition	100	cap_infrastructure	0.6395279959813011	-0.0071199335670413255	
lead_nutrition	100	housing_ratio	1.0837970194445556	0.0027719285194909293	
lead_nutrition	100	construction_rate	0.15087929492289287	-0.020547871077959967	
lead_nutrition	100	cap_logistics	0.34354042734712353	-0.009775003571708962	
lead_nutrition	100	trade_capacity	0.08252216116678193	-0.05765907303267928	
lead_nutrition	100	ecology	0.7927889269882362	-1.0714732215255651e-05	
lead_nutrition	100	ground_health	0.9880999736285604	0.0027246656786233947	
lead_nutrition	100	cap_institutions	0.6870609257038005	-0.014256055329459394	
lead_nutrition	100	legitimacy	0.8108914489346282	-0.009454802746648894	
lead_nutrition	100	state_capacity	0.10342489472142521	-0.027410212908766163	
lead_nutrition	100	cap_security	0.49375711651572257	-0.008736957663885214	
lead_nutrition	100	warfare_readiness	0.13066987540767838	-0.0066928658590520995	
lead_nutrition	100	cap_culture	0.6029038843961866	-0.014209407821027975	
lead_nutrition	100	cohesion	0.47475653492034736	-0.007489466788999477	
lead_nutrition	100	known	244.25	-87.0	
lead_nutrition	100	per_century	104.0	-55.0	
lead_nutrition	100	per_50	31.779661016949152	-29.23728813559322	below low
lead_nutrition	100	education	0.7319045906181141	-0.014039795926719889	
lead_nutrition	100	art_found	473.0	13.0	
lead_nutrition	100	art_studied	116.25	6.75	
lead_nutrition	100	art_bonus	0.16620000000000001	-0.001799999999999552	
lead_nutrition	100	allure	0.5955807768792373	-0.002841881564205062	
lead_nutrition	100	line_knowledge	8.5	-1.75	
lead_nutrition	100	line_institutions	7.0	-5.25	
lead_nutrition	100	line_culture	9.0	-6.25	
lead_nutrition	100	line_labor	11.0	-1.25	
lead_nutrition	100	line_production	7.75	-7.5	
lead_nutrition	100	line_infrastructure	8.5	-6.5	
lead_nutrition	100	line_nutrition	14.75	-4.25	
lead_nutrition	100	line_health	6.75	-6.25	
lead_nutrition	100	line_demography	9.0	-4.0	
lead_nutrition	100	line_logistics	6.25	-5.5	
lead_nutrition	100	line_ecology	7.5	-4.5	
lead_nutrition	100	line_security	8.0	-2.0	
lead_nutrition	200	population	633.4016741063751	33.90199937236139	within
lead_nutrition	200	growth_pct	1.2496533086916284	0.4431073349523196	ABOVE HIGH
lead_nutrition	200	life_expectancy	29.58423230645188	-0.2758864844832942	within
lead_nutrition	200	infant_mortality	184.44076444514394	2.3745599492323493	above high (allowed)
lead_nutrition	200	child_mortality_1_4	178.21146605109186	2.1687723018884526	within
lead_nutrition	200	maternal_per_100k	1078.1850121742946	8.653024139832496	within
lead_nutrition	200	tfr	5.827688238870344	0.013329421068235092	within
lead_nutrition	200	cbr	43.22507976921638	-0.6938615606861589	within
lead_nutrition	200	cdr	32.8787562735437	0.31425128543948944	within
lead_nutrition	200	food_per_worker	6.690341684792636	-0.1121262631845914	
lead_nutrition	200	food_security	0.979557049682771	1.4411863829777438e-05	
lead_nutrition	200	food_share	34.70000000000001	0.0	OUT OF BOUNDS
lead_nutrition	200	diet	0.9081222381419496	0.007965051897520836	
lead_nutrition	200	health	0.9699999999999999	0.0	
lead_nutrition	200	labor_efficiency	0.8615303368099259	-0.0010359056036125525	
lead_nutrition	200	cap_production	0.6418810945226003	-0.00942460859331573	
lead_nutrition	200	craft_output	0.1706822093111743	-0.04914851687323371	
lead_nutrition	200	tool_quality	0.13493979603826922	-0.052020780597738625	
lead_nutrition	200	cap_infrastructure	0.6554480791504096	-0.0041986820642460065	
lead_nutrition	200	housing_ratio	1.084334779365609	0.003342989399353069	
lead_nutrition	200	construction_rate	0.20810268294531561	-0.006089187110101119	
lead_nutrition	200	cap_logistics	0.3784202946299208	-0.006231820575361202	
lead_nutrition	200	trade_capacity	0.14246104891985673	-0.06492706267167653	
lead_nutrition	200	ecology	0.7926668365137803	-1.4885175425582986e-08	
lead_nutrition	200	ground_health	0.8970365676020728	-0.009466400903207273	
lead_nutrition	200	cap_institutions	0.7212648027612767	-0.013173215948292238	
lead_nutrition	200	legitimacy	0.8343068030417489	-0.006682917584767689	
lead_nutrition	200	state_capacity	0.15350049660237622	-0.033624484147630196	
lead_nutrition	200	cap_security	0.5264228753744801	-0.010080884544364843	
lead_nutrition	200	warfare_readiness	0.196237620551244	-0.023732067273430524	
lead_nutrition	200	cap_culture	0.6298302634505709	-0.004973241245271098	
lead_nutrition	200	cohesion	0.48608218610565	-0.0034471281199373593	
lead_nutrition	200	known	476.0	-86.0	
lead_nutrition	200	per_century	114.0	40.25	
lead_nutrition	200	per_50	29.069767441860467	0.8720930232558146	below low
lead_nutrition	200	education	0.7510524579537611	-0.018011119169909162	
lead_nutrition	200	art_found	579.5	12.25	
lead_nutrition	200	art_studied	420.25	-6.75	
lead_nutrition	200	art_bonus	0.195375	-0.0026250000000010154	
lead_nutrition	200	allure	0.6009660526901142	-0.000994648249054153	
lead_nutrition	200	line_knowledge	7.5	-1.5	
lead_nutrition	200	line_institutions	10.0	5.0	
lead_nutrition	200	line_culture	13.25	10.0	
lead_nutrition	200	line_labor	10.25	5.75	
lead_nutrition	200	line_production	6.0	-8.5	
lead_nutrition	200	line_infrastructure	5.75	1.5	
lead_nutrition	200	line_nutrition	9.0	-1.25	
lead_nutrition	200	line_health	12.25	8.0	
lead_nutrition	200	line_demography	7.75	4.75	
lead_nutrition	200	line_logistics	10.0	6.0	
lead_nutrition	200	line_ecology	13.75	7.25	
lead_nutrition	200	line_security	8.5	3.25	
lead_nutrition	300	population	1506.1487421395077	10.581591887574177	within
lead_nutrition	300	growth_pct	0.20369559701114426	-0.37785078790756876	within
lead_nutrition	300	life_expectancy	29.384615897467416	-0.3648167686262873	within
lead_nutrition	300	infant_mortality	185.40195286920263	2.5620259645429826	within
lead_nutrition	300	child_mortality_1_4	179.66825729239898	2.492046086895897	within
lead_nutrition	300	maternal_per_100k	1054.8255656449965	3.9416764480611164	within
lead_nutrition	300	tfr	5.18334594301381	-0.2801672010664289	within
lead_nutrition	300	cbr	49.87711398002781	2.1912583132598584	ABOVE HIGH
lead_nutrition	300	cdr	41.638506352628106	4.093105538664233	within
lead_nutrition	300	food_per_worker	6.003456932684617	-0.3920369251788607	
lead_nutrition	300	food_security	0.9778702392195631	-0.001464963404853803	
lead_nutrition	300	food_share	34.70000000000001	0.0	OUT OF BOUNDS
lead_nutrition	300	diet	0.9160416671546763	-0.000122668100655976	
lead_nutrition	300	health	0.9699999999999999	0.0	
lead_nutrition	300	labor_efficiency	0.8680485868166237	-0.007927271181532025	
lead_nutrition	300	cap_production	0.6560325113919838	-0.011857964868367432	
lead_nutrition	300	craft_output	0.24271769198476983	-0.02436370144423894	
lead_nutrition	300	tool_quality	0.1449845606115171	-0.0744474147214465	
lead_nutrition	300	cap_infrastructure	0.665949988334837	-0.007753028654068128	
lead_nutrition	300	housing_ratio	1.0920112919686966	0.0034355336736060504	
lead_nutrition	300	construction_rate	0.2430159047044228	-0.031217149702360225	
lead_nutrition	300	cap_logistics	0.4132470142821829	-0.007027457796452141	
lead_nutrition	300	trade_capacity	0.21561298255684203	-0.013436916487173295	
lead_nutrition	300	ecology	0.7926666669026227	-2.067879201206324e-11	
lead_nutrition	300	ground_health	0.8350560624212046	0.010315759252052858	
lead_nutrition	300	cap_institutions	0.7474459680358498	-0.0050265195060313905	
lead_nutrition	300	legitimacy	0.8463979358559006	-0.003383689781512933	
lead_nutrition	300	state_capacity	0.20772604432472966	-0.01705702419674693	
lead_nutrition	300	cap_security	0.552553290126242	-0.0059604390102220295	
lead_nutrition	300	warfare_readiness	0.23275750025064282	-0.014108215566567939	
lead_nutrition	300	cap_culture	0.6407700862595633	-0.0034819497776751307	
lead_nutrition	300	cohesion	0.4953660483146318	-0.0019854128156129303	
lead_nutrition	300	known	641.75	-38.75	
lead_nutrition	300	per_century	66.75	19.25	
lead_nutrition	300	per_50	37.65822784810126	13.924050632911388	within
lead_nutrition	300	education	0.7752162008002632	-0.013208308843306593	
lead_nutrition	300	art_found	581.25	12.25	
lead_nutrition	300	art_studied	581.25	12.25	
lead_nutrition	300	art_bonus	0.21973499999999999	-0.002227500000000021	
lead_nutrition	300	allure	0.6031540172519128	-0.0006963899555348929	
lead_nutrition	300	line_knowledge	6.25	1.75	
lead_nutrition	300	line_institutions	6.0	2.0	
lead_nutrition	300	line_culture	5.75	1.5	
lead_nutrition	300	line_labor	1.0	0.0	
lead_nutrition	300	line_production	12.5	7.5	
lead_nutrition	300	line_infrastructure	7.75	-0.75	
lead_nutrition	300	line_nutrition	5.0	0.0	
lead_nutrition	300	line_health	3.75	0.75	
lead_nutrition	300	line_demography	0.0	0.0	
lead_nutrition	300	line_logistics	9.0	2.5	
lead_nutrition	300	line_ecology	6.0	3.0	
lead_nutrition	300	line_security	3.75	1.0	
lead_nutrition	400	population	2398.5362757102284	-342.9133352890294	within
lead_nutrition	400	growth_pct	0.5241921603556743	-0.2621721415294265	within
lead_nutrition	400	life_expectancy	29.591105389204095	0.25523844013545016	within
lead_nutrition	400	infant_mortality	182.99032425788562	-2.0461535941063005	within
lead_nutrition	400	child_mortality_1_4	178.64488380250776	-2.0631001324210274	within
lead_nutrition	400	maternal_per_100k	1001.7681966468353	9.30563126975369	within
lead_nutrition	400	tfr	5.305301542279549	0.09486465487887585	within
lead_nutrition	400	cbr	44.41067857053278	3.6983414551429092	within
lead_nutrition	400	cdr	36.23701894274061	2.2320830445240034	within
lead_nutrition	400	food_per_worker	6.007834907224712	-0.17981153660036853	
lead_nutrition	400	food_security	0.9794646073224016	-0.00022692035970317548	
lead_nutrition	400	food_share	34.70000000000001	0.0	ABOVE HIGH
lead_nutrition	400	diet	0.9107184860124699	0.014733779720066953	
lead_nutrition	400	health	0.9699999999999999	0.0	
lead_nutrition	400	labor_efficiency	0.8774835369998206	-0.004989701318147022	
lead_nutrition	400	cap_production	0.6785340147669013	-0.010298547463964192	
lead_nutrition	400	craft_output	0.3141590711691936	-0.02111848926703125	
lead_nutrition	400	tool_quality	0.2404689293559112	-0.05292766761624429	
lead_nutrition	400	cap_infrastructure	0.6783282724800217	-0.007834572353712654	
lead_nutrition	400	housing_ratio	1.0821701005486728	-0.0008434015115170723	
lead_nutrition	400	construction_rate	0.29085734819484244	-0.02900596184235671	
lead_nutrition	400	cap_logistics	0.4329162482424231	-0.013850293701850258	
lead_nutrition	400	trade_capacity	0.2586608734654508	-0.007248246554432569	
lead_nutrition	400	ecology	0.7926666666669947	8.262922040180865e-05	
lead_nutrition	400	ground_health	0.791010476001286	0.018456243985077392	
lead_nutrition	400	cap_institutions	0.7599741079624124	-0.007265906480054318	
lead_nutrition	400	legitimacy	0.8520952980205792	-0.00405198527079309	
lead_nutrition	400	state_capacity	0.24855239337828822	-0.01546490746892526	
lead_nutrition	400	cap_security	0.5685119621391153	-0.008322750498710452	
lead_nutrition	400	warfare_readiness	0.2712572791612065	-0.014913701392432477	
lead_nutrition	400	cap_culture	0.6480910150011243	-0.0038297131592333056	
lead_nutrition	400	cohesion	0.49872492618884745	-0.0038134573543487926	
lead_nutrition	400	known	762.75	-33.25	
lead_nutrition	400	per_century	58.5	1.0	
lead_nutrition	400	per_50	36.53846153846154	8.012820512820515	within
lead_nutrition	400	education	0.7968573408404922	-0.007152949834341449	
lead_nutrition	400	art_found	581.25	12.25	
lead_nutrition	400	art_studied	581.25	12.25	
lead_nutrition	400	art_bonus	0.24567	-0.0030549999999999744	
lead_nutrition	400	allure	0.604618203000225	-0.0007659426318464835	
lead_nutrition	400	line_knowledge	5.25	0.0	
lead_nutrition	400	line_institutions	3.0	-1.0	
lead_nutrition	400	line_culture	5.5	-2.0	
lead_nutrition	400	line_labor	6.75	0.0	
lead_nutrition	400	line_production	8.25	3.75	
lead_nutrition	400	line_infrastructure	7.75	-2.5	
lead_nutrition	400	line_nutrition	5.0	-0.25	
lead_nutrition	400	line_health	4.0	1.25	
lead_nutrition	400	line_demography	2.0	0.75	
lead_nutrition	400	line_logistics	5.25	0.25	
lead_nutrition	400	line_ecology	2.5	1.5	
lead_nutrition	400	line_security	3.25	-0.75	
lead_nutrition	500	population	3700.8938130614033	85.59470912050529	within
lead_nutrition	500	growth_pct	0.5180714320159041	0.04040042667371735	within
lead_nutrition	500	life_expectancy	28.902643685539676	-0.25080335939027165	within
lead_nutrition	500	infant_mortality	188.48137193164126	1.7984036592102939	within
lead_nutrition	500	child_mortality_1_4	184.2632493350534	1.7739000113730299	within
lead_nutrition	500	maternal_per_100k	979.8205112277117	4.325677459767007	within
lead_nutrition	500	tfr	4.876873889325921	0.04438554461247701	within
lead_nutrition	500	cbr	39.29504702914856	-0.3286464255024697	within
lead_nutrition	500	cdr	35.34199594840403	-0.607951414666843	within
lead_nutrition	500	food_per_worker	6.173035397089554	0.06868472262228842	
lead_nutrition	500	food_security	0.9786610316217637	6.662786767686057e-05	
lead_nutrition	500	food_share	34.70000000000001	0.0	ABOVE HIGH
lead_nutrition	500	diet	0.883786743090196	-0.002460042865041978	
lead_nutrition	500	health	0.9699999999999999	0.0	
lead_nutrition	500	labor_efficiency	0.8520235211073016	-0.03111352458805272	
lead_nutrition	500	cap_production	0.6996197849566561	-0.0019806239758013433	
lead_nutrition	500	craft_output	0.36358691426624734	-0.007993615323388104	
lead_nutrition	500	tool_quality	0.29740943362628625	-0.010632992091489935	
lead_nutrition	500	cap_infrastructure	0.6924938443231393	-0.00920230338245731	
lead_nutrition	500	housing_ratio	1.0923019823544369	-0.007657795992733085	
lead_nutrition	500	construction_rate	0.3415521682996226	-0.03553367294778931	
lead_nutrition	500	cap_logistics	0.47510251127649855	-0.002642632948149093	
lead_nutrition	500	trade_capacity	0.30110463748194344	-0.013183412256964011	
lead_nutrition	500	ecology	0.7926666666666868	1.147905961396134e-07	
lead_nutrition	500	ground_health	0.7593652882948514	-0.005539643184013898	
lead_nutrition	500	cap_institutions	0.7781066445269498	-0.00513242156001803	
lead_nutrition	500	legitimacy	0.8590295516064284	-0.0007841529816512427	
lead_nutrition	500	state_capacity	0.2895112353934648	-0.023088462565233225	
lead_nutrition	500	cap_security	0.5947340059289655	-0.0035322780244293472	
lead_nutrition	500	warfare_readiness	0.3121589540368272	-0.012142944930141952	
lead_nutrition	500	cap_culture	0.6567327740318387	-0.00015427990330918462	
lead_nutrition	500	cohesion	0.5070079820721274	-0.001009174005279112	
lead_nutrition	500	known	859.25	-28.25	
lead_nutrition	500	per_century	47.25	0.75	
lead_nutrition	500	per_50	43.25396825396825	5.952380952380949	within
lead_nutrition	500	education	0.8141485769777446	-0.00860137043078002	
lead_nutrition	500	art_found	581.25	12.25	
lead_nutrition	500	art_studied	581.25	12.25	
lead_nutrition	500	art_bonus	0.26849999999999996	-0.0027000000000000357	
lead_nutrition	500	allure	0.6063465548063678	-3.085598066177031e-05	
lead_nutrition	500	line_knowledge	5.5	-1.5	
lead_nutrition	500	line_institutions	3.5	-1.25	
lead_nutrition	500	line_culture	3.0	0.5	
lead_nutrition	500	line_labor	3.0	0.0	
lead_nutrition	500	line_production	6.0	1.75	
lead_nutrition	500	line_infrastructure	8.5	0.5	
lead_nutrition	500	line_nutrition	2.0	-0.25	
lead_nutrition	500	line_health	2.5	-0.5	
lead_nutrition	500	line_demography	1.5	0.5	
lead_nutrition	500	line_logistics	2.5	0.5	
lead_nutrition	500	line_ecology	5.75	0.5	
lead_nutrition	500	line_security	3.5	0.0	
lead_nutrition	600	population	4434.3508178839065	-619.5919366636954	within
lead_nutrition	600	growth_pct	0.2825311157259758	-0.163496382947792	within
lead_nutrition	600	life_expectancy	28.99501511530834	-0.3781522858827415	within
lead_nutrition	600	infant_mortality	187.6348668510124	2.832141798848255	within
lead_nutrition	600	child_mortality_1_4	183.84841887388757	2.732709770237534	within
lead_nutrition	600	maternal_per_100k	963.1743616376582	4.205158099356822	within
lead_nutrition	600	tfr	4.6707323007985675	-0.1130507762916535	within
lead_nutrition	600	cbr	38.1157807211091	-0.024808932669593275	within
lead_nutrition	600	cdr	35.96313730730351	0.7775913869340201	within
lead_nutrition	600	food_per_worker	5.7690374647959795	-0.13885174615502738	
lead_nutrition	600	food_security	0.9775287874815126	-0.00028387736514601247	
lead_nutrition	600	food_share	34.70000000000001	0.0	ABOVE HIGH
lead_nutrition	600	diet	0.8730065843673205	0.011313297484629503	
lead_nutrition	600	health	0.9699999999999999	0.0	
lead_nutrition	600	labor_efficiency	0.8951853792982917	0.005816569340631905	
lead_nutrition	600	cap_production	0.7051617689583707	-0.0006368986993623427	
lead_nutrition	600	craft_output	0.4248943836072966	-0.0035056163927034145	
lead_nutrition	600	tool_quality	0.2971253631763565	-0.011274621868366808	
lead_nutrition	600	cap_infrastructure	0.7126601427473404	-0.004285105331230832	
lead_nutrition	600	housing_ratio	1.0988130890769285	0.01089775232073853	
lead_nutrition	600	construction_rate	0.4179434122251755	-0.0104565877748245	
lead_nutrition	600	cap_logistics	0.48483385881817015	0.0001472654184445088	
lead_nutrition	600	trade_capacity	0.3258413373691126	-0.018131111790906485	
lead_nutrition	600	ecology	0.7926666666666868	1.5947487774781166e-10	
lead_nutrition	600	ground_health	0.7549782515344258	0.007783298719065357	
lead_nutrition	600	cap_institutions	0.7888184331509158	0.0010488274931339525	
lead_nutrition	600	legitimacy	0.8621518029998568	0.000981109769181976	
lead_nutrition	600	state_capacity	0.3270023609982521	-0.006497578559380601	
lead_nutrition	600	cap_security	0.617119184645071	-0.007017619075358916	
lead_nutrition	600	warfare_readiness	0.3637690182805468	-0.032849921145010064	
lead_nutrition	600	cap_culture	0.6605166119008099	0.0011546643908117993	
lead_nutrition	600	cohesion	0.5100277694417892	0.0030638343210691588	
lead_nutrition	600	known	932.5	-23.75	
lead_nutrition	600	per_century	32.75	3.5	
lead_nutrition	600	per_50	31.140350877192983	3.0701754385964932	below low
lead_nutrition	600	education	0.8315532079128296	-0.003284258981619881	
lead_nutrition	600	art_found	581.25	12.25	
lead_nutrition	600	art_studied	581.25	12.25	
lead_nutrition	600	art_bonus	0.28559999999999997	0.0	
lead_nutrition	600	allure	0.607103322380162	0.00023093287816233765	
lead_nutrition	600	line_knowledge	4.0	0.0	
lead_nutrition	600	line_institutions	0.5	0.0	
lead_nutrition	600	line_culture	2.0	-1.5	
lead_nutrition	600	line_labor	1.0	0.0	
lead_nutrition	600	line_production	4.5	-0.75	
lead_nutrition	600	line_infrastructure	8.0	6.0	
lead_nutrition	600	line_nutrition	1.0	0.0	
lead_nutrition	600	line_health	2.5	0.5	
lead_nutrition	600	line_demography	0.0	-1.75	
lead_nutrition	600	line_logistics	2.0	-0.5	
lead_nutrition	600	line_ecology	2.25	0.0	
lead_nutrition	600	line_security	5.0	1.5	
lead_health	100	population	161.8342466931236	-53.739227688671036	within
lead_health	100	growth_pct	0.4412543985123113	-0.6156396951972093	within
lead_health	100	life_expectancy	29.02477036368265	0.3335910140623568	within
lead_health	100	infant_mortality	193.9474661428009	-0.905903127049811	within
lead_health	100	child_mortality_1_4	183.4249804415771	-3.508182639495402	within
lead_health	100	maternal_per_100k	1365.3271341427544	260.9229732389549	within
lead_health	100	tfr	5.695945351779725	-0.15436718302484564	within
lead_health	100	cbr	44.1472935628149	-0.9437712959034741	within
lead_health	100	cdr	35.49468999087842	0.40438425487041485	within
lead_health	100	food_per_worker	5.820436341586044	-0.9291703314697326	
lead_health	100	food_security	0.9788910789050609	-0.0010081557954703113	
lead_health	100	food_share	34.70000000000001	0.0	OUT OF BOUNDS
lead_health	100	diet	0.7768450795809053	-0.054246519710895114	
lead_health	100	health	0.9699999999999999	0.0	
lead_health	100	labor_efficiency	0.8592400349365101	-0.0003509818505582629	
lead_health	100	cap_production	0.6257728291791601	-0.00973881772141294	
lead_health	100	craft_output	0.09680249185385288	-0.04423737011177244	
lead_health	100	tool_quality	0.09406205990940483	-0.032056840435517125	
lead_health	100	cap_infrastructure	0.6351146672932682	-0.011533262255074228	
lead_health	100	housing_ratio	1.0824618797125864	0.0014367887875217367	
lead_health	100	construction_rate	0.13162883829751762	-0.03979832770333522	
lead_health	100	cap_logistics	0.3355932681505723	-0.01772216276826022	
lead_health	100	trade_capacity	0.01973594854637993	-0.12044528565308128	
lead_health	100	ecology	0.7928056555611359	6.013840684437888e-06	
lead_health	100	ground_health	0.9999999999999619	0.014624692050024923	
lead_health	100	cap_institutions	0.6726823963620934	-0.02863458467116653	
lead_health	100	legitimacy	0.8058116996709278	-0.014534552010349255	
lead_health	100	state_capacity	0.05104545632214054	-0.07978965130805084	
lead_health	100	cap_security	0.4856547022693521	-0.016839371910255696	
lead_health	100	warfare_readiness	0.12397333337583263	-0.013389407890897848	
lead_health	100	cap_culture	0.5986373400873277	-0.01847595212988684	
lead_health	100	cohesion	0.4679707583707746	-0.014275243338572219	
lead_health	100	known	209.5	-121.75	
lead_health	100	per_century	84.0	-75.0	
lead_health	100	per_50	23.728813559322035	-37.28813559322034	below low
lead_health	100	education	0.7115933648848773	-0.034351021659956626	
lead_health	100	art_found	427.5	-32.5	
lead_health	100	art_studied	99.25	-10.25	
lead_health	100	art_bonus	0.16575	-0.002249999999999558	
lead_health	100	allure	0.5947274680174393	-0.003695190426003081	
lead_health	100	line_knowledge	5.5	-4.75	
lead_health	100	line_institutions	5.5	-6.75	
lead_health	100	line_culture	7.5	-7.75	
lead_health	100	line_labor	7.75	-4.5	
lead_health	100	line_production	6.0	-9.25	
lead_health	100	line_infrastructure	7.0	-8.0	
lead_health	100	line_nutrition	10.0	-9.0	
lead_health	100	line_health	9.25	-3.75	
lead_health	100	line_demography	9.0	-4.0	
lead_health	100	line_logistics	4.5	-7.25	
lead_health	100	line_ecology	6.5	-5.5	
lead_health	100	line_security	5.5	-4.5	
lead_health	200	population	478.296022169885	-121.20365256412873	within
lead_health	200	growth_pct	1.1555535775770454	0.34900760383773655	above high (allowed)
lead_health	200	life_expectancy	29.651591210470148	-0.20852758046502728	within
lead_health	200	infant_mortality	184.210515660581	2.1443111646694035	above high (allowed)
lead_health	200	child_mortality_1_4	177.71337163774064	1.6706778885372273	within
lead_health	200	maternal_per_100k	1089.3001162363892	19.768128201927084	within
lead_health	200	tfr	5.807316872066364	-0.007041945735744903	within
lead_health	200	cbr	44.760078802767694	0.8411374728651566	within
lead_health	200	cdr	33.619105445459425	1.054600457355214	within
lead_health	200	food_per_worker	6.515850247074778	-0.28661770090244953	
lead_health	200	food_security	0.9794750299213988	-6.760789754245433e-05	
lead_health	200	food_share	34.70000000000001	0.0	OUT OF BOUNDS
lead_health	200	diet	0.8806856189898203	-0.019471567254608413	
lead_health	200	health	0.9699999999999999	0.0	
lead_health	200	labor_efficiency	0.8597543810272292	-0.002811861386309178	
lead_health	200	cap_production	0.6379112072071316	-0.013394495908784498	
lead_health	200	craft_output	0.15034767048973913	-0.0694830556946689	
lead_health	200	tool_quality	0.12874975074900166	-0.058210825887006185	
lead_health	200	cap_infrastructure	0.6510374108291557	-0.008609350385499925	
lead_health	200	housing_ratio	1.0807279681929534	-0.00026382177330264156	
lead_health	200	construction_rate	0.18880845258196294	-0.025383417473453795	
lead_health	200	cap_logistics	0.3668432638165481	-0.017808851388733893	
lead_health	200	trade_capacity	0.09803244542663839	-0.10935566616489487	
lead_health	200	ecology	0.7926668597535345	8.35457869552414e-09	
lead_health	200	ground_health	0.9314732135018161	0.024970244996535995	
lead_health	200	cap_institutions	0.703308794739574	-0.031129223969994957	
lead_health	200	legitimacy	0.823888690193592	-0.017101030432924547	
lead_health	200	state_capacity	0.11860974178846301	-0.0685152389615434	
lead_health	200	cap_security	0.5173465451222011	-0.019157214796643784	
lead_health	200	warfare_readiness	0.17568273757756306	-0.04428695024711146	
lead_health	200	cap_culture	0.6201184266719996	-0.014685078023842446	
lead_health	200	cohesion	0.48034551815500603	-0.00918379607058134	
lead_health	200	known	403.25	-158.75	
lead_health	200	per_century	93.25	19.5	
lead_health	200	per_50	23.25581395348837	-4.941860465116282	below low
lead_health	200	education	0.7404555541764714	-0.028608022947198886	
lead_health	200	art_found	547.0	-20.25	
lead_health	200	art_studied	335.5	-91.5	
lead_health	200	art_bonus	0.188625	-0.009375000000001021	
lead_health	200	allure	0.5990236853344	-0.002937015604768334	
lead_health	200	line_knowledge	6.75	-2.25	
lead_health	200	line_institutions	9.0	4.0	
lead_health	200	line_culture	13.25	10.0	
lead_health	200	line_labor	5.5	1.0	
lead_health	200	line_production	5.0	-9.5	
lead_health	200	line_infrastructure	7.5	3.25	
lead_health	200	line_nutrition	12.5	2.25	
lead_health	200	line_health	4.0	-0.25	
lead_health	200	line_demography	6.5	3.5	
lead_health	200	line_logistics	7.75	3.75	
lead_health	200	line_ecology	8.0	1.5	
lead_health	200	line_security	7.5	2.25	
lead_health	300	population	1268.860733880591	-226.70641637134258	within
lead_health	300	growth_pct	0.7772802988528865	0.1957339139341735	within
lead_health	300	life_expectancy	29.753652692599147	0.004220026505443286	within
lead_health	300	infant_mortality	182.87926114703268	0.03933424237303029	within
lead_health	300	child_mortality_1_4	177.01511910199045	-0.1610921035126296	within
lead_health	300	maternal_per_100k	1063.265988927344	12.382099730408754	within
lead_health	300	tfr	5.663713037622683	0.20019989354244405	within
lead_health	300	cbr	47.95833075541354	0.2724750886455922	ABOVE HIGH
lead_health	300	cdr	36.54133303722177	-1.0040677767421045	within
lead_health	300	food_per_worker	6.048321866333911	-0.34717199152956724	
lead_health	300	food_security	0.978844200700343	-0.0004910019240739194	
lead_health	300	food_share	34.70000000000001	0.0	OUT OF BOUNDS
lead_health	300	diet	0.8999841381284925	-0.016180197126839713	
lead_health	300	health	0.9699999999999999	0.0	
lead_health	300	labor_efficiency	0.8653663812625226	-0.010609476735633061	
lead_health	300	cap_production	0.6486486089693433	-0.019241867291007964	
lead_health	300	craft_output	0.21817071723864248	-0.04891067619036629	
lead_health	300	tool_quality	0.1345064312585936	-0.08492554407437	
lead_health	300	cap_infrastructure	0.6605653521885515	-0.01313766480035361	
lead_health	300	housing_ratio	1.0820802862490253	-0.006495472046065265	
lead_health	300	construction_rate	0.2204353991220957	-0.05379765528468733	
lead_health	300	cap_logistics	0.3983189943838795	-0.021955477694755532	
lead_health	300	trade_capacity	0.16726373539080727	-0.06178616365320805	
lead_health	300	ecology	0.7926666669349078	1.1606382521733849e-11	
lead_health	300	ground_health	0.8571550306659239	0.03241472749677221	
lead_health	300	cap_institutions	0.7349802129717717	-0.01749227457010949	
lead_health	300	legitimacy	0.8391623243041405	-0.010619301333273046	
lead_health	300	state_capacity	0.18909019275889893	-0.03569287576257765	
lead_health	300	cap_security	0.5418219013658995	-0.01669182777056455	
lead_health	300	warfare_readiness	0.217886552272593	-0.02897916354461777	
lead_health	300	cap_culture	0.633479935178206	-0.010772100859032463	
lead_health	300	cohesion	0.4886861717867367	-0.008665289343508076	
lead_health	300	known	578.0	-102.5	
lead_health	300	per_century	74.25	26.75	
lead_health	300	per_50	32.27848101265823	8.544303797468359	below low
lead_health	300	education	0.760522606825838	-0.02790190281773175	
lead_health	300	art_found	554.5	-14.5	
lead_health	300	art_studied	549.25	-19.75	
lead_health	300	art_bonus	0.215685	-0.006277500000000019	
lead_health	300	allure	0.6016959870356411	-0.002154420171806559	
lead_health	300	line_knowledge	4.5	0.0	
lead_health	300	line_institutions	6.75	2.75	
lead_health	300	line_culture	5.75	1.5	
lead_health	300	line_labor	3.5	2.5	
lead_health	300	line_production	8.5	3.5	
lead_health	300	line_infrastructure	7.5	-1.0	
lead_health	300	line_nutrition	9.5	4.5	
lead_health	300	line_health	3.0	0.0	
lead_health	300	line_demography	1.5	1.5	
lead_health	300	line_logistics	8.75	2.25	
lead_health	300	line_ecology	8.5	5.5	
lead_health	300	line_security	6.5	3.75	
lead_health	400	population	2488.3607511683645	-253.0888598308934	within
lead_health	400	growth_pct	0.8321268114247493	0.045762509539648555	within
lead_health	400	life_expectancy	29.556985221945663	0.22111827287701757	within
lead_health	400	infant_mortality	183.1597567398075	-1.8767211121844127	within
lead_health	400	child_mortality_1_4	178.8739837032482	-1.8340002316805908	within
lead_health	400	maternal_per_100k	1004.124332733328	11.661767356246287	within
lead_health	400	tfr	5.2150877865337835	0.004650899133110009	within
lead_health	400	cbr	40.3458881536454	-0.3664489617444744	within
lead_health	400	cdr	33.8972907577479	-0.10764514046870488	within
lead_health	400	food_per_worker	6.188070303309852	0.000423859484770972	
lead_health	400	food_security	0.979701344281174	9.816599069178977e-06	
lead_health	400	food_share	34.70000000000001	0.0	ABOVE HIGH
lead_health	400	diet	0.8998986095786468	0.003913903286243858	
lead_health	400	health	0.9699999999999999	0.0	
lead_health	400	labor_efficiency	0.8767126341677896	-0.005760604150178095	
lead_health	400	cap_production	0.6727784191079432	-0.016054143122922304	
lead_health	400	craft_output	0.2858281977620156	-0.04944936267420924	
lead_health	400	tool_quality	0.20559583430869288	-0.0878007626634626	
lead_health	400	cap_infrastructure	0.6759766261654224	-0.01018621866831193	
lead_health	400	housing_ratio	1.0869540104821025	0.003940508421912625	
lead_health	400	construction_rate	0.28051427998851575	-0.0393490300486834	
lead_health	400	cap_logistics	0.4255850146191606	-0.021181527325112748	
lead_health	400	trade_capacity	0.232446149949799	-0.033462970070084364	
lead_health	400	ecology	0.7926666666670394	8.262922044655063e-05	
lead_health	400	ground_health	0.7797984301113126	0.007244198095103904	
lead_health	400	cap_institutions	0.7569227944694094	-0.010317219973057346	
lead_health	400	legitimacy	0.8515247866824782	-0.004622496608894022	
lead_health	400	state_capacity	0.23745708605973798	-0.0265602147874755	
lead_health	400	cap_security	0.5664985088802017	-0.010336203757624007	
lead_health	400	warfare_readiness	0.2635732829103903	-0.022597697643248704	
lead_health	400	cap_culture	0.6471744091136205	-0.0047463190467371685	
lead_health	400	cohesion	0.4989573735247117	-0.003581010018484543	
lead_health	400	known	717.25	-78.75	
lead_health	400	per_century	68.25	10.75	
lead_health	400	per_50	32.69230769230769	4.166666666666668	below low
lead_health	400	education	0.788724723486758	-0.01528556718807561	
lead_health	400	art_found	554.5	-14.5	
lead_health	400	art_studied	554.5	-14.5	
lead_health	400	art_bonus	0.24372	-0.005004999999999982	
lead_health	400	allure	0.6044348818227241	-0.0009492638093473449	
lead_health	400	line_knowledge	6.5	1.25	
lead_health	400	line_institutions	3.75	-0.25	
lead_health	400	line_culture	5.75	-1.75	
lead_health	400	line_labor	6.25	-0.5	
lead_health	400	line_production	11.0	6.5	
lead_health	400	line_infrastructure	8.25	-2.0	
lead_health	400	line_nutrition	6.0	0.75	
lead_health	400	line_health	2.25	-0.5	
lead_health	400	line_demography	2.0	0.75	
lead_health	400	line_logistics	8.5	3.5	
lead_health	400	line_ecology	4.5	3.5	
lead_health	400	line_security	3.5	-0.5	
lead_health	500	population	3433.54529538355	-181.75380855734784	within
lead_health	500	growth_pct	0.1157112965004925	-0.36195970884169426	within
lead_health	500	life_expectancy	29.32731287644712	0.1738658315171726	within
lead_health	500	infant_mortality	185.1948975930039	-1.488070679427068	within
lead_health	500	child_mortality_1_4	181.0342424298309	-1.455106893849461	within
lead_health	500	maternal_per_100k	979.442410715485	3.9475769475403695	within
lead_health	500	tfr	4.84325957216507	0.01077122745162562	within
lead_health	500	cbr	37.97438781982688	-1.6493056348241524	within
lead_health	500	cdr	34.91056422368373	-1.039383139387148	within
lead_health	500	food_per_worker	6.255361617620526	0.1510109431532607	
lead_health	500	food_security	0.9788425833366243	0.00024817958253753325	
lead_health	500	food_share	34.70000000000001	0.0	ABOVE HIGH
lead_health	500	diet	0.8903312703281046	0.00408448437286657	
lead_health	500	health	0.9699999999999999	0.0	
lead_health	500	labor_efficiency	0.8835580540198642	0.0004210083245098639	
lead_health	500	cap_production	0.6900866288046799	-0.011513780127777595	
lead_health	500	craft_output	0.35308157507206345	-0.018498954517571997	
lead_health	500	tool_quality	0.2594912720211231	-0.04855115369665308	
lead_health	500	cap_infrastructure	0.6885186183464785	-0.01317752935911809	
lead_health	500	housing_ratio	1.10153067610713	0.0015708977599599994	
lead_health	500	construction_rate	0.3254735294017058	-0.05161231184570608	
lead_health	500	cap_logistics	0.4615948459888131	-0.016150298235834526	
lead_health	500	trade_capacity	0.27735001156558187	-0.03693803817332558	
lead_health	500	ecology	0.792666666666687	1.147905962506357e-07	
lead_health	500	ground_health	0.7642209828189993	-0.000683948659865985	
lead_health	500	cap_institutions	0.7725254659190363	-0.010713600167931547	
lead_health	500	legitimacy	0.8558867684837917	-0.003926936104287848	
lead_health	500	state_capacity	0.28492840567783995	-0.027671292280858073	
lead_health	500	cap_security	0.587772231302393	-0.010494052651001895	
lead_health	500	warfare_readiness	0.30523183477169524	-0.019070064195273906	
lead_health	500	cap_culture	0.6537752230247971	-0.0031118309103508324	
lead_health	500	cohesion	0.5050687739276483	-0.002948382149758233	
lead_health	500	known	835.0	-52.5	
lead_health	500	per_century	58.75	12.25	
lead_health	500	per_50	40.07936507936508	2.7777777777777786	within
lead_health	500	education	0.8071376938651276	-0.015612253543397014	
lead_health	500	art_found	554.5	-14.5	
lead_health	500	art_studied	554.5	-14.5	
lead_health	500	art_bonus	0.26635	-0.004850000000000021	
lead_health	500	allure	0.6057550446049593	-0.0006223661820702331	
lead_health	500	line_knowledge	6.25	-0.75	
lead_health	500	line_institutions	3.5	-1.25	
lead_health	500	line_culture	4.75	2.25	
lead_health	500	line_labor	3.25	0.25	
lead_health	500	line_production	11.25	7.0	
lead_health	500	line_infrastructure	8.25	0.25	
lead_health	500	line_nutrition	4.25	2.0	
lead_health	500	line_health	3.0	0.0	
lead_health	500	line_demography	1.5	0.5	
lead_health	500	line_logistics	3.0	1.0	
lead_health	500	line_ecology	6.25	1.0	
lead_health	500	line_security	3.5	0.0	
lead_health	600	population	5085.826442524792	31.883687977189766	within
lead_health	600	growth_pct	0.6836718574843081	0.23764435881054036	within
lead_health	600	life_expectancy	29.347577321463795	-0.025590079727287218	within
lead_health	600	infant_mortality	184.87702496683067	0.07429991466653973	within
lead_health	600	child_mortality_1_4	181.15009607782616	0.03438697417612957	within
lead_health	600	maternal_per_100k	964.5325040191929	5.563300480891485	within
lead_health	600	tfr	5.0784296346001465	0.2946465575099255	within
lead_health	600	cbr	39.80074602174546	1.6601563679667706	within
lead_health	600	cdr	34.295208456756015	-0.8903374636134771	within
lead_health	600	food_per_worker	5.501981220234768	-0.40590799071623884	
lead_health	600	food_security	0.9755947891318681	-0.002217875714790485	
lead_health	600	food_share	34.70000000002186	2.184918912462308e-11	ABOVE HIGH
lead_health	600	diet	0.8639620602747315	0.0022687733920405684	
lead_health	600	health	0.9699999999999999	0.0	
lead_health	600	labor_efficiency	0.8650018328073287	-0.024366977150331093	
lead_health	600	cap_production	0.6965215282187571	-0.009277139438975901	
lead_health	600	craft_output	0.41784101331703694	-0.010558986682963067	
lead_health	600	tool_quality	0.2696515828086952	-0.0387484022360281	
lead_health	600	cap_infrastructure	0.710192261357622	-0.00675298672094915	
lead_health	600	housing_ratio	1.0954381534290958	0.007522816672905774	
lead_health	600	construction_rate	0.4071789100197734	-0.021221089980226593	
lead_health	600	cap_logistics	0.47817174795048856	-0.006514845449237083	
lead_health	600	trade_capacity	0.32417368052723056	-0.01979876863278851	
lead_health	600	ecology	0.7924780646329662	-0.00018860187424574182	
lead_health	600	ground_health	0.7593365179902688	0.012141565174908386	
lead_health	600	cap_institutions	0.7826677242908464	-0.005101881366935457	
lead_health	600	legitimacy	0.8558568462205122	-0.005313847010162687	
lead_health	600	state_capacity	0.324757941228738	-0.008741998328894662	
lead_health	600	cap_security	0.6093109936076393	-0.014825810112790605	
lead_health	600	warfare_readiness	0.35957479945131005	-0.037044139974246826	
lead_health	600	cap_culture	0.6556700825517907	-0.0036918649582073915	
lead_health	600	cohesion	0.5039663543918551	-0.0029975807288649126	
lead_health	600	known	920.0	-36.25	
lead_health	600	per_century	39.75	10.5	
lead_health	600	per_50	25.87719298245614	-2.1929824561403493	below low
lead_health	600	education	0.8256137717261667	-0.009223695168282808	
lead_health	600	art_found	554.5	-14.5	
lead_health	600	art_studied	554.5	-14.5	
lead_health	600	art_bonus	0.2835	-0.0020999999999999908	
lead_health	600	allure	0.606134016510358	-0.0007383729916415893	
lead_health	600	line_knowledge	5.0	1.0	
lead_health	600	line_institutions	1.25	0.75	
lead_health	600	line_culture	3.5	0.0	
lead_health	600	line_labor	1.0	0.0	
lead_health	600	line_production	5.25	0.0	
lead_health	600	line_infrastructure	7.25	5.25	
lead_health	600	line_nutrition	1.0	0.0	
lead_health	600	line_health	2.0	0.0	
lead_health	600	line_demography	1.75	0.0	
lead_health	600	line_logistics	2.75	0.25	
lead_health	600	line_ecology	3.5	1.25	
lead_health	600	line_security	5.5	2.0	
lead_demography	100	population	202.89242873916308	-12.681045642631545	within
lead_demography	100	growth_pct	0.945996932310289	-0.11089716139923156	within
lead_demography	100	life_expectancy	28.21091557695452	-0.48026377266577214	within
lead_demography	100	infant_mortality	198.67156516771286	3.8181958978621537	within
lead_demography	100	child_mortality_1_4	190.3475454997471	3.4143824186745917	within
lead_demography	100	maternal_per_100k	1122.2985788013998	17.894417897600306	within
lead_demography	100	tfr	5.868881654887665	0.01856912008309397	within
lead_demography	100	cbr	45.901574059867336	0.8105092011489603	within
lead_demography	100	cdr	36.10855000764279	1.018244271634785	within
lead_demography	100	food_per_worker	6.157429144261796	-0.5921775287939806	
lead_demography	100	food_security	0.9795274689101435	-0.0003717657903876681	
lead_demography	100	food_share	34.70000000000001	0.0	OUT OF BOUNDS
lead_demography	100	diet	0.7872814061101634	-0.043810193181637036	
lead_demography	100	health	0.9699999999999999	0.0	
lead_demography	100	labor_efficiency	0.857848448167692	-0.0017425686193763834	
lead_demography	100	cap_production	0.6287320867367819	-0.00677956016379111	
lead_demography	100	craft_output	0.10722895226489258	-0.033810909700732736	
lead_demography	100	tool_quality	0.09277534427585701	-0.033343556069064945	
lead_demography	100	cap_infrastructure	0.5995584208707542	-0.04708950867758821	
lead_demography	100	housing_ratio	1.0822516441109922	0.0012265531859274592	
lead_demography	100	construction_rate	0.11628296771369327	-0.055144198287159565	
lead_demography	100	cap_logistics	0.33409876749703615	-0.019216663421796343	
lead_demography	100	trade_capacity	0.08828411447018947	-0.051897119729271746	
lead_demography	100	ecology	0.7928065011532657	6.859432814199096e-06	
lead_demography	100	ground_health	0.9977097852337452	0.01233447728380821	
lead_demography	100	cap_institutions	0.6759900561211132	-0.02532692491214672	
lead_demography	100	legitimacy	0.8051953596280276	-0.015150892053249487	
lead_demography	100	state_capacity	0.07685083651388042	-0.05398427111631096	
lead_demography	100	cap_security	0.4863546600777795	-0.016139414101828287	
lead_demography	100	warfare_readiness	0.11954676693017269	-0.017815974336557794	
lead_demography	100	cap_culture	0.5981790397573079	-0.018934252459906653	
lead_demography	100	cohesion	0.46929569819829225	-0.012950303511054584	
lead_demography	100	known	218.75	-112.5	
lead_demography	100	per_century	101.75	-57.25	
lead_demography	100	per_50	25.21186440677966	-35.80508474576271	below low
lead_demography	100	education	0.7286550474532728	-0.017289339091561162	
lead_demography	100	art_found	461.5	1.5	
lead_demography	100	art_studied	111.25	1.75	
lead_demography	100	art_bonus	0.16799999999999957	0.0	
lead_demography	100	allure	0.5946358079514615	-0.0037868504919807977	
lead_demography	100	line_knowledge	6.5	-3.75	
lead_demography	100	line_institutions	6.25	-6.0	
lead_demography	100	line_culture	9.5	-5.75	
lead_demography	100	line_labor	10.25	-2.0	
lead_demography	100	line_production	7.25	-8.0	
lead_demography	100	line_infrastructure	8.5	-6.5	
lead_demography	100	line_nutrition	13.25	-5.75	
lead_demography	100	line_health	6.75	-6.25	
lead_demography	100	line_demography	12.0	-1.0	
lead_demography	100	line_logistics	6.75	-5.0	
lead_demography	100	line_ecology	6.75	-5.25	
lead_demography	100	line_security	8.0	-2.0	
lead_demography	200	population	605.2975464539671	5.797871719953378	within
lead_demography	200	growth_pct	1.1220530098218828	0.315507036082574	above high (allowed)
lead_demography	200	life_expectancy	29.397775600970835	-0.46234318996434	within
lead_demography	200	infant_mortality	186.8401581279144	4.773953632002815	within
lead_demography	200	child_mortality_1_4	180.3458861973811	4.303192448177697	within
lead_demography	200	maternal_per_100k	1077.1498634565062	7.617875422044108	within
lead_demography	200	tfr	5.835657188787852	0.021298370985743276	within
lead_demography	200	cbr	45.083810818168	1.1648694882654596	within
lead_demography	200	cdr	34.218039240060435	1.6535342519562235	within
lead_demography	200	food_per_worker	6.537921165538939	-0.26454678243828855	
lead_demography	200	food_security	0.9794824787091464	-6.015910979484396e-05	
lead_demography	200	food_share	34.70000000000001	0.0	OUT OF BOUNDS
lead_demography	200	diet	0.8915093391825855	-0.008647847061843295	
lead_demography	200	health	0.9699999999999999	0.0	
lead_demography	200	labor_efficiency	0.8615008919445071	-0.0010653504690313342	
lead_demography	200	cap_production	0.6412971273502867	-0.010008575765629413	
lead_demography	200	craft_output	0.16736214709889705	-0.052468579085510975	
lead_demography	200	tool_quality	0.12877289974050474	-0.05818767689550311	
lead_demography	200	cap_infrastructure	0.6565334912835714	-0.003113269931084184	
lead_demography	200	housing_ratio	1.082793427872271	0.0018016379060150634	
lead_demography	200	construction_rate	0.2092182841215692	-0.00497358593384753	
lead_demography	200	cap_logistics	0.37491395603277283	-0.009738159172509142	
lead_demography	200	trade_capacity	0.12163382055936363	-0.08575429103216962	
lead_demography	200	ecology	0.7926668609282526	9.52929679609582e-09	
lead_demography	200	ground_health	0.9029972577291588	-0.0035057107761212736	
lead_demography	200	cap_institutions	0.7171572801901468	-0.017280738519422134	
lead_demography	200	legitimacy	0.8313873316318128	-0.009602388994703781	
lead_demography	200	state_capacity	0.14791514694727573	-0.03920983380273069	
lead_demography	200	cap_security	0.5228892718941864	-0.013614488024658478	
lead_demography	200	warfare_readiness	0.17899434787590676	-0.04097533994876776	
lead_demography	200	cap_culture	0.6270322958659792	-0.007771208829862819	
lead_demography	200	cohesion	0.4850321594060679	-0.0044971548195194555	
lead_demography	200	known	453.5	-108.5	
lead_demography	200	per_century	119.75	46.0	
lead_demography	200	per_50	29.36046511627907	1.1627906976744171	below low
lead_demography	200	education	0.7494506534922307	-0.019612923631439516	
lead_demography	200	art_found	578.75	11.5	
lead_demography	200	art_studied	409.5	-17.5	
lead_demography	200	art_bonus	0.19140000000000001	-0.006600000000000994	
lead_demography	200	allure	0.6004064591731958	-0.0015542417659725194	
lead_demography	200	line_knowledge	7.25	-1.75	
lead_demography	200	line_institutions	10.0	5.0	
lead_demography	200	line_culture	14.0	10.75	
lead_demography	200	line_labor	7.25	2.75	
lead_demography	200	line_production	8.5	-6.0	
lead_demography	200	line_infrastructure	7.5	3.25	
lead_demography	200	line_nutrition	14.25	4.0	
lead_demography	200	line_health	13.0	8.75	
lead_demography	200	line_demography	3.0	0.0	
lead_demography	200	line_logistics	12.75	8.75	
lead_demography	200	line_ecology	12.75	6.25	
lead_demography	200	line_security	9.5	4.25	
lead_demography	300	population	1528.6979799916485	33.130829739714954	within
lead_demography	300	growth_pct	0.6251898571332459	0.04364347221453291	within
lead_demography	300	life_expectancy	29.811205052063787	0.06177238597008383	within
lead_demography	300	infant_mortality	182.2246667342887	-0.6152601703709593	within
lead_demography	300	child_mortality_1_4	176.57317424982818	-0.6030369556748951	within
lead_demography	300	maternal_per_100k	1054.4433304786462	3.5594412817108605	within
lead_demography	300	tfr	5.608867729568932	0.1453545854886933	within
lead_demography	300	cbr	47.366111028177755	-0.3197446385901941	ABOVE HIGH
lead_demography	300	cdr	36.32474382848574	-1.2206569854781364	within
lead_demography	300	food_per_worker	6.119790404990391	-0.2757034528730875	
lead_demography	300	food_security	0.9784060256868218	-0.0009291769375950887	
lead_demography	300	food_share	34.70000000000001	0.0	OUT OF BOUNDS
lead_demography	300	diet	0.9156300252006937	-0.0005343100546385537	
lead_demography	300	health	0.9699999999999999	0.0	
lead_demography	300	labor_efficiency	0.8633479288000467	-0.012627929198108956	
lead_demography	300	cap_production	0.653494852735466	-0.014395623524885215	
lead_demography	300	craft_output	0.24234399443431	-0.02473739899469876	
lead_demography	300	tool_quality	0.1495021064087188	-0.0699298689242448	
lead_demography	300	cap_infrastructure	0.6646961172722224	-0.00900689971668267	
lead_demography	300	housing_ratio	1.0643426309892052	-0.024233127305885338	
lead_demography	300	construction_rate	0.23427155601251246	-0.03996149839427057	
lead_demography	300	cap_logistics	0.40916939929613255	-0.0111050727825025	
lead_demography	300	trade_capacity	0.21152138938866624	-0.017528509655349078	
lead_demography	300	ecology	0.7926666669365394	1.3237966278722979e-11	
lead_demography	300	ground_health	0.8276834085236431	0.002943105354491382	
lead_demography	300	cap_institutions	0.7435982171882347	-0.008874270353646518	
lead_demography	300	legitimacy	0.8430041094057708	-0.0067775162316427995	
lead_demography	300	state_capacity	0.20656694734760592	-0.01821612117387067	
lead_demography	300	cap_security	0.5476106726577409	-0.010903056478723139	
lead_demography	300	warfare_readiness	0.23344412676896487	-0.013421589048245891	
lead_demography	300	cap_culture	0.6355267967375413	-0.008725239299697152	
lead_demography	300	cohesion	0.4872719796116905	-0.010079481518554256	
lead_demography	300	known	634.25	-46.25	
lead_demography	300	per_century	66.75	19.25	
lead_demography	300	per_50	32.278481012658226	8.544303797468352	below low
lead_demography	300	education	0.7714883948227882	-0.01693611482078161	
lead_demography	300	art_found	581.0	12.0	
lead_demography	300	art_studied	581.0	12.0	
lead_demography	300	art_bonus	0.21845249999999997	-0.003510000000000041	
lead_demography	300	allure	0.6021053593475083	-0.0017450478599393415	
lead_demography	300	line_knowledge	7.0	2.5	
lead_demography	300	line_institutions	5.25	1.25	
lead_demography	300	line_culture	5.25	1.0	
lead_demography	300	line_labor	1.5	0.5	
lead_demography	300	line_production	8.75	3.75	
lead_demography	300	line_infrastructure	8.0	-0.5	
lead_demography	300	line_nutrition	7.0	2.0	
lead_demography	300	line_health	3.5	0.5	
lead_demography	300	line_demography	0.0	0.0	
lead_demography	300	line_logistics	10.5	4.0	
lead_demography	300	line_ecology	6.0	3.0	
lead_demography	300	line_security	4.0	1.25	
lead_demography	400	population	2561.2051344169313	-180.24447658232657	within
lead_demography	400	growth_pct	0.24736230965377304	-0.5390019922313277	within
lead_demography	400	life_expectancy	29.277779446124423	-0.058087502944221825	within
lead_demography	400	infant_mortality	185.3707650937398	0.33428724174788726	within
lead_demography	400	child_mortality_1_4	181.03808627404572	0.33010233911693376	within
lead_demography	400	maternal_per_100k	994.1002937496189	1.6377283725372536	within
lead_demography	400	tfr	4.931706673286622	-0.2787302141140513	within
lead_demography	400	cbr	42.37966752411676	1.6673304087268903	within
lead_demography	400	cdr	37.6838564414141	3.678920543197492	within
lead_demography	400	food_per_worker	6.1620835315109925	-0.025562912314088138	
lead_demography	400	food_security	0.9797472688429584	5.574116085360625e-05	
lead_demography	400	food_share	34.70000000000001	0.0	ABOVE HIGH
lead_demography	400	diet	0.8998191676307794	0.0038344613383765047	
lead_demography	400	health	0.9699999999999999	0.0	
lead_demography	400	labor_efficiency	0.8781025175384898	-0.004370720779477866	
lead_demography	400	cap_production	0.6836003547621241	-0.005232207468741423	
lead_demography	400	craft_output	0.3176819912132478	-0.01759556922297706	
lead_demography	400	tool_quality	0.2468133585476244	-0.046583238424531076	
lead_demography	400	cap_infrastructure	0.679445726678352	-0.00671711815538234	
lead_demography	400	housing_ratio	1.0848415292755675	0.00182802721537767	
lead_demography	400	construction_rate	0.2941907242315346	-0.02567258580566456	
lead_demography	400	cap_logistics	0.43785133712589447	-0.008915204818378875	
lead_demography	400	trade_capacity	0.2630216280910108	-0.0028874919288725542	
lead_demography	400	ecology	0.7926666666670419	8.262922044899312e-05	
lead_demography	400	ground_health	0.7801949048451714	0.007640672828962747	
lead_demography	400	cap_institutions	0.7650020920176045	-0.0022379224248622043	
lead_demography	400	legitimacy	0.8562926397832668	0.0001453564918945105	
lead_demography	400	state_capacity	0.2496625529323615	-0.014354747914851973	
lead_demography	400	cap_security	0.5762052295572936	-0.0006294830805321228	
lead_demography	400	warfare_readiness	0.2785747356574109	-0.007596244896228066	
lead_demography	400	cap_culture	0.6514380603653595	-0.0004826677949981706	
lead_demography	400	cohesion	0.5030735822700957	0.000535198726899444	
lead_demography	400	known	764.5	-31.5	
lead_demography	400	per_century	61.0	3.5	
lead_demography	400	per_50	36.217948717948715	7.69230769230769	within
lead_demography	400	education	0.7984784993049809	-0.005531791369852712	
lead_demography	400	art_found	581.0	12.0	
lead_demography	400	art_studied	581.0	12.0	
lead_demography	400	art_bonus	0.24547499999999997	-0.003250000000000003	
lead_demography	400	allure	0.6052876120730719	-9.65335589995231e-05	
lead_demography	400	line_knowledge	5.0	-0.25	
lead_demography	400	line_institutions	3.0	-1.0	
lead_demography	400	line_culture	5.5	-2.0	
lead_demography	400	line_labor	7.0	0.25	
lead_demography	400	line_production	11.5	7.0	
lead_demography	400	line_infrastructure	7.5	-2.75	
lead_demography	400	line_nutrition	5.75	0.5	
lead_demography	400	line_health	4.0	1.25	
lead_demography	400	line_demography	0.0	-1.25	
lead_demography	400	line_logistics	5.5	0.5	
lead_demography	400	line_ecology	2.25	1.25	
lead_demography	400	line_security	4.0	0.0	
lead_demography	500	population	3597.4463200771424	-17.852783863755576	within
lead_demography	500	growth_pct	0.5505570235702917	0.07288601822810492	within
lead_demography	500	life_expectancy	29.083816968034288	-0.0696300768956597	within
lead_demography	500	infant_mortality	187.0336438635395	0.35067559110854063	within
lead_demography	500	child_mortality_1_4	182.8754261450968	0.3860768214164523	within
lead_demography	500	maternal_per_100k	977.8843060830247	2.38947231508007	within
lead_demography	500	tfr	5.060357717017796	0.2278693723043519	within
lead_demography	500	cbr	38.74559415793665	-0.8780992967143817	within
lead_demography	500	cdr	33.794457490568234	-2.155489872502642	within
lead_demography	500	food_per_worker	6.337839898254396	0.23348922378713066	
lead_demography	500	food_security	0.9788909685451685	0.0002965647910817548	
lead_demography	500	food_share	34.70000000000001	0.0	ABOVE HIGH
lead_demography	500	diet	0.8869986269332593	0.0007518409780212787	
lead_demography	500	health	0.9699999999999999	0.0	
lead_demography	500	labor_efficiency	0.8791616744195527	-0.003975371275801609	
lead_demography	500	cap_production	0.6964352504811924	-0.005165158451265084	
lead_demography	500	craft_output	0.3613247498369161	-0.010255779752719352	
lead_demography	500	tool_quality	0.2983840002523985	-0.009658425465377707	
lead_demography	500	cap_infrastructure	0.6927973401121259	-0.008898807593470726	
lead_demography	500	housing_ratio	1.0844740677288698	-0.015485710618300175	
lead_demography	500	construction_rate	0.3435386318879682	-0.03354720935944372	
lead_demography	500	cap_logistics	0.4736187595031648	-0.004126384721482856	
lead_demography	500	trade_capacity	0.3013353938934442	-0.012952655845463235	
lead_demography	500	ecology	0.792666666666687	1.147905962506357e-07	
lead_demography	500	ground_health	0.7592907331087216	-0.005614198370143653	
lead_demography	500	cap_institutions	0.7752678409024792	-0.007971225184488562	
lead_demography	500	legitimacy	0.856864267982046	-0.0029494366060336397	
lead_demography	500	state_capacity	0.2932668440334428	-0.019332853925255244	
lead_demography	500	cap_security	0.5919061464792177	-0.0063601374741771854	
lead_demography	500	warfare_readiness	0.314939201859497	-0.009362697107472173	
lead_demography	500	cap_culture	0.6544863953757384	-0.0024006585594095187	
lead_demography	500	cohesion	0.5037096876925169	-0.004307468384889601	
lead_demography	500	known	859.0	-28.5	
lead_demography	500	per_century	46.0	-0.5	
lead_demography	500	per_50	42.06349206349206	4.761904761904759	within
lead_demography	500	education	0.814799877992251	-0.00795006941627363	
lead_demography	500	art_found	581.0	12.0	
lead_demography	500	art_studied	581.0	12.0	
lead_demography	500	art_bonus	0.2688	-0.0024000000000000132	
lead_demography	500	allure	0.6058972790751477	-0.00048013171188188153	
lead_demography	500	line_knowledge	5.5	-1.5	
lead_demography	500	line_institutions	3.5	-1.25	
lead_demography	500	line_culture	3.0	0.5	
lead_demography	500	line_labor	3.0	0.0	
lead_demography	500	line_production	5.0	0.75	
lead_demography	500	line_infrastructure	7.25	-0.75	
lead_demography	500	line_nutrition	3.0	0.75	
lead_demography	500	line_health	3.0	0.0	
lead_demography	500	line_demography	1.0	0.0	
lead_demography	500	line_logistics	2.5	0.5	
lead_demography	500	line_ecology	5.75	0.5	
lead_demography	500	line_security	3.5	0.0	
lead_demography	600	population	5272.304476064472	218.3617215168697	within
lead_demography	600	growth_pct	0.42353613280619595	-0.022491365867571833	within
lead_demography	600	life_expectancy	29.326266436755496	-0.046900964435586445	within
lead_demography	600	infant_mortality	185.13739943295008	0.33467438078594114	within
lead_demography	600	child_mortality_1_4	181.45133940758942	0.3356303039393822	within
lead_demography	600	maternal_per_100k	961.6877772648664	2.7185737265650687	within
lead_demography	600	tfr	4.7336671885423325	-0.05011588854788851	within
lead_demography	600	cbr	36.92250451994576	-1.218085133832929	below low
lead_demography	600	cdr	34.657633609359976	-0.5279123110095156	within
lead_demography	600	food_per_worker	5.741919459513644	-0.1659697514373626	
lead_demography	600	food_security	0.9767354685837527	-0.0010771962629059217	
lead_demography	600	food_share	34.70000000000001	0.0	ABOVE HIGH
lead_demography	600	diet	0.8600407680198451	-0.0016525188628458976	
lead_demography	600	health	0.9699999999999999	0.0	
lead_demography	600	labor_efficiency	0.880954154864948	-0.008414655092711776	
lead_demography	600	cap_production	0.7026873137281638	-0.0031113539295691828	
lead_demography	600	craft_output	0.42675260898836814	-0.0016473910116318602	
lead_demography	600	tool_quality	0.2983072423936499	-0.010092742651073405	
lead_demography	600	cap_infrastructure	0.7149024856021445	-0.0020427624764266517	
lead_demography	600	housing_ratio	1.0949790096483742	0.007063672892184236	
lead_demography	600	construction_rate	0.4257675577867851	-0.002632442213214903	
lead_demography	600	cap_logistics	0.48380059148637533	-0.0008860019133503094	
lead_demography	600	trade_capacity	0.3319376688481902	-0.012034780311828863	
lead_demography	600	ecology	0.792666666666687	1.5947498877011412e-10	
lead_demography	600	ground_health	0.750299860211531	0.003104907396170531	
lead_demography	600	cap_institutions	0.786175897753344	-0.0015937079044379132	
lead_demography	600	legitimacy	0.8592441727547269	-0.0019265204759479904	
lead_demography	600	state_capacity	0.33037042180631493	-0.0031295177513177563	
lead_demography	600	cap_security	0.614725525187248	-0.00941127853318191	
lead_demography	600	warfare_readiness	0.36738352319607953	-0.02923541622947734	
lead_demography	600	cap_culture	0.6582459094656424	-0.0011160380443556717	
lead_demography	600	cohesion	0.5062981828934582	-0.0006657522272618399	
lead_demography	600	known	937.25	-19.0	
lead_demography	600	per_century	37.0	7.75	
lead_demography	600	per_50	30.263157894736842	2.192982456140353	below low
lead_demography	600	education	0.8332996872256158	-0.0015377796688337275	
lead_demography	600	art_found	581.0	12.0	
lead_demography	600	art_studied	581.0	12.0	
lead_demography	600	art_bonus	0.28559999999999997	0.0	
lead_demography	600	allure	0.6066491818931286	-0.00022320760887106772	
lead_demography	600	line_knowledge	5.25	1.25	
lead_demography	600	line_institutions	0.75	0.25	
lead_demography	600	line_culture	3.25	-0.25	
lead_demography	600	line_labor	1.0	0.0	
lead_demography	600	line_production	4.5	-0.75	
lead_demography	600	line_infrastructure	7.75	5.75	
lead_demography	600	line_nutrition	1.0	0.0	
lead_demography	600	line_health	2.25	0.25	
lead_demography	600	line_demography	1.75	0.0	
lead_demography	600	line_logistics	2.5	0.0	
lead_demography	600	line_ecology	2.0	-0.25	
lead_demography	600	line_security	5.0	1.5	
lead_logistics	100	population	152.90005919782288	-62.67341518397174	within
lead_logistics	100	growth_pct	0.37017436543750615	-0.6867197282720144	within
lead_logistics	100	life_expectancy	28.11624893565225	-0.5749304139680405	within
lead_logistics	100	infant_mortality	204.99432070447946	10.14095143462876	within
lead_logistics	100	child_mortality_1_4	191.95583664147134	5.022673560398829	within
lead_logistics	100	maternal_per_100k	1468.636191705713	364.2320308019134	within
lead_logistics	100	tfr	5.747844698771459	-0.10246783603311194	within
lead_logistics	100	cbr	44.767172284455484	-0.3238925742628922	within
lead_logistics	100	cdr	36.709095206155794	1.6187894701477887	within
lead_logistics	100	food_per_worker	5.900750189003321	-0.8488564840524555	
lead_logistics	100	food_security	0.9793068783609582	-0.0005923563395729969	
lead_logistics	100	food_share	34.70000000000001	0.0	OUT OF BOUNDS
lead_logistics	100	diet	0.7763975593644665	-0.054694039927333904	
lead_logistics	100	health	0.9699999999999999	0.0	
lead_logistics	100	labor_efficiency	0.8583598951952587	-0.001231121591809714	
lead_logistics	100	cap_production	0.6279636654491275	-0.007547981451445529	
lead_logistics	100	craft_output	0.06520988787679431	-0.075829974088831	
lead_logistics	100	tool_quality	0.09451231910783482	-0.031606581237087136	
lead_logistics	100	cap_infrastructure	0.5736492655769472	-0.0729986639713952	
lead_logistics	100	housing_ratio	1.0832034362858658	0.0021783453608010817	
lead_logistics	100	construction_rate	0.10046833642759787	-0.07095882957325497	
lead_logistics	100	cap_logistics	0.356407474362769	0.0030920434439364874	
lead_logistics	100	trade_capacity	0.1063880936754022	-0.03379314052405902	
lead_logistics	100	ecology	0.7928058551448837	6.213424432188752e-06	
lead_logistics	100	ground_health	0.9999999999999691	0.01462469205003214	
lead_logistics	100	cap_institutions	0.6754916277536496	-0.02582535327961033	
lead_logistics	100	legitimacy	0.8067434905634211	-0.013602761117855966	
lead_logistics	100	state_capacity	0.0617651984890228	-0.06906990914116858	
lead_logistics	100	cap_security	0.483595988970404	-0.018898085209203774	
lead_logistics	100	warfare_readiness	0.10619864496424623	-0.031164096302484248	
lead_logistics	100	cap_culture	0.5995871811171535	-0.01752611110006108	
lead_logistics	100	cohesion	0.46957955325807876	-0.012666448451268075	
lead_logistics	100	known	205.0	-126.25	
lead_logistics	100	per_century	90.0	-69.0	
lead_logistics	100	per_50	23.940677966101696	-37.07627118644068	below low
lead_logistics	100	education	0.7230821398386005	-0.02286224670623349	
lead_logistics	100	art_found	421.75	-38.25	
lead_logistics	100	art_studied	96.0	-13.5	
lead_logistics	100	art_bonus	0.16601999999999978	-0.0019799999999997875	
lead_logistics	100	allure	0.5949174362234086	-0.003505222220033688	
lead_logistics	100	line_knowledge	7.5	-2.75	
lead_logistics	100	line_institutions	5.5	-6.75	
lead_logistics	100	line_culture	7.0	-8.25	
lead_logistics	100	line_labor	6.75	-5.5	
lead_logistics	100	line_production	7.75	-7.5	
lead_logistics	100	line_infrastructure	6.25	-8.75	
lead_logistics	100	line_nutrition	11.25	-7.75	
lead_logistics	100	line_health	5.5	-7.5	
lead_logistics	100	line_demography	7.5	-5.5	
lead_logistics	100	line_logistics	10.0	-1.75	
lead_logistics	100	line_ecology	7.75	-4.25	
lead_logistics	100	line_security	7.25	-2.75	
lead_logistics	200	population	426.87640793727525	-172.6232667967385	within
lead_logistics	200	growth_pct	1.110947016878655	0.30440104313934624	above high (allowed)
lead_logistics	200	life_expectancy	28.722942182534307	-1.1371766084008677	within
lead_logistics	200	infant_mortality	194.2409498855844	12.174745389672808	within
lead_logistics	200	child_mortality_1_4	186.6246260588953	10.581932309691894	within
lead_logistics	200	maternal_per_100k	1132.4882610275542	62.95627299309217	within
lead_logistics	200	tfr	5.88136061791139	0.06700180010928136	within
lead_logistics	200	cbr	45.45030002099283	1.5313586910902899	within
lead_logistics	200	cdr	34.753238806496505	2.1887338183922935	within
lead_logistics	200	food_per_worker	6.522240891176154	-0.2802270568010732	
lead_logistics	200	food_security	0.9795357776384411	-6.860180500112278e-06	
lead_logistics	200	food_share	34.70000000000001	0.0	OUT OF BOUNDS
lead_logistics	200	diet	0.8663987355683433	-0.033758450676085405	
lead_logistics	200	health	0.9699999999999999	0.0	
lead_logistics	200	labor_efficiency	0.8592511805693579	-0.0033150618441805113	
lead_logistics	200	cap_production	0.6356839465845273	-0.015621756531388753	
lead_logistics	200	craft_output	0.14855682605780018	-0.07127390012660784	
lead_logistics	200	tool_quality	0.11305136943160941	-0.07390920720439843	
lead_logistics	200	cap_infrastructure	0.6537355079906161	-0.005911253224039514	
lead_logistics	200	housing_ratio	1.082672877370579	0.001681087404322934	
lead_logistics	200	construction_rate	0.1988311075809341	-0.01536076247448262	
lead_logistics	200	cap_logistics	0.3783752207388316	-0.006276894466450356	
lead_logistics	200	trade_capacity	0.17887615639403107	-0.028511955197502187	
lead_logistics	200	ecology	0.7926668600308011	8.631845349604816e-09	
lead_logistics	200	ground_health	0.9410165727411085	0.03451360423582839	
lead_logistics	200	cap_institutions	0.7000006273491002	-0.03443739136046875	
lead_logistics	200	legitimacy	0.8219819899174002	-0.01900773070911632	
lead_logistics	200	state_capacity	0.11191190859726603	-0.07521307215274038	
lead_logistics	200	cap_security	0.5116985542537837	-0.02480520566506117	
lead_logistics	200	warfare_readiness	0.16110864697811283	-0.058861040846561685	
lead_logistics	200	cap_culture	0.6177448689078043	-0.01705863578803768	
lead_logistics	200	cohesion	0.47919462732047335	-0.010334686905114021	
lead_logistics	200	known	395.0	-167.0	
lead_logistics	200	per_century	93.75	20.0	
lead_logistics	200	per_50	24.12790697674419	-4.0697674418604635	below low
lead_logistics	200	education	0.7464214181945871	-0.022642158929083167	
lead_logistics	200	art_found	541.0	-26.25	
lead_logistics	200	art_studied	315.5	-111.5	
lead_logistics	200	art_bonus	0.18675	-0.01125000000000101	
lead_logistics	200	allure	0.5985489737815608	-0.0034117271576075137	
lead_logistics	200	line_knowledge	5.0	-4.0	
lead_logistics	200	line_institutions	8.5	3.5	
lead_logistics	200	line_culture	11.5	8.25	
lead_logistics	200	line_labor	10.0	5.5	
lead_logistics	200	line_production	6.25	-8.25	
lead_logistics	200	line_infrastructure	8.25	4.0	
lead_logistics	200	line_nutrition	11.5	1.25	
lead_logistics	200	line_health	8.25	4.0	
lead_logistics	200	line_demography	8.0	5.0	
lead_logistics	200	line_logistics	2.0	-2.0	
lead_logistics	200	line_ecology	7.0	0.5	
lead_logistics	200	line_security	7.5	2.25	
lead_logistics	300	population	1206.473481980235	-289.09366827169856	within
lead_logistics	300	growth_pct	0.7540495376005957	0.17250315268188265	within
lead_logistics	300	life_expectancy	29.601888966585683	-0.14754369950802015	within
lead_logistics	300	infant_mortality	184.57672746948387	1.7368005648242217	within
lead_logistics	300	child_mortality_1_4	178.643526654675	1.467315449171906	within
lead_logistics	300	maternal_per_100k	1061.7042384173276	10.820349220392245	within
lead_logistics	300	tfr	5.721334633537844	0.25782148945760497	within
lead_logistics	300	cbr	48.28419941030018	0.598343743532233	ABOVE HIGH
lead_logistics	300	cdr	36.61701927771068	-0.9283815362531911	within
lead_logistics	300	food_per_worker	6.204132380834599	-0.19136147702887918	
lead_logistics	300	food_security	0.9791632612216399	-0.00017194140277698722	
lead_logistics	300	food_share	34.70000000000001	0.0	OUT OF BOUNDS
lead_logistics	300	diet	0.9118897299288369	-0.004274605326495373	
lead_logistics	300	health	0.9699999999999999	0.0	
lead_logistics	300	labor_efficiency	0.86490931357168	-0.0110665444264757	
lead_logistics	300	cap_production	0.6506481627217688	-0.01724231353858241	
lead_logistics	300	craft_output	0.22262866354258085	-0.04445272988642793	
lead_logistics	300	tool_quality	0.14293679969106216	-0.07649517564190145	
lead_logistics	300	cap_infrastructure	0.664427302563147	-0.009275714425758141	
lead_logistics	300	housing_ratio	1.0806406185167243	-0.00793513977836624	
lead_logistics	300	construction_rate	0.23373053104603952	-0.0405025233607435	
lead_logistics	300	cap_logistics	0.40510760317194183	-0.01516686890669322	
lead_logistics	300	trade_capacity	0.218593912023269	-0.010455987020746321	
lead_logistics	300	ecology	0.792666666935293	1.1991518888976316e-11	
lead_logistics	300	ground_health	0.8509462680034342	0.026205964834282502	
lead_logistics	300	cap_institutions	0.736935663276914	-0.015536824264967275	
lead_logistics	300	legitimacy	0.8400500025181152	-0.009731623119298316	
lead_logistics	300	state_capacity	0.1974743901940254	-0.02730867832745118	
lead_logistics	300	cap_security	0.5431675444845481	-0.01534618465191595	
lead_logistics	300	warfare_readiness	0.22264056897818718	-0.024225146839023576	
lead_logistics	300	cap_culture	0.6340760245611704	-0.010176011476068059	
lead_logistics	300	cohesion	0.489055497790897	-0.008295963339347734	
lead_logistics	300	known	596.75	-83.75	
lead_logistics	300	per_century	86.0	38.5	
lead_logistics	300	per_50	32.278481012658226	8.544303797468352	below low
lead_logistics	300	education	0.7649421567928956	-0.023482352850674237	
lead_logistics	300	art_found	549.25	-19.75	
lead_logistics	300	art_studied	549.25	-19.75	
lead_logistics	300	art_bonus	0.21797999999999998	-0.003982500000000028	
lead_logistics	300	allure	0.6018152049122341	-0.0020352022952135895	
lead_logistics	300	line_knowledge	9.75	5.25	
lead_logistics	300	line_institutions	5.25	1.25	
lead_logistics	300	line_culture	7.75	3.5	
lead_logistics	300	line_labor	3.75	2.75	
lead_logistics	300	line_production	10.0	5.0	
lead_logistics	300	line_infrastructure	8.0	-0.5	
lead_logistics	300	line_nutrition	12.0	7.0	
lead_logistics	300	line_health	6.5	3.5	
lead_logistics	300	line_demography	3.25	3.25	
lead_logistics	300	line_logistics	5.25	-1.25	
lead_logistics	300	line_ecology	8.75	5.75	
lead_logistics	300	line_security	5.75	3.0	
lead_logistics	400	population	2726.516849747344	-14.93276125191369	within
lead_logistics	400	growth_pct	0.8750291088894246	0.08866480700432389	within
lead_logistics	400	life_expectancy	29.179299272965675	-0.15656767610296995	within
lead_logistics	400	infant_mortality	186.0658070671949	1.0293292152029778	within
lead_logistics	400	child_mortality_1_4	181.72431524522693	1.016331310298142	within
lead_logistics	400	maternal_per_100k	1005.4163185337903	12.953753156708672	within
lead_logistics	400	tfr	4.944993470014154	-0.26544341738651944	within
lead_logistics	400	cbr	39.23277441879461	-1.4795626965952593	within
lead_logistics	400	cdr	35.16282786751273	1.1578919692961236	within
lead_logistics	400	food_per_worker	5.989023538770468	-0.19862290505461289	
lead_logistics	400	food_security	0.9793221077562647	-0.00036941992584005323	
lead_logistics	400	food_share	34.70000000000001	0.0	ABOVE HIGH
lead_logistics	400	diet	0.8935789460736778	-0.0024057602187250726	
lead_logistics	400	health	0.9699999999999999	0.0	
lead_logistics	400	labor_efficiency	0.8792124733052914	-0.0032607650126762477	
lead_logistics	400	cap_production	0.6783413594348912	-0.010491202795974375	
lead_logistics	400	craft_output	0.2984955937974133	-0.03678196663881156	
lead_logistics	400	tool_quality	0.21014120538324266	-0.08325539158891282	
lead_logistics	400	cap_infrastructure	0.6796353394272142	-0.00652750540652014	
lead_logistics	400	housing_ratio	1.0931374407454393	0.010123938685249412	
lead_logistics	400	construction_rate	0.30036512423292494	-0.019498185804274204	
lead_logistics	400	cap_logistics	0.4458352933476023	-0.0009312485966710415	
lead_logistics	400	trade_capacity	0.2592769809496754	-0.006632139070207987	
lead_logistics	400	ecology	0.7926666666670401	8.262922044721677e-05	
lead_logistics	400	ground_health	0.7773530908361803	0.004798858819971663	
lead_logistics	400	cap_institutions	0.7654633445259811	-0.0017766699164856181	
lead_logistics	400	legitimacy	0.8554354218262789	-0.0007118614650933885	
lead_logistics	400	state_capacity	0.25247532002024364	-0.011541980826969833	
lead_logistics	400	cap_security	0.5737697704226064	-0.0030649422152193573	
lead_logistics	400	warfare_readiness	0.2687741548744957	-0.017396825679143302	
lead_logistics	400	cap_culture	0.6512012064772055	-0.0007195216831521467	
lead_logistics	400	cohesion	0.5036855835895891	0.0011472000463929044	
lead_logistics	400	known	746.0	-50.0	
lead_logistics	400	per_century	70.5	13.0	
lead_logistics	400	per_50	36.85897435897436	8.333333333333332	within
lead_logistics	400	education	0.7940851753714759	-0.009925115303357712	
lead_logistics	400	art_found	549.25	-19.75	
lead_logistics	400	art_studied	549.25	-19.75	
lead_logistics	400	art_bonus	0.244825	-0.003899999999999987	
lead_logistics	400	allure	0.6052402412954412	-0.0001439043366302517	
lead_logistics	400	line_knowledge	6.0	0.75	
lead_logistics	400	line_institutions	4.25	0.25	
lead_logistics	400	line_culture	5.75	-1.75	
lead_logistics	400	line_labor	6.75	0.0	
lead_logistics	400	line_production	10.5	6.0	
lead_logistics	400	line_infrastructure	10.0	-0.25	
lead_logistics	400	line_nutrition	6.5	1.25	
lead_logistics	400	line_health	4.0	1.25	
lead_logistics	400	line_demography	2.5	1.25	
lead_logistics	400	line_logistics	4.75	-0.25	
lead_logistics	400	line_ecology	5.75	4.75	
lead_logistics	400	line_security	3.75	-0.25	
lead_logistics	500	population	3617.619413102907	2.3203091620089253	within
lead_logistics	500	growth_pct	0.7997043351270938	0.32203332978490706	within
lead_logistics	500	life_expectancy	29.007335346784302	-0.14611169814564562	within
lead_logistics	500	infant_mortality	187.57373671815077	0.8907684457198002	within
lead_logistics	500	child_mortality_1_4	183.37918304561802	0.8898337219376629	within
lead_logistics	500	maternal_per_100k	981.7271720881055	6.232338320160807	within
lead_logistics	500	tfr	4.975937305518164	0.14344896080471958	within
lead_logistics	500	cbr	39.99436392441967	0.3706704697686405	within
lead_logistics	500	cdr	35.3427805550199	-0.6071668080509767	within
lead_logistics	500	food_per_worker	6.187708049688867	0.08335737522160169	
lead_logistics	500	food_security	0.9787401751152547	0.00014577136116789013	
lead_logistics	500	food_share	34.70000000000001	0.0	ABOVE HIGH
lead_logistics	500	diet	0.8851646033266738	-0.0010821826285641878	
lead_logistics	500	health	0.9699999999999999	0.0	
lead_logistics	500	labor_efficiency	0.8843095944996138	0.0011725488042594323	
lead_logistics	500	cap_production	0.6925370268841986	-0.00906338204825885	
lead_logistics	500	craft_output	0.3533089224887545	-0.018271607100880938	
lead_logistics	500	tool_quality	0.24988634566870155	-0.05815608004907463	
lead_logistics	500	cap_infrastructure	0.6899774070504889	-0.011718740655107696	
lead_logistics	500	housing_ratio	1.1014870936578909	0.0015273153107209225	
lead_logistics	500	construction_rate	0.33292673850819104	-0.04415910273922086	
lead_logistics	500	cap_logistics	0.47394813640411987	-0.0037970078205277757	
lead_logistics	500	trade_capacity	0.30152029556177007	-0.01276775417713738	
lead_logistics	500	ecology	0.792666666666687	1.147905962506357e-07	
lead_logistics	500	ground_health	0.7618514863217861	-0.003053445157079171	
lead_logistics	500	cap_institutions	0.778351642526941	-0.0048874235600268046	
lead_logistics	500	legitimacy	0.8591505126185184	-0.0006631919695612165	
lead_logistics	500	state_capacity	0.2914409718298498	-0.021158726128848226	
lead_logistics	500	cap_security	0.5915318968846834	-0.006734387068711434	
lead_logistics	500	warfare_readiness	0.3076974404917094	-0.016604458475259765	
lead_logistics	500	cap_culture	0.6563374854854842	-0.0005495684496636954	
lead_logistics	500	cohesion	0.5079183861390759	-9.876993833057846e-05	
lead_logistics	500	known	841.75	-45.75	
lead_logistics	500	per_century	47.75	1.25	
lead_logistics	500	per_50	37.698412698412696	0.39682539682539186	within
lead_logistics	500	education	0.8134553206099423	-0.009294626798582284	
lead_logistics	500	art_found	549.25	-19.75	
lead_logistics	500	art_studied	549.25	-19.75	
lead_logistics	500	art_bonus	0.26699999999999996	-0.004200000000000037	
lead_logistics	500	allure	0.6062674970970968	-0.00010991368993273909	
lead_logistics	500	line_knowledge	4.5	-2.5	
lead_logistics	500	line_institutions	3.75	-1.0	
lead_logistics	500	line_culture	4.25	1.75	
lead_logistics	500	line_labor	3.0	0.0	
lead_logistics	500	line_production	10.0	5.75	
lead_logistics	500	line_infrastructure	6.0	-2.0	
lead_logistics	500	line_nutrition	3.0	0.75	
lead_logistics	500	line_health	2.0	-1.0	
lead_logistics	500	line_demography	1.25	0.25	
lead_logistics	500	line_logistics	1.5	-0.5	
lead_logistics	500	line_ecology	5.75	0.5	
lead_logistics	500	line_security	2.75	-0.75	
lead_logistics	600	population	4114.843771437704	-939.0989831098977	within
lead_logistics	600	growth_pct	0.3991813341739453	-0.046846164499822485	within
lead_logistics	600	life_expectancy	29.430623206147562	0.057455804956479284	within
lead_logistics	600	infant_mortality	184.11187945274787	-0.6908455994162637	within
lead_logistics	600	child_mortality_1_4	180.4162080796445	-0.6995010240055421	within
lead_logistics	600	maternal_per_100k	966.805763585935	7.836560047633611	within
lead_logistics	600	tfr	5.0019971031956985	0.21821402610547747	within
lead_logistics	600	cbr	39.23924353859718	1.0986538848184892	within
lead_logistics	600	cdr	34.35312915945223	-0.8324167609172619	within
lead_logistics	600	food_per_worker	5.980822677832591	0.07293346688158397	
lead_logistics	600	food_security	0.9783153719996656	0.0005027071530069316	
lead_logistics	600	food_share	34.70000000000001	0.0	ABOVE HIGH
lead_logistics	600	diet	0.8811989859761977	0.019505699093506745	
lead_logistics	600	health	0.9699999999999999	0.0	
lead_logistics	600	labor_efficiency	0.8874202087653058	-0.0019486011923539603	
lead_logistics	600	cap_production	0.6948967515757576	-0.010901916081975438	
lead_logistics	600	craft_output	0.4184275008933142	-0.009972499106685795	
lead_logistics	600	tool_quality	0.26024969933505304	-0.04815028570967028	
lead_logistics	600	cap_infrastructure	0.7103620413095384	-0.00658320676903279	
lead_logistics	600	housing_ratio	1.0910597240783677	0.0031443873221776997	
lead_logistics	600	construction_rate	0.4170093355266984	-0.011390664473301615	
lead_logistics	600	cap_logistics	0.4832141473611032	-0.0014724460386224547	
lead_logistics	600	trade_capacity	0.32681971523641995	-0.017152733923599117	
lead_logistics	600	ecology	0.7926676766452586	1.010138046653175e-06	
lead_logistics	600	ground_health	0.7556127115179373	0.008417758702576883	
lead_logistics	600	cap_institutions	0.7845411160975739	-0.0032284895602079366	
lead_logistics	600	legitimacy	0.8596649321894396	-0.0015057610412352318	
lead_logistics	600	state_capacity	0.3290729888266028	-0.004426950731029888	
lead_logistics	600	cap_security	0.6098858487822002	-0.014250954938229698	
lead_logistics	600	warfare_readiness	0.360594165223735	-0.036024774201821874	
lead_logistics	600	cap_culture	0.6575343970397363	-0.0018275504702618406	
lead_logistics	600	cohesion	0.5060578436038139	-0.0009060915169061268	
lead_logistics	600	known	916.5	-39.75	
lead_logistics	600	per_century	34.75	5.5	
lead_logistics	600	per_50	25.87719298245614	-2.1929824561403493	below low
lead_logistics	600	education	0.8325794684843721	-0.0022579984100773443	
lead_logistics	600	art_found	549.25	-19.75	
lead_logistics	600	art_studied	549.25	-19.75	
lead_logistics	600	art_bonus	0.2832	-0.0023999999999999577	
lead_logistics	600	allure	0.6065068794079472	-0.0003655100940523903	
lead_logistics	600	line_knowledge	5.5	1.5	
lead_logistics	600	line_institutions	0.5	0.0	
lead_logistics	600	line_culture	3.0	-0.5	
lead_logistics	600	line_labor	1.0	0.0	
lead_logistics	600	line_production	4.75	-0.5	
lead_logistics	600	line_infrastructure	8.75	6.75	
lead_logistics	600	line_nutrition	1.0	0.0	
lead_logistics	600	line_health	1.25	-0.75	
lead_logistics	600	line_demography	0.25	-1.5	
lead_logistics	600	line_logistics	2.0	-0.5	
lead_logistics	600	line_ecology	2.25	0.0	
lead_logistics	600	line_security	4.5	1.0	
lead_ecology	100	population	193.0714204690072	-22.50205391278743	within
lead_ecology	100	growth_pct	0.8563136798767634	-0.20058041383275715	within
lead_ecology	100	life_expectancy	28.09555525507875	-0.5956240945415416	within
lead_ecology	100	infant_mortality	208.877434070877	14.024064801026299	within
lead_ecology	100	child_mortality_1_4	191.766286228912	4.833123147839501	within
lead_ecology	100	maternal_per_100k	1502.3886885061725	397.98452760237296	within
lead_ecology	100	tfr	5.705109973485879	-0.14520256131869225	within
lead_ecology	100	cbr	44.709565064633	-0.3814997940853786	within
lead_ecology	100	cdr	36.65686165689981	1.5665559208918012	within
lead_ecology	100	food_per_worker	6.633182412202092	-0.11642426085368474	
lead_ecology	100	food_security	0.9798126910029962	-8.654369753502422e-05	
lead_ecology	100	food_share	34.70000000000001	0.0	OUT OF BOUNDS
lead_ecology	100	diet	0.7839469403866655	-0.04714465890513497	
lead_ecology	100	health	0.9699999999999999	0.0	
lead_ecology	100	labor_efficiency	0.8626166196380296	0.0030256028509612065	
lead_ecology	100	cap_production	0.6337267042039681	-0.0017849426966048965	
lead_ecology	100	craft_output	0.0835601277380667	-0.057479734227558615	
lead_ecology	100	tool_quality	0.09363793649144668	-0.03248096385347528	
lead_ecology	100	cap_infrastructure	0.5832161103877975	-0.06343181916054486	
lead_ecology	100	housing_ratio	1.0825775513021187	0.0015524603770540324	
lead_ecology	100	construction_rate	0.10783029624908402	-0.06359686975176881	
lead_ecology	100	cap_logistics	0.3418326081995503	-0.011482822719282193	
lead_ecology	100	trade_capacity	0.06259164337995798	-0.07758959081950323	
lead_ecology	100	ecology	0.79279810168394	-1.5400365114270897e-06	
lead_ecology	100	ground_health	0.9905051729263833	0.005129864976446297	
lead_ecology	100	cap_institutions	0.6878846414554685	-0.013432339577791441	
lead_ecology	100	legitimacy	0.8142633993054401	-0.006082852375836945	
lead_ecology	100	state_capacity	0.0878270914437861	-0.043008016186405276	
lead_ecology	100	cap_security	0.49479627179313	-0.00769780238647777	
lead_ecology	100	warfare_readiness	0.12253788502543768	-0.014824856241292803	
lead_ecology	100	cap_culture	0.6066062386789263	-0.010507053538288291	
lead_ecology	100	cohesion	0.47539301417622865	-0.006852987533118193	
lead_ecology	100	known	228.5	-102.75	
lead_ecology	100	per_century	105.25	-53.75	
lead_ecology	100	per_50	25.0	-36.016949152542374	below low
lead_ecology	100	education	0.725632271677161	-0.020312114867672926	
lead_ecology	100	art_found	432.25	-27.75	
lead_ecology	100	art_studied	109.25	-0.25	
lead_ecology	100	art_bonus	0.1675499999999997	-0.0004499999999998672	
lead_ecology	100	allure	0.5963212477357851	-0.0021014107076572364	
lead_ecology	100	line_knowledge	7.0	-3.25	
lead_ecology	100	line_institutions	8.75	-3.5	
lead_ecology	100	line_culture	12.0	-3.25	
lead_ecology	100	line_labor	10.0	-2.25	
lead_ecology	100	line_production	8.5	-6.75	
lead_ecology	100	line_infrastructure	7.5	-7.5	
lead_ecology	100	line_nutrition	12.5	-6.5	
lead_ecology	100	line_health	6.25	-6.75	
lead_ecology	100	line_demography	7.25	-5.75	
lead_ecology	100	line_logistics	5.75	-6.0	
lead_ecology	100	line_ecology	12.0	0.0	
lead_ecology	100	line_security	7.75	-2.25	
lead_ecology	200	population	539.9023957194809	-59.59727901453289	within
lead_ecology	200	growth_pct	1.147075133051395	0.34052915931208627	above high (allowed)
lead_ecology	200	life_expectancy	29.715524806511766	-0.14459398442340898	within
lead_ecology	200	infant_mortality	183.43553556838754	1.3693310724759442	above high (allowed)
lead_ecology	200	child_mortality_1_4	177.1659798580597	1.1232861088562913	within
lead_ecology	200	maternal_per_100k	1076.6363490585222	7.104361024060154	within
lead_ecology	200	tfr	5.751351243508375	-0.06300757429373416	within
lead_ecology	200	cbr	44.68601963389784	0.7670783039953051	within
lead_ecology	200	cdr	34.03343064537616	1.4689256572719458	within
lead_ecology	200	food_per_worker	6.697624112012675	-0.10484383596455249	
lead_ecology	200	food_security	0.9796224420379698	7.980421902853418e-05	
lead_ecology	200	food_share	34.70000000000001	0.0	OUT OF BOUNDS
lead_ecology	200	diet	0.8911316586432975	-0.009025527601131289	
lead_ecology	200	health	0.9699999999999999	0.0	
lead_ecology	200	labor_efficiency	0.8680350035198845	0.005468761106346087	
lead_ecology	200	cap_production	0.6396302732717913	-0.01167542984412473	
lead_ecology	200	craft_output	0.16422632905934198	-0.05560439712506604	
lead_ecology	200	tool_quality	0.12319731822154152	-0.06376325841446633	
lead_ecology	200	cap_infrastructure	0.6562046555237027	-0.0034421056909529346	
lead_ecology	200	housing_ratio	1.0830560782019418	0.0020642882356858294	
lead_ecology	200	construction_rate	0.20689046167872982	-0.007301408376686913	
lead_ecology	200	cap_logistics	0.3712355237166076	-0.013416591488674356	
lead_ecology	200	trade_capacity	0.12255712181594655	-0.0848309897755867	
lead_ecology	200	ecology	0.7926668492594984	-2.1394573890276547e-09	
lead_ecology	200	ground_health	0.9111672286354049	0.0046642601301247755	
lead_ecology	200	cap_institutions	0.7088407557370386	-0.025597262972530288	
lead_ecology	200	legitimacy	0.8294154217828058	-0.01157429884371075	
lead_ecology	200	state_capacity	0.11671530152720097	-0.07040967922280544	
lead_ecology	200	cap_security	0.5187626706845528	-0.017741089234292073	
lead_ecology	200	warfare_readiness	0.16833076091336105	-0.05163892691131347	
lead_ecology	200	cap_culture	0.6247978437494593	-0.010005660946382666	
lead_ecology	200	cohesion	0.48231142318987985	-0.007217891035707524	
lead_ecology	200	known	445.0	-117.0	
lead_ecology	200	per_century	109.25	35.5	
lead_ecology	200	per_50	29.941860465116278	1.7441860465116257	below low
lead_ecology	200	education	0.7454310875148573	-0.023632489608812923	
lead_ecology	200	art_found	546.5	-20.75	
lead_ecology	200	art_studied	387.25	-39.75	
lead_ecology	200	art_bonus	0.19274999999999998	-0.005250000000001032	
lead_ecology	200	allure	0.5999595687498919	-0.0020011321892764444	
lead_ecology	200	line_knowledge	6.25	-2.75	
lead_ecology	200	line_institutions	8.0	3.0	
lead_ecology	200	line_culture	12.75	9.5	
lead_ecology	200	line_labor	6.5	2.0	
lead_ecology	200	line_production	10.75	-3.75	
lead_ecology	200	line_infrastructure	8.25	4.0	
lead_ecology	200	line_nutrition	12.0	1.75	
lead_ecology	200	line_health	11.25	7.0	
lead_ecology	200	line_demography	9.75	6.75	
lead_ecology	200	line_logistics	8.75	4.75	
lead_ecology	200	line_ecology	7.0	0.5	
lead_ecology	200	line_security	8.0	2.75	
lead_ecology	300	population	1382.273110848149	-113.29403940378461	within
lead_ecology	300	growth_pct	0.5909582945465452	0.009411909627832227	within
lead_ecology	300	life_expectancy	29.85512152379423	0.10568885770052816	within
lead_ecology	300	infant_mortality	181.87609018708378	-0.9638367175758731	within
lead_ecology	300	child_mortality_1_4	176.22491463021828	-0.9512965752848004	within
lead_ecology	300	maternal_per_100k	1055.7928314855833	4.90894228864795	within
lead_ecology	300	tfr	5.7278572164410955	0.26434407236085633	within
lead_ecology	300	cbr	45.9609230746148	-1.7249325921531522	within
lead_ecology	300	cdr	34.34370707270283	-3.201693741261046	within
lead_ecology	300	food_per_worker	6.26413711376466	-0.13135674409881837	
lead_ecology	300	food_security	0.9787958251824805	-0.0005393774419363284	
lead_ecology	300	food_share	34.70000000000001	0.0	OUT OF BOUNDS
lead_ecology	300	diet	0.9151574309350835	-0.001006904320248747	
lead_ecology	300	health	0.9699999999999999	0.0	
lead_ecology	300	labor_efficiency	0.8658461685596153	-0.010129689438540423	
lead_ecology	300	cap_production	0.6514370806700285	-0.016453395590322772	
lead_ecology	300	craft_output	0.23749589723317593	-0.02958549619583284	
lead_ecology	300	tool_quality	0.14768111510807055	-0.07175086022489305	
lead_ecology	300	cap_infrastructure	0.6646498415328455	-0.009053175456059659	
lead_ecology	300	housing_ratio	1.0851448578419354	-0.0034309004531551945	
lead_ecology	300	construction_rate	0.23385741953696232	-0.04037563486982071	
lead_ecology	300	cap_logistics	0.4081275560593585	-0.012146916019276532	
lead_ecology	300	trade_capacity	0.20899107934548963	-0.020058819698525687	
lead_ecology	300	ecology	0.792666666920329	-2.9724001038289316e-12	
lead_ecology	300	ground_health	0.8387484205435518	0.014008117374400109	
lead_ecology	300	cap_institutions	0.7420730679864772	-0.010399419555404021	
lead_ecology	300	legitimacy	0.8428529348769016	-0.006928690760511946	
lead_ecology	300	state_capacity	0.20746712228565603	-0.017315946235820556	
lead_ecology	300	cap_security	0.5481385047312635	-0.010375224405200556	
lead_ecology	300	warfare_readiness	0.238565797215327	-0.008299918601883755	
lead_ecology	300	cap_culture	0.6365518325851233	-0.007700203452115195	
lead_ecology	300	cohesion	0.4897494696268434	-0.007601991503401351	
lead_ecology	300	known	629.5	-51.0	
lead_ecology	300	per_century	65.5	18.0	
lead_ecology	300	per_50	28.79746835443038	5.063291139240505	below low
lead_ecology	300	education	0.7672721252986416	-0.021152384344928166	
lead_ecology	300	art_found	549.0	-20.0	
lead_ecology	300	art_studied	549.0	-20.0	
lead_ecology	300	art_bonus	0.217845	-0.004117499999999996	
lead_ecology	300	allure	0.6023103665170246	-0.0015400406904230168	
lead_ecology	300	line_knowledge	4.75	0.25	
lead_ecology	300	line_institutions	5.5	1.5	
lead_ecology	300	line_culture	5.25	1.0	
lead_ecology	300	line_labor	1.75	0.75	
lead_ecology	300	line_production	8.75	3.75	
lead_ecology	300	line_infrastructure	7.0	-1.5	
lead_ecology	300	line_nutrition	8.75	3.75	
lead_ecology	300	line_health	3.0	0.0	
lead_ecology	300	line_demography	0.25	0.25	
lead_ecology	300	line_logistics	11.75	5.25	
lead_ecology	300	line_ecology	3.0	0.0	
lead_ecology	300	line_security	5.75	3.0	
lead_ecology	400	population	2786.250754679405	44.801143680147106	within
lead_ecology	400	growth_pct	0.6933910001858057	-0.09297330169929507	within
lead_ecology	400	life_expectancy	29.124625263612792	-0.2112416854558532	within
lead_ecology	400	infant_mortality	186.54238179926645	1.5059039472745326	within
lead_ecology	400	child_mortality_1_4	182.20255353235376	1.4945695974249702	within
lead_ecology	400	maternal_per_100k	1000.8983251808079	8.435759803726228	within
lead_ecology	400	tfr	4.891547150309296	-0.3188897370913777	within
lead_ecology	400	cbr	38.892162646053976	-1.820174469335896	within
lead_ecology	400	cdr	35.29451674235251	1.2895808441359051	within
lead_ecology	400	food_per_worker	6.204382620715631	0.01673617689055007	
lead_ecology	400	food_security	0.9797128820686354	2.1354386530614278e-05	
lead_ecology	400	food_share	34.70000000000001	0.0	ABOVE HIGH
lead_ecology	400	diet	0.8910157723319075	-0.004968933960495359	
lead_ecology	400	health	0.9699999999999999	0.0	
lead_ecology	400	labor_efficiency	0.8814591739722344	-0.0010140643457332565	
lead_ecology	400	cap_production	0.6821216388504376	-0.006710923380427891	
lead_ecology	400	craft_output	0.3133312058723979	-0.021946354563826986	
lead_ecology	400	tool_quality	0.2364842624701229	-0.05691233450203256	
lead_ecology	400	cap_infrastructure	0.6802992888642432	-0.005863555969491174	
lead_ecology	400	housing_ratio	1.0941466921226086	0.011133190062418752	
lead_ecology	400	construction_rate	0.29985303622856485	-0.020010273808634294	
lead_ecology	400	cap_logistics	0.43954872953624785	-0.007217812408025492	
lead_ecology	400	trade_capacity	0.25963911764373215	-0.006270002376151218	
lead_ecology	400	ecology	0.7926666666670193	8.26292204264556e-05	
lead_ecology	400	ground_health	0.7699398891466166	-0.0026143428695920568	
lead_ecology	400	cap_institutions	0.7649102122154414	-0.0023298022270252794	
lead_ecology	400	legitimacy	0.8567576114086776	0.0006103281173053254	
lead_ecology	400	state_capacity	0.24740760857512784	-0.01660969227208564	
lead_ecology	400	cap_security	0.5768975540437031	6.284140587742293e-05	
lead_ecology	400	warfare_readiness	0.27869008511585963	-0.007480895437779356	
lead_ecology	400	cap_culture	0.6527069531754675	0.0007862250151098316	
lead_ecology	400	cohesion	0.5044781839574999	0.0019398004143036385	
lead_ecology	400	known	757.0	-39.0	
lead_ecology	400	per_century	63.5	6.0	
lead_ecology	400	per_50	35.25641025641026	6.730769230769237	within
lead_ecology	400	education	0.7984494056786051	-0.005560884996228532	
lead_ecology	400	art_found	549.0	-20.0	
lead_ecology	400	art_studied	549.0	-20.0	
lead_ecology	400	art_bonus	0.24489	-0.0038349999999999773	
lead_ecology	400	allure	0.6055413906350935	0.00015724500302205513	
lead_ecology	400	line_knowledge	5.5	0.25	
lead_ecology	400	line_institutions	2.75	-1.25	
lead_ecology	400	line_culture	5.25	-2.25	
lead_ecology	400	line_labor	6.75	0.0	
lead_ecology	400	line_production	13.0	8.5	
lead_ecology	400	line_infrastructure	9.0	-1.25	
lead_ecology	400	line_nutrition	5.75	0.5	
lead_ecology	400	line_health	4.0	1.25	
lead_ecology	400	line_demography	2.0	0.75	
lead_ecology	400	line_logistics	5.25	0.25	
lead_ecology	400	line_ecology	1.0	0.0	
lead_ecology	400	line_security	3.25	-0.75	
lead_ecology	500	population	3367.987027689487	-247.31207625141087	within
lead_ecology	500	growth_pct	0.4018965166406485	-0.07577448870153825	within
lead_ecology	500	life_expectancy	29.378974066647498	0.22552702171755	within
lead_ecology	500	infant_mortality	184.80142599598497	-1.8815422764459981	within
lead_ecology	500	child_mortality_1_4	180.6504658059606	-1.8388835177197507	within
lead_ecology	500	maternal_per_100k	980.9868606082048	5.49202684026011	within
lead_ecology	500	tfr	5.193457048323111	0.36096870360966715	within
lead_ecology	500	cbr	39.880679281159765	0.2569858265087319	within
lead_ecology	500	cdr	33.70303513913544	-2.246912223935439	within
lead_ecology	500	food_per_worker	6.212487053361943	0.10813637889467742	
lead_ecology	500	food_security	0.9787997653485868	0.00020536159450001978	
lead_ecology	500	food_share	34.70000000000001	0.0	ABOVE HIGH
lead_ecology	500	diet	0.8943030145714258	0.008056228616187822	
lead_ecology	500	health	0.9699999999999999	0.0	
lead_ecology	500	labor_efficiency	0.879814489556479	-0.003322556138875332	
lead_ecology	500	cap_production	0.6912529168162209	-0.010347492116236534	
lead_ecology	500	craft_output	0.3560835409585129	-0.015496988631122532	
lead_ecology	500	tool_quality	0.27526319670763927	-0.03277922901013691	
lead_ecology	500	cap_infrastructure	0.693165063018974	-0.00853108468662267	
lead_ecology	500	housing_ratio	1.0843393847540688	-0.01562039359310119	
lead_ecology	500	construction_rate	0.3492386105792356	-0.027847230668176293	
lead_ecology	500	cap_logistics	0.46696983710882356	-0.010775307115824084	
lead_ecology	500	trade_capacity	0.29869609484648524	-0.01559195489242221	
lead_ecology	500	ecology	0.792666666666687	1.147905962506357e-07	
lead_ecology	500	ground_health	0.7682104608419225	0.003305529363057169	
lead_ecology	500	cap_institutions	0.7732335747874872	-0.010005491299480584	
lead_ecology	500	legitimacy	0.8549263293070573	-0.004887375281022344	
lead_ecology	500	state_capacity	0.2939974645953395	-0.018602233363358534	
lead_ecology	500	cap_security	0.587485156105028	-0.010781127848366823	
lead_ecology	500	warfare_readiness	0.3114191650238599	-0.012882733943109237	
lead_ecology	500	cap_culture	0.6534243678330491	-0.0034626861020987665	
lead_ecology	500	cohesion	0.5023812556039471	-0.00563590047345941	
lead_ecology	500	known	855.75	-31.75	
lead_ecology	500	per_century	48.0	1.5	
lead_ecology	500	per_50	40.476190476190474	3.1746031746031704	within
lead_ecology	500	education	0.8148647952915744	-0.007885152116950178	
lead_ecology	500	art_found	549.0	-20.0	
lead_ecology	500	art_studied	549.0	-20.0	
lead_ecology	500	art_bonus	0.26849999999999996	-0.0027000000000000357	
lead_ecology	500	allure	0.6056848735666098	-0.0006925372204197311	
lead_ecology	500	line_knowledge	5.25	-1.75	
lead_ecology	500	line_institutions	4.0	-0.75	
lead_ecology	500	line_culture	3.5	1.0	
lead_ecology	500	line_labor	3.0	0.0	
lead_ecology	500	line_production	6.75	2.5	
lead_ecology	500	line_infrastructure	7.75	-0.25	
lead_ecology	500	line_nutrition	2.75	0.5	
lead_ecology	500	line_health	2.25	-0.75	
lead_ecology	500	line_demography	1.5	0.5	
lead_ecology	500	line_logistics	3.0	1.0	
lead_ecology	500	line_ecology	5.0	-0.25	
lead_ecology	500	line_security	3.25	-0.25	
lead_ecology	600	population	3933.76259969584	-1120.180154851762	within
lead_ecology	600	growth_pct	-0.017608428985510516	-0.4636359276592783	within
lead_ecology	600	life_expectancy	29.421306207739722	0.048138806548639224	within
lead_ecology	600	infant_mortality	184.32385550135186	-0.4788695508122771	within
lead_ecology	600	child_mortality_1_4	180.6254543380288	-0.4902547656212448	within
lead_ecology	600	maternal_per_100k	962.3411394770524	3.371935938750994	within
lead_ecology	600	tfr	4.880608928428075	0.09682585133785437	within
lead_ecology	600	cbr	39.60350215961998	1.4629125058412882	within
lead_ecology	600	cdr	35.57469314076894	0.38914722039945104	within
lead_ecology	600	food_per_worker	5.712719292164094	-0.19516991878691314	
lead_ecology	600	food_security	0.9773473715149166	-0.000465293331742056	
lead_ecology	600	food_share	34.70000000000001	0.0	ABOVE HIGH
lead_ecology	600	diet	0.888168085509439	0.026474798626748064	
lead_ecology	600	health	0.9699999999999999	0.0	
lead_ecology	600	labor_efficiency	0.8865671240571592	-0.002801685900500561	
lead_ecology	600	cap_production	0.7010203795043571	-0.004778288153375887	
lead_ecology	600	craft_output	0.4271116879192065	-0.0012883120807934967	
lead_ecology	600	tool_quality	0.29315307066396784	-0.015246914380755483	
lead_ecology	600	cap_infrastructure	0.71220287090881	-0.004742377169761225	
lead_ecology	600	housing_ratio	1.0857301319783619	-0.0021852047778281314	
lead_ecology	600	construction_rate	0.41790996824678545	-0.010490031753214557	
lead_ecology	600	cap_logistics	0.4820303226500454	-0.002656270749680223	
lead_ecology	600	trade_capacity	0.3269973002821203	-0.01697514887789875	
lead_ecology	600	ecology	0.792666666666687	1.5947498877011412e-10	
lead_ecology	600	ground_health	0.7679915211433939	0.02079656832803345	
lead_ecology	600	cap_institutions	0.7848379907210986	-0.002931614936683258	
lead_ecology	600	legitimacy	0.8589029944423932	-0.0022676987882817023	
lead_ecology	600	state_capacity	0.32792181328117515	-0.00557812627645754	
lead_ecology	600	cap_security	0.6131572287417595	-0.010979574978670414	
lead_ecology	600	warfare_readiness	0.3695722507752208	-0.027046688650336048	
lead_ecology	600	cap_culture	0.657017872318114	-0.002344075191884065	
lead_ecology	600	cohesion	0.5048184758089387	-0.002145459311781339	
lead_ecology	600	known	930.75	-25.5	
lead_ecology	600	per_century	35.0	5.75	
lead_ecology	600	per_50	30.263157894736842	2.192982456140353	below low
lead_ecology	600	education	0.8314965569062234	-0.003340909988226115	
lead_ecology	600	art_found	549.0	-20.0	
lead_ecology	600	art_studied	549.0	-20.0	
lead_ecology	600	art_bonus	0.2849999999999999	-0.0006000000000000449	
lead_ecology	600	allure	0.6064035744636229	-0.000468815038376702	
lead_ecology	600	line_knowledge	5.75	1.75	
lead_ecology	600	line_institutions	1.0	0.5	
lead_ecology	600	line_culture	2.25	-1.25	
lead_ecology	600	line_labor	1.0	0.0	
lead_ecology	600	line_production	5.0	-0.25	
lead_ecology	600	line_infrastructure	7.75	5.75	
lead_ecology	600	line_nutrition	1.0	0.0	
lead_ecology	600	line_health	2.5	0.5	
lead_ecology	600	line_demography	0.0	-1.75	
lead_ecology	600	line_logistics	2.0	-0.5	
lead_ecology	600	line_ecology	2.0	-0.25	
lead_ecology	600	line_security	4.75	1.25	
lead_security	100	population	171.76347250181067	-43.81000187998396	within
lead_security	100	growth_pct	0.69021338661574	-0.36668070709378053	within
lead_security	100	life_expectancy	28.259508279898604	-0.4316710697216877	within
lead_security	100	infant_mortality	202.59282060924173	7.7394513393910245	within
lead_security	100	child_mortality_1_4	190.41987278204087	3.486709700968362	within
lead_security	100	maternal_per_100k	1467.751088307751	363.34692740395144	within
lead_security	100	tfr	5.694689499856089	-0.15562303494848173	within
lead_security	100	cbr	44.830767330934265	-0.2602975277841111	within
lead_security	100	cdr	37.01367572988734	1.9233699938793336	within
lead_security	100	food_per_worker	6.141856926916121	-0.607749746139655	
lead_security	100	food_security	0.979530593823697	-0.000368640876834192	
lead_security	100	food_share	34.70000000000001	0.0	OUT OF BOUNDS
lead_security	100	diet	0.7836800911581725	-0.04741150813362793	
lead_security	100	health	0.9699999999999999	0.0	
lead_security	100	labor_efficiency	0.85896869904246	-0.0006223177446084138	
lead_security	100	cap_production	0.6271211895956552	-0.008390457304917831	
lead_security	100	craft_output	0.11693363172752187	-0.024106230238103446	
lead_security	100	tool_quality	0.09309019274329439	-0.03302870760162757	
lead_security	100	cap_infrastructure	0.6403379277016576	-0.006310001846684732	
lead_security	100	housing_ratio	1.0835369302985554	0.002511839373490643	
lead_security	100	construction_rate	0.14977275538816298	-0.021654410612689856	
lead_security	100	cap_logistics	0.33546702766634506	-0.017848403252487433	
lead_security	100	trade_capacity	0.07906777368155848	-0.06111346051790273	
lead_security	100	ecology	0.7928824111768531	8.276945640162126e-05	
lead_security	100	ground_health	0.9994471509949268	0.014071843044989762	
lead_security	100	cap_institutions	0.6775542990564739	-0.023762681976785993	
lead_security	100	legitimacy	0.8094988478675305	-0.010847403813746603	
lead_security	100	state_capacity	0.060354359200574415	-0.07048074842961696	
lead_security	100	cap_security	0.4999690279871799	-0.002525046192427882	
lead_security	100	warfare_readiness	0.14299275780089843	0.0056300165341679476	
lead_security	100	cap_culture	0.6011610118266302	-0.015952280390584384	
lead_security	100	cohesion	0.4707124369239538	-0.011533564785393025	
lead_security	100	known	210.75	-120.5	
lead_security	100	per_century	92.25	-66.75	
lead_security	100	per_50	24.152542372881356	-36.86440677966102	below low
lead_security	100	education	0.7224129795922422	-0.023531406952591816	
lead_security	100	art_found	426.25	-33.75	
lead_security	100	art_studied	103.25	-6.25	
lead_security	100	art_bonus	0.1656599999999999	-0.0023399999999996757	
lead_security	100	allure	0.5952322023653234	-0.003190456078118964	
lead_security	100	line_knowledge	6.75	-3.5	
lead_security	100	line_institutions	5.75	-6.5	
lead_security	100	line_culture	10.0	-5.25	
lead_security	100	line_labor	10.5	-1.75	
lead_security	100	line_production	5.25	-10.0	
lead_security	100	line_infrastructure	8.0	-7.0	
lead_security	100	line_nutrition	11.0	-8.0	
lead_security	100	line_health	6.25	-6.75	
lead_security	100	line_demography	8.0	-5.0	
lead_security	100	line_logistics	4.75	-7.0	
lead_security	100	line_ecology	7.75	-4.25	
lead_security	100	line_security	8.25	-1.75	
lead_security	200	population	414.65879213081854	-184.8408826031952	within
lead_security	200	growth_pct	1.1415482687659906	0.3350022950266818	above high (allowed)
lead_security	200	life_expectancy	28.858603324208747	-1.0015154667264277	within
lead_security	200	infant_mortality	192.81238446239445	10.746179966482856	within
lead_security	200	child_mortality_1_4	185.29893328312318	9.256239533919768	within
lead_security	200	maternal_per_100k	1098.8813030242902	29.349314989828144	within
lead_security	200	tfr	5.947402603278982	0.13304378547687268	within
lead_security	200	cbr	45.433723443432385	1.5147821135298472	within
lead_security	200	cdr	34.29455806987506	1.7300530817708477	within
lead_security	200	food_per_worker	6.595887076945825	-0.20658087103140232	
lead_security	200	food_security	0.9794951944924507	-4.7443326490537174e-05	
lead_security	200	food_share	34.70000000000001	0.0	OUT OF BOUNDS
lead_security	200	diet	0.8663015818049431	-0.033855604439485654	
lead_security	200	health	0.9699999999999999	0.0	
lead_security	200	labor_efficiency	0.8591473308593357	-0.003418911554202708	
lead_security	200	cap_production	0.6382510707892949	-0.013054632326621185	
lead_security	200	craft_output	0.1680353834289689	-0.05179534275543912	
lead_security	200	tool_quality	0.13394726493828824	-0.05301331169771961	
lead_security	200	cap_infrastructure	0.6532020459084185	-0.0064447153062371365	
lead_security	200	housing_ratio	1.0829398387305709	0.0019480487643148692	
lead_security	200	construction_rate	0.20129183506088888	-0.012900034994527854	
lead_security	200	cap_logistics	0.3636637436382505	-0.020988371567031483	
lead_security	200	trade_capacity	0.11633184185369404	-0.09105626973783922	
lead_security	200	ecology	0.7926669663843667	1.1498541097054726e-07	
lead_security	200	ground_health	0.9422979845990365	0.03579501609375635	
lead_security	200	cap_institutions	0.7046595157652997	-0.029778502944269203	
lead_security	200	legitimacy	0.8260587279374301	-0.014930992689086486	
lead_security	200	state_capacity	0.11530551485382368	-0.07181946589618274	
lead_security	200	cap_security	0.5301951497129259	-0.006308610205918996	
lead_security	200	warfare_readiness	0.20921636921807513	-0.010753318606599394	
lead_security	200	cap_culture	0.6202381908475467	-0.014565313848295292	
lead_security	200	cohesion	0.4796731952232316	-0.009856119002355779	
lead_security	200	known	394.25	-167.75	
lead_security	200	per_century	87.5	13.75	
lead_security	200	per_50	24.127906976744185	-4.069767441860467	below low
lead_security	200	education	0.7436918316584678	-0.02537174546520249	
lead_security	200	art_found	534.5	-32.75	
lead_security	200	art_studied	318.0	-109.0	
lead_security	200	art_bonus	0.1896	-0.008400000000001018	
lead_security	200	allure	0.5990476381695093	-0.0029130627696589695	
lead_security	200	line_knowledge	6.25	-2.75	
lead_security	200	line_institutions	7.75	2.75	
lead_security	200	line_culture	12.0	8.75	
lead_security	200	line_labor	5.75	1.25	
lead_security	200	line_production	5.75	-8.75	
lead_security	200	line_infrastructure	6.5	2.25	
lead_security	200	line_nutrition	11.0	0.75	
lead_security	200	line_health	8.25	4.0	
lead_security	200	line_demography	7.25	4.25	
lead_security	200	line_logistics	4.5	0.5	
lead_security	200	line_ecology	7.75	1.25	
lead_security	200	line_security	4.75	-0.5	
lead_security	300	population	1373.721775888294	-121.84537436363962	within
lead_security	300	growth_pct	0.9328974650938932	0.35135108017518013	within
lead_security	300	life_expectancy	29.205902286088243	-0.5435303800054605	within
lead_security	300	infant_mortality	187.68571153804993	4.845784633390281	within
lead_security	300	child_mortality_1_4	181.6499090880549	4.473697882551818	within
lead_security	300	maternal_per_100k	1064.2210811984191	13.3371920014838	within
lead_security	300	tfr	5.605800842943389	0.14228769886315007	within
lead_security	300	cbr	47.978104189168796	0.29224852240084687	ABOVE HIGH
lead_security	300	cdr	37.17428511265791	-0.3711157013059605	within
lead_security	300	food_per_worker	6.197280009567483	-0.1982138482959952	
lead_security	300	food_security	0.9792263755006233	-0.00010882712379356452	
lead_security	300	food_share	34.70000000000001	0.0	OUT OF BOUNDS
lead_security	300	diet	0.9029495774175753	-0.01321475783775694	
lead_security	300	health	0.9699999999999999	0.0	
lead_security	300	labor_efficiency	0.8755289744595154	-0.00044688353864030805	
lead_security	300	cap_production	0.6518247249182377	-0.01606575134211352	
lead_security	300	craft_output	0.22719017130455754	-0.03989122212445123	
lead_security	300	tool_quality	0.13950225183754278	-0.07992972349542082	
lead_security	300	cap_infrastructure	0.6618022102128072	-0.01190080677609795	
lead_security	300	housing_ratio	1.0952464500441943	0.00667069174910373	
lead_security	300	construction_rate	0.2276950215869042	-0.04653803281987884	
lead_security	300	cap_logistics	0.40261865038089156	-0.01765582169774349	
lead_security	300	trade_capacity	0.15810024674937162	-0.0709496522946437	
lead_security	300	ecology	0.7926666670830421	1.5974066513990692e-10	
lead_security	300	ground_health	0.8445655913215956	0.019825288152443887	
lead_security	300	cap_institutions	0.7359948383667096	-0.016477649175171583	
lead_security	300	legitimacy	0.840584385211323	-0.009197240426090603	
lead_security	300	state_capacity	0.1890459450506859	-0.035737123470790694	
lead_security	300	cap_security	0.5508240027414337	-0.007689726395030294	
lead_security	300	warfare_readiness	0.23635322369946704	-0.010512492117743716	
lead_security	300	cap_culture	0.6350571290632068	-0.009194906974031691	
lead_security	300	cohesion	0.49155799705306624	-0.005793464077178512	
lead_security	300	known	582.0	-98.5	
lead_security	300	per_century	83.75	36.25	
lead_security	300	per_50	29.11392405063291	5.3797468354430364	below low
lead_security	300	education	0.7635617996325726	-0.024862710010997158	
lead_security	300	art_found	543.75	-25.25	
lead_security	300	art_studied	543.75	-25.25	
lead_security	300	art_bonus	0.2169675	-0.0049949999999999994	
lead_security	300	allure	0.6020114258126413	-0.001838981394806316	
lead_security	300	line_knowledge	7.0	2.5	
lead_security	300	line_institutions	6.75	2.75	
lead_security	300	line_culture	7.0	2.75	
lead_security	300	line_labor	3.25	2.25	
lead_security	300	line_production	9.75	4.75	
lead_security	300	line_infrastructure	8.5	0.0	
lead_security	300	line_nutrition	13.5	8.5	
lead_security	300	line_health	5.25	2.25	
lead_security	300	line_demography	3.25	3.25	
lead_security	300	line_logistics	8.75	2.25	
lead_security	300	line_ecology	9.25	6.25	
lead_security	300	line_security	1.5	-1.25	
lead_security	400	population	2346.320984447013	-395.1286265522449	within
lead_security	400	growth_pct	0.6472557700251458	-0.13910853185995498	within
lead_security	400	life_expectancy	29.770797009825532	0.4349300607568871	within
lead_security	400	infant_mortality	181.56410382922093	-3.4723740227709925	within
lead_security	400	child_mortality_1_4	177.27445133137613	-3.4335326035526634	within
lead_security	400	maternal_per_100k	1010.1460985634915	17.683533186409818	within
lead_security	400	tfr	5.2755944856828085	0.06515759828213508	within
lead_security	400	cbr	39.16759038892216	-1.5447467264677144	within
lead_security	400	cdr	32.55569279208786	-1.4492431061287476	within
lead_security	400	food_per_worker	6.177542227244487	-0.010104216580593572	
lead_security	400	food_security	0.9797001405694116	8.612887306802541e-06	
lead_security	400	food_share	34.70000000000001	0.0	ABOVE HIGH
lead_security	400	diet	0.9052035309849145	0.009218824692511562	
lead_security	400	health	0.9699999999999999	0.0	
lead_security	400	labor_efficiency	0.8803208178356463	-0.0021524204823213378	
lead_security	400	cap_production	0.6729338375258421	-0.015898724705023404	
lead_security	400	craft_output	0.29965922931873173	-0.03561833111749313	
lead_security	400	tool_quality	0.21454876200520337	-0.07884783496695211	
lead_security	400	cap_infrastructure	0.6752283754904871	-0.010934469343247266	
lead_security	400	housing_ratio	1.093342372742172	0.010328870681982183	
lead_security	400	construction_rate	0.28265558566047994	-0.03720772437671921	
lead_security	400	cap_logistics	0.42672929953606986	-0.02003724240820348	
lead_security	400	trade_capacity	0.22315201346256333	-0.04275710655732004	
lead_security	400	ecology	0.7926666666672453	8.262922065238598e-05	
lead_security	400	ground_health	0.7887089752688277	0.016154743252619008	
lead_security	400	cap_institutions	0.7565373240183012	-0.010702690424165495	
lead_security	400	legitimacy	0.8509007112744208	-0.005246572016951445	
lead_security	400	state_capacity	0.24385585639964447	-0.02016144444756901	
lead_security	400	cap_security	0.5705865292630667	-0.006248183374758964	
lead_security	400	warfare_readiness	0.28320978882708076	-0.002961191726558232	
lead_security	400	cap_culture	0.647614680791644	-0.00430604736871365	
lead_security	400	cohesion	0.49900593103372637	-0.0035324525094698744	
lead_security	400	known	731.5	-64.5	
lead_security	400	per_century	75.5	18.0	
lead_security	400	per_50	33.01282051282051	4.4871794871794854	below low
lead_security	400	education	0.7913116546796743	-0.012698635995159302	
lead_security	400	art_found	543.75	-25.25	
lead_security	400	art_studied	543.75	-25.25	
lead_security	400	art_bonus	0.24424	-0.004484999999999961	
lead_security	400	allure	0.6045229361583287	-0.0008612094737426856	
lead_security	400	line_knowledge	5.25	0.0	
lead_security	400	line_institutions	5.0	1.0	
lead_security	400	line_culture	5.75	-1.75	
lead_security	400	line_labor	6.5	-0.25	
lead_security	400	line_production	12.5	8.0	
lead_security	400	line_infrastructure	8.25	-2.0	
lead_security	400	line_nutrition	6.25	1.0	
lead_security	400	line_health	4.25	1.5	
lead_security	400	line_demography	2.25	1.0	
lead_security	400	line_logistics	11.0	6.0	
lead_security	400	line_ecology	4.5	3.5	
lead_security	400	line_security	4.0	0.0	
lead_security	500	population	3570.561425780985	-44.73767815991323	within
lead_security	500	growth_pct	0.42753499964037767	-0.050136005701809094	within
lead_security	500	life_expectancy	29.045761460692848	-0.10768558423709962	within
lead_security	500	infant_mortality	187.30682784308232	0.6238595706513479	within
lead_security	500	child_mortality_1_4	183.1060193546984	0.6166700310180318	within
lead_security	500	maternal_per_100k	980.8849049512173	5.390071183272653	within
lead_security	500	tfr	4.741129168750389	-0.09135917596305543	within
lead_security	500	cbr	37.4740517990124	-2.149641655638632	within
lead_security	500	cdr	35.218699223428814	-0.7312481396420623	within
lead_security	500	food_per_worker	5.987810025133282	-0.11654064933398356	
lead_security	500	food_security	0.9781362873153578	-0.00045811643872895047	
lead_security	500	food_share	34.70000000000001	0.0	ABOVE HIGH
lead_security	500	diet	0.8884144052805302	0.0021676193252921916	
lead_security	500	health	0.9699999999999999	0.0	
lead_security	500	labor_efficiency	0.8486008818641739	-0.03453616383118041	
lead_security	500	cap_production	0.6926355910991248	-0.008964817833332694	
lead_security	500	craft_output	0.34878410487699607	-0.022796424712639374	
lead_security	500	tool_quality	0.25026281610427187	-0.05777960961350431	
lead_security	500	cap_infrastructure	0.6902345183730672	-0.011461629332529477	
lead_security	500	housing_ratio	1.1030740363724028	0.0031142580252327967	
lead_security	500	construction_rate	0.3373658151417227	-0.0397200261056892	
lead_security	500	cap_logistics	0.4716436707281688	-0.006101473496478826	
lead_security	500	trade_capacity	0.28961957380937475	-0.024668475929532696	
lead_security	500	ecology	0.792666666666687	1.147905962506357e-07	
lead_security	500	ground_health	0.7673704120623861	0.002465480583520807	
lead_security	500	cap_institutions	0.7766315313193028	-0.006607534767664958	
lead_security	500	legitimacy	0.857660365632281	-0.0021533389557986116	
lead_security	500	state_capacity	0.2897780521485588	-0.022821645810139235	
lead_security	500	cap_security	0.597930329722254	-0.0003359542311408559	
lead_security	500	warfare_readiness	0.326449358095064	0.0021474591280948307	
lead_security	500	cap_culture	0.6567249727337005	-0.00016208120144745042	
lead_security	500	cohesion	0.5073754926733249	-0.0006416634040815605	
lead_security	500	known	843.5	-44.0	
lead_security	500	per_century	55.5	9.0	
lead_security	500	per_50	38.888888888888886	1.5873015873015817	within
lead_security	500	education	0.8093744134560605	-0.013375533952464047	
lead_security	500	art_found	543.75	-25.25	
lead_security	500	art_studied	543.75	-25.25	
lead_security	500	art_bonus	0.26891999999999994	-0.0022800000000000598	
lead_security	500	allure	0.6063449945467401	-3.2416240289490084e-05	
lead_security	500	line_knowledge	5.25	-1.75	
lead_security	500	line_institutions	3.5	-1.25	
lead_security	500	line_culture	5.75	3.25	
lead_security	500	line_labor	3.0	0.0	
lead_security	500	line_production	6.25	2.0	
lead_security	500	line_infrastructure	9.0	1.0	
lead_security	500	line_nutrition	3.75	1.5	
lead_security	500	line_health	2.25	-0.75	
lead_security	500	line_demography	1.5	0.5	
lead_security	500	line_logistics	6.0	4.0	
lead_security	500	line_ecology	5.5	0.25	
lead_security	500	line_security	3.75	0.25	
lead_security	600	population	4015.0056652171643	-1038.9370893304376	within
lead_security	600	growth_pct	0.8090412720393236	0.36301377336555585	above high (allowed)
lead_security	600	life_expectancy	29.58749733563055	0.21432993443946913	within
lead_security	600	infant_mortality	183.11636565872897	-1.6863593934351684	within
lead_security	600	child_mortality_1_4	179.41164001350654	-1.7040690901434914	within
lead_security	600	maternal_per_100k	963.8285171472254	4.859313608924026	within
lead_security	600	tfr	5.192745898738891	0.4089628216486698	within
lead_security	600	cbr	41.89115609137155	3.750566437592859	within
lead_security	600	cdr	35.10386891386344	-0.08167700650605525	within
lead_security	600	food_per_worker	5.756686266533919	-0.15120294441708815	
lead_security	600	food_security	0.9777263928728691	-8.627197378952012e-05	
lead_security	600	food_share	34.70000000000001	0.0	ABOVE HIGH
lead_security	600	diet	0.8855901602875865	0.023896873404895547	
lead_security	600	health	0.9699999999999999	0.0	
lead_security	600	labor_efficiency	0.8659908431332053	-0.023377966824454477	
lead_security	600	cap_production	0.696840643204221	-0.008958024453512015	
lead_security	600	craft_output	0.42106227508245986	-0.007337724917540145	
lead_security	600	tool_quality	0.2721441764495298	-0.036255808595193506	
lead_security	600	cap_infrastructure	0.7112250716700748	-0.005720176408496425	
lead_security	600	housing_ratio	1.0852297669750268	-0.0026855697811631885	
lead_security	600	construction_rate	0.4140298895106145	-0.014370110489385524	
lead_security	600	cap_logistics	0.4816190920756064	-0.0030675013241192595	
lead_security	600	trade_capacity	0.32346815091273934	-0.02050429824727973	
lead_security	600	ecology	0.792666666666687	1.5947498877011412e-10	
lead_security	600	ground_health	0.7640303510219628	0.016835398206602403	
lead_security	600	cap_institutions	0.7831027781730783	-0.004666827484703595	
lead_security	600	legitimacy	0.857979603949047	-0.0031910892816278125	
lead_security	600	state_capacity	0.32836815682697035	-0.005131782730662338	
lead_security	600	cap_security	0.6171504650611759	-0.006986338659254021	
lead_security	600	warfare_readiness	0.39096773766028536	-0.005651201765271507	
lead_security	600	cap_culture	0.655874105788739	-0.003487841721259155	
lead_security	600	cohesion	0.5033451706456316	-0.003618764475088465	
lead_security	600	known	926.0	-30.25	
lead_security	600	per_century	33.75	4.5	
lead_security	600	per_50	29.3859649122807	1.3157894736842088	below low
lead_security	600	education	0.8319329822019544	-0.0029044846924950463	
lead_security	600	art_found	543.75	-25.25	
lead_security	600	art_studied	543.75	-25.25	
lead_security	600	art_bonus	0.2844	-0.0011999999999999789	
lead_security	600	allure	0.6061748211577478	-0.000697568344251831	
lead_security	600	line_knowledge	5.5	1.5	
lead_security	600	line_institutions	0.75	0.25	
lead_security	600	line_culture	2.75	-0.75	
lead_security	600	line_labor	1.0	0.0	
lead_security	600	line_production	5.0	-0.25	
lead_security	600	line_infrastructure	8.0	6.0	
lead_security	600	line_nutrition	1.0	0.0	
lead_security	600	line_health	2.5	0.5	
lead_security	600	line_demography	0.0	-1.75	
lead_security	600	line_logistics	2.0	-0.5	
lead_security	600	line_ecology	2.75	0.5	
lead_security	600	line_security	2.5	-1.0	
